trip_id,traveler_id,countable,layover,synthetic,destination_kind,start_date,end_date,year,month,month_name,duration_days,destination_key,destination_city,destination_country,destination_country_code,destination_airport,origin_airport,region,detailed_region,carrier_name,flight_class,tag_kinds,is_beach_vacation,is_ski_trip,is_holiday_trip,destination_matched,unesco_score,michelin_score,plog_score,allocentric_score,weather_score,destination_trips,destination_travelers,destination_raw
DAM-2021-08-12,abel-magwitch,1,0,1,city,2021-08-12,2021-08-23,2021,8,august,11,Lisbon|Portugal,Lisbon,Portugal,PT,LIS,EWR,Europe,Southern Europe,TAP-TAP Air Portugal,Economy,beach_vacation,1,0,0,1,5.78,6.42,0.6677,0.3323,8.3,48,16,"Lisbon, Portugal"
DAM-2022-08-14,abel-magwitch,1,0,1,city,2022-08-14,2022-08-28,2022,8,august,14,Porto|Portugal,Porto,Portugal,PT,OPO,EWR,Europe,Southern Europe,TAP-TAP Air Portugal,Economy,beach_vacation,1,0,0,1,5.78,6.34,0.5195,0.4805,8.13,6,4,"Porto, Portugal"
DAM-2023-08-09,abel-magwitch,1,0,1,city,2023-08-09,2023-08-21,2023,8,august,12,Lisbon|Portugal,Lisbon,Portugal,PT,LIS,EWR,Europe,Southern Europe,TAP-TAP Air Portugal,Economy,beach_vacation,1,0,0,1,5.78,6.42,0.6677,0.3323,8.3,48,16,"Lisbon, Portugal"
DAM-2024-08-16,abel-magwitch,1,0,1,city,2024-08-16,2024-08-31,2024,8,august,15,Porto|Portugal,Porto,Portugal,PT,OPO,EWR,Europe,Southern Europe,TAP-TAP Air Portugal,Economy,beach_vacation,1,0,0,1,5.78,6.34,0.5195,0.4805,8.13,6,4,"Porto, Portugal"
DAM-2025-08-13,abel-magwitch,1,0,1,city,2025-08-13,2025-08-26,2025,8,august,13,Lisbon|Portugal,Lisbon,Portugal,PT,LIS,EWR,Europe,Southern Europe,TAP-TAP Air Portugal,Economy,beach_vacation,1,0,0,1,5.78,6.42,0.6677,0.3323,8.3,48,16,"Lisbon, Portugal"
ACH-2016-02-07,achilles,1,0,1,city,2016-02-07,2016-02-14,2016,2,february,7,London|United Kingdom,London,United Kingdom,GB,LHR,CLT,Europe,Northern Europe,American Airlines Inc.,Economy,,0,0,0,1,6.71,9.54,0.8673,0.1327,6.78,135,33,"London, United Kingdom"
ACH-2016-06-15,achilles,1,0,1,city,2016-06-15,2016-06-19,2016,6,june,4,Chicago|United States,Chicago,United States,US,ORD,CLT,Americas,Northern America,American Airlines Inc.,Economy,,0,0,0,1,2.89,7.33,0.9501,0.0499,7.59,57,21,"Chicago, United States"
ACH-2016-09-22,achilles,1,0,1,city,2016-09-22,2016-09-29,2016,9,september,7,Montego Bay|Jamaica,Montego Bay,Jamaica,JM,MBJ,CLT,Americas,Caribbean,American Airlines Inc.,Economy,,0,0,0,0,,,,,,22,3,"Montego Bay, Jamaica"
ACH-2017-02-11,achilles,1,0,1,city,2017-02-11,2017-02-16,2017,2,february,5,Miami|United States,Miami,United States,US,MIA,CLT,Americas,Northern America,American Airlines Inc.,Economy,beach_vacation,1,0,0,1,0.0,6.68,0.9,0.1,7.54,57,13,"Miami, United States"
ACH-2017-06-18,achilles,1,0,1,city,2017-06-18,2017-06-25,2017,6,june,7,Munich|Germany,Munich,Germany,DE,MUC,CLT,Europe,Western Europe,Lufthansa German Airlines,Economy,,0,0,0,1,2.89,7.24,0.7318,0.2682,7.68,5,1,"Munich, Germany"
ACH-2017-09-04,achilles,1,0,1,city,2017-09-04,2017-09-09,2017,9,september,5,Denver|United States,Denver,United States,US,DEN,CLT,Americas,Northern America,Frontier Airlines Inc.,Economy,,0,0,0,1,0.0,5.91,0.8445,0.1555,7.88,105,24,"Denver, United States"
ACH-2018-02-07,achilles,1,0,1,city,2018-02-07,2018-02-14,2018,2,february,7,London|United Kingdom,London,United Kingdom,GB,LHR,CLT,Europe,Northern Europe,American Airlines Inc.,Economy,,0,0,0,1,6.71,9.54,0.8673,0.1327,6.78,135,33,"London, United Kingdom"
ACH-2018-06-15,achilles,1,0,1,city,2018-06-15,2018-06-19,2018,6,june,4,Chicago|United States,Chicago,United States,US,ORD,CLT,Americas,Northern America,United Air Lines Inc.,Economy,,0,0,0,1,2.89,7.33,0.9501,0.0499,7.59,57,21,"Chicago, United States"
ACH-2018-09-22,achilles,1,0,1,city,2018-09-22,2018-09-29,2018,9,september,7,Montego Bay|Jamaica,Montego Bay,Jamaica,JM,MBJ,CLT,Americas,Caribbean,American Airlines Inc.,Economy,,0,0,0,0,,,,,,22,3,"Montego Bay, Jamaica"
ACH-2019-02-11,achilles,1,0,1,city,2019-02-11,2019-02-16,2019,2,february,5,Miami|United States,Miami,United States,US,MIA,CLT,Americas,Northern America,Frontier Airlines Inc.,Economy,beach_vacation,1,0,0,1,0.0,6.68,0.9,0.1,7.54,57,13,"Miami, United States"
ACH-2019-06-18,achilles,1,0,1,city,2019-06-18,2019-06-25,2019,6,june,7,Munich|Germany,Munich,Germany,DE,MUC,CLT,Europe,Western Europe,American Airlines Inc.,Economy,,0,0,0,1,2.89,7.24,0.7318,0.2682,7.68,5,1,"Munich, Germany"
ACH-2019-09-04,achilles,1,0,1,city,2019-09-04,2019-09-09,2019,9,september,5,Denver|United States,Denver,United States,US,DEN,CLT,Americas,Northern America,United Air Lines Inc.,Economy,,0,0,0,1,0.0,5.91,0.8445,0.1555,7.88,105,24,"Denver, United States"
ACH-2020-02-07,achilles,1,0,1,city,2020-02-07,2020-02-14,2020,2,february,7,London|United Kingdom,London,United Kingdom,GB,LHR,CLT,Europe,Northern Europe,American Airlines Inc.,Economy,,0,0,0,1,6.71,9.54,0.8673,0.1327,6.78,135,33,"London, United Kingdom"
ACH-2020-06-15,achilles,1,0,1,city,2020-06-15,2020-06-19,2020,6,june,4,Chicago|United States,Chicago,United States,US,ORD,CLT,Americas,Northern America,Frontier Airlines Inc.,Economy,,0,0,0,1,2.89,7.33,0.9501,0.0499,7.59,57,21,"Chicago, United States"
ACH-2020-09-22,achilles,1,0,1,city,2020-09-22,2020-09-29,2020,9,september,7,Montego Bay|Jamaica,Montego Bay,Jamaica,JM,MBJ,CLT,Americas,Caribbean,American Airlines Inc.,Economy,,0,0,0,0,,,,,,22,3,"Montego Bay, Jamaica"
ACH-2021-02-11,achilles,1,0,1,city,2021-02-11,2021-02-16,2021,2,february,5,Miami|United States,Miami,United States,US,MIA,CLT,Americas,Northern America,Spirit Air Lines,Economy,beach_vacation,1,0,0,1,0.0,6.68,0.9,0.1,7.54,57,13,"Miami, United States"
ACH-2021-06-18,achilles,1,0,1,city,2021-06-18,2021-06-25,2021,6,june,7,Munich|Germany,Munich,Germany,DE,MUC,CLT,Europe,Western Europe,Lufthansa German Airlines,Economy,,0,0,0,1,2.89,7.24,0.7318,0.2682,7.68,5,1,"Munich, Germany"
ACH-2021-09-04,achilles,1,0,1,city,2021-09-04,2021-09-09,2021,9,september,5,Denver|United States,Denver,United States,US,DEN,CLT,Americas,Northern America,American Airlines Inc.,Economy,,0,0,0,1,0.0,5.91,0.8445,0.1555,7.88,105,24,"Denver, United States"
ACH-2022-02-07,achilles,1,0,1,city,2022-02-07,2022-02-14,2022,2,february,7,London|United Kingdom,London,United Kingdom,GB,LHR,CLT,Europe,Northern Europe,American Airlines Inc.,Economy,,0,0,0,1,6.71,9.54,0.8673,0.1327,6.78,135,33,"London, United Kingdom"
ACH-2022-06-15,achilles,1,0,1,city,2022-06-15,2022-06-19,2022,6,june,4,Chicago|United States,Chicago,United States,US,ORD,CLT,Americas,Northern America,SkyWest Airlines Inc.,Economy,,0,0,0,1,2.89,7.33,0.9501,0.0499,7.59,57,21,"Chicago, United States"
ACH-2022-09-22,achilles,1,0,1,city,2022-09-22,2022-09-29,2022,9,september,7,Montego Bay|Jamaica,Montego Bay,Jamaica,JM,MBJ,CLT,Americas,Caribbean,American Airlines Inc.,Economy,,0,0,0,0,,,,,,22,3,"Montego Bay, Jamaica"
ACH-2023-02-11,achilles,1,0,1,city,2023-02-11,2023-02-16,2023,2,february,5,Miami|United States,Miami,United States,US,MIA,CLT,Americas,Northern America,American Airlines Inc.,Economy,beach_vacation,1,0,0,1,0.0,6.68,0.9,0.1,7.54,57,13,"Miami, United States"
ACH-2023-06-18,achilles,1,0,1,city,2023-06-18,2023-06-25,2023,6,june,7,Munich|Germany,Munich,Germany,DE,MUC,CLT,Europe,Western Europe,American Airlines Inc.,Economy,,0,0,0,1,2.89,7.24,0.7318,0.2682,7.68,5,1,"Munich, Germany"
ACH-2023-09-04,achilles,1,0,1,city,2023-09-04,2023-09-09,2023,9,september,5,Denver|United States,Denver,United States,US,DEN,CLT,Americas,Northern America,Southwest Airlines Co.,Economy,,0,0,0,1,0.0,5.91,0.8445,0.1555,7.88,105,24,"Denver, United States"
ACH-2024-02-07,achilles,1,0,1,city,2024-02-07,2024-02-14,2024,2,february,7,London|United Kingdom,London,United Kingdom,GB,LHR,CLT,Europe,Northern Europe,American Airlines Inc.,Economy,,0,0,0,1,6.71,9.54,0.8673,0.1327,6.78,135,33,"London, United Kingdom"
ACH-2024-06-15,achilles,1,0,1,city,2024-06-15,2024-06-19,2024,6,june,4,Chicago|United States,Chicago,United States,US,ORD,CLT,Americas,Northern America,Republic Airline,Economy,,0,0,0,1,2.89,7.33,0.9501,0.0499,7.59,57,21,"Chicago, United States"
ACH-2024-09-22,achilles,1,0,1,city,2024-09-22,2024-09-29,2024,9,september,7,Montego Bay|Jamaica,Montego Bay,Jamaica,JM,MBJ,CLT,Americas,Caribbean,American Airlines Inc.,Economy,,0,0,0,0,,,,,,22,3,"Montego Bay, Jamaica"
ACH-2025-02-11,achilles,1,0,1,city,2025-02-11,2025-02-16,2025,2,february,5,Miami|United States,Miami,United States,US,MIA,CLT,Americas,Northern America,Frontier Airlines Inc.,Economy,beach_vacation,1,0,0,1,0.0,6.68,0.9,0.1,7.54,57,13,"Miami, United States"
ACH-2025-06-18,achilles,1,0,1,city,2025-06-18,2025-06-25,2025,6,june,7,Munich|Germany,Munich,Germany,DE,MUC,CLT,Europe,Western Europe,Lufthansa German Airlines,Economy,,0,0,0,1,2.89,7.24,0.7318,0.2682,7.68,5,1,"Munich, Germany"
ACH-2025-09-04,achilles,1,0,1,city,2025-09-04,2025-09-09,2025,9,september,5,Denver|United States,Denver,United States,US,DEN,CLT,Americas,Northern America,Frontier Airlines Inc.,Economy,,0,0,0,1,0.0,5.91,0.8445,0.1555,7.88,105,24,"Denver, United States"
SB1-2025-05-21,agatha-christie,1,0,0,region,2025-05-21,2025-05-29,2025,5,may,8,Bali|Indonesia,Bali,Indonesia,ID,,,Asia,South-eastern Asia,,Economy,,0,0,0,1,2.89,0.0,0.3416,0.6584,6.36,12,12,Bali
MJ1-2023-09-01,alan-paton,1,0,0,city,2023-09-01,2023-09-10,2023,9,september,9,Cape Town|South Africa,Cape Town,South Africa,ZA,,,Africa,Southern Africa,,Economy,,0,0,0,1,4.58,0.0,0.4036,0.5964,7.69,4,4,"Cape Town, SA"
AE-2016-03-12,albert-einstein,1,0,1,city,2016-03-12,2016-03-19,2016,3,march,7,London|United Kingdom,London,United Kingdom,GB,LHR,DFW,Europe,Northern Europe,American Airlines Inc.,Economy,,0,0,0,1,6.71,9.54,0.8673,0.1327,7.85,135,33,"London, United Kingdom"
AE-2016-09-10,albert-einstein,1,0,1,city,2016-09-10,2016-09-17,2016,9,september,7,London|United Kingdom,London,United Kingdom,GB,LHR,DFW,Europe,Northern Europe,American Airlines Inc.,Economy,,0,0,0,1,6.71,9.54,0.8673,0.1327,7.28,135,33,"London, United Kingdom"
AE-2017-03-11,albert-einstein,1,0,1,city,2017-03-11,2017-03-18,2017,3,march,7,London|United Kingdom,London,United Kingdom,GB,LHR,DFW,Europe,Northern Europe,American Airlines Inc.,Economy,,0,0,0,1,6.71,9.54,0.8673,0.1327,7.85,135,33,"London, United Kingdom"
AE-2017-09-09,albert-einstein,1,0,1,city,2017-09-09,2017-09-16,2017,9,september,7,London|United Kingdom,London,United Kingdom,GB,LHR,DFW,Europe,Northern Europe,American Airlines Inc.,Economy,,0,0,0,1,6.71,9.54,0.8673,0.1327,7.28,135,33,"London, United Kingdom"
AE-2018-03-10,albert-einstein,1,0,1,city,2018-03-10,2018-03-17,2018,3,march,7,London|United Kingdom,London,United Kingdom,GB,LHR,DFW,Europe,Northern Europe,American Airlines Inc.,Economy,,0,0,0,1,6.71,9.54,0.8673,0.1327,7.85,135,33,"London, United Kingdom"
AE-2018-09-08,albert-einstein,1,0,1,city,2018-09-08,2018-09-15,2018,9,september,7,London|United Kingdom,London,United Kingdom,GB,LHR,DFW,Europe,Northern Europe,American Airlines Inc.,Economy,,0,0,0,1,6.71,9.54,0.8673,0.1327,7.28,135,33,"London, United Kingdom"
AE-2019-03-09,albert-einstein,1,0,1,city,2019-03-09,2019-03-16,2019,3,march,7,London|United Kingdom,London,United Kingdom,GB,LHR,DFW,Europe,Northern Europe,American Airlines Inc.,Economy,,0,0,0,1,6.71,9.54,0.8673,0.1327,7.85,135,33,"London, United Kingdom"
AE-2019-09-14,albert-einstein,1,0,1,city,2019-09-14,2019-09-21,2019,9,september,7,London|United Kingdom,London,United Kingdom,GB,LHR,DFW,Europe,Northern Europe,American Airlines Inc.,Economy,,0,0,0,1,6.71,9.54,0.8673,0.1327,7.28,135,33,"London, United Kingdom"
AE-2020-03-14,albert-einstein,1,0,1,city,2020-03-14,2020-03-21,2020,3,march,7,London|United Kingdom,London,United Kingdom,GB,LHR,DFW,Europe,Northern Europe,American Airlines Inc.,Economy,,0,0,0,1,6.71,9.54,0.8673,0.1327,7.85,135,33,"London, United Kingdom"
AE-2020-09-12,albert-einstein,1,0,1,city,2020-09-12,2020-09-19,2020,9,september,7,London|United Kingdom,London,United Kingdom,GB,LHR,DFW,Europe,Northern Europe,American Airlines Inc.,Economy,,0,0,0,1,6.71,9.54,0.8673,0.1327,7.28,135,33,"London, United Kingdom"
AE-2021-03-13,albert-einstein,1,0,1,city,2021-03-13,2021-03-20,2021,3,march,7,London|United Kingdom,London,United Kingdom,GB,LHR,DFW,Europe,Northern Europe,American Airlines Inc.,Economy,,0,0,0,1,6.71,9.54,0.8673,0.1327,7.85,135,33,"London, United Kingdom"
AE-2021-09-11,albert-einstein,1,0,1,city,2021-09-11,2021-09-18,2021,9,september,7,London|United Kingdom,London,United Kingdom,GB,LHR,DFW,Europe,Northern Europe,American Airlines Inc.,Economy,,0,0,0,1,6.71,9.54,0.8673,0.1327,7.28,135,33,"London, United Kingdom"
AE-2022-03-12,albert-einstein,1,0,1,city,2022-03-12,2022-03-19,2022,3,march,7,London|United Kingdom,London,United Kingdom,GB,LHR,DFW,Europe,Northern Europe,American Airlines Inc.,Economy,,0,0,0,1,6.71,9.54,0.8673,0.1327,7.85,135,33,"London, United Kingdom"
AE-2022-09-10,albert-einstein,1,0,1,city,2022-09-10,2022-09-17,2022,9,september,7,London|United Kingdom,London,United Kingdom,GB,LHR,DFW,Europe,Northern Europe,American Airlines Inc.,Economy,,0,0,0,1,6.71,9.54,0.8673,0.1327,7.28,135,33,"London, United Kingdom"
AE-2023-03-11,albert-einstein,1,0,1,city,2023-03-11,2023-03-18,2023,3,march,7,London|United Kingdom,London,United Kingdom,GB,LHR,DFW,Europe,Northern Europe,American Airlines Inc.,Economy,,0,0,0,1,6.71,9.54,0.8673,0.1327,7.85,135,33,"London, United Kingdom"
AE-2023-09-09,albert-einstein,1,0,1,city,2023-09-09,2023-09-16,2023,9,september,7,London|United Kingdom,London,United Kingdom,GB,LHR,DFW,Europe,Northern Europe,American Airlines Inc.,Economy,,0,0,0,1,6.71,9.54,0.8673,0.1327,7.28,135,33,"London, United Kingdom"
AE-2024-03-09,albert-einstein,1,0,1,city,2024-03-09,2024-03-16,2024,3,march,7,London|United Kingdom,London,United Kingdom,GB,LHR,DFW,Europe,Northern Europe,American Airlines Inc.,Economy,,0,0,0,1,6.71,9.54,0.8673,0.1327,7.85,135,33,"London, United Kingdom"
AE-2024-09-14,albert-einstein,1,0,1,city,2024-09-14,2024-09-21,2024,9,september,7,London|United Kingdom,London,United Kingdom,GB,LHR,DFW,Europe,Northern Europe,American Airlines Inc.,Economy,,0,0,0,1,6.71,9.54,0.8673,0.1327,7.28,135,33,"London, United Kingdom"
AE-2025-03-08,albert-einstein,1,0,1,city,2025-03-08,2025-03-15,2025,3,march,7,London|United Kingdom,London,United Kingdom,GB,LHR,DFW,Europe,Northern Europe,American Airlines Inc.,Economy,,0,0,0,1,6.71,9.54,0.8673,0.1327,7.85,135,33,"London, United Kingdom"
AE-2025-09-13,albert-einstein,1,0,1,city,2025-09-13,2025-09-20,2025,9,september,7,London|United Kingdom,London,United Kingdom,GB,LHR,DFW,Europe,Northern Europe,American Airlines Inc.,Economy,,0,0,0,1,6.71,9.54,0.8673,0.1327,7.28,135,33,"London, United Kingdom"
AD-2018-12-20,alfred-d-orsay,1,0,1,city,2018-12-20,2018-12-25,2018,12,december,5,Pittsburgh|United States,Pittsburgh,United States,US,PIT,IAD,Americas,Northern America,United Air Lines Inc.,Economy,holiday_trip,0,0,1,1,0.0,0.0,0.7364,0.2636,5.35,33,7,"Pittsburgh, United States"
AD-2019-12-20,alfred-d-orsay,1,0,1,city,2019-12-20,2019-12-25,2019,12,december,5,Pittsburgh|United States,Pittsburgh,United States,US,PIT,IAD,Americas,Northern America,United Air Lines Inc.,Economy,holiday_trip,0,0,1,1,0.0,0.0,0.7364,0.2636,5.35,33,7,"Pittsburgh, United States"
AD-2020-12-20,alfred-d-orsay,1,0,1,city,2020-12-20,2020-12-25,2020,12,december,5,Pittsburgh|United States,Pittsburgh,United States,US,PIT,IAD,Americas,Northern America,United Air Lines Inc.,Economy,holiday_trip,0,0,1,1,0.0,0.0,0.7364,0.2636,5.35,33,7,"Pittsburgh, United States"
AD-2021-12-20,alfred-d-orsay,1,0,1,city,2021-12-20,2021-12-25,2021,12,december,5,Pittsburgh|United States,Pittsburgh,United States,US,PIT,IAD,Americas,Northern America,United Air Lines Inc.,Economy,holiday_trip,0,0,1,1,0.0,0.0,0.7364,0.2636,5.35,33,7,"Pittsburgh, United States"
AD-2022-12-20,alfred-d-orsay,1,0,1,city,2022-12-20,2022-12-25,2022,12,december,5,Pittsburgh|United States,Pittsburgh,United States,US,PIT,IAD,Americas,Northern America,United Air Lines Inc.,Economy,holiday_trip,0,0,1,1,0.0,0.0,0.7364,0.2636,5.35,33,7,"Pittsburgh, United States"
AD-2023-12-20,alfred-d-orsay,1,0,1,city,2023-12-20,2023-12-25,2023,12,december,5,Pittsburgh|United States,Pittsburgh,United States,US,PIT,IAD,Americas,Northern America,United Air Lines Inc.,Economy,holiday_trip,0,0,1,1,0.0,0.0,0.7364,0.2636,5.35,33,7,"Pittsburgh, United States"
AD-2024-12-20,alfred-d-orsay,1,0,1,city,2024-12-20,2024-12-25,2024,12,december,5,Pittsburgh|United States,Pittsburgh,United States,US,PIT,IAD,Americas,Northern America,United Air Lines Inc.,Economy,holiday_trip,0,0,1,1,0.0,0.0,0.7364,0.2636,5.35,33,7,"Pittsburgh, United States"
AD-2025-12-20,alfred-d-orsay,1,0,1,city,2025-12-20,2025-12-25,2025,12,december,5,Pittsburgh|United States,Pittsburgh,United States,US,PIT,IAD,Americas,Northern America,United Air Lines Inc.,Economy,holiday_trip,0,0,1,1,0.0,0.0,0.7364,0.2636,5.35,33,7,"Pittsburgh, United States"
WAP-2021-12-22,alfred-polly,1,0,1,city,2021-12-22,2021-12-27,2021,12,december,5,Pittsburgh|United States,Pittsburgh,United States,US,PIT,ORD,Americas,Northern America,United Air Lines Inc.,Economy,holiday_trip,0,0,1,1,0.0,0.0,0.7364,0.2636,5.35,33,7,"Pittsburgh, United States"
WAP-2022-12-22,alfred-polly,1,0,1,city,2022-12-22,2022-12-27,2022,12,december,5,Pittsburgh|United States,Pittsburgh,United States,US,PIT,ORD,Americas,Northern America,United Air Lines Inc.,Economy,holiday_trip,0,0,1,1,0.0,0.0,0.7364,0.2636,5.35,33,7,"Pittsburgh, United States"
WAP-2023-12-22,alfred-polly,1,0,1,city,2023-12-22,2023-12-27,2023,12,december,5,Pittsburgh|United States,Pittsburgh,United States,US,PIT,ORD,Americas,Northern America,United Air Lines Inc.,Economy,holiday_trip,0,0,1,1,0.0,0.0,0.7364,0.2636,5.35,33,7,"Pittsburgh, United States"
WAP-2024-12-22,alfred-polly,1,0,1,city,2024-12-22,2024-12-27,2024,12,december,5,Pittsburgh|United States,Pittsburgh,United States,US,PIT,ORD,Americas,Northern America,United Air Lines Inc.,Economy,holiday_trip,0,0,1,1,0.0,0.0,0.7364,0.2636,5.35,33,7,"Pittsburgh, United States"
WAP-2025-12-22,alfred-polly,1,0,1,city,2025-12-22,2025-12-27,2025,12,december,5,Pittsburgh|United States,Pittsburgh,United States,US,PIT,ORD,Americas,Northern America,United Air Lines Inc.,Economy,holiday_trip,0,0,1,1,0.0,0.0,0.7364,0.2636,5.35,33,7,"Pittsburgh, United States"
EJ-2022-09-01,alice-munro,1,0,0,city,2022-09-01,2022-09-10,2022,9,september,9,Tokyo|Japan,Tokyo,Japan,JP,,,Asia,Eastern Asia,,Economy,,0,0,0,1,2.89,9.99,0.7993,0.2007,6.99,80,22,Tokyo
NP1-2023-05-01,amrita-pritam,1,0,0,city,2023-05-01,2023-05-07,2023,5,may,6,Bangkok|Thailand,Bangkok,Thailand,TH,,,Asia,South-eastern Asia,,Economy,,0,0,0,1,0.0,8.47,0.4205,0.5795,6.52,10,9,"Bangkok, Thailand"
EG-2023-08-18,ana-maria-matute,1,0,0,city,2023-08-18,2023-08-25,2023,8,august,7,Barcelona|Spain,Barcelona,Spain,ES,,,Europe,Southern Europe,,Economy,,0,0,0,1,5.78,7.69,0.7358,0.2642,7.99,38,20,"Barcelona, Spain"
MJ3-2023-06-01,andre-brink,1,0,0,city,2023-06-01,2023-06-10,2023,6,june,9,Cape Town|South Africa,Cape Town,South Africa,ZA,,,Africa,Southern Africa,,Economy,,0,0,0,1,4.58,0.0,0.4036,0.5964,6.63,4,4,"Cape Town, South Africa"
AW-2020-03-14,andy-warhol,1,0,1,city,2020-03-14,2020-03-21,2020,3,march,7,Cancun|Mexico,Cancun,Mexico,MX,CUN,IAH,Americas,Central America,United Air Lines Inc.,Economy,beach_vacation,1,0,0,1,0.0,2.83,0.6899,0.3101,7.62,173,36,"Cancun, Mexico"
AW-2020-10-10,andy-warhol,1,0,1,city,2020-10-10,2020-10-14,2020,10,october,4,Mexico City|Mexico,Mexico City,Mexico,MX,MEX,IAH,Americas,Central America,United Air Lines Inc.,Economy,,0,0,0,1,8.12,6.87,0.7046,0.2954,7.16,43,13,"Mexico City, Mexico"
AW-2021-02-13,andy-warhol,1,0,1,city,2021-02-13,2021-02-20,2021,2,february,7,San Jose del Cabo|Mexico,San Jose del Cabo,Mexico,MX,SJD,IAH,Americas,Central America,United Air Lines Inc.,Economy,beach_vacation,1,0,0,1,2.89,4.48,0.5778,0.4222,,69,12,"San Jose del Cabo, Mexico"
AW-2021-06-12,andy-warhol,1,0,1,city,2021-06-12,2021-06-16,2021,6,june,4,Queretaro|Mexico,Queretaro,Mexico,MX,QRO,IAH,Americas,Central America,United Air Lines Inc.,Economy,,0,0,0,1,4.58,0.0,0.405,0.595,6.78,5,2,"Queretaro, Mexico"
AW-2021-11-13,andy-warhol,1,0,1,city,2021-11-13,2021-11-17,2021,11,november,4,Guadalajara|Mexico,Guadalajara,Mexico,MX,GDL,IAH,Americas,Central America,United Air Lines Inc.,Economy,,0,0,0,1,4.58,3.79,0.6149,0.3851,8.29,58,10,"Guadalajara, Mexico"
AW-2022-04-09,andy-warhol,1,0,1,city,2022-04-09,2022-04-16,2022,4,april,7,Puerto Vallarta|Mexico,Puerto Vallarta,Mexico,MX,PVR,IAH,Americas,Central America,United Air Lines Inc.,Economy,beach_vacation,1,0,0,1,2.89,1.74,0.5511,0.4489,,36,8,"Puerto Vallarta, Mexico"
AW-2022-09-10,andy-warhol,1,0,1,city,2022-09-10,2022-09-14,2022,9,september,4,Merida|Mexico,Merida,Mexico,MX,MID,IAH,Americas,Central America,United Air Lines Inc.,Economy,beach_vacation,1,0,0,1,0.0,4.06,0.3871,0.6129,7.29,2,2,"Merida, Mexico"
AW-2023-02-11,andy-warhol,1,0,1,city,2023-02-11,2023-02-18,2023,2,february,7,Cozumel|Mexico,Cozumel,Mexico,MX,CZM,IAH,Americas,Central America,United Air Lines Inc.,Economy,,0,0,0,0,,,,,,2,2,"Cozumel, Mexico"
AW-2023-07-08,andy-warhol,1,0,1,city,2023-07-08,2023-07-12,2023,7,july,4,Veracruz|Mexico,Veracruz,Mexico,MX,VER,IAH,Americas,Central America,United Air Lines Inc.,Economy,beach_vacation,1,0,0,1,0.0,0.0,0.3051,0.6949,6.85,1,1,"Veracruz, Mexico"
AW-2023-11-11,andy-warhol,1,0,1,city,2023-11-11,2023-11-15,2023,11,november,4,Monterrey|Mexico,Monterrey,Mexico,MX,MTY,IAH,Americas,Central America,United Air Lines Inc.,Economy,,0,0,0,1,0.0,3.79,0.5562,0.4438,7.75,11,4,"Monterrey, Mexico"
AW-2024-03-09,andy-warhol,1,0,1,city,2024-03-09,2024-03-13,2024,3,march,4,Leon/Guanajuato|Mexico,Leon/Guanajuato,Mexico,MX,BJX,IAH,Americas,Central America,United Air Lines Inc.,Economy,,0,0,0,0,,,,,,1,1,"Leon/Guanajuato, Mexico"
AW-2024-06-08,andy-warhol,1,0,1,city,2024-06-08,2024-06-12,2024,6,june,4,San Luis Potosi|Mexico,San Luis Potosi,Mexico,MX,SLP,IAH,Americas,Central America,United Air Lines Inc.,Economy,,0,0,0,1,2.89,0.0,0.3895,0.6105,6.76,1,1,"San Luis Potosi, Mexico"
AW-2024-10-12,andy-warhol,1,0,1,city,2024-10-12,2024-10-19,2024,10,october,7,Cancun|Mexico,Cancun,Mexico,MX,CUN,IAH,Americas,Central America,United Air Lines Inc.,Economy,beach_vacation,1,0,0,1,0.0,2.83,0.6899,0.3101,6.81,173,36,"Cancun, Mexico"
AW-2025-04-12,andy-warhol,1,0,1,city,2025-04-12,2025-04-16,2025,4,april,4,Mexico City|Mexico,Mexico City,Mexico,MX,MEX,IAH,Americas,Central America,United Air Lines Inc.,Economy,,0,0,0,1,8.12,6.87,0.7046,0.2954,8.29,43,13,"Mexico City, Mexico"
AW-2025-09-13,andy-warhol,1,0,1,city,2025-09-13,2025-09-20,2025,9,september,7,San Jose del Cabo|Mexico,San Jose del Cabo,Mexico,MX,SJD,IAH,Americas,Central America,United Air Lines Inc.,Economy,beach_vacation,1,0,0,1,2.89,4.48,0.5778,0.4222,,69,12,"San Jose del Cabo, Mexico"
LB-2023-06-20,annie-m-g-schmidt,1,0,0,city,2023-06-20,2023-06-28,2023,6,june,8,Amsterdam|Netherlands,Amsterdam,Netherlands,NL,,,Europe,Western Europe,,Economy,,0,0,0,1,7.47,8.19,0.7822,0.2178,7.72,50,16,"Amsterdam, Netherlands"
AB-2002-01-08,anthony-bourdain,1,0,1,city,2002-01-08,2002-01-13,2002,1,january,5,Tokyo|Japan,Tokyo,Japan,JP,NRT,JFK,Asia,Eastern Asia,Delta Air Lines Inc.,First,,0,0,0,1,2.89,9.99,0.7993,0.2007,7.58,80,22,"Tokyo, Japan"
AB-2002-01-12,anthony-bourdain,1,0,1,city,2002-01-12,2002-01-17,2002,1,january,5,Tokyo|Japan,Tokyo,Japan,JP,NRT,JFK,Asia,Eastern Asia,Delta Air Lines Inc.,First,,0,0,0,1,2.89,9.99,0.7993,0.2007,7.58,80,22,"Tokyo, Japan"
AB-2002-01-15,anthony-bourdain,1,0,1,city,2002-01-15,2002-01-20,2002,1,january,5,Hanoi|Vietnam,Hanoi,Vietnam,VN,HAN,JFK,Asia,South-eastern Asia,Airline Unknown,First,,0,0,0,1,4.58,6.63,0.4484,0.5516,7.63,5,1,"Hanoi, Vietnam"
AB-2002-01-22,anthony-bourdain,1,0,1,city,2002-01-22,2002-01-27,2002,1,january,5,Phnom Penh|Cambodia,Phnom Penh,Cambodia,KH,PNH,JFK,Asia,South-eastern Asia,Airline Unknown,First,,0,0,0,1,2.89,0.0,0.3177,0.6823,8.07,3,2,"Phnom Penh, Cambodia"
AB-2002-02-26,anthony-bourdain,1,0,1,city,2002-02-26,2002-03-03,2002,2,february,5,Los Angeles|United States,Los Angeles,United States,US,LAX,JFK,Americas,Northern America,Delta Air Lines Inc.,First,,0,0,0,1,2.89,8.2,0.9115,0.0885,7.64,44,11,"Los Angeles, United States"
AB-2002-03-05,anthony-bourdain,1,0,1,city,2002-03-05,2002-03-10,2002,3,march,5,Casablanca|Morocco,Casablanca,Morocco,MA,CMN,JFK,Africa,Northern Africa,Royal Air Maroc,First,,0,0,0,1,0.0,0.0,0.5514,0.4486,6.89,3,2,"Casablanca, Morocco"
AB-2002-03-19,anthony-bourdain,1,0,1,city,2002-03-19,2002-03-24,2002,3,march,5,Ho Chi Minh City|Vietnam,Ho Chi Minh City,Vietnam,VN,SGN,JFK,Asia,South-eastern Asia,Airline Unknown,First,beach_vacation,1,0,0,1,0.0,6.97,0.4598,0.5402,7.94,2,1,"Ho Chi Minh City, Vietnam"
AB-2002-03-26,anthony-bourdain,1,0,1,city,2002-03-26,2002-03-31,2002,3,march,5,Tokyo|Japan,Tokyo,Japan,JP,NRT,JFK,Asia,Eastern Asia,Delta Air Lines Inc.,First,,0,0,0,1,2.89,9.99,0.7993,0.2007,6.78,80,22,"Tokyo, Japan"
AB-2002-04-20,anthony-bourdain,1,0,1,city,2002-04-20,2002-04-25,2002,4,april,5,London|United Kingdom,London,United Kingdom,GB,LHR,JFK,Europe,Northern Europe,Delta Air Lines Inc.,First,,0,0,0,1,6.71,9.54,0.8673,0.1327,8.03,135,33,"London, United Kingdom"
AB-2002-04-30,anthony-bourdain,1,0,1,city,2002-04-30,2002-05-05,2002,4,april,5,Napa|United States,Napa,United States,US,SFO,JFK,Americas,Northern America,Delta Air Lines Inc.,First,,0,0,0,0,,,,,,1,1,"Napa, United States"
AB-2002-06-17,anthony-bourdain,1,0,1,city,2002-06-17,2002-06-22,2002,6,june,5,Porto|Portugal,Porto,Portugal,PT,OPO,EWR,Europe,Southern Europe,US Airways Inc.,First,beach_vacation,1,0,0,1,5.78,6.34,0.5195,0.4805,8.1,6,4,"Porto, Portugal"
AB-2002-07-05,anthony-bourdain,1,0,1,city,2002-07-05,2002-07-10,2002,7,july,5,Bilbao|Spain,Bilbao,Spain,ES,BIO,EWR,Europe,Southern Europe,United Air Lines Inc.,First,beach_vacation,1,0,0,1,5.78,6.02,0.4828,0.5172,7.46,4,3,"Bilbao, Spain"
AB-2002-07-08,anthony-bourdain,1,0,1,city,2002-07-08,2002-07-13,2002,7,july,5,Lisbon|Portugal,Lisbon,Portugal,PT,LIS,JFK,Europe,Southern Europe,Delta Air Lines Inc.,First,beach_vacation,1,0,0,1,5.78,6.42,0.6677,0.3323,8.23,48,16,"Lisbon, Portugal"
AB-2002-07-12,anthony-bourdain,1,0,1,city,2002-07-12,2002-07-17,2002,7,july,5,Glasgow|United Kingdom,Glasgow,United Kingdom,GB,GLA,EWR,Europe,Northern Europe,United Air Lines Inc.,First,,0,0,0,1,2.89,4.39,0.6583,0.3417,6.95,2,2,"Glasgow, United Kingdom"
AB-2003-02-21,anthony-bourdain,1,0,1,city,2003-02-21,2003-02-26,2003,2,february,5,Philipsburg|Netherlands Antilles,Philipsburg,Netherlands Antilles,SX,SXM,JFK,Americas,Caribbean,Delta Air Lines Inc.,First,,0,0,0,0,,,,,,1,1,"Philipsburg, Netherlands Antilles"
AB-2003-02-28,anthony-bourdain,1,0,1,city,2003-02-28,2003-03-05,2003,2,february,5,New Orleans|United States,New Orleans,United States,US,MSY,JFK,Americas,Northern America,Delta Air Lines Inc.,First,,0,0,0,1,0.0,5.48,0.808,0.192,7.25,38,6,"New Orleans, United States"
AB-2003-03-14,anthony-bourdain,1,0,1,city,2003-03-14,2003-03-19,2003,3,march,5,Rio de Janeiro|Brazil,Rio de Janeiro,Brazil,BR,GIG,JFK,Americas,South America,American Airlines Inc.,First,beach_vacation,1,0,0,1,5.78,6.02,0.5458,0.4542,7.61,7,6,"Rio de Janeiro, Brazil"
AB-2003-03-28,anthony-bourdain,1,0,1,city,2003-03-28,2003-04-02,2003,3,march,5,Minneapolis|United States,Minneapolis,United States,US,MSP,JFK,Americas,Northern America,Delta Air Lines Inc.,First,,0,0,0,1,0.0,0.0,0.8175,0.1825,6.47,10,3,"Minneapolis, United States"
AB-2003-04-04,anthony-bourdain,1,0,1,city,2003-04-04,2003-04-09,2003,4,april,5,Kansas City|United States,Kansas City,United States,US,MCI,LGA,Americas,Northern America,Delta Air Lines Inc.,First,,0,0,0,1,0.0,0.0,0.7312,0.2688,7.1,2,1,"Kansas City, United States"
AB-2003-04-18,anthony-bourdain,1,0,1,city,2003-04-18,2003-04-23,2003,4,april,5,Sydney|Australia,Sydney,Australia,AU,SYD,JFK,Oceania,Australia and New Zealand,Airline Unknown,First,beach_vacation,1,0,0,1,4.58,0.0,0.6762,0.3238,7.04,40,14,"Sydney, Australia"
AB-2003-05-02,anthony-bourdain,1,0,1,city,2003-05-02,2003-05-07,2003,5,may,5,Melbourne|Australia,Melbourne,Australia,AU,MEL,JFK,Oceania,Australia and New Zealand,Airline Unknown,First,,0,0,0,1,2.89,0.0,0.6307,0.3693,7.58,6,3,"Melbourne, Australia"
AB-2003-05-16,anthony-bourdain,1,0,1,city,2003-05-16,2003-05-21,2003,5,may,5,Singapore|Singapore,Singapore,Singapore,SG,SIN,JFK,Asia,South-eastern Asia,Singapore Airlines Ltd.,First,beach_vacation,1,0,0,1,2.89,9.04,0.6473,0.3527,6.88,4,2,"Singapore, Singapore"
AB-2003-05-30,anthony-bourdain,1,0,1,city,2003-05-30,2003-06-04,2003,5,may,5,Hanoi|Vietnam,Hanoi,Vietnam,VN,HAN,JFK,Asia,South-eastern Asia,Airline Unknown,First,,0,0,0,1,4.58,6.63,0.4484,0.5516,6.52,5,1,"Hanoi, Vietnam"
AB-2003-06-13,anthony-bourdain,1,0,1,city,2003-06-13,2003-06-18,2003,6,june,5,Chiang Mai|Thailand,Chiang Mai,Thailand,TH,CNX,JFK,Asia,South-eastern Asia,Airline Unknown,First,,0,0,0,1,0.0,6.25,0.3219,0.6781,6.56,2,1,"Chiang Mai, Thailand"
AB-2003-06-27,anthony-bourdain,1,0,1,city,2003-06-27,2003-07-02,2003,6,june,5,Bangkok|Thailand,Bangkok,Thailand,TH,BKK,JFK,Asia,South-eastern Asia,Airline Unknown,First,beach_vacation,1,0,0,1,0.0,8.47,0.4205,0.5795,6.4,10,9,"Bangkok, Thailand"
AB-2005-07-25,anthony-bourdain,1,0,1,city,2005-07-25,2005-07-30,2005,7,july,5,Paris|France,Paris,France,FR,CDG,JFK,Europe,Western Europe,Delta Air Lines Inc.,First,,0,0,0,1,6.71,9.93,0.8396,0.1604,7.42,72,28,"Paris, France"
AB-2005-08-01,anthony-bourdain,1,0,1,city,2005-08-01,2005-08-06,2005,8,august,5,Reykjavik|Iceland,Reykjavik,Iceland,IS,KEF,JFK,Europe,Northern Europe,Delta Air Lines Inc.,First,,0,0,0,1,2.89,3.64,0.5342,0.4658,,2,2,"Reykjavik, Iceland"
AB-2005-08-15,anthony-bourdain,1,0,1,city,2005-08-15,2005-08-20,2005,8,august,5,Hanoi|Vietnam,Hanoi,Vietnam,VN,HAN,JFK,Asia,South-eastern Asia,Airline Unknown,First,,0,0,0,1,4.58,6.63,0.4484,0.5516,6.3,5,1,"Hanoi, Vietnam"
AB-2005-08-22,anthony-bourdain,1,0,1,city,2005-08-22,2005-08-27,2005,8,august,5,Kuala Lumpur|Malaysia,Kuala Lumpur,Malaysia,MY,KUL,JFK,Asia,South-eastern Asia,Airline Unknown,First,beach_vacation,1,0,0,1,2.89,6.85,0.3883,0.6117,7.11,1,1,"Kuala Lumpur, Malaysia"
AB-2005-10-17,anthony-bourdain,1,0,1,city,2005-10-17,2005-10-22,2005,10,october,5,Las Vegas|United States,Las Vegas,United States,US,LAS,JFK,Americas,Northern America,Delta Air Lines Inc.,First,,0,0,0,1,0.0,0.0,0.8469,0.1531,8.03,39,15,"Las Vegas, United States"
AB-2005-10-24,anthony-bourdain,1,0,1,city,2005-10-24,2005-10-29,2005,10,october,5,Tashkent|Uzbekistan,Tashkent,Uzbekistan,UZ,TAS,JFK,Asia,Central Asia,Airline Unknown,First,,0,0,0,1,2.89,0.0,0.4103,0.5897,8.05,1,1,"Tashkent, Uzbekistan"
AB-2005-11-07,anthony-bourdain,1,0,1,city,2005-11-07,2005-11-12,2005,11,november,5,Christchurch|New Zealand,Christchurch,New Zealand,NZ,CHC,JFK,Oceania,Australia and New Zealand,Airline Unknown,First,,0,0,0,1,0.0,4.48,0.3658,0.6342,,1,1,"Christchurch, New Zealand"
AB-2006-04-03,anthony-bourdain,1,0,1,city,2006-04-03,2006-04-08,2006,4,april,5,Miami|United States,Miami,United States,US,MIA,JFK,Americas,Northern America,Delta Air Lines Inc.,First,beach_vacation,1,0,0,1,0.0,6.68,0.9,0.1,7.67,57,13,"Miami, United States"
AB-2006-04-10,anthony-bourdain,1,0,1,city,2006-04-10,2006-04-15,2006,4,april,5,Lima|Peru,Lima,Peru,PE,LIM,JFK,Americas,South America,American Airlines Inc.,First,,0,0,0,1,4.58,0.0,0.5916,0.4084,8.22,12,3,"Lima, Peru"
AB-2006-04-17,anthony-bourdain,1,0,1,city,2006-04-17,2006-04-22,2006,4,april,5,Montreal|Canada,Montreal,Canada,CA,YUL,JFK,Americas,Northern America,Delta Air Lines Inc.,First,,0,0,0,1,0.0,6.58,0.7843,0.2157,7.0,6,2,"Montreal, Canada"
AB-2006-04-24,anthony-bourdain,1,0,1,city,2006-04-24,2006-04-29,2006,4,april,5,Stockholm|Sweden,Stockholm,Sweden,SE,ARN,JFK,Europe,Northern Europe,Norwegian Air Shuttle ASA,First,,0,0,0,1,5.78,5.99,0.6352,0.3648,7.58,2,2,"Stockholm, Sweden"
AB-2006-05-01,anthony-bourdain,1,0,1,city,2006-05-01,2006-05-06,2006,5,may,5,San Juan|Puerto Rico,San Juan,Puerto Rico,PR,SJU,JFK,Americas,Caribbean,Delta Air Lines Inc.,First,beach_vacation,1,0,0,1,2.89,0.0,0.7288,0.2712,7.02,22,5,"San Juan, Puerto Rico"
AB-2006-05-08,anthony-bourdain,1,0,1,city,2006-05-08,2006-05-13,2006,5,may,5,Osaka|Japan,Osaka,Japan,JP,KIX,JFK,Asia,Eastern Asia,China Airlines Ltd.,First,beach_vacation,1,0,0,1,8.12,9.99,0.7022,0.2978,7.11,2,2,"Osaka, Japan"
AB-2006-06-05,anthony-bourdain,1,0,1,city,2006-06-05,2006-06-10,2006,6,june,5,Mumbai|India,Mumbai,India,IN,BOM,JFK,Asia,Southern Asia,Delta Air Lines Inc.,First,beach_vacation,1,0,0,1,6.71,0.0,0.5138,0.4862,5.58,1,1,"Mumbai, India"
AB-2006-06-12,anthony-bourdain,1,0,1,city,2006-06-12,2006-06-17,2006,6,june,5,Seoul|South Korea,Seoul,South Korea,KR,ICN,JFK,Asia,Eastern Asia,Delta Air Lines Inc.,First,beach_vacation,1,0,0,1,8.12,8.2,0.7671,0.2329,7.16,29,9,"Seoul, South Korea"
AB-2006-06-19,anthony-bourdain,1,0,1,city,2006-06-19,2006-06-24,2006,6,june,5,Jakarta|Indonesia,Jakarta,Indonesia,ID,CGK,JFK,Asia,South-eastern Asia,Airline Unknown,First,beach_vacation,1,0,0,1,0.0,0.0,0.3775,0.6225,6.83,1,1,"Jakarta, Indonesia"
AB-2006-07-03,anthony-bourdain,1,0,1,city,2006-07-03,2006-07-08,2006,7,july,5,Barcelona|Spain,Barcelona,Spain,ES,BCN,JFK,Europe,Southern Europe,Delta Air Lines Inc.,First,beach_vacation,1,0,0,1,5.78,7.69,0.7358,0.2642,7.59,38,20,"Barcelona, Spain"
AB-2007-01-01,anthony-bourdain,1,0,1,city,2007-01-01,2007-01-06,2007,1,january,5,Dublin|Ireland,Dublin,Ireland,IE,DUB,JFK,Europe,Northern Europe,Delta Air Lines Inc.,First,,0,0,0,1,2.89,6.4,0.7288,0.2712,6.48,32,14,"Dublin, Ireland"
AB-2007-01-08,anthony-bourdain,1,0,1,city,2007-01-08,2007-01-13,2007,1,january,5,Accra|Ghana,Accra,Ghana,GH,ACC,JFK,Africa,Western Africa,Delta Air Lines Inc.,First,,0,0,0,1,2.89,0.0,0.4291,0.5709,7.4,2,2,"Accra, Ghana"
AB-2007-01-15,anthony-bourdain,1,0,1,city,2007-01-15,2007-01-20,2007,1,january,5,Seattle|United States,Seattle,United States,US,SEA,JFK,Americas,Northern America,Delta Air Lines Inc.,First,,0,0,0,1,0.0,0.0,0.839,0.161,7.16,38,8,"Seattle, United States"
AB-2007-01-22,anthony-bourdain,1,0,1,city,2007-01-22,2007-01-27,2007,1,january,5,Windhoek|Namibia,Windhoek,Namibia,NA,WDH,JFK,Africa,Southern Africa,Airline Unknown,First,,0,0,0,1,0.0,0.0,0.3518,0.6482,7.77,1,1,"Windhoek, Namibia"
AB-2007-01-29,anthony-bourdain,1,0,1,city,2007-01-29,2007-02-03,2007,1,january,5,Moscow|Russia,Moscow,Russia,RU,SVO,JFK,Europe,Eastern Europe,Delta Air Lines Inc.,First,,0,0,0,1,5.78,0.0,0.6033,0.3967,5.75,2,1,"Moscow, Russia"
AB-2007-02-05,anthony-bourdain,1,0,1,city,2007-02-05,2007-02-10,2007,2,february,5,Los Angeles|United States,Los Angeles,United States,US,LAX,JFK,Americas,Northern America,Delta Air Lines Inc.,First,,0,0,0,1,2.89,8.2,0.9115,0.0885,7.69,44,11,"Los Angeles, United States"
AB-2007-07-30,anthony-bourdain,1,0,1,city,2007-07-30,2007-08-04,2007,7,july,5,Shanghai|China,Shanghai,China,CN,PVG,JFK,Asia,Eastern Asia,Delta Air Lines Inc.,First,,0,0,0,1,0.0,7.99,0.7618,0.2382,6.54,7,3,"Shanghai, China"
AB-2007-08-13,anthony-bourdain,1,0,1,city,2007-08-13,2007-08-18,2007,8,august,5,Sao Paulo|Brazil,Sao Paulo,Brazil,BR,GRU,JFK,Americas,South America,Delta Air Lines Inc.,First,beach_vacation,1,0,0,1,0.0,7.36,0.623,0.377,7.74,12,2,"Sao Paulo, Brazil"
AB-2007-08-27,anthony-bourdain,1,0,1,city,2007-08-27,2007-09-01,2007,8,august,5,Cleveland|United States,Cleveland,United States,US,CLE,JFK,Americas,Northern America,Delta Air Lines Inc.,First,,0,0,0,1,0.0,0.0,0.7443,0.2557,7.67,17,2,"Cleveland, United States"
AB-2007-09-03,anthony-bourdain,1,0,1,city,2007-09-03,2007-09-08,2007,9,september,5,Hong Kong|Hong Kong,Hong Kong,Hong Kong,HK,HKG,JFK,Asia,Eastern Asia,American Airlines Inc.,First,,0,0,0,1,0.0,8.53,0.7569,0.2431,6.51,5,3,"Hong Kong, Hong Kong"
AB-2007-09-10,anthony-bourdain,1,0,1,city,2007-09-10,2007-09-15,2007,9,september,5,Buenos Aires|Argentina,Buenos Aires,Argentina,AR,EZE,JFK,Americas,South America,American Airlines Inc.,First,,0,0,0,1,2.89,6.22,0.6639,0.3361,7.63,22,4,"Buenos Aires, Argentina"
AB-2007-09-17,anthony-bourdain,1,0,1,city,2007-09-17,2007-09-22,2007,9,september,5,Charleston|United States,Charleston,United States,US,CHS,JFK,Americas,Northern America,Delta Air Lines Inc.,First,beach_vacation,1,0,0,1,0.0,4.28,0.6719,0.3281,7.51,12,3,"Charleston, United States"
AB-2008-01-07,anthony-bourdain,1,0,1,city,2008-01-07,2008-01-12,2008,1,january,5,Singapore|Singapore,Singapore,Singapore,SG,SIN,JFK,Asia,South-eastern Asia,Singapore Airlines Ltd.,First,beach_vacation,1,0,0,1,2.89,9.04,0.6473,0.3527,6.22,4,2,"Singapore, Singapore"
AB-2008-01-14,anthony-bourdain,1,0,1,city,2008-01-14,2008-01-19,2008,1,january,5,Berlin|Germany,Berlin,Germany,DE,TXL,JFK,Europe,Western Europe,American Airlines Inc.,First,,0,0,0,1,6.71,6.95,0.6483,0.3517,5.02,6,5,"Berlin, Germany"
AB-2008-01-21,anthony-bourdain,1,0,1,city,2008-01-21,2008-01-26,2008,1,january,5,Vancouver|Canada,Vancouver,Canada,CA,YVR,JFK,Americas,Northern America,Cathay Pacific Airways Ltd.,First,,0,0,0,1,0.0,6.85,0.7561,0.2439,7.15,13,6,"Vancouver, Canada"
AB-2008-01-28,anthony-bourdain,1,0,1,city,2008-01-28,2008-02-02,2008,1,january,5,Athens|Greece,Athens,Greece,GR,ATH,JFK,Europe,Southern Europe,Delta Air Lines Inc.,First,,0,0,0,1,4.58,5.62,0.6151,0.3849,7.54,12,6,"Athens, Greece"
AB-2008-02-04,anthony-bourdain,1,0,1,city,2008-02-04,2008-02-09,2008,2,february,5,New Orleans|United States,New Orleans,United States,US,MSY,JFK,Americas,Northern America,Delta Air Lines Inc.,First,,0,0,0,1,0.0,5.48,0.808,0.192,7.04,38,6,"New Orleans, United States"
AB-2008-02-11,anthony-bourdain,1,0,1,city,2008-02-11,2008-02-16,2008,2,february,5,London|United Kingdom,London,United Kingdom,GB,LHR,JFK,Europe,Northern Europe,Delta Air Lines Inc.,First,,0,0,0,1,6.71,9.54,0.8673,0.1327,6.78,135,33,"London, United Kingdom"
AB-2008-02-18,anthony-bourdain,1,0,1,city,2008-02-18,2008-02-23,2008,2,february,5,Kingston|Jamaica,Kingston,Jamaica,JM,KIN,JFK,Americas,Caribbean,Delta Air Lines Inc.,First,beach_vacation,1,0,0,1,4.58,0.0,0.5713,0.4287,7.52,2,1,"Kingston, Jamaica"
AB-2008-02-25,anthony-bourdain,1,0,1,city,2008-02-25,2008-03-01,2008,2,february,5,Bucharest|Romania,Bucharest,Romania,RO,OTP,JFK,Europe,Eastern Europe,Airline Unknown,First,,0,0,0,1,0.0,0.0,0.4437,0.5563,6.32,1,1,"Bucharest, Romania"
AB-2008-03-03,anthony-bourdain,1,0,1,city,2008-03-03,2008-03-08,2008,3,march,5,Honolulu|United States,Honolulu,United States,US,HNL,JFK,Americas,Northern America,Hawaiian Airlines Inc.,First,beach_vacation,1,0,0,1,0.0,0.0,0.7157,0.2843,,16,5,"Honolulu, United States"
AB-2008-07-07,anthony-bourdain,1,0,1,city,2008-07-07,2008-07-12,2008,7,july,5,Luang Prabang|Laos,Luang Prabang,Laos,LA,LPQ,JFK,Asia,South-eastern Asia,Airline Unknown,First,,0,0,0,0,,,,,,2,1,"Luang Prabang, Laos"
AB-2008-07-14,anthony-bourdain,1,0,1,city,2008-07-14,2008-07-19,2008,7,july,5,Bogota|Colombia,Bogota,Colombia,CO,BOG,JFK,Americas,South America,Delta Air Lines Inc.,First,,0,0,0,1,0.0,0.0,0.5965,0.4035,7.2,2,1,"Bogota, Colombia"
AB-2008-07-21,anthony-bourdain,1,0,1,city,2008-07-21,2008-07-26,2008,7,july,5,Riyadh|Saudi Arabia,Riyadh,Saudi Arabia,SA,RUH,JFK,Asia,Western Asia,Saudi Arabian Airlines Corp,First,,0,0,0,1,2.89,5.58,0.4431,0.5569,7.05,1,1,"Riyadh, Saudi Arabia"
AB-2008-07-28,anthony-bourdain,1,0,1,city,2008-07-28,2008-08-02,2008,7,july,5,Montevideo|Uruguay,Montevideo,Uruguay,UY,MVD,JFK,Americas,South America,Airline Unknown,First,,0,0,0,1,2.89,0.0,0.4744,0.5256,7.35,2,1,"Montevideo, Uruguay"
AB-2008-08-11,anthony-bourdain,1,0,1,city,2008-08-11,2008-08-16,2008,8,august,5,Tokyo|Japan,Tokyo,Japan,JP,NRT,JFK,Asia,Eastern Asia,Delta Air Lines Inc.,First,beach_vacation,1,0,0,1,2.89,9.99,0.7993,0.2007,7.58,80,22,"Tokyo, Japan"
AB-2008-08-18,anthony-bourdain,1,0,1,city,2008-08-18,2008-08-23,2008,8,august,5,Madrid|Spain,Madrid,Spain,ES,MAD,JFK,Europe,Southern Europe,Delta Air Lines Inc.,First,,0,0,0,1,6.71,8.22,0.7462,0.2538,7.07,51,18,"Madrid, Spain"
AB-2008-08-25,anthony-bourdain,1,0,1,city,2008-08-25,2008-08-30,2008,8,august,5,Cairo|Egypt,Cairo,Egypt,EG,CAI,JFK,Africa,Northern Africa,United Air Lines Inc.,First,,0,0,0,1,4.58,0.0,0.4797,0.5203,7.0,1,1,"Cairo, Egypt"
AB-2009-01-05,anthony-bourdain,1,0,1,city,2009-01-05,2009-01-10,2009,1,january,5,Mexico City|Mexico,Mexico City,Mexico,MX,MEX,JFK,Americas,Central America,Delta Air Lines Inc.,First,,0,0,0,1,8.12,6.87,0.7046,0.2954,8.09,43,13,"Mexico City, Mexico"
AB-2009-01-12,anthony-bourdain,1,0,1,city,2009-01-12,2009-01-17,2009,1,january,5,Venice|Italy,Venice,Italy,IT,VCE,JFK,Europe,Southern Europe,Delta Air Lines Inc.,First,,0,0,0,1,7.47,6.95,0.6157,0.3843,,5,5,"Venice, Italy"
AB-2009-01-19,anthony-bourdain,1,0,1,city,2009-01-19,2009-01-24,2009,1,january,5,Washington|United States,Washington,United States,US,DCA,JFK,Americas,Northern America,Delta Air Lines Inc.,First,,0,0,0,1,0.0,7.41,0.8856,0.1144,6.03,22,7,"Washington, United States"
AB-2009-02-02,anthony-bourdain,1,0,1,city,2009-02-02,2009-02-07,2009,2,february,5,Chicago|United States,Chicago,United States,US,ORD,JFK,Americas,Northern America,Delta Air Lines Inc.,First,,0,0,0,1,2.89,7.33,0.9501,0.0499,5.91,57,21,"Chicago, United States"
AB-2009-02-16,anthony-bourdain,1,0,1,city,2009-02-16,2009-02-21,2009,2,february,5,Manila|Philippines,Manila,Philippines,PH,MNL,JFK,Asia,South-eastern Asia,Airline Unknown,First,beach_vacation,1,0,0,1,2.89,7.1,0.468,0.532,7.26,2,1,"Manila, Philippines"
AB-2009-03-02,anthony-bourdain,1,0,1,city,2009-03-02,2009-03-07,2009,3,march,5,Colombo|Sri Lanka,Colombo,Sri Lanka,LK,CMB,JFK,Asia,Southern Asia,Airline Unknown,First,beach_vacation,1,0,0,1,0.0,0.0,0.4324,0.5676,7.14,2,1,"Colombo, Sri Lanka"
AB-2009-03-09,anthony-bourdain,1,0,1,city,2009-03-09,2009-03-14,2009,3,march,5,Hanoi|Vietnam,Hanoi,Vietnam,VN,HAN,JFK,Asia,South-eastern Asia,Airline Unknown,First,,0,0,0,1,4.58,6.63,0.4484,0.5516,7.14,5,1,"Hanoi, Vietnam"
AB-2009-03-16,anthony-bourdain,1,0,1,city,2009-03-16,2009-03-21,2009,3,march,5,Bangkok|Thailand,Bangkok,Thailand,TH,BKK,JFK,Asia,South-eastern Asia,Airline Unknown,First,beach_vacation,1,0,0,1,0.0,8.47,0.4205,0.5795,6.56,10,9,"Bangkok, Thailand"
AB-2009-07-13,anthony-bourdain,1,0,1,city,2009-07-13,2009-07-18,2009,7,july,5,Santiago|Chile,Santiago,Chile,CL,SCL,JFK,Americas,South America,American Airlines Inc.,First,,0,0,0,1,0.0,0.0,0.6363,0.3637,8.12,1,1,"Santiago, Chile"
AB-2009-07-20,anthony-bourdain,1,0,1,city,2009-07-20,2009-07-25,2009,7,july,5,Melbourne|Australia,Melbourne,Australia,AU,MEL,JFK,Oceania,Australia and New Zealand,Airline Unknown,First,,0,0,0,1,2.89,0.0,0.6307,0.3693,6.89,6,3,"Melbourne, Australia"
AB-2009-07-27,anthony-bourdain,1,0,1,city,2009-07-27,2009-08-01,2009,7,july,5,Buffalo|United States,Buffalo,United States,US,BUF,JFK,Americas,Northern America,Delta Air Lines Inc.,First,,0,0,0,1,0.0,1.74,0.7097,0.2903,7.59,6,2,"Buffalo, United States"
AB-2009-08-10,anthony-bourdain,1,0,1,city,2009-08-10,2009-08-15,2009,8,august,5,San Francisco|United States,San Francisco,United States,US,SFO,JFK,Americas,Northern America,Delta Air Lines Inc.,First,,0,0,0,1,0.0,8.13,0.8552,0.1448,8.12,40,9,"San Francisco, United States"
AB-2009-08-24,anthony-bourdain,1,0,1,city,2009-08-24,2009-08-29,2009,8,august,5,Livingston|United States,Livingston,United States,US,BZN,EWR,Americas,Northern America,United Air Lines Inc.,First,,0,0,0,0,,,,,,2,1,"Livingston, United States"
AB-2010-01-11,anthony-bourdain,1,0,1,city,2010-01-11,2010-01-16,2010,1,january,5,Panama City|Panama,Panama City,Panama,PA,PTY,JFK,Americas,Central America,United Air Lines Inc.,First,beach_vacation,1,0,0,1,2.89,0.0,0.6946,0.3054,6.79,1,1,"Panama City, Panama"
AB-2010-01-18,anthony-bourdain,1,0,1,city,2010-01-18,2010-01-23,2010,1,january,5,Istanbul|Turkey,Istanbul,Turkey,TR,IST,JFK,Asia,Western Asia,Turk Hava Yollari A.O.,First,,0,0,0,1,2.89,7.05,0.5782,0.4218,7.11,2,1,"Istanbul, Turkey"
AB-2010-02-01,anthony-bourdain,1,0,1,city,2010-02-01,2010-02-06,2010,2,february,5,Prague|Czech Republic,Prague,Czech Republic,CZ,PRG,JFK,Europe,Eastern Europe,Delta Air Lines Inc.,First,,0,0,0,1,2.89,6.09,0.538,0.462,6.44,2,2,"Prague, Czech Republic"
AB-2010-03-01,anthony-bourdain,1,0,1,city,2010-03-01,2010-03-06,2010,3,march,5,Guayaquil|Ecuador,Guayaquil,Ecuador,EC,GYE,JFK,Americas,South America,American Airlines Inc.,First,,0,0,0,1,0.0,0.0,0.4718,0.5282,6.15,1,1,"Guayaquil, Ecuador"
AB-2010-03-22,anthony-bourdain,1,0,1,city,2010-03-22,2010-03-27,2010,3,march,5,Nice|France,Nice,France,FR,NCE,JFK,Europe,Western Europe,Delta Air Lines Inc.,First,,0,0,0,1,4.58,7.7,0.5467,0.4533,7.3,9,7,"Nice, France"
AB-2010-03-29,anthony-bourdain,1,0,1,city,2010-03-29,2010-04-03,2010,3,march,5,Da Lat|Vietnam,Da Lat,Vietnam,VN,DLI,JFK,Asia,South-eastern Asia,Airline Unknown,First,,0,0,0,0,,,,,,1,1,"Da Lat, Vietnam"
AB-2010-04-12,anthony-bourdain,1,0,1,city,2010-04-12,2010-04-17,2010,4,april,5,Portland|United States,Portland,United States,US,PWM,JFK,Americas,Northern America,Delta Air Lines Inc.,First,,0,0,0,1,0.0,0.0,0.7713,0.2287,7.55,36,7,"Portland, United States"
AB-2010-07-05,anthony-bourdain,1,0,1,city,2010-07-05,2010-07-10,2010,7,july,5,Kingstown|Saint Vincent and the Grenadines,Kingstown,Saint Vincent and the Grenadines,VC,SVD,JFK,Americas,Caribbean,Caribbean Airlines Limited,First,,0,0,0,0,,,,,,1,1,"Kingstown, Saint Vincent and the Grenadines"
AB-2010-07-19,anthony-bourdain,1,0,1,city,2010-07-19,2010-07-24,2010,7,july,5,Monrovia|Liberia,Monrovia,Liberia,LR,ROB,JFK,Africa,Western Africa,Airline Unknown,First,beach_vacation,1,0,0,1,0.0,0.0,0.3659,0.6341,5.58,1,1,"Monrovia, Liberia"
AB-2010-08-09,anthony-bourdain,1,0,1,city,2010-08-09,2010-08-14,2010,8,august,5,Dubai|United Arab Emirates,Dubai,United Arab Emirates,AE,DXB,JFK,Asia,Western Asia,JetBlue Airways,First,beach_vacation,1,0,0,1,0.0,7.48,0.7049,0.2951,6.92,4,4,"Dubai, United Arab Emirates"
AB-2010-08-16,anthony-bourdain,1,0,1,city,2010-08-16,2010-08-21,2010,8,august,5,Rome|Italy,Rome,Italy,IT,FCO,JFK,Europe,Southern Europe,Delta Air Lines Inc.,First,beach_vacation,1,0,0,1,8.67,7.27,0.7587,0.2413,7.91,49,25,"Rome, Italy"
AB-2010-09-06,anthony-bourdain,1,0,1,city,2010-09-06,2010-09-11,2010,9,september,5,Paris|France,Paris,France,FR,CDG,JFK,Europe,Western Europe,Delta Air Lines Inc.,First,,0,0,0,1,6.71,9.93,0.8396,0.1604,7.23,72,28,"Paris, France"
AB-2010-09-13,anthony-bourdain,1,0,1,city,2010-09-13,2010-09-18,2010,9,september,5,Madrid|Spain,Madrid,Spain,ES,MAD,JFK,Europe,Southern Europe,Delta Air Lines Inc.,First,,0,0,0,1,6.71,8.22,0.7462,0.2538,8.14,51,18,"Madrid, Spain"
AB-2011-02-28,anthony-bourdain,1,0,1,city,2011-02-28,2011-03-05,2011,2,february,5,Port-au-Prince|Haiti,Port-au-Prince,Haiti,HT,PAP,JFK,Americas,Caribbean,Delta Air Lines Inc.,First,beach_vacation,1,0,0,1,0.0,0.0,0.4759,0.5241,7.72,2,2,"Port-au-Prince, Haiti"
AB-2011-03-07,anthony-bourdain,1,0,1,city,2011-03-07,2011-03-12,2011,3,march,5,Phnom Penh|Cambodia,Phnom Penh,Cambodia,KH,PNH,JFK,Asia,South-eastern Asia,Airline Unknown,First,,0,0,0,1,2.89,0.0,0.3177,0.6823,7.72,3,2,"Phnom Penh, Cambodia"
AB-2011-03-14,anthony-bourdain,1,0,1,city,2011-03-14,2011-03-19,2011,3,march,5,Managua|Nicaragua,Managua,Nicaragua,NI,MGA,JFK,Americas,Central America,Airline Unknown,First,,0,0,0,1,2.89,0.0,0.5492,0.4508,6.65,1,1,"Managua, Nicaragua"
AB-2011-03-21,anthony-bourdain,1,0,1,city,2011-03-21,2011-03-26,2011,3,march,5,Vienna|Austria,Vienna,Austria,AT,VIE,JFK,Europe,Western Europe,United Air Lines Inc.,First,,0,0,0,1,6.71,7.14,0.644,0.356,7.4,7,3,"Vienna, Austria"
AB-2011-04-18,anthony-bourdain,1,0,1,city,2011-04-18,2011-04-23,2011,4,april,5,Boston|United States,Boston,United States,US,BOS,JFK,Americas,Northern America,Delta Air Lines Inc.,First,,0,0,0,1,0.0,5.21,0.8383,0.1617,6.92,53,12,"Boston, United States"
AB-2011-07-11,anthony-bourdain,1,0,1,city,2011-07-11,2011-07-16,2011,7,july,5,Havana|Cuba,Havana,Cuba,CU,HAV,JFK,Americas,Caribbean,JetBlue Airways,First,beach_vacation,1,0,0,1,2.89,0.0,0.5394,0.4606,7.33,4,3,"Havana, Cuba"
AB-2011-08-01,anthony-bourdain,1,0,1,city,2011-08-01,2011-08-06,2011,8,august,5,Barcelona|Spain,Barcelona,Spain,ES,BCN,JFK,Europe,Southern Europe,Delta Air Lines Inc.,First,beach_vacation,1,0,0,1,5.78,7.69,0.7358,0.2642,7.99,38,20,"Barcelona, Spain"
AB-2011-08-08,anthony-bourdain,1,0,1,city,2011-08-08,2011-08-13,2011,8,august,5,Palm Springs|United States,Palm Springs,United States,US,PSP,EWR,Americas,Northern America,United Air Lines Inc.,First,,0,0,0,0,,,,,,20,3,"Palm Springs, United States"
AB-2011-08-15,anthony-bourdain,1,0,1,city,2011-08-15,2011-08-20,2011,8,august,5,Kyiv|Ukraine,Kyiv,Ukraine,UA,KBP,JFK,Europe,Eastern Europe,Ukraine International Airlines,First,,0,0,0,1,2.89,0.0,0.4227,0.5773,8.07,1,1,"Kyiv, Ukraine"
AB-2011-08-22,anthony-bourdain,1,0,1,city,2011-08-22,2011-08-27,2011,8,august,5,Erbil|Iraq,Erbil,Iraq,IQ,EBL,JFK,Asia,Western Asia,Airline Unknown,First,,0,0,0,1,2.89,0.0,0.2975,0.7025,7.07,1,1,"Erbil, Iraq"
AB-2011-08-29,anthony-bourdain,1,0,1,city,2011-08-29,2011-09-03,2011,8,august,5,New Orleans|United States,New Orleans,United States,US,MSY,JFK,Americas,Northern America,Delta Air Lines Inc.,First,,0,0,0,1,0.0,5.48,0.808,0.192,7.39,38,6,"New Orleans, United States"
AB-2012-04-09,anthony-bourdain,1,0,1,city,2012-04-09,2012-04-14,2012,4,april,5,Maputo|Mozambique,Maputo,Mozambique,MZ,MPM,JFK,Africa,Eastern Africa,Airline Unknown,First,beach_vacation,1,0,0,1,0.0,0.0,0.2526,0.7474,7.27,1,1,"Maputo, Mozambique"
AB-2012-04-16,anthony-bourdain,1,0,1,city,2012-04-16,2012-04-21,2012,4,april,5,Kansas City|United States,Kansas City,United States,US,MCI,LGA,Americas,Northern America,Delta Air Lines Inc.,First,,0,0,0,1,0.0,0.0,0.7312,0.2688,7.1,2,1,"Kansas City, United States"
AB-2012-04-23,anthony-bourdain,1,0,1,city,2012-04-23,2012-04-28,2012,4,april,5,Split|Croatia,Split,Croatia,HR,SPU,JFK,Europe,Southern Europe,Airline Unknown,First,,0,0,0,1,6.71,4.82,0.3897,0.6103,,1,1,"Split, Croatia"
AB-2012-04-30,anthony-bourdain,1,0,1,city,2012-04-30,2012-05-05,2012,4,april,5,Lisbon|Portugal,Lisbon,Portugal,PT,LIS,JFK,Europe,Southern Europe,Delta Air Lines Inc.,First,,0,0,0,1,5.78,6.42,0.6677,0.3323,7.8,48,16,"Lisbon, Portugal"
AB-2012-05-07,anthony-bourdain,1,0,1,city,2012-05-07,2012-05-12,2012,5,may,5,Tokyo|Japan,Tokyo,Japan,JP,NRT,JFK,Asia,Eastern Asia,Delta Air Lines Inc.,First,,0,0,0,1,2.89,9.99,0.7993,0.2007,6.71,80,22,"Tokyo, Japan"
AB-2012-05-14,anthony-bourdain,1,0,1,city,2012-05-14,2012-05-19,2012,5,may,5,Helsinki|Finland,Helsinki,Finland,FI,HEL,JFK,Europe,Northern Europe,American Airlines Inc.,First,,0,0,0,1,4.58,5.48,0.6209,0.3791,7.51,2,2,"Helsinki, Finland"
AB-2012-05-28,anthony-bourdain,1,0,1,city,2012-05-28,2012-06-02,2012,5,may,5,San Diego|United States,San Diego,United States,US,SAN,JFK,Americas,Northern America,Delta Air Lines Inc.,First,beach_vacation,1,0,0,1,0.0,6.12,0.7991,0.2009,8.14,55,7,"San Diego, United States"
AB-2012-06-04,anthony-bourdain,1,0,1,city,2012-06-04,2012-06-09,2012,6,june,5,Penang|Malaysia,Penang,Malaysia,MY,PEN,JFK,Asia,South-eastern Asia,Airline Unknown,First,,0,0,0,0,,,,,,1,1,"Penang, Malaysia"
AB-2012-09-03,anthony-bourdain,1,0,1,city,2012-09-03,2012-09-08,2012,9,september,5,Austin|United States,Austin,United States,US,AUS,JFK,Americas,Northern America,Delta Air Lines Inc.,First,,0,0,0,1,0.0,6.12,0.7542,0.2458,8.06,7,3,"Austin, United States"
AB-2012-09-10,anthony-bourdain,1,0,1,city,2012-09-10,2012-09-15,2012,9,september,5,Sydney|Australia,Sydney,Australia,AU,SYD,JFK,Oceania,Australia and New Zealand,Airline Unknown,First,,0,0,0,1,4.58,0.0,0.6762,0.3238,7.75,40,14,"Sydney, Australia"
AB-2012-10-15,anthony-bourdain,1,0,1,city,2012-10-15,2012-10-20,2012,10,october,5,Rio de Janeiro|Brazil,Rio de Janeiro,Brazil,BR,GIG,JFK,Americas,South America,American Airlines Inc.,First,beach_vacation,1,0,0,1,5.78,6.02,0.5458,0.4542,7.0,7,6,"Rio de Janeiro, Brazil"
AB-2012-10-29,anthony-bourdain,1,0,1,city,2012-10-29,2012-11-03,2012,10,october,5,Santo Domingo|Dominican Republic,Santo Domingo,Dominican Republic,DO,SDQ,JFK,Americas,Caribbean,Delta Air Lines Inc.,First,beach_vacation,1,0,0,1,2.89,0.0,0.6431,0.3569,6.93,1,1,"Santo Domingo, Dominican Republic"
AB-2013-04-14,anthony-bourdain,1,0,1,city,2013-04-14,2013-04-19,2013,4,april,5,Yangon|Burma,Yangon,Burma,MM,RGN,JFK,Asia,South-eastern Asia,Airline Unknown,First,,0,0,0,0,,,,,,1,1,"Yangon, Burma"
AB-2013-04-21,anthony-bourdain,1,0,1,city,2013-04-21,2013-04-26,2013,4,april,5,Los Angeles|United States,Los Angeles,United States,US,LAX,JFK,Americas,Northern America,Delta Air Lines Inc.,First,,0,0,0,1,2.89,8.2,0.9115,0.0885,8.12,44,11,"Los Angeles, United States"
AB-2013-04-28,anthony-bourdain,1,0,1,city,2013-04-28,2013-05-03,2013,4,april,5,Bogota|Colombia,Bogota,Colombia,CO,BOG,JFK,Americas,South America,Delta Air Lines Inc.,First,,0,0,0,1,0.0,0.0,0.5965,0.4035,6.96,2,1,"Bogota, Colombia"
AB-2013-05-05,anthony-bourdain,1,0,1,city,2013-05-05,2013-05-10,2013,5,may,5,Quebec City|Canada,Quebec City,Canada,CA,YQB,EWR,Americas,Northern America,United Air Lines Inc.,First,,0,0,0,1,2.89,5.53,0.5355,0.4645,6.8,1,1,"Quebec City, Canada"
AB-2013-05-12,anthony-bourdain,1,0,1,city,2013-05-12,2013-05-17,2013,5,may,5,Casablanca|Morocco,Casablanca,Morocco,MA,CMN,JFK,Africa,Northern Africa,Royal Air Maroc,First,beach_vacation,1,0,0,1,0.0,0.0,0.5514,0.4486,8.1,3,2,"Casablanca, Morocco"
AB-2013-05-19,anthony-bourdain,1,0,1,city,2013-05-19,2013-05-24,2013,5,may,5,Tripoli|Libya,Tripoli,Libya,LY,TIP,JFK,Africa,Northern Africa,Airline Unknown,First,,0,0,0,1,0.0,0.0,0.2822,0.7178,7.91,1,1,"Tripoli, Libya"
AB-2013-06-02,anthony-bourdain,1,0,1,city,2013-06-02,2013-06-07,2013,6,june,5,Lima|Peru,Lima,Peru,PE,LIM,JFK,Americas,South America,American Airlines Inc.,First,,0,0,0,1,4.58,0.0,0.5916,0.4084,7.92,12,3,"Lima, Peru"
AB-2013-06-09,anthony-bourdain,1,0,1,city,2013-06-09,2013-06-14,2013,6,june,5,Kinshasa|Congo (Kinshasa),Kinshasa,Congo (Kinshasa),CD,FIH,JFK,Africa,Middle Africa,Airline Unknown,First,,0,0,0,1,0.0,0.0,0.3118,0.6882,7.94,1,1,"Kinshasa, Congo (Kinshasa)"
AB-2013-09-15,anthony-bourdain,1,0,1,city,2013-09-15,2013-09-20,2013,9,september,5,Jerusalem|Israel,Jerusalem,Israel,IL,TLV,JFK,Asia,Western Asia,Delta Air Lines Inc.,First,beach_vacation,1,0,0,1,8.67,0.0,0.5948,0.4052,8.1,1,1,"Jerusalem, Israel"
AB-2013-09-22,anthony-bourdain,1,0,1,city,2013-09-22,2013-09-27,2013,9,september,5,Madrid|Spain,Madrid,Spain,ES,MAD,JFK,Europe,Southern Europe,Delta Air Lines Inc.,First,,0,0,0,1,6.71,8.22,0.7462,0.2538,8.14,51,18,"Madrid, Spain"
AB-2013-09-29,anthony-bourdain,1,0,1,city,2013-09-29,2013-10-04,2013,9,september,5,Albuquerque|United States,Albuquerque,United States,US,ABQ,JFK,Americas,Northern America,JetBlue Airways,First,,0,0,0,1,0.0,0.0,0.6878,0.3122,7.83,1,1,"Albuquerque, United States"
AB-2013-10-06,anthony-bourdain,1,0,1,city,2013-10-06,2013-10-11,2013,10,october,5,Copenhagen|Denmark,Copenhagen,Denmark,DK,CPH,JFK,Europe,Northern Europe,Norwegian Air Shuttle ASA,First,,0,0,0,1,7.47,7.03,0.6366,0.3634,6.63,13,5,"Copenhagen, Denmark"
AB-2013-10-20,anthony-bourdain,1,0,1,city,2013-10-20,2013-10-25,2013,10,october,5,Johannesburg|South Africa,Johannesburg,South Africa,ZA,JNB,JFK,Africa,Southern Africa,United Air Lines Inc.,First,,0,0,0,1,4.58,0.0,0.6185,0.3815,7.5,1,1,"Johannesburg, South Africa"
AB-2013-11-03,anthony-bourdain,1,0,1,city,2013-11-03,2013-11-08,2013,11,november,5,Tokyo|Japan,Tokyo,Japan,JP,NRT,JFK,Asia,Eastern Asia,Delta Air Lines Inc.,First,,0,0,0,1,2.89,9.99,0.7993,0.2007,7.56,80,22,"Tokyo, Japan"
AB-2013-11-10,anthony-bourdain,1,0,1,city,2013-11-10,2013-11-15,2013,11,november,5,Detroit|United States,Detroit,United States,US,DTW,JFK,Americas,Northern America,Delta Air Lines Inc.,First,,0,0,0,1,0.0,0.0,0.8154,0.1846,7.07,15,4,"Detroit, United States"
AB-2014-04-13,anthony-bourdain,1,0,1,city,2014-04-13,2014-04-18,2014,4,april,5,Delhi|India,Delhi,India,IN,DEL,JFK,Asia,Southern Asia,Delta Air Lines Inc.,First,,0,0,0,1,5.78,0.0,0.5502,0.4498,6.96,1,1,"Delhi, India"
AB-2014-04-20,anthony-bourdain,1,0,1,city,2014-04-20,2014-04-25,2014,4,april,5,Las Vegas|United States,Las Vegas,United States,US,LAS,JFK,Americas,Northern America,Delta Air Lines Inc.,First,,0,0,0,1,0.0,0.0,0.8469,0.1531,8.2,39,15,"Las Vegas, United States"
AB-2014-05-04,anthony-bourdain,1,0,1,city,2014-05-04,2014-05-09,2014,5,may,5,Mexico City|Mexico,Mexico City,Mexico,MX,MEX,JFK,Americas,Central America,Delta Air Lines Inc.,First,,0,0,0,1,8.12,6.87,0.7046,0.2954,7.61,43,13,"Mexico City, Mexico"
AB-2014-05-11,anthony-bourdain,1,0,1,city,2014-05-11,2014-05-16,2014,5,may,5,Moscow|Russia,Moscow,Russia,RU,SVO,JFK,Europe,Eastern Europe,Delta Air Lines Inc.,First,,0,0,0,1,5.78,0.0,0.6033,0.3967,7.43,2,1,"Moscow, Russia"
AB-2014-05-18,anthony-bourdain,1,0,1,city,2014-05-18,2014-05-23,2014,5,may,5,Memphis|United States,Memphis,United States,US,MEM,LGA,Americas,Northern America,Delta Air Lines Inc.,First,,0,0,0,1,0.0,2.83,0.7148,0.2852,6.7,1,1,"Memphis, United States"
AB-2014-06-01,anthony-bourdain,1,0,1,city,2014-06-01,2014-06-06,2014,6,june,5,Chiang Mai|Thailand,Chiang Mai,Thailand,TH,CNX,JFK,Asia,South-eastern Asia,Airline Unknown,First,,0,0,0,1,0.0,6.25,0.3219,0.6781,6.56,2,1,"Chiang Mai, Thailand"
AB-2014-06-08,anthony-bourdain,1,0,1,city,2014-06-08,2014-06-13,2014,6,june,5,Sao Paulo|Brazil,Sao Paulo,Brazil,BR,GRU,JFK,Americas,South America,Delta Air Lines Inc.,First,,0,0,0,1,0.0,7.36,0.623,0.377,7.22,12,2,"Sao Paulo, Brazil"
AB-2014-09-28,anthony-bourdain,1,0,1,city,2014-09-28,2014-10-03,2014,9,september,5,Shanghai|China,Shanghai,China,CN,PVG,JFK,Asia,Eastern Asia,Delta Air Lines Inc.,First,,0,0,0,1,0.0,7.99,0.7618,0.2382,7.18,7,3,"Shanghai, China"
AB-2014-10-12,anthony-bourdain,1,0,1,city,2014-10-12,2014-10-17,2014,10,october,5,Asuncion|Paraguay,Asuncion,Paraguay,PY,ASU,JFK,Americas,South America,Airline Unknown,First,,0,0,0,1,0.0,0.0,0.4553,0.5447,7.14,1,1,"Asuncion, Paraguay"
AB-2014-10-19,anthony-bourdain,1,0,1,city,2014-10-19,2014-10-24,2014,10,october,5,Ho Chi Minh City|Vietnam,Ho Chi Minh City,Vietnam,VN,SGN,JFK,Asia,South-eastern Asia,Airline Unknown,First,beach_vacation,1,0,0,1,0.0,6.97,0.4598,0.5402,6.35,2,1,"Ho Chi Minh City, Vietnam"
AB-2014-10-26,anthony-bourdain,1,0,1,city,2014-10-26,2014-10-31,2014,10,october,5,Dar es Salaam|Tanzania,Dar es Salaam,Tanzania,TZ,DAR,JFK,Africa,Eastern Africa,Airline Unknown,First,,0,0,0,1,0.0,0.0,0.3207,0.6793,7.07,1,1,"Dar es Salaam, Tanzania"
AB-2014-11-02,anthony-bourdain,1,0,1,city,2014-11-02,2014-11-07,2014,11,november,5,Tehran|Iran,Tehran,Iran,IR,IKA,JFK,Asia,Southern Asia,Airline Unknown,First,,0,0,0,1,5.78,0.0,0.3492,0.6508,8.21,1,1,"Tehran, Iran"
AB-2014-11-09,anthony-bourdain,1,0,1,city,2014-11-09,2014-11-14,2014,11,november,5,Boston|United States,Boston,United States,US,BOS,JFK,Americas,Northern America,Delta Air Lines Inc.,First,,0,0,0,1,0.0,5.21,0.8383,0.1617,6.96,53,12,"Boston, United States"
AB-2014-11-16,anthony-bourdain,1,0,1,city,2014-11-16,2014-11-21,2014,11,november,5,Kingston|Jamaica,Kingston,Jamaica,JM,KIN,JFK,Americas,Caribbean,Delta Air Lines Inc.,First,beach_vacation,1,0,0,1,4.58,0.0,0.5713,0.4287,7.85,2,1,"Kingston, Jamaica"
AB-2015-04-26,anthony-bourdain,1,0,1,city,2015-04-26,2015-05-01,2015,4,april,5,Seoul|South Korea,Seoul,South Korea,KR,ICN,JFK,Asia,Eastern Asia,Delta Air Lines Inc.,First,,0,0,0,1,8.12,8.2,0.7671,0.2329,7.59,29,9,"Seoul, South Korea"
AB-2015-05-03,anthony-bourdain,1,0,1,city,2015-05-03,2015-05-08,2015,5,may,5,Miami|United States,Miami,United States,US,MIA,JFK,Americas,Northern America,Delta Air Lines Inc.,First,beach_vacation,1,0,0,1,0.0,6.68,0.9,0.1,7.68,57,13,"Miami, United States"
AB-2015-05-10,anthony-bourdain,1,0,1,city,2015-05-10,2015-05-15,2015,5,may,5,Edinburgh|United Kingdom,Edinburgh,United Kingdom,GB,EDI,JFK,Europe,Northern Europe,Delta Air Lines Inc.,First,,0,0,0,1,5.78,6.22,0.6479,0.3521,7.71,7,6,"Edinburgh, United Kingdom"
AB-2015-05-17,anthony-bourdain,1,0,1,city,2015-05-17,2015-05-22,2015,5,may,5,Antananarivo|Madagascar,Antananarivo,Madagascar,MG,TNR,JFK,Africa,Eastern Africa,Airline Unknown,First,,0,0,0,1,2.89,0.0,0.3661,0.6339,7.54,1,1,"Antananarivo, Madagascar"
AB-2015-06-07,anthony-bourdain,1,0,1,city,2015-06-07,2015-06-12,2015,6,june,5,Budapest|Hungary,Budapest,Hungary,HU,BUD,JFK,Europe,Eastern Europe,Polskie Linie Lotnicze,First,,0,0,0,1,2.89,5.91,0.5181,0.4819,8.37,1,1,"Budapest, Hungary"
AB-2015-06-14,anthony-bourdain,1,0,1,city,2015-06-14,2015-06-19,2015,6,june,5,Honolulu|United States,Honolulu,United States,US,HNL,JFK,Americas,Northern America,Hawaiian Airlines Inc.,First,beach_vacation,1,0,0,1,0.0,0.0,0.7157,0.2843,,16,5,"Honolulu, United States"
AB-2015-09-27,anthony-bourdain,1,0,1,city,2015-09-27,2015-10-02,2015,9,september,5,Havana|Cuba,Havana,Cuba,CU,HAV,JFK,Americas,Caribbean,JetBlue Airways,First,beach_vacation,1,0,0,1,2.89,0.0,0.5394,0.4606,6.82,4,3,"Havana, Cuba"
AB-2015-10-04,anthony-bourdain,1,0,1,city,2015-10-04,2015-10-09,2015,10,october,5,Nice|France,Nice,France,FR,NCE,JFK,Europe,Western Europe,Delta Air Lines Inc.,First,,0,0,0,1,4.58,7.7,0.5467,0.4533,7.68,9,7,"Nice, France"
AB-2015-10-18,anthony-bourdain,1,0,1,city,2015-10-18,2015-10-23,2015,10,october,5,San Francisco|United States,San Francisco,United States,US,SFO,JFK,Americas,Northern America,Delta Air Lines Inc.,First,,0,0,0,1,0.0,8.13,0.8552,0.1448,7.66,40,9,"San Francisco, United States"
AB-2015-10-25,anthony-bourdain,1,0,1,city,2015-10-25,2015-10-30,2015,10,october,5,Addis Ababa|Ethiopia,Addis Ababa,Ethiopia,ET,ADD,JFK,Africa,Eastern Africa,Airline Unknown,First,,0,0,0,1,2.89,0.0,0.4179,0.5821,7.95,1,1,"Addis Ababa, Ethiopia"
AB-2015-11-01,anthony-bourdain,1,0,1,city,2015-11-01,2015-11-06,2015,11,november,5,Kuching|Malaysia,Kuching,Malaysia,MY,KCH,JFK,Asia,South-eastern Asia,Airline Unknown,First,beach_vacation,1,0,0,1,0.0,0.0,0.2437,0.7563,,1,1,"Kuching, Malaysia"
AB-2015-11-08,anthony-bourdain,1,0,1,city,2015-11-08,2015-11-13,2015,11,november,5,Istanbul|Turkey,Istanbul,Turkey,TR,IST,JFK,Asia,Western Asia,Turk Hava Yollari A.O.,First,,0,0,0,1,2.89,7.05,0.5782,0.4218,7.43,2,1,"Istanbul, Turkey"
AB-2015-11-15,anthony-bourdain,1,0,1,city,2015-11-15,2015-11-20,2015,11,november,5,Charleston|United States,Charleston,United States,US,CHS,JFK,Americas,Northern America,Delta Air Lines Inc.,First,,0,0,0,1,0.0,4.28,0.6719,0.3281,7.79,12,3,"Charleston, United States"
AB-2016-04-24,anthony-bourdain,1,0,1,city,2016-04-24,2016-04-29,2016,4,april,5,Manila|Philippines,Manila,Philippines,PH,MNL,JFK,Asia,South-eastern Asia,Airline Unknown,First,beach_vacation,1,0,0,1,2.89,7.1,0.468,0.532,6.49,2,1,"Manila, Philippines"
AB-2016-05-01,anthony-bourdain,1,0,1,city,2016-05-01,2016-05-06,2016,5,may,5,Chicago|United States,Chicago,United States,US,ORD,JFK,Americas,Northern America,Delta Air Lines Inc.,First,,0,0,0,1,2.89,7.33,0.9501,0.0499,7.48,57,21,"Chicago, United States"
AB-2016-05-08,anthony-bourdain,1,0,1,city,2016-05-08,2016-05-13,2016,5,may,5,Athens|Greece,Athens,Greece,GR,ATH,JFK,Europe,Southern Europe,Delta Air Lines Inc.,First,beach_vacation,1,0,0,1,4.58,5.62,0.6151,0.3849,8.02,12,6,"Athens, Greece"
AB-2016-05-15,anthony-bourdain,1,0,1,city,2016-05-15,2016-05-20,2016,5,may,5,Livingston|United States,Livingston,United States,US,BZN,EWR,Americas,Northern America,United Air Lines Inc.,First,,0,0,0,0,,,,,,2,1,"Livingston, United States"
AB-2016-05-22,anthony-bourdain,1,0,1,city,2016-05-22,2016-05-27,2016,5,may,5,Tbilisi|Georgia,Tbilisi,Georgia,GE,TBS,JFK,Asia,Western Asia,Airline Unknown,First,,0,0,0,1,2.89,0.0,0.3141,0.6859,7.33,1,1,"Tbilisi, Georgia"
AB-2016-05-29,anthony-bourdain,1,0,1,city,2016-05-29,2016-06-03,2016,5,may,5,Dakar|Senegal,Dakar,Senegal,SN,DKR,JFK,Africa,Western Africa,Delta Air Lines Inc.,First,,0,0,0,1,2.89,0.0,0.5685,0.4315,7.89,1,1,"Dakar, Senegal"
AB-2016-06-05,anthony-bourdain,1,0,1,city,2016-06-05,2016-06-10,2016,6,june,5,Duesseldorf|Germany,Duesseldorf,Germany,DE,DUS,JFK,Europe,Western Europe,American Airlines Inc.,First,,0,0,0,1,6.71,7.29,0.7405,0.2595,7.66,1,1,"Duesseldorf, Germany"
AB-2016-09-25,anthony-bourdain,1,0,1,city,2016-09-25,2016-09-30,2016,9,september,5,Hanoi|Vietnam,Hanoi,Vietnam,VN,HAN,JFK,Asia,South-eastern Asia,Airline Unknown,First,,0,0,0,1,4.58,6.63,0.4484,0.5516,6.7,5,1,"Hanoi, Vietnam"
AB-2016-10-02,anthony-bourdain,1,0,1,city,2016-10-02,2016-10-07,2016,10,october,5,Nashville|United States,Nashville,United States,US,BNA,JFK,Americas,Northern America,Delta Air Lines Inc.,First,,0,0,0,1,0.0,4.96,0.7552,0.2448,7.42,14,3,"Nashville, United States"
AB-2016-10-23,anthony-bourdain,1,0,1,city,2016-10-23,2016-10-28,2016,10,october,5,London|United Kingdom,London,United Kingdom,GB,LHR,JFK,Europe,Northern Europe,Delta Air Lines Inc.,First,,0,0,0,1,6.71,9.54,0.8673,0.1327,6.98,135,33,"London, United Kingdom"
AB-2016-10-30,anthony-bourdain,1,0,1,city,2016-10-30,2016-11-04,2016,10,october,5,Houston|United States,Houston,United States,US,IAH,JFK,Americas,Northern America,Delta Air Lines Inc.,First,beach_vacation,1,0,0,1,0.0,6.02,0.8677,0.1323,7.64,55,7,"Houston, United States"
AB-2016-11-13,anthony-bourdain,1,0,1,city,2016-11-13,2016-11-18,2016,11,november,5,Tokyo|Japan,Tokyo,Japan,JP,NRT,JFK,Asia,Eastern Asia,Delta Air Lines Inc.,First,,0,0,0,1,2.89,9.99,0.7993,0.2007,7.56,80,22,"Tokyo, Japan"
AB-2016-11-20,anthony-bourdain,1,0,1,city,2016-11-20,2016-11-25,2016,11,november,5,Buenos Aires|Argentina,Buenos Aires,Argentina,AR,EZE,JFK,Americas,South America,American Airlines Inc.,First,,0,0,0,1,2.89,6.22,0.6639,0.3361,7.59,22,4,"Buenos Aires, Argentina"
AB-2016-11-27,anthony-bourdain,1,0,1,city,2016-11-27,2016-12-02,2016,11,november,5,Sao Paulo|Brazil,Sao Paulo,Brazil,BR,GRU,JFK,Americas,South America,Delta Air Lines Inc.,First,beach_vacation,1,0,0,1,0.0,7.36,0.623,0.377,7.06,12,2,"Sao Paulo, Brazil"
AB-2016-12-04,anthony-bourdain,1,0,1,city,2016-12-04,2016-12-09,2016,12,december,5,Rome|Italy,Rome,Italy,IT,FCO,JFK,Europe,Southern Europe,Delta Air Lines Inc.,First,,0,0,0,1,8.67,7.27,0.7587,0.2413,7.5,49,25,"Rome, Italy"
AB-2017-04-30,anthony-bourdain,1,0,1,city,2017-04-30,2017-05-05,2017,4,april,5,Los Angeles|United States,Los Angeles,United States,US,LAX,JFK,Americas,Northern America,Delta Air Lines Inc.,First,beach_vacation,1,0,0,1,2.89,8.2,0.9115,0.0885,8.3,44,11,"Los Angeles, United States"
AB-2017-05-07,anthony-bourdain,1,0,1,city,2017-05-07,2017-05-12,2017,5,may,5,Bilbao|Spain,Bilbao,Spain,ES,BIO,EWR,Europe,Southern Europe,United Air Lines Inc.,First,,0,0,0,1,5.78,6.02,0.4828,0.5172,7.27,4,3,"Bilbao, Spain"
AB-2017-05-14,anthony-bourdain,1,0,1,city,2017-05-14,2017-05-19,2017,5,may,5,Luang Prabang|Laos,Luang Prabang,Laos,LA,LPQ,JFK,Asia,South-eastern Asia,Airline Unknown,First,,0,0,0,0,,,,,,2,1,"Luang Prabang, Laos"
AB-2017-06-11,anthony-bourdain,1,0,1,city,2017-06-11,2017-06-16,2017,6,june,5,Muscat|Oman,Muscat,Oman,OM,MCT,JFK,Asia,Western Asia,Airline Unknown,First,beach_vacation,1,0,0,1,0.0,0.0,0.4355,0.5645,6.85,1,1,"Muscat, Oman"
AB-2017-06-25,anthony-bourdain,1,0,1,city,2017-06-25,2017-06-30,2017,6,june,5,Port of Spain|Trinidad and Tobago,Port of Spain,Trinidad and Tobago,TT,POS,JFK,Americas,Caribbean,JetBlue Airways,First,,0,0,0,0,,,,,,1,1,"Port of Spain, Trinidad and Tobago"
AB-2017-07-02,anthony-bourdain,1,0,1,city,2017-07-02,2017-07-07,2017,7,july,5,Porto|Portugal,Porto,Portugal,PT,OPO,EWR,Europe,Southern Europe,TAP-TAP Air Portugal,First,beach_vacation,1,0,0,1,5.78,6.34,0.5195,0.4805,8.27,6,4,"Porto, Portugal"
AB-2017-10-01,anthony-bourdain,1,0,1,city,2017-10-01,2017-10-06,2017,10,october,5,Singapore|Singapore,Singapore,Singapore,SG,SIN,JFK,Asia,South-eastern Asia,Singapore Airlines Ltd.,First,beach_vacation,1,0,0,1,2.89,9.04,0.6473,0.3527,7.09,4,2,"Singapore, Singapore"
AB-2017-10-08,anthony-bourdain,1,0,1,city,2017-10-08,2017-10-13,2017,10,october,5,Geneva|Switzerland,Geneva,Switzerland,CH,GVA,JFK,Europe,Western Europe,United Air Lines Inc.,First,,0,0,0,1,4.58,7.66,0.5954,0.4046,,2,2,"Geneva, Switzerland"
AB-2017-10-15,anthony-bourdain,1,0,1,city,2017-10-15,2017-10-20,2017,10,october,5,Lagos|Nigeria,Lagos,Nigeria,NG,LOS,JFK,Africa,Western Africa,Delta Air Lines Inc.,First,beach_vacation,1,0,0,1,0.0,0.0,0.4766,0.5234,6.61,1,1,"Lagos, Nigeria"
AB-2017-10-22,anthony-bourdain,1,0,1,city,2017-10-22,2017-10-27,2017,10,october,5,Pittsburgh|United States,Pittsburgh,United States,US,PIT,JFK,Americas,Northern America,Delta Air Lines Inc.,First,,0,0,0,1,0.0,0.0,0.7364,0.2636,7.34,33,7,"Pittsburgh, United States"
AB-2017-10-29,anthony-bourdain,1,0,1,city,2017-10-29,2017-11-03,2017,10,october,5,Colombo|Sri Lanka,Colombo,Sri Lanka,LK,CMB,JFK,Asia,Southern Asia,Airline Unknown,First,beach_vacation,1,0,0,1,0.0,0.0,0.4324,0.5676,6.39,2,1,"Colombo, Sri Lanka"
AB-2017-11-05,anthony-bourdain,1,0,1,city,2017-11-05,2017-11-10,2017,11,november,5,San Juan|Puerto Rico,San Juan,Puerto Rico,PR,SJU,JFK,Americas,Caribbean,Delta Air Lines Inc.,First,beach_vacation,1,0,0,1,2.89,0.0,0.7288,0.2712,7.32,22,5,"San Juan, Puerto Rico"
AB-2017-11-19,anthony-bourdain,1,0,1,city,2017-11-19,2017-11-24,2017,11,november,5,Seattle|United States,Seattle,United States,US,SEA,JFK,Americas,Northern America,Delta Air Lines Inc.,First,holiday_trip,0,0,1,1,0.0,0.0,0.839,0.161,6.25,38,8,"Seattle, United States"
AB-2017-11-26,anthony-bourdain,1,0,1,city,2017-11-26,2017-12-01,2017,11,november,5,Rome|Italy,Rome,Italy,IT,FCO,JFK,Europe,Southern Europe,Delta Air Lines Inc.,First,,0,0,0,1,8.67,7.27,0.7587,0.2413,7.42,49,25,"Rome, Italy"
AB-2018-04-29,anthony-bourdain,1,0,1,city,2018-04-29,2018-05-04,2018,4,april,5,Pittsburgh|United States,Pittsburgh,United States,US,PIT,JFK,Americas,Northern America,Delta Air Lines Inc.,First,,0,0,0,1,0.0,0.0,0.7364,0.2636,6.81,33,7,"Pittsburgh, United States"
AB-2018-05-06,anthony-bourdain,1,0,1,city,2018-05-06,2018-05-11,2018,5,may,5,Montevideo|Uruguay,Montevideo,Uruguay,UY,MVD,JFK,Americas,South America,Airline Unknown,First,,0,0,0,1,2.89,0.0,0.4744,0.5256,7.17,2,1,"Montevideo, Uruguay"
AB-2018-05-13,anthony-bourdain,1,0,1,city,2018-05-13,2018-05-18,2018,5,may,5,St. John's|Canada,St. John's,Canada,CA,YYT,EWR,Americas,Northern America,United Air Lines Inc.,First,,0,0,0,0,,,,,,1,1,"St. John's, Canada"
AB-2018-05-20,anthony-bourdain,1,0,1,city,2018-05-20,2018-05-25,2018,5,may,5,Yerevan|Armenia,Yerevan,Armenia,AM,EVN,JFK,Asia,Western Asia,Airline Unknown,First,,0,0,0,1,4.58,0.0,0.3193,0.6807,7.74,1,1,"Yerevan, Armenia"
AB-2018-06-03,anthony-bourdain,1,0,1,city,2018-06-03,2018-06-08,2018,6,june,5,Hong Kong|Hong Kong,Hong Kong,Hong Kong,HK,HKG,JFK,Asia,Eastern Asia,American Airlines Inc.,First,,0,0,0,1,0.0,8.53,0.7569,0.2431,6.1,5,3,"Hong Kong, Hong Kong"
AB-2018-06-10,anthony-bourdain,1,0,1,city,2018-06-10,2018-06-15,2018,6,june,5,Berlin|Germany,Berlin,Germany,DE,TXL,JFK,Europe,Western Europe,American Airlines Inc.,First,,0,0,0,1,6.71,6.95,0.6483,0.3517,7.47,6,5,"Berlin, Germany"
AB-2018-06-17,anthony-bourdain,1,0,1,city,2018-06-17,2018-06-22,2018,6,june,5,New Orleans|United States,New Orleans,United States,US,MSY,JFK,Americas,Northern America,Delta Air Lines Inc.,First,,0,0,0,1,0.0,5.48,0.808,0.192,7.12,38,6,"New Orleans, United States"
AB-2018-06-24,anthony-bourdain,1,0,1,city,2018-06-24,2018-06-29,2018,6,june,5,Paro|Bhutan,Paro,Bhutan,BT,PBH,JFK,Asia,Southern Asia,Airline Unknown,First,,0,0,0,0,,,,,,1,1,"Paro, Bhutan"
AB-2018-09-23,anthony-bourdain,1,0,1,city,2018-09-23,2018-09-28,2018,9,september,5,Nairobi|Kenya,Nairobi,Kenya,KE,NBO,JFK,Africa,Eastern Africa,Kenya Airways PLC,First,,0,0,0,1,0.0,0.0,0.4258,0.5742,7.83,1,1,"Nairobi, Kenya"
AB-2018-09-30,anthony-bourdain,1,0,1,city,2018-09-30,2018-10-05,2018,9,september,5,Madrid|Spain,Madrid,Spain,ES,MAD,JFK,Europe,Southern Europe,Delta Air Lines Inc.,First,,0,0,0,1,6.71,8.22,0.7462,0.2538,7.87,51,18,"Madrid, Spain"
AB-2018-10-07,anthony-bourdain,1,0,1,city,2018-10-07,2018-10-12,2018,10,october,5,Denpasar|Indonesia,Denpasar,Indonesia,ID,DPS,JFK,Asia,South-eastern Asia,Airline Unknown,First,beach_vacation,1,0,0,1,2.89,0.0,0.3416,0.6584,6.93,1,1,"Denpasar, Indonesia"
OPA-2021-01-13,aouda,1,0,1,city,2021-01-13,2021-01-20,2021,1,january,7,Lisbon|Portugal,Lisbon,Portugal,PT,LIS,BOS,Europe,Southern Europe,TAP-TAP Air Portugal,Economy,,0,0,0,1,5.78,6.42,0.6677,0.3323,6.62,48,16,"Lisbon, Portugal"
OPA-2021-03-03,aouda,1,0,1,city,2021-03-03,2021-03-10,2021,3,march,7,Barcelona|Spain,Barcelona,Spain,ES,BCN,BOS,Europe,Southern Europe,Iberia Air Lines Of Spain,Economy,,0,0,0,1,5.78,7.69,0.7358,0.2642,6.66,38,20,"Barcelona, Spain"
OPA-2021-04-28,aouda,1,0,1,city,2021-04-28,2021-05-05,2021,4,april,7,Dublin|Ireland,Dublin,Ireland,IE,DUB,BOS,Europe,Northern Europe,Delta Air Lines Inc.,Economy,,0,0,0,1,2.89,6.4,0.7288,0.2712,7.41,32,14,"Dublin, Ireland"
OPA-2021-08-25,aouda,1,0,1,city,2021-08-25,2021-08-30,2021,8,august,5,Orlando|United States,Orlando,United States,US,MCO,BOS,Americas,Northern America,JetBlue Airways,Economy,beach_vacation,1,0,0,1,0.0,6.53,0.8513,0.1487,6.84,158,26,"Orlando, United States"
OPA-2021-09-08,aouda,1,0,1,city,2021-09-08,2021-09-15,2021,9,september,7,Rome|Italy,Rome,Italy,IT,FCO,BOS,Europe,Southern Europe,Delta Air Lines Inc.,Economy,beach_vacation,1,0,0,1,8.67,7.27,0.7587,0.2413,7.89,49,25,"Rome, Italy"
OPA-2022-01-12,aouda,1,0,1,city,2022-01-12,2022-01-19,2022,1,january,7,Lisbon|Portugal,Lisbon,Portugal,PT,LIS,BOS,Europe,Southern Europe,TAP-TAP Air Portugal,Economy,,0,0,0,1,5.78,6.42,0.6677,0.3323,6.62,48,16,"Lisbon, Portugal"
OPA-2022-03-02,aouda,1,0,1,city,2022-03-02,2022-03-09,2022,3,march,7,Barcelona|Spain,Barcelona,Spain,ES,BCN,BOS,Europe,Southern Europe,Iberia Air Lines Of Spain,Economy,,0,0,0,1,5.78,7.69,0.7358,0.2642,6.66,38,20,"Barcelona, Spain"
OPA-2022-04-27,aouda,1,0,1,city,2022-04-27,2022-05-04,2022,4,april,7,Dublin|Ireland,Dublin,Ireland,IE,DUB,BOS,Europe,Northern Europe,Aer Lingus Plc,Economy,,0,0,0,1,2.89,6.4,0.7288,0.2712,7.35,32,14,"Dublin, Ireland"
OPA-2022-08-31,aouda,1,0,1,city,2022-08-31,2022-09-05,2022,8,august,5,Orlando|United States,Orlando,United States,US,MCO,BOS,Americas,Northern America,Delta Air Lines Inc.,Economy,beach_vacation,1,0,0,1,0.0,6.53,0.8513,0.1487,6.81,158,26,"Orlando, United States"
OPA-2022-09-14,aouda,1,0,1,city,2022-09-14,2022-09-21,2022,9,september,7,Rome|Italy,Rome,Italy,IT,FCO,BOS,Europe,Southern Europe,Delta Air Lines Inc.,Economy,beach_vacation,1,0,0,1,8.67,7.27,0.7587,0.2413,7.89,49,25,"Rome, Italy"
OPA-2023-01-11,aouda,1,0,1,city,2023-01-11,2023-01-18,2023,1,january,7,Lisbon|Portugal,Lisbon,Portugal,PT,LIS,BOS,Europe,Southern Europe,TAP-TAP Air Portugal,Economy,,0,0,0,1,5.78,6.42,0.6677,0.3323,6.62,48,16,"Lisbon, Portugal"
OPA-2023-03-01,aouda,1,0,1,city,2023-03-01,2023-03-08,2023,3,march,7,Barcelona|Spain,Barcelona,Spain,ES,BCN,BOS,Europe,Southern Europe,Iberia Air Lines Of Spain,Economy,,0,0,0,1,5.78,7.69,0.7358,0.2642,6.66,38,20,"Barcelona, Spain"
OPA-2023-04-26,aouda,1,0,1,city,2023-04-26,2023-05-03,2023,4,april,7,Dublin|Ireland,Dublin,Ireland,IE,DUB,BOS,Europe,Northern Europe,United Air Lines Inc.,Economy,,0,0,0,1,2.89,6.4,0.7288,0.2712,7.29,32,14,"Dublin, Ireland"
OPA-2023-08-30,aouda,1,0,1,city,2023-08-30,2023-09-04,2023,8,august,5,Orlando|United States,Orlando,United States,US,MCO,BOS,Americas,Northern America,Southwest Airlines Co.,Economy,beach_vacation,1,0,0,1,0.0,6.53,0.8513,0.1487,6.82,158,26,"Orlando, United States"
OPA-2023-09-13,aouda,1,0,1,city,2023-09-13,2023-09-20,2023,9,september,7,Rome|Italy,Rome,Italy,IT,FCO,BOS,Europe,Southern Europe,Delta Air Lines Inc.,Economy,beach_vacation,1,0,0,1,8.67,7.27,0.7587,0.2413,7.89,49,25,"Rome, Italy"
OPA-2024-01-10,aouda,1,0,1,city,2024-01-10,2024-01-17,2024,1,january,7,Lisbon|Portugal,Lisbon,Portugal,PT,LIS,BOS,Europe,Southern Europe,TAP-TAP Air Portugal,Economy,,0,0,0,1,5.78,6.42,0.6677,0.3323,6.62,48,16,"Lisbon, Portugal"
OPA-2024-03-06,aouda,1,0,1,city,2024-03-06,2024-03-13,2024,3,march,7,Barcelona|Spain,Barcelona,Spain,ES,BCN,BOS,Europe,Southern Europe,Iberia Air Lines Of Spain,Economy,,0,0,0,1,5.78,7.69,0.7358,0.2642,6.66,38,20,"Barcelona, Spain"
OPA-2024-04-24,aouda,1,0,1,city,2024-04-24,2024-05-01,2024,4,april,7,Dublin|Ireland,Dublin,Ireland,IE,DUB,BOS,Europe,Northern Europe,Delta Air Lines Inc.,Economy,,0,0,0,1,2.89,6.4,0.7288,0.2712,7.16,32,14,"Dublin, Ireland"
OPA-2024-08-28,aouda,1,0,1,city,2024-08-28,2024-09-02,2024,8,august,5,Orlando|United States,Orlando,United States,US,MCO,BOS,Americas,Northern America,JetBlue Airways,Economy,beach_vacation,1,0,0,1,0.0,6.53,0.8513,0.1487,6.83,158,26,"Orlando, United States"
OPA-2024-09-11,aouda,1,0,1,city,2024-09-11,2024-09-18,2024,9,september,7,Rome|Italy,Rome,Italy,IT,FCO,BOS,Europe,Southern Europe,Delta Air Lines Inc.,Economy,beach_vacation,1,0,0,1,8.67,7.27,0.7587,0.2413,7.89,49,25,"Rome, Italy"
OPA-2025-01-08,aouda,1,0,1,city,2025-01-08,2025-01-15,2025,1,january,7,Lisbon|Portugal,Lisbon,Portugal,PT,LIS,BOS,Europe,Southern Europe,TAP-TAP Air Portugal,Economy,,0,0,0,1,5.78,6.42,0.6677,0.3323,6.62,48,16,"Lisbon, Portugal"
OPA-2025-03-05,aouda,1,0,1,city,2025-03-05,2025-03-12,2025,3,march,7,Barcelona|Spain,Barcelona,Spain,ES,BCN,BOS,Europe,Southern Europe,Iberia Air Lines Of Spain,Economy,,0,0,0,1,5.78,7.69,0.7358,0.2642,6.66,38,20,"Barcelona, Spain"
OPA-2025-04-30,aouda,1,0,1,city,2025-04-30,2025-05-07,2025,4,april,7,Dublin|Ireland,Dublin,Ireland,IE,DUB,BOS,Europe,Northern Europe,Aer Lingus Plc,Economy,,0,0,0,1,2.89,6.4,0.7288,0.2712,7.54,32,14,"Dublin, Ireland"
OPA-2025-08-27,aouda,1,0,1,city,2025-08-27,2025-09-01,2025,8,august,5,Orlando|United States,Orlando,United States,US,MCO,BOS,Americas,Northern America,Delta Air Lines Inc.,Economy,beach_vacation,1,0,0,1,0.0,6.53,0.8513,0.1487,6.83,158,26,"Orlando, United States"
OPA-2025-09-10,aouda,1,0,1,city,2025-09-10,2025-09-17,2025,9,september,7,Rome|Italy,Rome,Italy,IT,FCO,BOS,Europe,Southern Europe,Delta Air Lines Inc.,Economy,beach_vacation,1,0,0,1,8.67,7.27,0.7587,0.2413,7.89,49,25,"Rome, Italy"
APH-2017-04-07,aphrodite,1,0,1,city,2017-04-07,2017-04-14,2017,4,april,7,San Jose del Cabo|Mexico,San Jose del Cabo,Mexico,MX,SJD,SAN,Americas,Central America,Alaska Airlines Inc.,Economy,beach_vacation,1,0,0,1,2.89,4.48,0.5778,0.4222,,69,12,"San Jose del Cabo, Mexico"
APH-2017-07-15,aphrodite,1,0,1,city,2017-07-15,2017-07-20,2017,7,july,5,Denver|United States,Denver,United States,US,DEN,SAN,Americas,Northern America,United Air Lines Inc.,Economy,,0,0,0,1,0.0,5.91,0.8445,0.1555,7.97,105,24,"Denver, United States"
APH-2017-11-22,aphrodite,1,0,1,city,2017-11-22,2017-11-29,2017,11,november,7,London|United Kingdom,London,United Kingdom,GB,LHR,SAN,Europe,Northern Europe,British Airways Plc,Economy,,0,0,0,1,6.71,9.54,0.8673,0.1327,6.55,135,33,"London, United Kingdom"
APH-2018-04-11,aphrodite,1,0,1,city,2018-04-11,2018-04-16,2018,4,april,5,Seattle|United States,Seattle,United States,US,SEA,SAN,Americas,Northern America,Delta Air Lines Inc.,Economy,,0,0,0,1,0.0,0.0,0.839,0.161,7.38,38,8,"Seattle, United States"
APH-2018-07-18,aphrodite,1,0,1,city,2018-07-18,2018-07-24,2018,7,july,6,Puerto Vallarta|Mexico,Puerto Vallarta,Mexico,MX,PVR,SAN,Americas,Central America,Alaska Airlines Inc.,Economy,beach_vacation,1,0,0,1,2.89,1.74,0.5511,0.4489,,36,8,"Puerto Vallarta, Mexico"
APH-2018-11-04,aphrodite,1,0,1,city,2018-11-04,2018-11-09,2018,11,november,5,New York City|United States,New York City,United States,US,JFK,SAN,Americas,Northern America,Alaska Airlines Inc.,Economy,,0,0,0,1,4.58,9.36,0.95,0.05,7.0,24,4,"New York City, United States"
APH-2019-04-07,aphrodite,1,0,1,city,2019-04-07,2019-04-14,2019,4,april,7,San Jose del Cabo|Mexico,San Jose del Cabo,Mexico,MX,SJD,SAN,Americas,Central America,Southwest Airlines Co.,Economy,beach_vacation,1,0,0,1,2.89,4.48,0.5778,0.4222,,69,12,"San Jose del Cabo, Mexico"
APH-2019-07-15,aphrodite,1,0,1,city,2019-07-15,2019-07-20,2019,7,july,5,Denver|United States,Denver,United States,US,DEN,SAN,Americas,Northern America,Frontier Airlines Inc.,Economy,,0,0,0,1,0.0,5.91,0.8445,0.1555,7.97,105,24,"Denver, United States"
APH-2019-11-22,aphrodite,1,0,1,city,2019-11-22,2019-11-29,2019,11,november,7,London|United Kingdom,London,United Kingdom,GB,LHR,SAN,Europe,Northern Europe,British Airways Plc,Economy,,0,0,0,1,6.71,9.54,0.8673,0.1327,6.55,135,33,"London, United Kingdom"
APH-2020-04-11,aphrodite,1,0,1,city,2020-04-11,2020-04-16,2020,4,april,5,Seattle|United States,Seattle,United States,US,SEA,SAN,Americas,Northern America,Alaska Airlines Inc.,Economy,,0,0,0,1,0.0,0.0,0.839,0.161,7.38,38,8,"Seattle, United States"
APH-2020-07-18,aphrodite,1,0,1,city,2020-07-18,2020-07-24,2020,7,july,6,Puerto Vallarta|Mexico,Puerto Vallarta,Mexico,MX,PVR,SAN,Americas,Central America,Alaska Airlines Inc.,Economy,beach_vacation,1,0,0,1,2.89,1.74,0.5511,0.4489,,36,8,"Puerto Vallarta, Mexico"
APH-2020-11-04,aphrodite,1,0,1,city,2020-11-04,2020-11-09,2020,11,november,5,New York City|United States,New York City,United States,US,JFK,SAN,Americas,Northern America,Delta Air Lines Inc.,Economy,,0,0,0,1,4.58,9.36,0.95,0.05,7.0,24,4,"New York City, United States"
APH-2021-04-07,aphrodite,1,0,1,city,2021-04-07,2021-04-14,2021,4,april,7,San Jose del Cabo|Mexico,San Jose del Cabo,Mexico,MX,SJD,SAN,Americas,Central America,Alaska Airlines Inc.,Economy,beach_vacation,1,0,0,1,2.89,4.48,0.5778,0.4222,,69,12,"San Jose del Cabo, Mexico"
APH-2021-07-15,aphrodite,1,0,1,city,2021-07-15,2021-07-20,2021,7,july,5,Denver|United States,Denver,United States,US,DEN,SAN,Americas,Northern America,Alaska Airlines Inc.,Economy,,0,0,0,1,0.0,5.91,0.8445,0.1555,7.97,105,24,"Denver, United States"
APH-2021-11-22,aphrodite,1,0,1,city,2021-11-22,2021-11-29,2021,11,november,7,London|United Kingdom,London,United Kingdom,GB,LHR,SAN,Europe,Northern Europe,British Airways Plc,Economy,,0,0,0,1,6.71,9.54,0.8673,0.1327,6.55,135,33,"London, United Kingdom"
APH-2022-04-11,aphrodite,1,0,1,city,2022-04-11,2022-04-16,2022,4,april,5,Seattle|United States,Seattle,United States,US,SEA,SAN,Americas,Northern America,Southwest Airlines Co.,Economy,,0,0,0,1,0.0,0.0,0.839,0.161,7.38,38,8,"Seattle, United States"
APH-2022-07-18,aphrodite,1,0,1,city,2022-07-18,2022-07-24,2022,7,july,6,Puerto Vallarta|Mexico,Puerto Vallarta,Mexico,MX,PVR,SAN,Americas,Central America,Alaska Airlines Inc.,Economy,beach_vacation,1,0,0,1,2.89,1.74,0.5511,0.4489,,36,8,"Puerto Vallarta, Mexico"
APH-2022-11-04,aphrodite,1,0,1,city,2022-11-04,2022-11-09,2022,11,november,5,New York City|United States,New York City,United States,US,JFK,SAN,Americas,Northern America,JetBlue Airways,Economy,,0,0,0,1,4.58,9.36,0.95,0.05,7.0,24,4,"New York City, United States"
APH-2023-04-07,aphrodite,1,0,1,city,2023-04-07,2023-04-14,2023,4,april,7,San Jose del Cabo|Mexico,San Jose del Cabo,Mexico,MX,SJD,SAN,Americas,Central America,Southwest Airlines Co.,Economy,beach_vacation,1,0,0,1,2.89,4.48,0.5778,0.4222,,69,12,"San Jose del Cabo, Mexico"
APH-2023-07-15,aphrodite,1,0,1,city,2023-07-15,2023-07-20,2023,7,july,5,Denver|United States,Denver,United States,US,DEN,SAN,Americas,Northern America,Southwest Airlines Co.,Economy,,0,0,0,1,0.0,5.91,0.8445,0.1555,7.97,105,24,"Denver, United States"
APH-2023-11-22,aphrodite,1,0,1,city,2023-11-22,2023-11-29,2023,11,november,7,London|United Kingdom,London,United Kingdom,GB,LHR,SAN,Europe,Northern Europe,British Airways Plc,Economy,,0,0,0,1,6.71,9.54,0.8673,0.1327,6.55,135,33,"London, United Kingdom"
APH-2024-04-11,aphrodite,1,0,1,city,2024-04-11,2024-04-16,2024,4,april,5,Seattle|United States,Seattle,United States,US,SEA,SAN,Americas,Northern America,Delta Air Lines Inc.,Economy,,0,0,0,1,0.0,0.0,0.839,0.161,7.38,38,8,"Seattle, United States"
APH-2024-07-18,aphrodite,1,0,1,city,2024-07-18,2024-07-24,2024,7,july,6,Puerto Vallarta|Mexico,Puerto Vallarta,Mexico,MX,PVR,SAN,Americas,Central America,Alaska Airlines Inc.,Economy,beach_vacation,1,0,0,1,2.89,1.74,0.5511,0.4489,,36,8,"Puerto Vallarta, Mexico"
APH-2024-11-04,aphrodite,1,0,1,city,2024-11-04,2024-11-09,2024,11,november,5,New York City|United States,New York City,United States,US,JFK,SAN,Americas,Northern America,Alaska Airlines Inc.,Economy,,0,0,0,1,4.58,9.36,0.95,0.05,7.0,24,4,"New York City, United States"
APH-2025-04-07,aphrodite,1,0,1,city,2025-04-07,2025-04-14,2025,4,april,7,San Jose del Cabo|Mexico,San Jose del Cabo,Mexico,MX,SJD,SAN,Americas,Central America,Alaska Airlines Inc.,Economy,beach_vacation,1,0,0,1,2.89,4.48,0.5778,0.4222,,69,12,"San Jose del Cabo, Mexico"
APH-2025-07-15,aphrodite,1,0,1,city,2025-07-15,2025-07-20,2025,7,july,5,Denver|United States,Denver,United States,US,DEN,SAN,Americas,Northern America,SkyWest Airlines Inc.,Economy,,0,0,0,1,0.0,5.91,0.8445,0.1555,7.97,105,24,"Denver, United States"
APH-2025-11-22,aphrodite,1,0,1,city,2025-11-22,2025-11-29,2025,11,november,7,London|United Kingdom,London,United Kingdom,GB,LHR,SAN,Europe,Northern Europe,British Airways Plc,Economy,,0,0,0,1,6.71,9.54,0.8673,0.1327,6.55,135,33,"London, United Kingdom"
APO-2017-03-07,apollo,1,0,1,city,2017-03-07,2017-03-19,2017,3,march,12,Tokyo|Japan,Tokyo,Japan,JP,HND,LAX,Asia,Eastern Asia,American Airlines Inc.,Economy,,0,0,0,1,2.89,9.99,0.7993,0.2007,6.78,80,22,"Tokyo, Japan"
APO-2017-06-15,apollo,1,0,1,city,2017-06-15,2017-06-19,2017,6,june,4,Las Vegas|United States,Las Vegas,United States,US,LAS,LAX,Americas,Northern America,Delta Air Lines Inc.,Economy,,0,0,0,1,0.0,0.0,0.8469,0.1531,7.1,39,15,"Las Vegas, United States"
APO-2017-10-22,apollo,1,0,1,city,2017-10-22,2017-10-27,2017,10,october,5,Guadalajara|Mexico,Guadalajara,Mexico,MX,GDL,LAX,Americas,Central America,Concesionaria Vuela Compania De Aviacion SA de CV (Volaris),Economy,,0,0,0,1,4.58,3.79,0.6149,0.3851,7.77,58,10,"Guadalajara, Mexico"
APO-2018-03-11,apollo,1,0,1,city,2018-03-11,2018-03-16,2018,3,march,5,Seattle|United States,Seattle,United States,US,SEA,LAX,Americas,Northern America,Alaska Airlines Inc.,Economy,,0,0,0,1,0.0,0.0,0.839,0.161,6.28,38,8,"Seattle, United States"
APO-2018-06-18,apollo,1,0,1,city,2018-06-18,2018-07-02,2018,6,june,14,Sydney|Australia,Sydney,Australia,AU,SYD,LAX,Oceania,Australia and New Zealand,Qantas Airways Ltd.,Economy,,0,0,0,1,4.58,0.0,0.6762,0.3238,7.66,40,14,"Sydney, Australia"
APO-2018-10-04,apollo,1,0,1,city,2018-10-04,2018-10-09,2018,10,october,5,Denver|United States,Denver,United States,US,DEN,LAX,Americas,Northern America,United Air Lines Inc.,Economy,,0,0,0,1,0.0,5.91,0.8445,0.1555,7.75,105,24,"Denver, United States"
APO-2019-03-07,apollo,1,0,1,city,2019-03-07,2019-03-19,2019,3,march,12,Tokyo|Japan,Tokyo,Japan,JP,HND,LAX,Asia,Eastern Asia,All Nippon Airways Co.,Economy,,0,0,0,1,2.89,9.99,0.7993,0.2007,6.78,80,22,"Tokyo, Japan"
APO-2019-06-15,apollo,1,0,1,city,2019-06-15,2019-06-19,2019,6,june,4,Las Vegas|United States,Las Vegas,United States,US,LAS,LAX,Americas,Northern America,United Air Lines Inc.,Economy,,0,0,0,1,0.0,0.0,0.8469,0.1531,7.1,39,15,"Las Vegas, United States"
APO-2019-10-22,apollo,1,0,1,city,2019-10-22,2019-10-27,2019,10,october,5,Guadalajara|Mexico,Guadalajara,Mexico,MX,GDL,LAX,Americas,Central America,"Aeroenlaces Nacionales, S.A. de C.V. d/b/a VivaAerobus",Economy,,0,0,0,1,4.58,3.79,0.6149,0.3851,7.77,58,10,"Guadalajara, Mexico"
APO-2020-03-11,apollo,1,0,1,city,2020-03-11,2020-03-16,2020,3,march,5,Seattle|United States,Seattle,United States,US,SEA,LAX,Americas,Northern America,Delta Air Lines Inc.,Economy,,0,0,0,1,0.0,0.0,0.839,0.161,6.28,38,8,"Seattle, United States"
APO-2020-06-18,apollo,1,0,1,city,2020-06-18,2020-07-02,2020,6,june,14,Sydney|Australia,Sydney,Australia,AU,SYD,LAX,Oceania,Australia and New Zealand,Delta Air Lines Inc.,Economy,,0,0,0,1,4.58,0.0,0.6762,0.3238,7.66,40,14,"Sydney, Australia"
APO-2020-10-04,apollo,1,0,1,city,2020-10-04,2020-10-09,2020,10,october,5,Denver|United States,Denver,United States,US,DEN,LAX,Americas,Northern America,Frontier Airlines Inc.,Economy,,0,0,0,1,0.0,5.91,0.8445,0.1555,7.75,105,24,"Denver, United States"
APO-2021-03-07,apollo,1,0,1,city,2021-03-07,2021-03-19,2021,3,march,12,Tokyo|Japan,Tokyo,Japan,JP,HND,LAX,Asia,Eastern Asia,United Air Lines Inc.,Economy,,0,0,0,1,2.89,9.99,0.7993,0.2007,6.78,80,22,"Tokyo, Japan"
APO-2021-06-15,apollo,1,0,1,city,2021-06-15,2021-06-19,2021,6,june,4,Las Vegas|United States,Las Vegas,United States,US,LAS,LAX,Americas,Northern America,American Airlines Inc.,Economy,,0,0,0,1,0.0,0.0,0.8469,0.1531,7.1,39,15,"Las Vegas, United States"
APO-2021-10-22,apollo,1,0,1,city,2021-10-22,2021-10-27,2021,10,october,5,Guadalajara|Mexico,Guadalajara,Mexico,MX,GDL,LAX,Americas,Central America,Alaska Airlines Inc.,Economy,,0,0,0,1,4.58,3.79,0.6149,0.3851,7.77,58,10,"Guadalajara, Mexico"
APO-2022-03-11,apollo,1,0,1,city,2022-03-11,2022-03-16,2022,3,march,5,Seattle|United States,Seattle,United States,US,SEA,LAX,Americas,Northern America,Frontier Airlines Inc.,Economy,,0,0,0,1,0.0,0.0,0.839,0.161,6.28,38,8,"Seattle, United States"
APO-2022-06-18,apollo,1,0,1,city,2022-06-18,2022-07-02,2022,6,june,14,Sydney|Australia,Sydney,Australia,AU,SYD,LAX,Oceania,Australia and New Zealand,American Airlines Inc.,Economy,,0,0,0,1,4.58,0.0,0.6762,0.3238,7.66,40,14,"Sydney, Australia"
APO-2022-10-04,apollo,1,0,1,city,2022-10-04,2022-10-09,2022,10,october,5,Denver|United States,Denver,United States,US,DEN,LAX,Americas,Northern America,Southwest Airlines Co.,Economy,,0,0,0,1,0.0,5.91,0.8445,0.1555,7.75,105,24,"Denver, United States"
APO-2023-03-07,apollo,1,0,1,city,2023-03-07,2023-03-19,2023,3,march,12,Tokyo|Japan,Tokyo,Japan,JP,HND,LAX,Asia,Eastern Asia,Delta Air Lines Inc.,Economy,,0,0,0,1,2.89,9.99,0.7993,0.2007,6.78,80,22,"Tokyo, Japan"
APO-2023-06-15,apollo,1,0,1,city,2023-06-15,2023-06-19,2023,6,june,4,Las Vegas|United States,Las Vegas,United States,US,LAS,LAX,Americas,Northern America,Frontier Airlines Inc.,Economy,,0,0,0,1,0.0,0.0,0.8469,0.1531,7.1,39,15,"Las Vegas, United States"
APO-2023-10-22,apollo,1,0,1,city,2023-10-22,2023-10-27,2023,10,october,5,Guadalajara|Mexico,Guadalajara,Mexico,MX,GDL,LAX,Americas,Central America,Aeromexico,Economy,,0,0,0,1,4.58,3.79,0.6149,0.3851,7.77,58,10,"Guadalajara, Mexico"
APO-2024-03-11,apollo,1,0,1,city,2024-03-11,2024-03-16,2024,3,march,5,Seattle|United States,Seattle,United States,US,SEA,LAX,Americas,Northern America,SkyWest Airlines Inc.,Economy,,0,0,0,1,0.0,0.0,0.839,0.161,6.28,38,8,"Seattle, United States"
APO-2024-06-18,apollo,1,0,1,city,2024-06-18,2024-07-02,2024,6,june,14,Sydney|Australia,Sydney,Australia,AU,SYD,LAX,Oceania,Australia and New Zealand,United Air Lines Inc.,Economy,,0,0,0,1,4.58,0.0,0.6762,0.3238,7.66,40,14,"Sydney, Australia"
APO-2024-10-04,apollo,1,0,1,city,2024-10-04,2024-10-09,2024,10,october,5,Denver|United States,Denver,United States,US,DEN,LAX,Americas,Northern America,SkyWest Airlines Inc.,Economy,,0,0,0,1,0.0,5.91,0.8445,0.1555,7.75,105,24,"Denver, United States"
APO-2025-03-07,apollo,1,0,1,city,2025-03-07,2025-03-19,2025,3,march,12,Tokyo|Japan,Tokyo,Japan,JP,HND,LAX,Asia,Eastern Asia,Japan Air Lines Co. Ltd.,Economy,,0,0,0,1,2.89,9.99,0.7993,0.2007,6.78,80,22,"Tokyo, Japan"
APO-2025-06-15,apollo,1,0,1,city,2025-06-15,2025-06-19,2025,6,june,4,Las Vegas|United States,Las Vegas,United States,US,LAS,LAX,Americas,Northern America,Southwest Airlines Co.,Economy,,0,0,0,1,0.0,0.0,0.8469,0.1531,7.1,39,15,"Las Vegas, United States"
APO-2025-10-22,apollo,1,0,1,city,2025-10-22,2025-10-27,2025,10,october,5,Guadalajara|Mexico,Guadalajara,Mexico,MX,GDL,LAX,Americas,Central America,Concesionaria Vuela Compania De Aviacion SA de CV (Volaris),Economy,,0,0,0,1,4.58,3.79,0.6149,0.3851,7.77,58,10,"Guadalajara, Mexico"
ARE-2019-02-07,ares,1,0,1,city,2019-02-07,2019-02-12,2019,2,february,5,Mexico City|Mexico,Mexico City,Mexico,MX,MEX,SAT,Americas,Central America,Aeromexico,Economy,,0,0,0,1,8.12,6.87,0.7046,0.2954,7.99,43,13,"Mexico City, Mexico"
ARE-2019-07-15,ares,1,0,1,city,2019-07-15,2019-07-20,2019,7,july,5,Denver|United States,Denver,United States,US,DEN,SAT,Americas,Northern America,United Air Lines Inc.,Economy,,0,0,0,1,0.0,5.91,0.8445,0.1555,7.97,105,24,"Denver, United States"
ARE-2019-10-22,ares,1,0,1,city,2019-10-22,2019-10-26,2019,10,october,4,Monterrey|Mexico,Monterrey,Mexico,MX,MTY,SAT,Americas,Central America,"Aeroenlaces Nacionales, S.A. de C.V. d/b/a VivaAerobus",Economy,,0,0,0,1,0.0,3.79,0.5562,0.4438,7.86,11,4,"Monterrey, Mexico"
ARE-2020-02-11,ares,1,0,1,city,2020-02-11,2020-02-15,2020,2,february,4,Las Vegas|United States,Las Vegas,United States,US,LAS,SAT,Americas,Northern America,Frontier Airlines Inc.,Economy,,0,0,0,1,0.0,0.0,0.8469,0.1531,7.94,39,15,"Las Vegas, United States"
ARE-2020-07-18,ares,1,0,1,city,2020-07-18,2020-07-25,2020,7,july,7,Cancun|Mexico,Cancun,Mexico,MX,CUN,SAT,Americas,Central America,Sun Country Airlines d/b/a MN Airlines,Economy,beach_vacation,1,0,0,1,0.0,2.83,0.6899,0.3101,7.2,173,36,"Cancun, Mexico"
ARE-2020-10-04,ares,1,0,1,city,2020-10-04,2020-10-08,2020,10,october,4,Chicago|United States,Chicago,United States,US,ORD,SAT,Americas,Northern America,United Air Lines Inc.,Economy,,0,0,0,1,2.89,7.33,0.9501,0.0499,7.49,57,21,"Chicago, United States"
ARE-2021-02-07,ares,1,0,1,city,2021-02-07,2021-02-12,2021,2,february,5,Mexico City|Mexico,Mexico City,Mexico,MX,MEX,SAT,Americas,Central America,"Aeroenlaces Nacionales, S.A. de C.V. d/b/a VivaAerobus",Economy,,0,0,0,1,8.12,6.87,0.7046,0.2954,7.99,43,13,"Mexico City, Mexico"
ARE-2021-07-15,ares,1,0,1,city,2021-07-15,2021-07-20,2021,7,july,5,Denver|United States,Denver,United States,US,DEN,SAT,Americas,Northern America,Frontier Airlines Inc.,Economy,,0,0,0,1,0.0,5.91,0.8445,0.1555,7.97,105,24,"Denver, United States"
ARE-2021-10-22,ares,1,0,1,city,2021-10-22,2021-10-26,2021,10,october,4,Monterrey|Mexico,Monterrey,Mexico,MX,MTY,SAT,Americas,Central America,"Aeroenlaces Nacionales, S.A. de C.V. d/b/a VivaAerobus",Economy,,0,0,0,1,0.0,3.79,0.5562,0.4438,7.86,11,4,"Monterrey, Mexico"
ARE-2022-02-11,ares,1,0,1,city,2022-02-11,2022-02-15,2022,2,february,4,Las Vegas|United States,Las Vegas,United States,US,LAS,SAT,Americas,Northern America,Southwest Airlines Co.,Economy,,0,0,0,1,0.0,0.0,0.8469,0.1531,7.94,39,15,"Las Vegas, United States"
ARE-2022-07-18,ares,1,0,1,city,2022-07-18,2022-07-25,2022,7,july,7,Cancun|Mexico,Cancun,Mexico,MX,CUN,SAT,Americas,Central America,Sun Country Airlines d/b/a MN Airlines,Economy,beach_vacation,1,0,0,1,0.0,2.83,0.6899,0.3101,7.2,173,36,"Cancun, Mexico"
ARE-2022-10-04,ares,1,0,1,city,2022-10-04,2022-10-08,2022,10,october,4,Chicago|United States,Chicago,United States,US,ORD,SAT,Americas,Northern America,American Airlines Inc.,Economy,,0,0,0,1,2.89,7.33,0.9501,0.0499,7.49,57,21,"Chicago, United States"
ARE-2023-02-07,ares,1,0,1,city,2023-02-07,2023-02-12,2023,2,february,5,Mexico City|Mexico,Mexico City,Mexico,MX,MEX,SAT,Americas,Central America,Concesionaria Vuela Compania De Aviacion SA de CV (Volaris),Economy,,0,0,0,1,8.12,6.87,0.7046,0.2954,7.99,43,13,"Mexico City, Mexico"
ARE-2023-07-15,ares,1,0,1,city,2023-07-15,2023-07-20,2023,7,july,5,Denver|United States,Denver,United States,US,DEN,SAT,Americas,Northern America,Southwest Airlines Co.,Economy,,0,0,0,1,0.0,5.91,0.8445,0.1555,7.97,105,24,"Denver, United States"
ARE-2023-10-22,ares,1,0,1,city,2023-10-22,2023-10-26,2023,10,october,4,Monterrey|Mexico,Monterrey,Mexico,MX,MTY,SAT,Americas,Central America,"Aeroenlaces Nacionales, S.A. de C.V. d/b/a VivaAerobus",Economy,,0,0,0,1,0.0,3.79,0.5562,0.4438,7.86,11,4,"Monterrey, Mexico"
ARE-2024-02-11,ares,1,0,1,city,2024-02-11,2024-02-15,2024,2,february,4,Las Vegas|United States,Las Vegas,United States,US,LAS,SAT,Americas,Northern America,Frontier Airlines Inc.,Economy,,0,0,0,1,0.0,0.0,0.8469,0.1531,7.94,39,15,"Las Vegas, United States"
ARE-2024-07-18,ares,1,0,1,city,2024-07-18,2024-07-25,2024,7,july,7,Cancun|Mexico,Cancun,Mexico,MX,CUN,SAT,Americas,Central America,Sun Country Airlines d/b/a MN Airlines,Economy,beach_vacation,1,0,0,1,0.0,2.83,0.6899,0.3101,7.2,173,36,"Cancun, Mexico"
ARE-2024-10-04,ares,1,0,1,city,2024-10-04,2024-10-08,2024,10,october,4,Chicago|United States,Chicago,United States,US,ORD,SAT,Americas,Northern America,Envoy Air,Economy,,0,0,0,1,2.89,7.33,0.9501,0.0499,7.49,57,21,"Chicago, United States"
ARE-2025-02-07,ares,1,0,1,city,2025-02-07,2025-02-12,2025,2,february,5,Mexico City|Mexico,Mexico City,Mexico,MX,MEX,SAT,Americas,Central America,Aeromexico,Economy,,0,0,0,1,8.12,6.87,0.7046,0.2954,7.99,43,13,"Mexico City, Mexico"
ARE-2025-07-15,ares,1,0,1,city,2025-07-15,2025-07-20,2025,7,july,5,Denver|United States,Denver,United States,US,DEN,SAT,Americas,Northern America,United Air Lines Inc.,Economy,,0,0,0,1,0.0,5.91,0.8445,0.1555,7.97,105,24,"Denver, United States"
ARE-2025-10-22,ares,1,0,1,city,2025-10-22,2025-10-26,2025,10,october,4,Monterrey|Mexico,Monterrey,Mexico,MX,MTY,SAT,Americas,Central America,"Aeroenlaces Nacionales, S.A. de C.V. d/b/a VivaAerobus",Economy,,0,0,0,1,0.0,3.79,0.5562,0.4438,7.86,11,4,"Monterrey, Mexico"
ART-2018-03-07,artemis,1,0,1,city,2018-03-07,2018-03-14,2018,3,march,7,Cancun|Mexico,Cancun,Mexico,MX,CUN,MDW,Americas,Central America,Southwest Airlines Co.,Economy,beach_vacation,1,0,0,1,0.0,2.83,0.6899,0.3101,7.62,173,36,"Cancun, Mexico"
ART-2018-07-15,artemis,1,0,1,city,2018-07-15,2018-07-18,2018,7,july,3,Atlanta|United States,Atlanta,United States,US,ATL,MDW,Americas,Northern America,Delta Air Lines Inc.,Economy,,0,0,0,1,0.0,6.55,0.9297,0.0703,7.57,42,15,"Atlanta, United States"
ART-2018-11-22,artemis,1,0,1,city,2018-11-22,2018-11-27,2018,11,november,5,Phoenix|United States,Phoenix,United States,US,PHX,MDW,Americas,Northern America,Southwest Airlines Co.,Economy,holiday_trip,0,0,1,1,2.89,0.0,0.8296,0.1704,7.71,48,12,"Phoenix, United States"
ART-2019-03-11,artemis,1,0,1,city,2019-03-11,2019-03-16,2019,3,march,5,Guadalajara|Mexico,Guadalajara,Mexico,MX,GDL,MDW,Americas,Central America,Concesionaria Vuela Compania De Aviacion SA de CV (Volaris),Economy,,0,0,0,1,4.58,3.79,0.6149,0.3851,8.22,58,10,"Guadalajara, Mexico"
ART-2019-07-18,artemis,1,0,1,city,2019-07-18,2019-07-22,2019,7,july,4,Las Vegas|United States,Las Vegas,United States,US,LAS,MDW,Americas,Northern America,Southwest Airlines Co.,Economy,,0,0,0,1,0.0,0.0,0.8469,0.1531,7.09,39,15,"Las Vegas, United States"
ART-2019-11-04,artemis,1,0,1,city,2019-11-04,2019-11-10,2019,11,november,6,Orlando|United States,Orlando,United States,US,MCO,MDW,Americas,Northern America,Southwest Airlines Co.,Economy,beach_vacation,1,0,0,1,0.0,6.53,0.8513,0.1487,7.96,158,26,"Orlando, United States"
ART-2020-03-07,artemis,1,0,1,city,2020-03-07,2020-03-14,2020,3,march,7,Cancun|Mexico,Cancun,Mexico,MX,CUN,MDW,Americas,Central America,Southwest Airlines Co.,Economy,beach_vacation,1,0,0,1,0.0,2.83,0.6899,0.3101,7.62,173,36,"Cancun, Mexico"
ART-2020-07-15,artemis,1,0,1,city,2020-07-15,2020-07-18,2020,7,july,3,Atlanta|United States,Atlanta,United States,US,ATL,MDW,Americas,Northern America,Southwest Airlines Co.,Economy,,0,0,0,1,0.0,6.55,0.9297,0.0703,7.57,42,15,"Atlanta, United States"
ART-2020-11-22,artemis,1,0,1,city,2020-11-22,2020-11-27,2020,11,november,5,Phoenix|United States,Phoenix,United States,US,PHX,MDW,Americas,Northern America,Frontier Airlines Inc.,Economy,holiday_trip,0,0,1,1,2.89,0.0,0.8296,0.1704,7.71,48,12,"Phoenix, United States"
ART-2021-03-11,artemis,1,0,1,city,2021-03-11,2021-03-16,2021,3,march,5,Guadalajara|Mexico,Guadalajara,Mexico,MX,GDL,MDW,Americas,Central America,Concesionaria Vuela Compania De Aviacion SA de CV (Volaris),Economy,,0,0,0,1,4.58,3.79,0.6149,0.3851,8.22,58,10,"Guadalajara, Mexico"
ART-2021-07-18,artemis,1,0,1,city,2021-07-18,2021-07-22,2021,7,july,4,Las Vegas|United States,Las Vegas,United States,US,LAS,MDW,Americas,Northern America,Southwest Airlines Co.,Economy,,0,0,0,1,0.0,0.0,0.8469,0.1531,7.09,39,15,"Las Vegas, United States"
ART-2021-11-04,artemis,1,0,1,city,2021-11-04,2021-11-10,2021,11,november,6,Orlando|United States,Orlando,United States,US,MCO,MDW,Americas,Northern America,Frontier Airlines Inc.,Economy,beach_vacation,1,0,0,1,0.0,6.53,0.8513,0.1487,7.96,158,26,"Orlando, United States"
ART-2022-03-07,artemis,1,0,1,city,2022-03-07,2022-03-14,2022,3,march,7,Cancun|Mexico,Cancun,Mexico,MX,CUN,MDW,Americas,Central America,Southwest Airlines Co.,Economy,beach_vacation,1,0,0,1,0.0,2.83,0.6899,0.3101,7.62,173,36,"Cancun, Mexico"
ART-2022-07-15,artemis,1,0,1,city,2022-07-15,2022-07-18,2022,7,july,3,Atlanta|United States,Atlanta,United States,US,ATL,MDW,Americas,Northern America,Frontier Airlines Inc.,Economy,,0,0,0,1,0.0,6.55,0.9297,0.0703,7.57,42,15,"Atlanta, United States"
ART-2022-11-22,artemis,1,0,1,city,2022-11-22,2022-11-27,2022,11,november,5,Phoenix|United States,Phoenix,United States,US,PHX,MDW,Americas,Northern America,Southwest Airlines Co.,Economy,holiday_trip,0,0,1,1,2.89,0.0,0.8296,0.1704,7.71,48,12,"Phoenix, United States"
ART-2023-03-11,artemis,1,0,1,city,2023-03-11,2023-03-16,2023,3,march,5,Guadalajara|Mexico,Guadalajara,Mexico,MX,GDL,MDW,Americas,Central America,Concesionaria Vuela Compania De Aviacion SA de CV (Volaris),Economy,,0,0,0,1,4.58,3.79,0.6149,0.3851,8.22,58,10,"Guadalajara, Mexico"
ART-2023-07-18,artemis,1,0,1,city,2023-07-18,2023-07-22,2023,7,july,4,Las Vegas|United States,Las Vegas,United States,US,LAS,MDW,Americas,Northern America,Southwest Airlines Co.,Economy,,0,0,0,1,0.0,0.0,0.8469,0.1531,7.09,39,15,"Las Vegas, United States"
ART-2023-11-04,artemis,1,0,1,city,2023-11-04,2023-11-10,2023,11,november,6,Orlando|United States,Orlando,United States,US,MCO,MDW,Americas,Northern America,Southwest Airlines Co.,Economy,beach_vacation,1,0,0,1,0.0,6.53,0.8513,0.1487,7.96,158,26,"Orlando, United States"
ART-2024-03-07,artemis,1,0,1,city,2024-03-07,2024-03-14,2024,3,march,7,Cancun|Mexico,Cancun,Mexico,MX,CUN,MDW,Americas,Central America,Southwest Airlines Co.,Economy,beach_vacation,1,0,0,1,0.0,2.83,0.6899,0.3101,7.62,173,36,"Cancun, Mexico"
ART-2024-07-15,artemis,1,0,1,city,2024-07-15,2024-07-18,2024,7,july,3,Atlanta|United States,Atlanta,United States,US,ATL,MDW,Americas,Northern America,Delta Air Lines Inc.,Economy,,0,0,0,1,0.0,6.55,0.9297,0.0703,7.57,42,15,"Atlanta, United States"
ART-2024-11-22,artemis,1,0,1,city,2024-11-22,2024-11-27,2024,11,november,5,Phoenix|United States,Phoenix,United States,US,PHX,MDW,Americas,Northern America,Frontier Airlines Inc.,Economy,,0,0,0,1,2.89,0.0,0.8296,0.1704,7.71,48,12,"Phoenix, United States"
ART-2025-03-11,artemis,1,0,1,city,2025-03-11,2025-03-16,2025,3,march,5,Guadalajara|Mexico,Guadalajara,Mexico,MX,GDL,MDW,Americas,Central America,Concesionaria Vuela Compania De Aviacion SA de CV (Volaris),Economy,,0,0,0,1,4.58,3.79,0.6149,0.3851,8.22,58,10,"Guadalajara, Mexico"
ART-2025-07-18,artemis,1,0,1,city,2025-07-18,2025-07-22,2025,7,july,4,Las Vegas|United States,Las Vegas,United States,US,LAS,MDW,Americas,Northern America,Southwest Airlines Co.,Economy,,0,0,0,1,0.0,0.0,0.8469,0.1531,7.09,39,15,"Las Vegas, United States"
ART-2025-11-04,artemis,1,0,1,city,2025-11-04,2025-11-10,2025,11,november,6,Orlando|United States,Orlando,United States,US,MCO,MDW,Americas,Northern America,Frontier Airlines Inc.,Economy,beach_vacation,1,0,0,1,0.0,6.53,0.8513,0.1487,7.96,158,26,"Orlando, United States"
WAK-2021-12-22,arthur-kipps,1,0,1,city,2021-12-22,2021-12-27,2021,12,december,5,Raleigh-durham|United States,Raleigh-durham,United States,US,RDU,EWR,Americas,Northern America,United Air Lines Inc.,Economy,holiday_trip,0,0,1,0,,,,,,10,2,"Raleigh-durham, United States"
WAK-2022-12-22,arthur-kipps,1,0,1,city,2022-12-22,2022-12-27,2022,12,december,5,Raleigh-durham|United States,Raleigh-durham,United States,US,RDU,EWR,Americas,Northern America,United Air Lines Inc.,Economy,holiday_trip,0,0,1,0,,,,,,10,2,"Raleigh-durham, United States"
WAK-2023-12-22,arthur-kipps,1,0,1,city,2023-12-22,2023-12-27,2023,12,december,5,Raleigh-durham|United States,Raleigh-durham,United States,US,RDU,EWR,Americas,Northern America,United Air Lines Inc.,Economy,holiday_trip,0,0,1,0,,,,,,10,2,"Raleigh-durham, United States"
WAK-2024-12-22,arthur-kipps,1,0,1,city,2024-12-22,2024-12-27,2024,12,december,5,Raleigh-durham|United States,Raleigh-durham,United States,US,RDU,EWR,Americas,Northern America,United Air Lines Inc.,Economy,holiday_trip,0,0,1,0,,,,,,10,2,"Raleigh-durham, United States"
WAK-2025-12-22,arthur-kipps,1,0,1,city,2025-12-22,2025-12-27,2025,12,december,5,Raleigh-durham|United States,Raleigh-durham,United States,US,RDU,EWR,Americas,Northern America,United Air Lines Inc.,Economy,holiday_trip,0,0,1,0,,,,,,10,2,"Raleigh-durham, United States"
MT-2022-09-05,arthur-yap,1,0,0,region,2022-09-05,2022-09-12,2022,9,september,7,Phuket|Thailand,Phuket,Thailand,TH,,,Asia,South-eastern Asia,,Economy,,0,0,0,1,0.0,6.63,0.3376,0.6624,,3,3,Phuket
ATH-2016-04-07,athena,1,0,1,city,2016-04-07,2016-04-14,2016,4,april,7,London|United Kingdom,London,United Kingdom,GB,LHR,PHL,Europe,Northern Europe,American Airlines Inc.,Economy,,0,0,0,1,6.71,9.54,0.8673,0.1327,8.03,135,33,"London, United Kingdom"
ATH-2016-08-15,athena,1,0,1,city,2016-08-15,2016-08-21,2016,8,august,6,Orlando|United States,Orlando,United States,US,MCO,PHL,Americas,Northern America,American Airlines Inc.,Economy,beach_vacation,1,0,0,1,0.0,6.53,0.8513,0.1487,6.84,158,26,"Orlando, United States"
ATH-2016-12-22,athena,1,0,1,city,2016-12-22,2016-12-29,2016,12,december,7,Dublin|Ireland,Dublin,Ireland,IE,DUB,PHL,Europe,Northern Europe,American Airlines Inc.,Economy,holiday_trip,0,0,1,1,2.89,6.4,0.7288,0.2712,6.22,32,14,"Dublin, Ireland"
ATH-2017-04-11,athena,1,0,1,city,2017-04-11,2017-04-16,2017,4,april,5,Denver|United States,Denver,United States,US,DEN,PHL,Americas,Northern America,United Air Lines Inc.,Economy,ski_trip,0,1,0,1,0.0,5.91,0.8445,0.1555,7.64,105,24,"Denver, United States"
ATH-2017-08-18,athena,1,0,1,city,2017-08-18,2017-08-25,2017,8,august,7,Cancun|Mexico,Cancun,Mexico,MX,CUN,PHL,Americas,Central America,American Airlines Inc.,Economy,beach_vacation,1,0,0,1,0.0,2.83,0.6899,0.3101,6.97,173,36,"Cancun, Mexico"
ATH-2017-12-04,athena,1,0,1,city,2017-12-04,2017-12-09,2017,12,december,5,Tampa|United States,Tampa,United States,US,TPA,PHL,Americas,Northern America,American Airlines Inc.,Economy,beach_vacation,1,0,0,1,0.0,5.67,0.8098,0.1902,7.65,33,3,"Tampa, United States"
ATH-2018-04-07,athena,1,0,1,city,2018-04-07,2018-04-14,2018,4,april,7,London|United Kingdom,London,United Kingdom,GB,LHR,PHL,Europe,Northern Europe,British Airways Plc,Economy,,0,0,0,1,6.71,9.54,0.8673,0.1327,8.03,135,33,"London, United Kingdom"
ATH-2018-08-15,athena,1,0,1,city,2018-08-15,2018-08-21,2018,8,august,6,Orlando|United States,Orlando,United States,US,MCO,PHL,Americas,Northern America,Frontier Airlines Inc.,Economy,beach_vacation,1,0,0,1,0.0,6.53,0.8513,0.1487,6.84,158,26,"Orlando, United States"
ATH-2018-12-22,athena,1,0,1,city,2018-12-22,2018-12-29,2018,12,december,7,Dublin|Ireland,Dublin,Ireland,IE,DUB,PHL,Europe,Northern Europe,Aer Lingus Plc,Economy,holiday_trip,0,0,1,1,2.89,6.4,0.7288,0.2712,6.22,32,14,"Dublin, Ireland"
ATH-2019-04-11,athena,1,0,1,city,2019-04-11,2019-04-16,2019,4,april,5,Denver|United States,Denver,United States,US,DEN,PHL,Americas,Northern America,American Airlines Inc.,Economy,ski_trip,0,1,0,1,0.0,5.91,0.8445,0.1555,7.64,105,24,"Denver, United States"
ATH-2019-08-18,athena,1,0,1,city,2019-08-18,2019-08-25,2019,8,august,7,Cancun|Mexico,Cancun,Mexico,MX,CUN,PHL,Americas,Central America,Frontier Airlines Inc.,Economy,beach_vacation,1,0,0,1,0.0,2.83,0.6899,0.3101,6.97,173,36,"Cancun, Mexico"
ATH-2019-12-04,athena,1,0,1,city,2019-12-04,2019-12-09,2019,12,december,5,Tampa|United States,Tampa,United States,US,TPA,PHL,Americas,Northern America,Frontier Airlines Inc.,Economy,beach_vacation,1,0,0,1,0.0,5.67,0.8098,0.1902,7.65,33,3,"Tampa, United States"
ATH-2020-04-07,athena,1,0,1,city,2020-04-07,2020-04-14,2020,4,april,7,London|United Kingdom,London,United Kingdom,GB,LHR,PHL,Europe,Northern Europe,American Airlines Inc.,Economy,,0,0,0,1,6.71,9.54,0.8673,0.1327,8.03,135,33,"London, United Kingdom"
ATH-2020-08-15,athena,1,0,1,city,2020-08-15,2020-08-21,2020,8,august,6,Orlando|United States,Orlando,United States,US,MCO,PHL,Americas,Northern America,Southwest Airlines Co.,Economy,beach_vacation,1,0,0,1,0.0,6.53,0.8513,0.1487,6.84,158,26,"Orlando, United States"
ATH-2020-12-22,athena,1,0,1,city,2020-12-22,2020-12-29,2020,12,december,7,Dublin|Ireland,Dublin,Ireland,IE,DUB,PHL,Europe,Northern Europe,American Airlines Inc.,Economy,holiday_trip,0,0,1,1,2.89,6.4,0.7288,0.2712,6.22,32,14,"Dublin, Ireland"
ATH-2021-04-11,athena,1,0,1,city,2021-04-11,2021-04-16,2021,4,april,5,Denver|United States,Denver,United States,US,DEN,PHL,Americas,Northern America,Frontier Airlines Inc.,Economy,ski_trip,0,1,0,1,0.0,5.91,0.8445,0.1555,7.64,105,24,"Denver, United States"
ATH-2021-08-18,athena,1,0,1,city,2021-08-18,2021-08-25,2021,8,august,7,Cancun|Mexico,Cancun,Mexico,MX,CUN,PHL,Americas,Central America,American Airlines Inc.,Economy,beach_vacation,1,0,0,1,0.0,2.83,0.6899,0.3101,6.97,173,36,"Cancun, Mexico"
ATH-2021-12-04,athena,1,0,1,city,2021-12-04,2021-12-09,2021,12,december,5,Tampa|United States,Tampa,United States,US,TPA,PHL,Americas,Northern America,Southwest Airlines Co.,Economy,beach_vacation,1,0,0,1,0.0,5.67,0.8098,0.1902,7.65,33,3,"Tampa, United States"
ATH-2022-04-07,athena,1,0,1,city,2022-04-07,2022-04-14,2022,4,april,7,London|United Kingdom,London,United Kingdom,GB,LHR,PHL,Europe,Northern Europe,British Airways Plc,Economy,,0,0,0,1,6.71,9.54,0.8673,0.1327,8.03,135,33,"London, United Kingdom"
ATH-2022-08-15,athena,1,0,1,city,2022-08-15,2022-08-21,2022,8,august,6,Orlando|United States,Orlando,United States,US,MCO,PHL,Americas,Northern America,Spirit Air Lines,Economy,beach_vacation,1,0,0,1,0.0,6.53,0.8513,0.1487,6.84,158,26,"Orlando, United States"
ATH-2022-12-22,athena,1,0,1,city,2022-12-22,2022-12-29,2022,12,december,7,Dublin|Ireland,Dublin,Ireland,IE,DUB,PHL,Europe,Northern Europe,Aer Lingus Plc,Economy,holiday_trip,0,0,1,1,2.89,6.4,0.7288,0.2712,6.22,32,14,"Dublin, Ireland"
ATH-2023-04-11,athena,1,0,1,city,2023-04-11,2023-04-16,2023,4,april,5,Denver|United States,Denver,United States,US,DEN,PHL,Americas,Northern America,Southwest Airlines Co.,Economy,ski_trip,0,1,0,1,0.0,5.91,0.8445,0.1555,7.64,105,24,"Denver, United States"
ATH-2023-08-18,athena,1,0,1,city,2023-08-18,2023-08-25,2023,8,august,7,Cancun|Mexico,Cancun,Mexico,MX,CUN,PHL,Americas,Central America,Frontier Airlines Inc.,Economy,beach_vacation,1,0,0,1,0.0,2.83,0.6899,0.3101,6.97,173,36,"Cancun, Mexico"
ATH-2023-12-04,athena,1,0,1,city,2023-12-04,2023-12-09,2023,12,december,5,Tampa|United States,Tampa,United States,US,TPA,PHL,Americas,Northern America,American Airlines Inc.,Economy,beach_vacation,1,0,0,1,0.0,5.67,0.8098,0.1902,7.65,33,3,"Tampa, United States"
ATH-2024-04-07,athena,1,0,1,city,2024-04-07,2024-04-14,2024,4,april,7,London|United Kingdom,London,United Kingdom,GB,LHR,PHL,Europe,Northern Europe,American Airlines Inc.,Economy,,0,0,0,1,6.71,9.54,0.8673,0.1327,8.03,135,33,"London, United Kingdom"
ATH-2024-08-15,athena,1,0,1,city,2024-08-15,2024-08-21,2024,8,august,6,Orlando|United States,Orlando,United States,US,MCO,PHL,Americas,Northern America,American Airlines Inc.,Economy,beach_vacation,1,0,0,1,0.0,6.53,0.8513,0.1487,6.84,158,26,"Orlando, United States"
ATH-2024-12-22,athena,1,0,1,city,2024-12-22,2024-12-29,2024,12,december,7,Dublin|Ireland,Dublin,Ireland,IE,DUB,PHL,Europe,Northern Europe,American Airlines Inc.,Economy,holiday_trip,0,0,1,1,2.89,6.4,0.7288,0.2712,6.22,32,14,"Dublin, Ireland"
ATH-2025-04-11,athena,1,0,1,city,2025-04-11,2025-04-16,2025,4,april,5,Denver|United States,Denver,United States,US,DEN,PHL,Americas,Northern America,United Air Lines Inc.,Economy,ski_trip,0,1,0,1,0.0,5.91,0.8445,0.1555,7.64,105,24,"Denver, United States"
ATH-2025-08-18,athena,1,0,1,city,2025-08-18,2025-08-25,2025,8,august,7,Cancun|Mexico,Cancun,Mexico,MX,CUN,PHL,Americas,Central America,American Airlines Inc.,Economy,beach_vacation,1,0,0,1,0.0,2.83,0.6899,0.3101,6.97,173,36,"Cancun, Mexico"
ATH-2025-12-04,athena,1,0,1,city,2025-12-04,2025-12-09,2025,12,december,5,Tampa|United States,Tampa,United States,US,TPA,PHL,Americas,Northern America,Frontier Airlines Inc.,Economy,beach_vacation,1,0,0,1,0.0,5.67,0.8098,0.1902,7.65,33,3,"Tampa, United States"
ATS-2018-02-07,atlas,1,0,1,city,2018-02-07,2018-02-14,2018,2,february,7,San Jose del Cabo|Mexico,San Jose del Cabo,Mexico,MX,SJD,SJC,Americas,Central America,Alaska Airlines Inc.,Economy,beach_vacation,1,0,0,1,2.89,4.48,0.5778,0.4222,,69,12,"San Jose del Cabo, Mexico"
ATS-2018-06-15,atlas,1,0,1,city,2018-06-15,2018-06-20,2018,6,june,5,Phoenix|United States,Phoenix,United States,US,PHX,SJC,Americas,Northern America,American Airlines Inc.,Economy,,0,0,0,1,2.89,0.0,0.8296,0.1704,7.03,48,12,"Phoenix, United States"
ATS-2018-10-22,atlas,1,0,1,city,2018-10-22,2018-10-26,2018,10,october,4,Leon|Mexico,Leon,Mexico,MX,BJX,SJC,Americas,Central America,Concesionaria Vuela Compania De Aviacion SA de CV (Volaris),Economy,,0,0,0,0,,,,,,4,1,"Leon, Mexico"
ATS-2019-02-11,atlas,1,0,1,city,2019-02-11,2019-02-15,2019,2,february,4,Chicago|United States,Chicago,United States,US,ORD,SJC,Americas,Northern America,United Air Lines Inc.,Economy,,0,0,0,1,2.89,7.33,0.9501,0.0499,5.91,57,21,"Chicago, United States"
ATS-2019-06-18,atlas,1,0,1,city,2019-06-18,2019-06-27,2019,6,june,9,Honolulu|United States,Honolulu,United States,US,HNL,SJC,Americas,Northern America,Alaska Airlines Inc.,Economy,beach_vacation,1,0,0,1,0.0,0.0,0.7157,0.2843,,16,5,"Honolulu, United States"
ATS-2019-10-04,atlas,1,0,1,city,2019-10-04,2019-10-08,2019,10,october,4,Las Vegas|United States,Las Vegas,United States,US,LAS,SJC,Americas,Northern America,Frontier Airlines Inc.,Economy,,0,0,0,1,0.0,0.0,0.8469,0.1531,8.03,39,15,"Las Vegas, United States"
ATS-2020-02-07,atlas,1,0,1,city,2020-02-07,2020-02-14,2020,2,february,7,San Jose del Cabo|Mexico,San Jose del Cabo,Mexico,MX,SJD,SJC,Americas,Central America,Alaska Airlines Inc.,Economy,beach_vacation,1,0,0,1,2.89,4.48,0.5778,0.4222,,69,12,"San Jose del Cabo, Mexico"
ATS-2020-06-15,atlas,1,0,1,city,2020-06-15,2020-06-20,2020,6,june,5,Phoenix|United States,Phoenix,United States,US,PHX,SJC,Americas,Northern America,Southwest Airlines Co.,Economy,,0,0,0,1,2.89,0.0,0.8296,0.1704,7.03,48,12,"Phoenix, United States"
ATS-2020-10-22,atlas,1,0,1,city,2020-10-22,2020-10-26,2020,10,october,4,Leon|Mexico,Leon,Mexico,MX,BJX,SJC,Americas,Central America,Concesionaria Vuela Compania De Aviacion SA de CV (Volaris),Economy,,0,0,0,0,,,,,,4,1,"Leon, Mexico"
ATS-2021-02-11,atlas,1,0,1,city,2021-02-11,2021-02-15,2021,2,february,4,Chicago|United States,Chicago,United States,US,ORD,SJC,Americas,Northern America,United Air Lines Inc.,Economy,,0,0,0,1,2.89,7.33,0.9501,0.0499,5.91,57,21,"Chicago, United States"
ATS-2021-06-18,atlas,1,0,1,city,2021-06-18,2021-06-27,2021,6,june,9,Honolulu|United States,Honolulu,United States,US,HNL,SJC,Americas,Northern America,Southwest Airlines Co.,Economy,beach_vacation,1,0,0,1,0.0,0.0,0.7157,0.2843,,16,5,"Honolulu, United States"
ATS-2021-10-04,atlas,1,0,1,city,2021-10-04,2021-10-08,2021,10,october,4,Las Vegas|United States,Las Vegas,United States,US,LAS,SJC,Americas,Northern America,Southwest Airlines Co.,Economy,,0,0,0,1,0.0,0.0,0.8469,0.1531,8.03,39,15,"Las Vegas, United States"
ATS-2022-02-07,atlas,1,0,1,city,2022-02-07,2022-02-14,2022,2,february,7,San Jose del Cabo|Mexico,San Jose del Cabo,Mexico,MX,SJD,SJC,Americas,Central America,Alaska Airlines Inc.,Economy,beach_vacation,1,0,0,1,2.89,4.48,0.5778,0.4222,,69,12,"San Jose del Cabo, Mexico"
ATS-2022-06-15,atlas,1,0,1,city,2022-06-15,2022-06-20,2022,6,june,5,Phoenix|United States,Phoenix,United States,US,PHX,SJC,Americas,Northern America,SkyWest Airlines Inc.,Economy,,0,0,0,1,2.89,0.0,0.8296,0.1704,7.03,48,12,"Phoenix, United States"
ATS-2022-10-22,atlas,1,0,1,city,2022-10-22,2022-10-26,2022,10,october,4,Leon|Mexico,Leon,Mexico,MX,BJX,SJC,Americas,Central America,Concesionaria Vuela Compania De Aviacion SA de CV (Volaris),Economy,,0,0,0,0,,,,,,4,1,"Leon, Mexico"
ATS-2023-02-11,atlas,1,0,1,city,2023-02-11,2023-02-15,2023,2,february,4,Chicago|United States,Chicago,United States,US,ORD,SJC,Americas,Northern America,United Air Lines Inc.,Economy,,0,0,0,1,2.89,7.33,0.9501,0.0499,5.91,57,21,"Chicago, United States"
ATS-2023-06-18,atlas,1,0,1,city,2023-06-18,2023-06-27,2023,6,june,9,Honolulu|United States,Honolulu,United States,US,HNL,SJC,Americas,Northern America,Alaska Airlines Inc.,Economy,beach_vacation,1,0,0,1,0.0,0.0,0.7157,0.2843,,16,5,"Honolulu, United States"
ATS-2023-10-04,atlas,1,0,1,city,2023-10-04,2023-10-08,2023,10,october,4,Las Vegas|United States,Las Vegas,United States,US,LAS,SJC,Americas,Northern America,Frontier Airlines Inc.,Economy,,0,0,0,1,0.0,0.0,0.8469,0.1531,8.03,39,15,"Las Vegas, United States"
ATS-2024-02-07,atlas,1,0,1,city,2024-02-07,2024-02-14,2024,2,february,7,San Jose del Cabo|Mexico,San Jose del Cabo,Mexico,MX,SJD,SJC,Americas,Central America,Alaska Airlines Inc.,Economy,beach_vacation,1,0,0,1,2.89,4.48,0.5778,0.4222,,69,12,"San Jose del Cabo, Mexico"
ATS-2024-06-15,atlas,1,0,1,city,2024-06-15,2024-06-20,2024,6,june,5,Phoenix|United States,Phoenix,United States,US,PHX,SJC,Americas,Northern America,American Airlines Inc.,Economy,,0,0,0,1,2.89,0.0,0.8296,0.1704,7.03,48,12,"Phoenix, United States"
ATS-2024-10-22,atlas,1,0,1,city,2024-10-22,2024-10-26,2024,10,october,4,Leon|Mexico,Leon,Mexico,MX,BJX,SJC,Americas,Central America,Concesionaria Vuela Compania De Aviacion SA de CV (Volaris),Economy,,0,0,0,0,,,,,,4,1,"Leon, Mexico"
ATS-2025-02-11,atlas,1,0,1,city,2025-02-11,2025-02-15,2025,2,february,4,Chicago|United States,Chicago,United States,US,ORD,SJC,Americas,Northern America,United Air Lines Inc.,Economy,,0,0,0,1,2.89,7.33,0.9501,0.0499,5.91,57,21,"Chicago, United States"
ATS-2025-06-18,atlas,1,0,1,city,2025-06-18,2025-06-27,2025,6,june,9,Honolulu|United States,Honolulu,United States,US,HNL,SJC,Americas,Northern America,Southwest Airlines Co.,Economy,beach_vacation,1,0,0,1,0.0,0.0,0.7157,0.2843,,16,5,"Honolulu, United States"
ATS-2025-10-04,atlas,1,0,1,city,2025-10-04,2025-10-08,2025,10,october,4,Las Vegas|United States,Las Vegas,United States,US,LAS,SJC,Americas,Northern America,Southwest Airlines Co.,Economy,,0,0,0,1,0.0,0.0,0.8469,0.1531,8.03,39,15,"Las Vegas, United States"
MW1-2023-05-08,ba-jin,1,0,0,city,2023-05-08,2023-05-14,2023,5,may,6,New York|United States,New York,United States,US,,,Americas,Northern America,,Economy,,0,0,0,1,4.58,9.36,0.95,0.05,6.89,69,13,New York
BE-2016-04-09,bill-evans,1,0,1,city,2016-04-09,2016-04-19,2016,4,april,10,Amsterdam|Netherlands,Amsterdam,Netherlands,NL,AMS,DTW,Europe,Western Europe,Delta Air Lines Inc.,Economy,,0,0,0,1,7.47,8.19,0.7822,0.2178,7.86,50,16,"Amsterdam, Netherlands"
BE-2017-04-08,bill-evans,1,0,1,city,2017-04-08,2017-04-18,2017,4,april,10,Amsterdam|Netherlands,Amsterdam,Netherlands,NL,AMS,DTW,Europe,Western Europe,Delta Air Lines Inc.,Economy,,0,0,0,1,7.47,8.19,0.7822,0.2178,7.86,50,16,"Amsterdam, Netherlands"
BE-2018-04-14,bill-evans,1,0,1,city,2018-04-14,2018-04-24,2018,4,april,10,Amsterdam|Netherlands,Amsterdam,Netherlands,NL,AMS,DTW,Europe,Western Europe,Delta Air Lines Inc.,Economy,,0,0,0,1,7.47,8.19,0.7822,0.2178,7.86,50,16,"Amsterdam, Netherlands"
BE-2019-04-13,bill-evans,1,0,1,city,2019-04-13,2019-04-23,2019,4,april,10,Amsterdam|Netherlands,Amsterdam,Netherlands,NL,AMS,DTW,Europe,Western Europe,Delta Air Lines Inc.,Economy,,0,0,0,1,7.47,8.19,0.7822,0.2178,7.86,50,16,"Amsterdam, Netherlands"
BE-2020-04-11,bill-evans,1,0,1,city,2020-04-11,2020-04-21,2020,4,april,10,Amsterdam|Netherlands,Amsterdam,Netherlands,NL,AMS,DTW,Europe,Western Europe,Delta Air Lines Inc.,Economy,,0,0,0,1,7.47,8.19,0.7822,0.2178,7.86,50,16,"Amsterdam, Netherlands"
BE-2021-04-10,bill-evans,1,0,1,city,2021-04-10,2021-04-20,2021,4,april,10,Amsterdam|Netherlands,Amsterdam,Netherlands,NL,AMS,DTW,Europe,Western Europe,Delta Air Lines Inc.,Economy,,0,0,0,1,7.47,8.19,0.7822,0.2178,7.86,50,16,"Amsterdam, Netherlands"
BE-2022-04-09,bill-evans,1,0,1,city,2022-04-09,2022-04-19,2022,4,april,10,Amsterdam|Netherlands,Amsterdam,Netherlands,NL,AMS,DTW,Europe,Western Europe,Delta Air Lines Inc.,Economy,,0,0,0,1,7.47,8.19,0.7822,0.2178,7.86,50,16,"Amsterdam, Netherlands"
BE-2023-04-08,bill-evans,1,0,1,city,2023-04-08,2023-04-18,2023,4,april,10,Amsterdam|Netherlands,Amsterdam,Netherlands,NL,AMS,DTW,Europe,Western Europe,Delta Air Lines Inc.,Economy,,0,0,0,1,7.47,8.19,0.7822,0.2178,7.86,50,16,"Amsterdam, Netherlands"
BE-2024-04-13,bill-evans,1,0,1,city,2024-04-13,2024-04-23,2024,4,april,10,Amsterdam|Netherlands,Amsterdam,Netherlands,NL,AMS,DTW,Europe,Western Europe,Delta Air Lines Inc.,Economy,,0,0,0,1,7.47,8.19,0.7822,0.2178,7.86,50,16,"Amsterdam, Netherlands"
BE-2025-04-12,bill-evans,1,0,1,city,2025-04-12,2025-04-22,2025,4,april,10,Amsterdam|Netherlands,Amsterdam,Netherlands,NL,AMS,DTW,Europe,Western Europe,Delta Air Lines Inc.,Economy,,0,0,0,1,7.47,8.19,0.7822,0.2178,7.86,50,16,"Amsterdam, Netherlands"
HBG-2021-06-18,bill-gorton,1,0,1,city,2021-06-18,2021-06-20,2021,6,june,2,Detroit|United States,Detroit,United States,US,DTW,LGA,Americas,Northern America,Delta Air Lines Inc.,Economy,,0,0,0,1,0.0,0.0,0.8154,0.1846,7.46,15,4,"Detroit, United States"
HBG-2021-10-08,bill-gorton,1,0,1,city,2021-10-08,2021-10-11,2021,10,october,3,Buffalo|United States,Buffalo,United States,US,BUF,LGA,Americas,Northern America,Delta Air Lines Inc.,Economy,,0,0,0,1,0.0,1.74,0.7097,0.2903,7.22,6,2,"Buffalo, United States"
HBG-2022-06-17,bill-gorton,1,0,1,city,2022-06-17,2022-06-19,2022,6,june,2,Detroit|United States,Detroit,United States,US,DTW,LGA,Americas,Northern America,Delta Air Lines Inc.,Economy,,0,0,0,1,0.0,0.0,0.8154,0.1846,7.46,15,4,"Detroit, United States"
HBG-2022-10-07,bill-gorton,1,0,1,city,2022-10-07,2022-10-10,2022,10,october,3,Buffalo|United States,Buffalo,United States,US,BUF,LGA,Americas,Northern America,Delta Air Lines Inc.,Economy,,0,0,0,1,0.0,1.74,0.7097,0.2903,7.22,6,2,"Buffalo, United States"
HBG-2023-06-16,bill-gorton,1,0,1,city,2023-06-16,2023-06-18,2023,6,june,2,Detroit|United States,Detroit,United States,US,DTW,LGA,Americas,Northern America,Delta Air Lines Inc.,Economy,,0,0,0,1,0.0,0.0,0.8154,0.1846,7.46,15,4,"Detroit, United States"
HBG-2023-10-06,bill-gorton,1,0,1,city,2023-10-06,2023-10-09,2023,10,october,3,Buffalo|United States,Buffalo,United States,US,BUF,LGA,Americas,Northern America,Delta Air Lines Inc.,Economy,,0,0,0,1,0.0,1.74,0.7097,0.2903,7.22,6,2,"Buffalo, United States"
HBG-2024-06-14,bill-gorton,1,0,1,city,2024-06-14,2024-06-16,2024,6,june,2,Detroit|United States,Detroit,United States,US,DTW,LGA,Americas,Northern America,Delta Air Lines Inc.,Economy,,0,0,0,1,0.0,0.0,0.8154,0.1846,7.46,15,4,"Detroit, United States"
HBG-2024-10-11,bill-gorton,1,0,1,city,2024-10-11,2024-10-14,2024,10,october,3,Buffalo|United States,Buffalo,United States,US,BUF,LGA,Americas,Northern America,Delta Air Lines Inc.,Economy,,0,0,0,1,0.0,1.74,0.7097,0.2903,7.22,6,2,"Buffalo, United States"
HBG-2025-06-13,bill-gorton,1,0,1,city,2025-06-13,2025-06-15,2025,6,june,2,Detroit|United States,Detroit,United States,US,DTW,LGA,Americas,Northern America,Delta Air Lines Inc.,Economy,,0,0,0,1,0.0,0.0,0.8154,0.1846,7.46,15,4,"Detroit, United States"
HBG-2025-10-10,bill-gorton,1,0,1,city,2025-10-10,2025-10-13,2025,10,october,3,Buffalo|United States,Buffalo,United States,US,BUF,LGA,Americas,Northern America,Delta Air Lines Inc.,Economy,,0,0,0,1,0.0,1.74,0.7097,0.2903,7.22,6,2,"Buffalo, United States"
DBS-2021-06-26,bill-sikes,1,0,1,city,2021-06-26,2021-07-06,2021,6,june,10,Dublin|Ireland,Dublin,Ireland,IE,DUB,EWR,Europe,Northern Europe,United Air Lines Inc.,Economy,,0,0,0,1,2.89,6.4,0.7288,0.2712,6.93,32,14,"Dublin, Ireland"
DBS-2022-06-28,bill-sikes,1,0,1,city,2022-06-28,2022-07-10,2022,6,june,12,Edinburgh|United Kingdom,Edinburgh,United Kingdom,GB,EDI,EWR,Europe,Northern Europe,United Air Lines Inc.,Economy,,0,0,0,1,5.78,6.22,0.6479,0.3521,7.09,7,6,"Edinburgh, United Kingdom"
DBS-2023-06-23,bill-sikes,1,0,1,city,2023-06-23,2023-07-04,2023,6,june,11,Glasgow|United Kingdom,Glasgow,United Kingdom,GB,GLA,EWR,Europe,Northern Europe,United Air Lines Inc.,Economy,,0,0,0,1,2.89,4.39,0.6583,0.3417,6.76,2,2,"Glasgow, United Kingdom"
DBS-2024-06-30,bill-sikes,1,0,1,city,2024-06-30,2024-07-13,2024,6,june,13,Manchester|United Kingdom,Manchester,United Kingdom,GB,MAN,EWR,Europe,Northern Europe,United Air Lines Inc.,Economy,,0,0,0,1,2.89,6.37,0.7533,0.2467,6.97,5,5,"Manchester, United Kingdom"
DBS-2025-06-27,bill-sikes,1,0,1,city,2025-06-27,2025-07-07,2025,6,june,10,Belfast|United Kingdom,Belfast,United Kingdom,GB,BFS,EWR,Europe,Northern Europe,United Air Lines Inc.,Economy,,0,0,0,1,2.89,4.28,0.4774,0.5226,,1,1,"Belfast, United Kingdom"
IC-2022-11-11,bing-xin,1,0,0,city,2022-11-11,2022-11-21,2022,11,november,10,Sydney|Australia,Sydney,Australia,AU,,,Oceania,Australia and New Zealand,,Economy,,0,0,0,1,4.58,0.0,0.6762,0.3238,7.49,40,14,"Sydney, Aus"
HBA-2021-05-07,brett-ashley,1,0,1,city,2021-05-07,2021-05-09,2021,5,may,2,Miami|United States,Miami,United States,US,MIA,JFK,Americas,Northern America,Delta Air Lines Inc.,Economy,beach_vacation,1,0,0,1,0.0,6.68,0.9,0.1,7.68,57,13,"Miami, United States"
HBA-2021-05-28,brett-ashley,1,0,1,city,2021-05-28,2021-05-31,2021,5,may,3,Charleston|United States,Charleston,United States,US,CHS,JFK,Americas,Northern America,Delta Air Lines Inc.,Economy,beach_vacation,1,0,0,1,0.0,4.28,0.6719,0.3281,7.08,12,3,"Charleston, United States"
HBA-2022-05-06,brett-ashley,1,0,1,city,2022-05-06,2022-05-08,2022,5,may,2,Miami|United States,Miami,United States,US,MIA,JFK,Americas,Northern America,Delta Air Lines Inc.,Economy,beach_vacation,1,0,0,1,0.0,6.68,0.9,0.1,7.68,57,13,"Miami, United States"
HBA-2022-05-27,brett-ashley,1,0,1,city,2022-05-27,2022-05-30,2022,5,may,3,Charleston|United States,Charleston,United States,US,CHS,JFK,Americas,Northern America,Delta Air Lines Inc.,Economy,beach_vacation,1,0,0,1,0.0,4.28,0.6719,0.3281,7.08,12,3,"Charleston, United States"
HBA-2023-05-12,brett-ashley,1,0,1,city,2023-05-12,2023-05-14,2023,5,may,2,Miami|United States,Miami,United States,US,MIA,JFK,Americas,Northern America,Delta Air Lines Inc.,Economy,beach_vacation,1,0,0,1,0.0,6.68,0.9,0.1,7.68,57,13,"Miami, United States"
HBA-2023-05-26,brett-ashley,1,0,1,city,2023-05-26,2023-05-29,2023,5,may,3,Charleston|United States,Charleston,United States,US,CHS,JFK,Americas,Northern America,Delta Air Lines Inc.,Economy,beach_vacation,1,0,0,1,0.0,4.28,0.6719,0.3281,7.08,12,3,"Charleston, United States"
HBA-2024-05-10,brett-ashley,1,0,1,city,2024-05-10,2024-05-12,2024,5,may,2,Miami|United States,Miami,United States,US,MIA,JFK,Americas,Northern America,Delta Air Lines Inc.,Economy,beach_vacation,1,0,0,1,0.0,6.68,0.9,0.1,7.68,57,13,"Miami, United States"
HBA-2024-05-24,brett-ashley,1,0,1,city,2024-05-24,2024-05-27,2024,5,may,3,Charleston|United States,Charleston,United States,US,CHS,JFK,Americas,Northern America,Delta Air Lines Inc.,Economy,beach_vacation,1,0,0,1,0.0,4.28,0.6719,0.3281,7.08,12,3,"Charleston, United States"
HBA-2025-05-09,brett-ashley,1,0,1,city,2025-05-09,2025-05-11,2025,5,may,2,Miami|United States,Miami,United States,US,MIA,JFK,Americas,Northern America,Delta Air Lines Inc.,Economy,beach_vacation,1,0,0,1,0.0,6.68,0.9,0.1,7.68,57,13,"Miami, United States"
HBA-2025-05-23,brett-ashley,1,0,1,city,2025-05-23,2025-05-26,2025,5,may,3,Charleston|United States,Charleston,United States,US,CHS,JFK,Americas,Northern America,Delta Air Lines Inc.,Economy,beach_vacation,1,0,0,1,0.0,4.28,0.6719,0.3281,7.08,12,3,"Charleston, United States"
OPN-2021-01-13,captain-nemo,1,0,1,city,2021-01-13,2021-01-20,2021,1,january,7,Madrid|Spain,Madrid,Spain,ES,MAD,MIA,Europe,Southern Europe,American Airlines Inc.,Economy,,0,0,0,1,6.71,8.22,0.7462,0.2538,7.02,51,18,"Madrid, Spain"
OPN-2021-04-28,captain-nemo,1,0,1,city,2021-04-28,2021-05-05,2021,4,april,7,Lisbon|Portugal,Lisbon,Portugal,PT,LIS,MIA,Europe,Southern Europe,TAP-TAP Air Portugal,Economy,,0,0,0,1,5.78,6.42,0.6677,0.3323,7.57,48,16,"Lisbon, Portugal"
OPN-2021-06-09,captain-nemo,1,0,1,city,2021-06-09,2021-06-14,2021,6,june,5,San Juan|Puerto Rico,San Juan,Puerto Rico,PR,SJU,MIA,Americas,Caribbean,American Airlines Inc.,Economy,beach_vacation,1,0,0,1,2.89,0.0,0.7288,0.2712,7.63,22,5,"San Juan, Puerto Rico"
OPN-2021-07-14,captain-nemo,1,0,1,city,2021-07-14,2021-07-19,2021,7,july,5,Cancun|Mexico,Cancun,Mexico,MX,CUN,MIA,Americas,Central America,American Airlines Inc.,Economy,beach_vacation,1,0,0,1,0.0,2.83,0.6899,0.3101,7.2,173,36,"Cancun, Mexico"
OPN-2021-08-25,captain-nemo,1,0,1,city,2021-08-25,2021-08-30,2021,8,august,5,Charleston|United States,Charleston,United States,US,CHS,MIA,Americas,Northern America,American Airlines Inc.,Economy,beach_vacation,1,0,0,1,0.0,4.28,0.6719,0.3281,6.74,12,3,"Charleston, United States"
OPN-2022-01-12,captain-nemo,1,0,1,city,2022-01-12,2022-01-19,2022,1,january,7,Madrid|Spain,Madrid,Spain,ES,MAD,MIA,Europe,Southern Europe,British Airways Plc,Economy,,0,0,0,1,6.71,8.22,0.7462,0.2538,7.02,51,18,"Madrid, Spain"
OPN-2022-04-27,captain-nemo,1,0,1,city,2022-04-27,2022-05-04,2022,4,april,7,Lisbon|Portugal,Lisbon,Portugal,PT,LIS,MIA,Europe,Southern Europe,United Air Lines Inc.,Economy,,0,0,0,1,5.78,6.42,0.6677,0.3323,7.43,48,16,"Lisbon, Portugal"
OPN-2022-06-08,captain-nemo,1,0,1,city,2022-06-08,2022-06-13,2022,6,june,5,San Juan|Puerto Rico,San Juan,Puerto Rico,PR,SJU,MIA,Americas,Caribbean,American Airlines Inc.,Economy,beach_vacation,1,0,0,1,2.89,0.0,0.7288,0.2712,7.63,22,5,"San Juan, Puerto Rico"
OPN-2022-07-13,captain-nemo,1,0,1,city,2022-07-13,2022-07-18,2022,7,july,5,Cancun|Mexico,Cancun,Mexico,MX,CUN,MIA,Americas,Central America,American Airlines Inc.,Economy,beach_vacation,1,0,0,1,0.0,2.83,0.6899,0.3101,7.2,173,36,"Cancun, Mexico"
OPN-2022-08-31,captain-nemo,1,0,1,city,2022-08-31,2022-09-05,2022,8,august,5,Charleston|United States,Charleston,United States,US,CHS,MIA,Americas,Northern America,American Airlines Inc.,Economy,beach_vacation,1,0,0,1,0.0,4.28,0.6719,0.3281,7.38,12,3,"Charleston, United States"
OPN-2023-01-11,captain-nemo,1,0,1,city,2023-01-11,2023-01-18,2023,1,january,7,Madrid|Spain,Madrid,Spain,ES,MAD,MIA,Europe,Southern Europe,Iberia Air Lines Of Spain,Economy,,0,0,0,1,6.71,8.22,0.7462,0.2538,7.02,51,18,"Madrid, Spain"
OPN-2023-04-26,captain-nemo,1,0,1,city,2023-04-26,2023-05-03,2023,4,april,7,Lisbon|Portugal,Lisbon,Portugal,PT,LIS,MIA,Europe,Southern Europe,TAP-TAP Air Portugal,Economy,,0,0,0,1,5.78,6.42,0.6677,0.3323,7.28,48,16,"Lisbon, Portugal"
OPN-2023-06-14,captain-nemo,1,0,1,city,2023-06-14,2023-06-19,2023,6,june,5,San Juan|Puerto Rico,San Juan,Puerto Rico,PR,SJU,MIA,Americas,Caribbean,American Airlines Inc.,Economy,beach_vacation,1,0,0,1,2.89,0.0,0.7288,0.2712,7.63,22,5,"San Juan, Puerto Rico"
OPN-2023-07-12,captain-nemo,1,0,1,city,2023-07-12,2023-07-17,2023,7,july,5,Cancun|Mexico,Cancun,Mexico,MX,CUN,MIA,Americas,Central America,American Airlines Inc.,Economy,beach_vacation,1,0,0,1,0.0,2.83,0.6899,0.3101,7.2,173,36,"Cancun, Mexico"
OPN-2023-08-30,captain-nemo,1,0,1,city,2023-08-30,2023-09-04,2023,8,august,5,Charleston|United States,Charleston,United States,US,CHS,MIA,Americas,Northern America,American Airlines Inc.,Economy,beach_vacation,1,0,0,1,0.0,4.28,0.6719,0.3281,7.25,12,3,"Charleston, United States"
OPN-2024-01-10,captain-nemo,1,0,1,city,2024-01-10,2024-01-17,2024,1,january,7,Madrid|Spain,Madrid,Spain,ES,MAD,MIA,Europe,Southern Europe,American Airlines Inc.,Economy,,0,0,0,1,6.71,8.22,0.7462,0.2538,7.02,51,18,"Madrid, Spain"
OPN-2024-04-24,captain-nemo,1,0,1,city,2024-04-24,2024-05-01,2024,4,april,7,Lisbon|Portugal,Lisbon,Portugal,PT,LIS,MIA,Europe,Southern Europe,United Air Lines Inc.,Economy,,0,0,0,1,5.78,6.42,0.6677,0.3323,7.0,48,16,"Lisbon, Portugal"
OPN-2024-06-12,captain-nemo,1,0,1,city,2024-06-12,2024-06-17,2024,6,june,5,San Juan|Puerto Rico,San Juan,Puerto Rico,PR,SJU,MIA,Americas,Caribbean,American Airlines Inc.,Economy,beach_vacation,1,0,0,1,2.89,0.0,0.7288,0.2712,7.63,22,5,"San Juan, Puerto Rico"
OPN-2024-07-10,captain-nemo,1,0,1,city,2024-07-10,2024-07-15,2024,7,july,5,Cancun|Mexico,Cancun,Mexico,MX,CUN,MIA,Americas,Central America,American Airlines Inc.,Economy,beach_vacation,1,0,0,1,0.0,2.83,0.6899,0.3101,7.2,173,36,"Cancun, Mexico"
OPN-2024-08-28,captain-nemo,1,0,1,city,2024-08-28,2024-09-02,2024,8,august,5,Charleston|United States,Charleston,United States,US,CHS,MIA,Americas,Northern America,American Airlines Inc.,Economy,beach_vacation,1,0,0,1,0.0,4.28,0.6719,0.3281,7.0,12,3,"Charleston, United States"
OPN-2025-01-08,captain-nemo,1,0,1,city,2025-01-08,2025-01-15,2025,1,january,7,Madrid|Spain,Madrid,Spain,ES,MAD,MIA,Europe,Southern Europe,British Airways Plc,Economy,,0,0,0,1,6.71,8.22,0.7462,0.2538,7.02,51,18,"Madrid, Spain"
OPN-2025-04-30,captain-nemo,1,0,1,city,2025-04-30,2025-05-07,2025,4,april,7,Lisbon|Portugal,Lisbon,Portugal,PT,LIS,MIA,Europe,Southern Europe,TAP-TAP Air Portugal,Economy,,0,0,0,1,5.78,6.42,0.6677,0.3323,7.85,48,16,"Lisbon, Portugal"
OPN-2025-06-11,captain-nemo,1,0,1,city,2025-06-11,2025-06-16,2025,6,june,5,San Juan|Puerto Rico,San Juan,Puerto Rico,PR,SJU,MIA,Americas,Caribbean,American Airlines Inc.,Economy,beach_vacation,1,0,0,1,2.89,0.0,0.7288,0.2712,7.63,22,5,"San Juan, Puerto Rico"
OPN-2025-07-09,captain-nemo,1,0,1,city,2025-07-09,2025-07-14,2025,7,july,5,Cancun|Mexico,Cancun,Mexico,MX,CUN,MIA,Americas,Central America,American Airlines Inc.,Economy,beach_vacation,1,0,0,1,0.0,2.83,0.6899,0.3101,7.2,173,36,"Cancun, Mexico"
OPN-2025-08-27,captain-nemo,1,0,1,city,2025-08-27,2025-09-01,2025,8,august,5,Charleston|United States,Charleston,United States,US,CHS,MIA,Americas,Northern America,American Airlines Inc.,Economy,beach_vacation,1,0,0,1,0.0,4.28,0.6719,0.3281,6.87,12,3,"Charleston, United States"
LS-2024-01-05,carlos-drummond-de-andrade,1,0,0,city,2024-01-05,2024-01-12,2024,1,january,7,Rio de Janeiro|Brazil,Rio de Janeiro,Brazil,BR,,,Americas,South America,,Economy,,0,0,0,1,5.78,6.02,0.5458,0.4542,7.48,7,6,"Rio de Janeiro, Brazil"
LG-2024-04-05,carmen-laforet,1,0,0,city,2024-04-05,2024-04-13,2024,4,april,8,Barcelona|Spain,Barcelona,Spain,ES,,,Europe,Southern Europe,,Economy,,0,0,0,1,5.78,7.69,0.7358,0.2642,7.86,38,20,"Barcelona, Spain"
MG1-2024-01-06,carmen-martin-gaite,1,0,0,city,2024-01-06,2024-01-14,2024,1,january,8,Cape Town|South Africa,Cape Town,South Africa,ZA,,,Africa,Southern Africa,,Economy,,0,0,0,1,4.58,0.0,0.4036,0.5964,7.97,4,4,Cape Town
JW3-2023-12-24,carol-shields,1,0,0,city,2023-12-24,2023-12-31,2023,12,december,7,New York|United States,New York,United States,US,,,Americas,Northern America,,Economy,,0,0,0,1,4.58,9.36,0.95,0.05,5.79,69,13,"New York, USA"
HCB-2021-05-07,catherine-barkley,1,0,1,city,2021-05-07,2021-05-09,2021,5,may,2,Portland|United States,Portland,United States,US,PDX,SEA,Americas,Northern America,Alaska Airlines Inc.,Economy,,0,0,0,1,0.0,0.0,0.7713,0.2287,7.49,36,7,"Portland, United States"
HCB-2021-06-18,catherine-barkley,1,0,1,city,2021-06-18,2021-06-21,2021,6,june,3,Anchorage|United States,Anchorage,United States,US,ANC,SEA,Americas,Northern America,Alaska Airlines Inc.,Economy,,0,0,0,1,0.0,0.0,0.73,0.27,,15,3,"Anchorage, United States"
HCB-2022-05-06,catherine-barkley,1,0,1,city,2022-05-06,2022-05-08,2022,5,may,2,Portland|United States,Portland,United States,US,PDX,SEA,Americas,Northern America,Alaska Airlines Inc.,Economy,,0,0,0,1,0.0,0.0,0.7713,0.2287,7.49,36,7,"Portland, United States"
HCB-2022-06-18,catherine-barkley,1,0,1,city,2022-06-18,2022-06-21,2022,6,june,3,Anchorage|United States,Anchorage,United States,US,ANC,SEA,Americas,Northern America,Alaska Airlines Inc.,Economy,,0,0,0,1,0.0,0.0,0.73,0.27,,15,3,"Anchorage, United States"
HCB-2023-05-12,catherine-barkley,1,0,1,city,2023-05-12,2023-05-14,2023,5,may,2,Portland|United States,Portland,United States,US,PDX,SEA,Americas,Northern America,Alaska Airlines Inc.,Economy,,0,0,0,1,0.0,0.0,0.7713,0.2287,7.49,36,7,"Portland, United States"
HCB-2023-06-18,catherine-barkley,1,0,1,city,2023-06-18,2023-06-21,2023,6,june,3,Anchorage|United States,Anchorage,United States,US,ANC,SEA,Americas,Northern America,Alaska Airlines Inc.,Economy,,0,0,0,1,0.0,0.0,0.73,0.27,,15,3,"Anchorage, United States"
HCB-2024-05-10,catherine-barkley,1,0,1,city,2024-05-10,2024-05-12,2024,5,may,2,Portland|United States,Portland,United States,US,PDX,SEA,Americas,Northern America,Alaska Airlines Inc.,Economy,,0,0,0,1,0.0,0.0,0.7713,0.2287,7.49,36,7,"Portland, United States"
HCB-2024-06-18,catherine-barkley,1,0,1,city,2024-06-18,2024-06-21,2024,6,june,3,Anchorage|United States,Anchorage,United States,US,ANC,SEA,Americas,Northern America,Alaska Airlines Inc.,Economy,,0,0,0,1,0.0,0.0,0.73,0.27,,15,3,"Anchorage, United States"
HCB-2025-05-09,catherine-barkley,1,0,1,city,2025-05-09,2025-05-11,2025,5,may,2,Portland|United States,Portland,United States,US,PDX,SEA,Americas,Northern America,Alaska Airlines Inc.,Economy,,0,0,0,1,0.0,0.0,0.7713,0.2287,7.49,36,7,"Portland, United States"
HCB-2025-06-18,catherine-barkley,1,0,1,city,2025-06-18,2025-06-21,2025,6,june,3,Anchorage|United States,Anchorage,United States,US,ANC,SEA,Americas,Northern America,Alaska Airlines Inc.,Economy,,0,0,0,1,0.0,0.0,0.73,0.27,,15,3,"Anchorage, United States"
CD-2017-03-11,charles-darwin,1,0,1,city,2017-03-11,2017-03-21,2017,3,march,10,Sao Paulo|Brazil,Sao Paulo,Brazil,BR,GRU,MIA,Americas,South America,American Airlines Inc.,Economy,beach_vacation,1,0,0,1,0.0,7.36,0.623,0.377,7.31,12,2,"Sao Paulo, Brazil"
CD-2017-05-13,charles-darwin,1,0,1,city,2017-05-13,2017-05-18,2017,5,may,5,Boston|United States,Boston,United States,US,BOS,MIA,Americas,Northern America,American Airlines Inc.,Economy,,0,0,0,1,0.0,5.21,0.8383,0.1617,6.96,53,12,"Boston, United States"
CD-2017-09-09,charles-darwin,1,0,1,city,2017-09-09,2017-09-19,2017,9,september,10,Lima|Peru,Lima,Peru,PE,LIM,MIA,Americas,South America,American Airlines Inc.,Economy,,0,0,0,1,4.58,0.0,0.5916,0.4084,8.15,12,3,"Lima, Peru"
CD-2017-11-11,charles-darwin,1,0,1,city,2017-11-11,2017-11-16,2017,11,november,5,Los Angeles|United States,Los Angeles,United States,US,LAX,MIA,Americas,Northern America,American Airlines Inc.,Economy,,0,0,0,1,2.89,8.2,0.9115,0.0885,7.51,44,11,"Los Angeles, United States"
CD-2018-03-10,charles-darwin,1,0,1,city,2018-03-10,2018-03-20,2018,3,march,10,Sao Paulo|Brazil,Sao Paulo,Brazil,BR,GRU,MIA,Americas,South America,American Airlines Inc.,Economy,beach_vacation,1,0,0,1,0.0,7.36,0.623,0.377,7.31,12,2,"Sao Paulo, Brazil"
CD-2018-05-12,charles-darwin,1,0,1,city,2018-05-12,2018-05-17,2018,5,may,5,Boston|United States,Boston,United States,US,BOS,MIA,Americas,Northern America,American Airlines Inc.,Economy,,0,0,0,1,0.0,5.21,0.8383,0.1617,6.96,53,12,"Boston, United States"
CD-2018-09-08,charles-darwin,1,0,1,city,2018-09-08,2018-09-18,2018,9,september,10,Lima|Peru,Lima,Peru,PE,LIM,MIA,Americas,South America,American Airlines Inc.,Economy,,0,0,0,1,4.58,0.0,0.5916,0.4084,8.15,12,3,"Lima, Peru"
CD-2018-11-10,charles-darwin,1,0,1,city,2018-11-10,2018-11-15,2018,11,november,5,Los Angeles|United States,Los Angeles,United States,US,LAX,MIA,Americas,Northern America,American Airlines Inc.,Economy,,0,0,0,1,2.89,8.2,0.9115,0.0885,7.51,44,11,"Los Angeles, United States"
CD-2019-03-09,charles-darwin,1,0,1,city,2019-03-09,2019-03-19,2019,3,march,10,Sao Paulo|Brazil,Sao Paulo,Brazil,BR,GRU,MIA,Americas,South America,American Airlines Inc.,Economy,beach_vacation,1,0,0,1,0.0,7.36,0.623,0.377,7.31,12,2,"Sao Paulo, Brazil"
CD-2019-05-11,charles-darwin,1,0,1,city,2019-05-11,2019-05-16,2019,5,may,5,Boston|United States,Boston,United States,US,BOS,MIA,Americas,Northern America,American Airlines Inc.,Economy,,0,0,0,1,0.0,5.21,0.8383,0.1617,6.96,53,12,"Boston, United States"
CD-2019-09-14,charles-darwin,1,0,1,city,2019-09-14,2019-09-24,2019,9,september,10,Lima|Peru,Lima,Peru,PE,LIM,MIA,Americas,South America,American Airlines Inc.,Economy,,0,0,0,1,4.58,0.0,0.5916,0.4084,8.15,12,3,"Lima, Peru"
CD-2019-11-09,charles-darwin,1,0,1,city,2019-11-09,2019-11-14,2019,11,november,5,Los Angeles|United States,Los Angeles,United States,US,LAX,MIA,Americas,Northern America,American Airlines Inc.,Economy,,0,0,0,1,2.89,8.2,0.9115,0.0885,7.51,44,11,"Los Angeles, United States"
CD-2020-03-14,charles-darwin,1,0,1,city,2020-03-14,2020-03-24,2020,3,march,10,Sao Paulo|Brazil,Sao Paulo,Brazil,BR,GRU,MIA,Americas,South America,American Airlines Inc.,Economy,beach_vacation,1,0,0,1,0.0,7.36,0.623,0.377,7.31,12,2,"Sao Paulo, Brazil"
CD-2020-05-09,charles-darwin,1,0,1,city,2020-05-09,2020-05-14,2020,5,may,5,Boston|United States,Boston,United States,US,BOS,MIA,Americas,Northern America,American Airlines Inc.,Economy,,0,0,0,1,0.0,5.21,0.8383,0.1617,6.96,53,12,"Boston, United States"
CD-2020-09-12,charles-darwin,1,0,1,city,2020-09-12,2020-09-22,2020,9,september,10,Lima|Peru,Lima,Peru,PE,LIM,MIA,Americas,South America,American Airlines Inc.,Economy,,0,0,0,1,4.58,0.0,0.5916,0.4084,8.15,12,3,"Lima, Peru"
CD-2020-11-14,charles-darwin,1,0,1,city,2020-11-14,2020-11-19,2020,11,november,5,Los Angeles|United States,Los Angeles,United States,US,LAX,MIA,Americas,Northern America,American Airlines Inc.,Economy,,0,0,0,1,2.89,8.2,0.9115,0.0885,7.51,44,11,"Los Angeles, United States"
CD-2021-03-13,charles-darwin,1,0,1,city,2021-03-13,2021-03-23,2021,3,march,10,Sao Paulo|Brazil,Sao Paulo,Brazil,BR,GRU,MIA,Americas,South America,American Airlines Inc.,Economy,beach_vacation,1,0,0,1,0.0,7.36,0.623,0.377,7.31,12,2,"Sao Paulo, Brazil"
CD-2021-05-08,charles-darwin,1,0,1,city,2021-05-08,2021-05-13,2021,5,may,5,Boston|United States,Boston,United States,US,BOS,MIA,Americas,Northern America,American Airlines Inc.,Economy,,0,0,0,1,0.0,5.21,0.8383,0.1617,6.96,53,12,"Boston, United States"
CD-2021-09-11,charles-darwin,1,0,1,city,2021-09-11,2021-09-21,2021,9,september,10,Lima|Peru,Lima,Peru,PE,LIM,MIA,Americas,South America,American Airlines Inc.,Economy,,0,0,0,1,4.58,0.0,0.5916,0.4084,8.15,12,3,"Lima, Peru"
CD-2021-11-13,charles-darwin,1,0,1,city,2021-11-13,2021-11-18,2021,11,november,5,Los Angeles|United States,Los Angeles,United States,US,LAX,MIA,Americas,Northern America,American Airlines Inc.,Economy,,0,0,0,1,2.89,8.2,0.9115,0.0885,7.51,44,11,"Los Angeles, United States"
CD-2022-03-12,charles-darwin,1,0,1,city,2022-03-12,2022-03-22,2022,3,march,10,Sao Paulo|Brazil,Sao Paulo,Brazil,BR,GRU,MIA,Americas,South America,American Airlines Inc.,Economy,beach_vacation,1,0,0,1,0.0,7.36,0.623,0.377,7.31,12,2,"Sao Paulo, Brazil"
CD-2022-05-14,charles-darwin,1,0,1,city,2022-05-14,2022-05-19,2022,5,may,5,Boston|United States,Boston,United States,US,BOS,MIA,Americas,Northern America,American Airlines Inc.,Economy,,0,0,0,1,0.0,5.21,0.8383,0.1617,6.96,53,12,"Boston, United States"
CD-2022-09-10,charles-darwin,1,0,1,city,2022-09-10,2022-09-20,2022,9,september,10,Lima|Peru,Lima,Peru,PE,LIM,MIA,Americas,South America,American Airlines Inc.,Economy,,0,0,0,1,4.58,0.0,0.5916,0.4084,8.15,12,3,"Lima, Peru"
CD-2022-11-12,charles-darwin,1,0,1,city,2022-11-12,2022-11-17,2022,11,november,5,Los Angeles|United States,Los Angeles,United States,US,LAX,MIA,Americas,Northern America,American Airlines Inc.,Economy,,0,0,0,1,2.89,8.2,0.9115,0.0885,7.51,44,11,"Los Angeles, United States"
CD-2023-03-11,charles-darwin,1,0,1,city,2023-03-11,2023-03-21,2023,3,march,10,Sao Paulo|Brazil,Sao Paulo,Brazil,BR,GRU,MIA,Americas,South America,American Airlines Inc.,Economy,beach_vacation,1,0,0,1,0.0,7.36,0.623,0.377,7.31,12,2,"Sao Paulo, Brazil"
CD-2023-05-13,charles-darwin,1,0,1,city,2023-05-13,2023-05-18,2023,5,may,5,Boston|United States,Boston,United States,US,BOS,MIA,Americas,Northern America,American Airlines Inc.,Economy,,0,0,0,1,0.0,5.21,0.8383,0.1617,6.96,53,12,"Boston, United States"
CD-2023-09-09,charles-darwin,1,0,1,city,2023-09-09,2023-09-19,2023,9,september,10,Lima|Peru,Lima,Peru,PE,LIM,MIA,Americas,South America,American Airlines Inc.,Economy,,0,0,0,1,4.58,0.0,0.5916,0.4084,8.15,12,3,"Lima, Peru"
CD-2023-11-11,charles-darwin,1,0,1,city,2023-11-11,2023-11-16,2023,11,november,5,Los Angeles|United States,Los Angeles,United States,US,LAX,MIA,Americas,Northern America,American Airlines Inc.,Economy,,0,0,0,1,2.89,8.2,0.9115,0.0885,7.51,44,11,"Los Angeles, United States"
CD-2024-03-09,charles-darwin,1,0,1,city,2024-03-09,2024-03-19,2024,3,march,10,Sao Paulo|Brazil,Sao Paulo,Brazil,BR,GRU,MIA,Americas,South America,American Airlines Inc.,Economy,beach_vacation,1,0,0,1,0.0,7.36,0.623,0.377,7.31,12,2,"Sao Paulo, Brazil"
CD-2024-05-11,charles-darwin,1,0,1,city,2024-05-11,2024-05-16,2024,5,may,5,Boston|United States,Boston,United States,US,BOS,MIA,Americas,Northern America,American Airlines Inc.,Economy,,0,0,0,1,0.0,5.21,0.8383,0.1617,6.96,53,12,"Boston, United States"
CD-2024-09-14,charles-darwin,1,0,1,city,2024-09-14,2024-09-24,2024,9,september,10,Lima|Peru,Lima,Peru,PE,LIM,MIA,Americas,South America,American Airlines Inc.,Economy,,0,0,0,1,4.58,0.0,0.5916,0.4084,8.15,12,3,"Lima, Peru"
CD-2024-11-09,charles-darwin,1,0,1,city,2024-11-09,2024-11-14,2024,11,november,5,Los Angeles|United States,Los Angeles,United States,US,LAX,MIA,Americas,Northern America,American Airlines Inc.,Economy,,0,0,0,1,2.89,8.2,0.9115,0.0885,7.51,44,11,"Los Angeles, United States"
CD-2025-03-08,charles-darwin,1,0,1,city,2025-03-08,2025-03-18,2025,3,march,10,Sao Paulo|Brazil,Sao Paulo,Brazil,BR,GRU,MIA,Americas,South America,American Airlines Inc.,Economy,beach_vacation,1,0,0,1,0.0,7.36,0.623,0.377,7.31,12,2,"Sao Paulo, Brazil"
CD-2025-05-10,charles-darwin,1,0,1,city,2025-05-10,2025-05-15,2025,5,may,5,Boston|United States,Boston,United States,US,BOS,MIA,Americas,Northern America,American Airlines Inc.,Economy,,0,0,0,1,0.0,5.21,0.8383,0.1617,6.96,53,12,"Boston, United States"
CD-2025-09-13,charles-darwin,1,0,1,city,2025-09-13,2025-09-23,2025,9,september,10,Lima|Peru,Lima,Peru,PE,LIM,MIA,Americas,South America,American Airlines Inc.,Economy,,0,0,0,1,4.58,0.0,0.5916,0.4084,8.15,12,3,"Lima, Peru"
CD-2025-11-08,charles-darwin,1,0,1,city,2025-11-08,2025-11-13,2025,11,november,5,Los Angeles|United States,Los Angeles,United States,US,LAX,MIA,Americas,Northern America,American Airlines Inc.,Economy,,0,0,0,1,2.89,8.2,0.9115,0.0885,7.51,44,11,"Los Angeles, United States"
JB-2023-01-05,charles-dickens,0,0,0,country,2023-01-05,2023-01-15,2023,1,january,10,,,Mexico,MX,,,Americas,Central America,,Economy,,0,0,0,0,,,,,,,,Mexico
DCB-2021-07-18,charley-bates,1,0,1,city,2021-07-18,2021-08-01,2021,7,july,14,Madrid|Spain,Madrid,Spain,ES,MAD,JFK,Europe,Southern Europe,American Airlines Inc.,Economy,,0,0,0,1,6.71,8.22,0.7462,0.2538,8.32,51,18,"Madrid, Spain"
DCB-2022-07-20,charley-bates,1,0,1,city,2022-07-20,2022-07-31,2022,7,july,11,Barcelona|Spain,Barcelona,Spain,ES,BCN,JFK,Europe,Southern Europe,American Airlines Inc.,Economy,beach_vacation,1,0,0,1,5.78,7.69,0.7358,0.2642,7.59,38,20,"Barcelona, Spain"
DCB-2023-07-15,charley-bates,1,0,1,city,2023-07-15,2023-07-28,2023,7,july,13,Rome|Italy,Rome,Italy,IT,FCO,JFK,Europe,Southern Europe,American Airlines Inc.,Economy,beach_vacation,1,0,0,1,8.67,7.27,0.7587,0.2413,8.2,49,25,"Rome, Italy"
DCB-2024-07-22,charley-bates,1,0,1,city,2024-07-22,2024-08-06,2024,7,july,15,Milano|Italy,Milano,Italy,IT,MXP,JFK,Europe,Southern Europe,American Airlines Inc.,Economy,,0,0,0,0,,,,,,5,5,"Milano, Italy"
DCB-2025-07-19,charley-bates,1,0,1,city,2025-07-19,2025-07-29,2025,7,july,10,Paris|France,Paris,France,FR,CDG,JFK,Europe,Western Europe,American Airlines Inc.,Economy,,0,0,0,1,6.71,9.93,0.8396,0.1604,7.42,72,28,"Paris, France"
SKCW-2024-02-17,charley-wyman,1,0,1,city,2024-02-17,2024-02-24,2024,2,february,7,Vail|United States,Vail,United States,US,EGE,EWR,Americas,Northern America,United Air Lines Inc.,Economy,ski_trip,0,1,0,0,,,,,,4,2,"Vail, United States"
SKCW-2025-02-15,charley-wyman,1,0,1,city,2025-02-15,2025-02-22,2025,2,february,7,Denver|United States,Denver,United States,US,DEN,EWR,Americas,Northern America,United Air Lines Inc.,Economy,ski_trip,0,1,0,1,0.0,5.91,0.8445,0.1555,6.34,105,24,"Denver, United States"
SKCW-2026-02-14,charley-wyman,1,0,1,city,2026-02-14,2026-02-21,2026,2,february,7,Vail|United States,Vail,United States,US,EGE,EWR,Americas,Northern America,United Air Lines Inc.,Economy,ski_trip,0,1,0,0,,,,,,4,2,"Vail, United States"
CP-2018-12-20,charlie-parker,1,0,1,city,2018-12-20,2018-12-25,2018,12,december,5,Detroit|United States,Detroit,United States,US,DTW,BNA,Americas,Northern America,Delta Air Lines Inc.,Economy,holiday_trip,0,0,1,1,0.0,0.0,0.8154,0.1846,5.25,15,4,"Detroit, United States"
CP-2019-12-20,charlie-parker,1,0,1,city,2019-12-20,2019-12-25,2019,12,december,5,Detroit|United States,Detroit,United States,US,DTW,BNA,Americas,Northern America,Delta Air Lines Inc.,Economy,holiday_trip,0,0,1,1,0.0,0.0,0.8154,0.1846,5.25,15,4,"Detroit, United States"
CP-2020-12-20,charlie-parker,1,0,1,city,2020-12-20,2020-12-25,2020,12,december,5,Detroit|United States,Detroit,United States,US,DTW,BNA,Americas,Northern America,Delta Air Lines Inc.,Economy,holiday_trip,0,0,1,1,0.0,0.0,0.8154,0.1846,5.25,15,4,"Detroit, United States"
CP-2021-12-20,charlie-parker,1,0,1,city,2021-12-20,2021-12-25,2021,12,december,5,Detroit|United States,Detroit,United States,US,DTW,BNA,Americas,Northern America,Delta Air Lines Inc.,Economy,holiday_trip,0,0,1,1,0.0,0.0,0.8154,0.1846,5.25,15,4,"Detroit, United States"
CP-2022-12-20,charlie-parker,1,0,1,city,2022-12-20,2022-12-25,2022,12,december,5,Detroit|United States,Detroit,United States,US,DTW,BNA,Americas,Northern America,Delta Air Lines Inc.,Economy,holiday_trip,0,0,1,1,0.0,0.0,0.8154,0.1846,5.25,15,4,"Detroit, United States"
CP-2023-12-20,charlie-parker,1,0,1,city,2023-12-20,2023-12-25,2023,12,december,5,Detroit|United States,Detroit,United States,US,DTW,BNA,Americas,Northern America,Delta Air Lines Inc.,Economy,holiday_trip,0,0,1,1,0.0,0.0,0.8154,0.1846,5.25,15,4,"Detroit, United States"
CP-2024-12-20,charlie-parker,1,0,1,city,2024-12-20,2024-12-25,2024,12,december,5,Detroit|United States,Detroit,United States,US,DTW,BNA,Americas,Northern America,Delta Air Lines Inc.,Economy,holiday_trip,0,0,1,1,0.0,0.0,0.8154,0.1846,5.25,15,4,"Detroit, United States"
CP-2025-12-20,charlie-parker,1,0,1,city,2025-12-20,2025-12-25,2025,12,december,5,Detroit|United States,Detroit,United States,US,DTW,BNA,Americas,Northern America,Delta Air Lines Inc.,Economy,holiday_trip,0,0,1,1,0.0,0.0,0.8154,0.1846,5.25,15,4,"Detroit, United States"
EW2-2025-01-01,charlotte-bronte,1,0,0,region,2025-01-01,2025-01-08,2025,1,january,7,Phuket|Thailand,Phuket,Thailand,TH,,,Asia,South-eastern Asia,,Economy,,0,0,0,1,0.0,6.63,0.3376,0.6624,,3,3,"Phuket, Thai"
CB-2024-01-01,chet-baker,1,0,1,city,2024-01-01,2024-01-05,2024,1,january,4,New York|United States,New York,United States,US,JFK,ATL,Americas,Northern America,Delta Air Lines Inc.,Economy,,0,0,0,1,4.58,9.36,0.95,0.05,6.09,69,13,"New York, United States"
CB-2024-01-15,chet-baker,1,0,1,city,2024-01-15,2024-01-19,2024,1,january,4,New York|United States,New York,United States,US,JFK,ATL,Americas,Northern America,Delta Air Lines Inc.,Economy,,0,0,0,1,4.58,9.36,0.95,0.05,6.09,69,13,"New York, United States"
CB-2024-01-29,chet-baker,1,0,1,city,2024-01-29,2024-02-02,2024,1,january,4,New York|United States,New York,United States,US,JFK,ATL,Americas,Northern America,Delta Air Lines Inc.,Economy,,0,0,0,1,4.58,9.36,0.95,0.05,5.91,69,13,"New York, United States"
CB-2024-02-12,chet-baker,1,0,1,city,2024-02-12,2024-02-16,2024,2,february,4,New York|United States,New York,United States,US,JFK,ATL,Americas,Northern America,Delta Air Lines Inc.,Economy,,0,0,0,1,4.58,9.36,0.95,0.05,5.63,69,13,"New York, United States"
CB-2024-02-26,chet-baker,1,0,1,city,2024-02-26,2024-03-01,2024,2,february,4,New York|United States,New York,United States,US,JFK,ATL,Americas,Northern America,Delta Air Lines Inc.,Economy,,0,0,0,1,4.58,9.36,0.95,0.05,5.97,69,13,"New York, United States"
CB-2024-03-11,chet-baker,1,0,1,city,2024-03-11,2024-03-15,2024,3,march,4,New York|United States,New York,United States,US,JFK,ATL,Americas,Northern America,Delta Air Lines Inc.,Economy,,0,0,0,1,4.58,9.36,0.95,0.05,7.31,69,13,"New York, United States"
CB-2024-03-25,chet-baker,1,0,1,city,2024-03-25,2024-03-29,2024,3,march,4,New York|United States,New York,United States,US,JFK,ATL,Americas,Northern America,Delta Air Lines Inc.,Economy,,0,0,0,1,4.58,9.36,0.95,0.05,7.31,69,13,"New York, United States"
CB-2024-04-08,chet-baker,1,0,1,city,2024-04-08,2024-04-12,2024,4,april,4,New York|United States,New York,United States,US,JFK,ATL,Americas,Northern America,Delta Air Lines Inc.,Economy,,0,0,0,1,4.58,9.36,0.95,0.05,7.13,69,13,"New York, United States"
CB-2024-04-22,chet-baker,1,0,1,city,2024-04-22,2024-04-26,2024,4,april,4,New York|United States,New York,United States,US,JFK,ATL,Americas,Northern America,Delta Air Lines Inc.,Economy,,0,0,0,1,4.58,9.36,0.95,0.05,7.13,69,13,"New York, United States"
CB-2024-05-06,chet-baker,1,0,1,city,2024-05-06,2024-05-10,2024,5,may,4,New York|United States,New York,United States,US,JFK,ATL,Americas,Northern America,Delta Air Lines Inc.,Economy,,0,0,0,1,4.58,9.36,0.95,0.05,6.89,69,13,"New York, United States"
CB-2024-05-20,chet-baker,1,0,1,city,2024-05-20,2024-05-24,2024,5,may,4,New York|United States,New York,United States,US,JFK,ATL,Americas,Northern America,Delta Air Lines Inc.,Economy,,0,0,0,1,4.58,9.36,0.95,0.05,6.89,69,13,"New York, United States"
CB-2024-06-03,chet-baker,1,0,1,city,2024-06-03,2024-06-07,2024,6,june,4,New York|United States,New York,United States,US,JFK,ATL,Americas,Northern America,Delta Air Lines Inc.,Economy,beach_vacation,1,0,0,1,4.58,9.36,0.95,0.05,7.38,69,13,"New York, United States"
CB-2024-06-17,chet-baker,1,0,1,city,2024-06-17,2024-06-21,2024,6,june,4,New York|United States,New York,United States,US,JFK,ATL,Americas,Northern America,Delta Air Lines Inc.,Economy,beach_vacation,1,0,0,1,4.58,9.36,0.95,0.05,7.38,69,13,"New York, United States"
CB-2024-07-01,chet-baker,1,0,1,city,2024-07-01,2024-07-05,2024,7,july,4,New York|United States,New York,United States,US,JFK,ATL,Americas,Northern America,Delta Air Lines Inc.,Economy,beach_vacation,1,0,0,1,4.58,9.36,0.95,0.05,7.47,69,13,"New York, United States"
CB-2024-07-15,chet-baker,1,0,1,city,2024-07-15,2024-07-19,2024,7,july,4,New York|United States,New York,United States,US,JFK,ATL,Americas,Northern America,Delta Air Lines Inc.,Economy,beach_vacation,1,0,0,1,4.58,9.36,0.95,0.05,7.47,69,13,"New York, United States"
CB-2024-07-29,chet-baker,1,0,1,city,2024-07-29,2024-08-02,2024,7,july,4,New York|United States,New York,United States,US,JFK,ATL,Americas,Northern America,Delta Air Lines Inc.,Economy,beach_vacation,1,0,0,1,4.58,9.36,0.95,0.05,7.6,69,13,"New York, United States"
CB-2024-08-12,chet-baker,1,0,1,city,2024-08-12,2024-08-16,2024,8,august,4,New York|United States,New York,United States,US,JFK,ATL,Americas,Northern America,Delta Air Lines Inc.,Economy,beach_vacation,1,0,0,1,4.58,9.36,0.95,0.05,7.8,69,13,"New York, United States"
CB-2024-08-26,chet-baker,1,0,1,city,2024-08-26,2024-08-30,2024,8,august,4,New York|United States,New York,United States,US,JFK,ATL,Americas,Northern America,Delta Air Lines Inc.,Economy,beach_vacation,1,0,0,1,4.58,9.36,0.95,0.05,7.8,69,13,"New York, United States"
CB-2024-09-09,chet-baker,1,0,1,city,2024-09-09,2024-09-13,2024,9,september,4,New York|United States,New York,United States,US,JFK,ATL,Americas,Northern America,Delta Air Lines Inc.,Economy,beach_vacation,1,0,0,1,4.58,9.36,0.95,0.05,7.5,69,13,"New York, United States"
CB-2024-09-23,chet-baker,1,0,1,city,2024-09-23,2024-09-27,2024,9,september,4,New York|United States,New York,United States,US,JFK,ATL,Americas,Northern America,Delta Air Lines Inc.,Economy,beach_vacation,1,0,0,1,4.58,9.36,0.95,0.05,7.5,69,13,"New York, United States"
CB-2024-10-07,chet-baker,1,0,1,city,2024-10-07,2024-10-11,2024,10,october,4,New York|United States,New York,United States,US,JFK,ATL,Americas,Northern America,Delta Air Lines Inc.,Economy,,0,0,0,1,4.58,9.36,0.95,0.05,7.38,69,13,"New York, United States"
CB-2024-10-21,chet-baker,1,0,1,city,2024-10-21,2024-10-25,2024,10,october,4,New York|United States,New York,United States,US,JFK,ATL,Americas,Northern America,Delta Air Lines Inc.,Economy,,0,0,0,1,4.58,9.36,0.95,0.05,7.38,69,13,"New York, United States"
CB-2024-11-04,chet-baker,1,0,1,city,2024-11-04,2024-11-08,2024,11,november,4,New York|United States,New York,United States,US,JFK,ATL,Americas,Northern America,Delta Air Lines Inc.,Economy,,0,0,0,1,4.58,9.36,0.95,0.05,7.0,69,13,"New York, United States"
CB-2024-11-18,chet-baker,1,0,1,city,2024-11-18,2024-11-22,2024,11,november,4,New York|United States,New York,United States,US,JFK,ATL,Americas,Northern America,Delta Air Lines Inc.,Economy,,0,0,0,1,4.58,9.36,0.95,0.05,7.0,69,13,"New York, United States"
CB-2024-12-02,chet-baker,1,0,1,city,2024-12-02,2024-12-06,2024,12,december,4,New York|United States,New York,United States,US,JFK,ATL,Americas,Northern America,Delta Air Lines Inc.,Economy,,0,0,0,1,4.58,9.36,0.95,0.05,5.79,69,13,"New York, United States"
CB-2024-12-16,chet-baker,1,0,1,city,2024-12-16,2024-12-20,2024,12,december,4,New York|United States,New York,United States,US,JFK,ATL,Americas,Northern America,Delta Air Lines Inc.,Economy,,0,0,0,1,4.58,9.36,0.95,0.05,5.79,69,13,"New York, United States"
CB-2024-12-30,chet-baker,1,0,1,city,2024-12-30,2025-01-03,2024,12,december,4,New York|United States,New York,United States,US,JFK,ATL,Americas,Northern America,Delta Air Lines Inc.,Economy,,0,0,0,1,4.58,9.36,0.95,0.05,5.97,69,13,"New York, United States"
CB-2025-01-13,chet-baker,1,0,1,city,2025-01-13,2025-01-17,2025,1,january,4,New York|United States,New York,United States,US,JFK,ATL,Americas,Northern America,Delta Air Lines Inc.,Economy,,0,0,0,1,4.58,9.36,0.95,0.05,6.09,69,13,"New York, United States"
CB-2025-01-27,chet-baker,1,0,1,city,2025-01-27,2025-01-31,2025,1,january,4,New York|United States,New York,United States,US,JFK,ATL,Americas,Northern America,Delta Air Lines Inc.,Economy,,0,0,0,1,4.58,9.36,0.95,0.05,6.09,69,13,"New York, United States"
CB-2025-02-10,chet-baker,1,0,1,city,2025-02-10,2025-02-14,2025,2,february,4,New York|United States,New York,United States,US,JFK,ATL,Americas,Northern America,Delta Air Lines Inc.,Economy,,0,0,0,1,4.58,9.36,0.95,0.05,5.63,69,13,"New York, United States"
CB-2025-02-24,chet-baker,1,0,1,city,2025-02-24,2025-02-28,2025,2,february,4,New York|United States,New York,United States,US,JFK,ATL,Americas,Northern America,Delta Air Lines Inc.,Economy,,0,0,0,1,4.58,9.36,0.95,0.05,5.63,69,13,"New York, United States"
CB-2025-03-10,chet-baker,1,0,1,city,2025-03-10,2025-03-14,2025,3,march,4,New York|United States,New York,United States,US,JFK,ATL,Americas,Northern America,Delta Air Lines Inc.,Economy,,0,0,0,1,4.58,9.36,0.95,0.05,7.31,69,13,"New York, United States"
CB-2025-03-24,chet-baker,1,0,1,city,2025-03-24,2025-03-28,2025,3,march,4,New York|United States,New York,United States,US,JFK,ATL,Americas,Northern America,Delta Air Lines Inc.,Economy,,0,0,0,1,4.58,9.36,0.95,0.05,7.31,69,13,"New York, United States"
CB-2025-04-07,chet-baker,1,0,1,city,2025-04-07,2025-04-11,2025,4,april,4,New York|United States,New York,United States,US,JFK,ATL,Americas,Northern America,Delta Air Lines Inc.,Economy,,0,0,0,1,4.58,9.36,0.95,0.05,7.13,69,13,"New York, United States"
CB-2025-04-21,chet-baker,1,0,1,city,2025-04-21,2025-04-25,2025,4,april,4,New York|United States,New York,United States,US,JFK,ATL,Americas,Northern America,Delta Air Lines Inc.,Economy,,0,0,0,1,4.58,9.36,0.95,0.05,7.13,69,13,"New York, United States"
CB-2025-05-05,chet-baker,1,0,1,city,2025-05-05,2025-05-09,2025,5,may,4,New York|United States,New York,United States,US,JFK,ATL,Americas,Northern America,Delta Air Lines Inc.,Economy,,0,0,0,1,4.58,9.36,0.95,0.05,6.89,69,13,"New York, United States"
CB-2025-05-19,chet-baker,1,0,1,city,2025-05-19,2025-05-23,2025,5,may,4,New York|United States,New York,United States,US,JFK,ATL,Americas,Northern America,Delta Air Lines Inc.,Economy,,0,0,0,1,4.58,9.36,0.95,0.05,6.89,69,13,"New York, United States"
CB-2025-06-02,chet-baker,1,0,1,city,2025-06-02,2025-06-06,2025,6,june,4,New York|United States,New York,United States,US,JFK,ATL,Americas,Northern America,Delta Air Lines Inc.,Economy,beach_vacation,1,0,0,1,4.58,9.36,0.95,0.05,7.38,69,13,"New York, United States"
CB-2025-06-16,chet-baker,1,0,1,city,2025-06-16,2025-06-20,2025,6,june,4,New York|United States,New York,United States,US,JFK,ATL,Americas,Northern America,Delta Air Lines Inc.,Economy,beach_vacation,1,0,0,1,4.58,9.36,0.95,0.05,7.38,69,13,"New York, United States"
CB-2025-06-30,chet-baker,1,0,1,city,2025-06-30,2025-07-04,2025,6,june,4,New York|United States,New York,United States,US,JFK,ATL,Americas,Northern America,Delta Air Lines Inc.,Economy,beach_vacation,1,0,0,1,4.58,9.36,0.95,0.05,7.45,69,13,"New York, United States"
CB-2025-07-14,chet-baker,1,0,1,city,2025-07-14,2025-07-18,2025,7,july,4,New York|United States,New York,United States,US,JFK,ATL,Americas,Northern America,Delta Air Lines Inc.,Economy,beach_vacation,1,0,0,1,4.58,9.36,0.95,0.05,7.47,69,13,"New York, United States"
CB-2025-07-28,chet-baker,1,0,1,city,2025-07-28,2025-08-01,2025,7,july,4,New York|United States,New York,United States,US,JFK,ATL,Americas,Northern America,Delta Air Lines Inc.,Economy,beach_vacation,1,0,0,1,4.58,9.36,0.95,0.05,7.54,69,13,"New York, United States"
CB-2025-08-11,chet-baker,1,0,1,city,2025-08-11,2025-08-15,2025,8,august,4,New York|United States,New York,United States,US,JFK,ATL,Americas,Northern America,Delta Air Lines Inc.,Economy,beach_vacation,1,0,0,1,4.58,9.36,0.95,0.05,7.8,69,13,"New York, United States"
CB-2025-08-25,chet-baker,1,0,1,city,2025-08-25,2025-08-29,2025,8,august,4,New York|United States,New York,United States,US,JFK,ATL,Americas,Northern America,Delta Air Lines Inc.,Economy,beach_vacation,1,0,0,1,4.58,9.36,0.95,0.05,7.8,69,13,"New York, United States"
CB-2025-09-08,chet-baker,1,0,1,city,2025-09-08,2025-09-12,2025,9,september,4,New York|United States,New York,United States,US,JFK,ATL,Americas,Northern America,Delta Air Lines Inc.,Economy,beach_vacation,1,0,0,1,4.58,9.36,0.95,0.05,7.5,69,13,"New York, United States"
CB-2025-09-22,chet-baker,1,0,1,city,2025-09-22,2025-09-26,2025,9,september,4,New York|United States,New York,United States,US,JFK,ATL,Americas,Northern America,Delta Air Lines Inc.,Economy,beach_vacation,1,0,0,1,4.58,9.36,0.95,0.05,7.5,69,13,"New York, United States"
CB-2025-10-06,chet-baker,1,0,1,city,2025-10-06,2025-10-10,2025,10,october,4,New York|United States,New York,United States,US,JFK,ATL,Americas,Northern America,Delta Air Lines Inc.,Economy,,0,0,0,1,4.58,9.36,0.95,0.05,7.38,69,13,"New York, United States"
CB-2025-10-20,chet-baker,1,0,1,city,2025-10-20,2025-10-24,2025,10,october,4,New York|United States,New York,United States,US,JFK,ATL,Americas,Northern America,Delta Air Lines Inc.,Economy,,0,0,0,1,4.58,9.36,0.95,0.05,7.38,69,13,"New York, United States"
CB-2025-11-03,chet-baker,1,0,1,city,2025-11-03,2025-11-07,2025,11,november,4,New York|United States,New York,United States,US,JFK,ATL,Americas,Northern America,Delta Air Lines Inc.,Economy,,0,0,0,1,4.58,9.36,0.95,0.05,7.0,69,13,"New York, United States"
CB-2025-11-17,chet-baker,1,0,1,city,2025-11-17,2025-11-21,2025,11,november,4,New York|United States,New York,United States,US,JFK,ATL,Americas,Northern America,Delta Air Lines Inc.,Economy,,0,0,0,1,4.58,9.36,0.95,0.05,7.0,69,13,"New York, United States"
CB-2025-12-01,chet-baker,1,0,1,city,2025-12-01,2025-12-05,2025,12,december,4,New York|United States,New York,United States,US,JFK,ATL,Americas,Northern America,Delta Air Lines Inc.,Economy,,0,0,0,1,4.58,9.36,0.95,0.05,5.79,69,13,"New York, United States"
CB-2025-12-15,chet-baker,1,0,1,city,2025-12-15,2025-12-19,2025,12,december,4,New York|United States,New York,United States,US,JFK,ATL,Americas,Northern America,Delta Air Lines Inc.,Economy,,0,0,0,1,4.58,9.36,0.95,0.05,5.79,69,13,"New York, United States"
CB-2025-12-29,chet-baker,1,0,1,city,2025-12-29,2026-01-02,2025,12,december,4,New York|United States,New York,United States,US,JFK,ATL,Americas,Northern America,Delta Air Lines Inc.,Economy,,0,0,0,1,4.58,9.36,0.95,0.05,5.91,69,13,"New York, United States"
CHI-2016-02-07,chiron,1,0,1,city,2016-02-07,2016-02-11,2016,2,february,4,Philadelphia|United States,Philadelphia,United States,US,PHL,JAX,Americas,Northern America,Frontier Airlines Inc.,Economy,,0,0,0,1,2.89,5.58,0.8287,0.1713,5.65,12,3,"Philadelphia, United States"
CHI-2016-05-15,chiron,1,0,1,city,2016-05-15,2016-05-20,2016,5,may,5,Miami|United States,Miami,United States,US,MIA,JAX,Americas,Northern America,American Airlines Inc.,Economy,beach_vacation,1,0,0,1,0.0,6.68,0.9,0.1,7.68,57,13,"Miami, United States"
CHI-2016-09-22,chiron,1,0,1,city,2016-09-22,2016-09-26,2016,9,september,4,Washington|United States,Washington,United States,US,DCA,JAX,Americas,Northern America,PSA Airlines Inc.,Economy,beach_vacation,1,0,0,1,0.0,7.41,0.8856,0.1144,7.29,22,7,"Washington, United States"
CHI-2016-12-11,chiron,1,0,1,city,2016-12-11,2016-12-14,2016,12,december,3,Charlotte|United States,Charlotte,United States,US,CLT,JAX,Americas,Northern America,American Airlines Inc.,Economy,,0,0,0,1,0.0,4.18,0.816,0.184,7.28,15,3,"Charlotte, United States"
CHI-2017-02-18,chiron,1,0,1,city,2017-02-18,2017-02-22,2017,2,february,4,Boston|United States,Boston,United States,US,BOS,JAX,Americas,Northern America,JetBlue Airways,Economy,,0,0,0,1,0.0,5.21,0.8383,0.1617,5.76,53,12,"Boston, United States"
CHI-2017-05-04,chiron,1,0,1,city,2017-05-04,2017-05-08,2017,5,may,4,Dallas|United States,Dallas,United States,US,DFW,JAX,Americas,Northern America,American Airlines Inc.,Economy,,0,0,0,1,0.0,5.27,0.9038,0.0962,7.43,17,5,"Dallas, United States"
CHI-2017-09-07,chiron,1,0,1,city,2017-09-07,2017-09-11,2017,9,september,4,Philadelphia|United States,Philadelphia,United States,US,PHL,JAX,Americas,Northern America,American Airlines Inc.,Economy,beach_vacation,1,0,0,1,2.89,5.58,0.8287,0.1713,7.47,12,3,"Philadelphia, United States"
CHI-2017-12-15,chiron,1,0,1,city,2017-12-15,2017-12-20,2017,12,december,5,Miami|United States,Miami,United States,US,MIA,JAX,Americas,Northern America,Envoy Air,Economy,beach_vacation,1,0,0,1,0.0,6.68,0.9,0.1,7.29,57,13,"Miami, United States"
CHI-2018-02-22,chiron,1,0,1,city,2018-02-22,2018-02-26,2018,2,february,4,Washington|United States,Washington,United States,US,DCA,JAX,Americas,Northern America,American Airlines Inc.,Economy,,0,0,0,1,0.0,7.41,0.8856,0.1144,5.82,22,7,"Washington, United States"
CHI-2018-05-11,chiron,1,0,1,city,2018-05-11,2018-05-14,2018,5,may,3,Charlotte|United States,Charlotte,United States,US,CLT,JAX,Americas,Northern America,American Airlines Inc.,Economy,,0,0,0,1,0.0,4.18,0.816,0.184,6.9,15,3,"Charlotte, United States"
CHI-2018-09-18,chiron,1,0,1,city,2018-09-18,2018-09-22,2018,9,september,4,Boston|United States,Boston,United States,US,BOS,JAX,Americas,Northern America,Republic Airline,Economy,beach_vacation,1,0,0,1,0.0,5.21,0.8383,0.1617,7.57,53,12,"Boston, United States"
CHI-2018-12-04,chiron,1,0,1,city,2018-12-04,2018-12-08,2018,12,december,4,Dallas|United States,Dallas,United States,US,DFW,JAX,Americas,Northern America,American Airlines Inc.,Economy,,0,0,0,1,0.0,5.27,0.9038,0.0962,7.58,17,5,"Dallas, United States"
CHI-2019-02-07,chiron,1,0,1,city,2019-02-07,2019-02-11,2019,2,february,4,Philadelphia|United States,Philadelphia,United States,US,PHL,JAX,Americas,Northern America,PSA Airlines Inc.,Economy,,0,0,0,1,2.89,5.58,0.8287,0.1713,5.65,12,3,"Philadelphia, United States"
CHI-2019-05-15,chiron,1,0,1,city,2019-05-15,2019-05-20,2019,5,may,5,Miami|United States,Miami,United States,US,MIA,JAX,Americas,Northern America,American Airlines Inc.,Economy,beach_vacation,1,0,0,1,0.0,6.68,0.9,0.1,7.68,57,13,"Miami, United States"
CHI-2019-09-22,chiron,1,0,1,city,2019-09-22,2019-09-26,2019,9,september,4,Washington|United States,Washington,United States,US,DCA,JAX,Americas,Northern America,PSA Airlines Inc.,Economy,beach_vacation,1,0,0,1,0.0,7.41,0.8856,0.1144,7.29,22,7,"Washington, United States"
CHI-2019-12-11,chiron,1,0,1,city,2019-12-11,2019-12-14,2019,12,december,3,Charlotte|United States,Charlotte,United States,US,CLT,JAX,Americas,Northern America,American Airlines Inc.,Economy,,0,0,0,1,0.0,4.18,0.816,0.184,7.28,15,3,"Charlotte, United States"
CHI-2020-02-18,chiron,1,0,1,city,2020-02-18,2020-02-22,2020,2,february,4,Boston|United States,Boston,United States,US,BOS,JAX,Americas,Northern America,JetBlue Airways,Economy,,0,0,0,1,0.0,5.21,0.8383,0.1617,5.76,53,12,"Boston, United States"
CHI-2020-05-04,chiron,1,0,1,city,2020-05-04,2020-05-08,2020,5,may,4,Dallas|United States,Dallas,United States,US,DFW,JAX,Americas,Northern America,American Airlines Inc.,Economy,,0,0,0,1,0.0,5.27,0.9038,0.0962,7.43,17,5,"Dallas, United States"
CHI-2020-09-07,chiron,1,0,1,city,2020-09-07,2020-09-11,2020,9,september,4,Philadelphia|United States,Philadelphia,United States,US,PHL,JAX,Americas,Northern America,Frontier Airlines Inc.,Economy,beach_vacation,1,0,0,1,2.89,5.58,0.8287,0.1713,7.47,12,3,"Philadelphia, United States"
CHI-2020-12-15,chiron,1,0,1,city,2020-12-15,2020-12-20,2020,12,december,5,Miami|United States,Miami,United States,US,MIA,JAX,Americas,Northern America,Envoy Air,Economy,beach_vacation,1,0,0,1,0.0,6.68,0.9,0.1,7.29,57,13,"Miami, United States"
CHI-2021-02-22,chiron,1,0,1,city,2021-02-22,2021-02-26,2021,2,february,4,Washington|United States,Washington,United States,US,DCA,JAX,Americas,Northern America,American Airlines Inc.,Economy,,0,0,0,1,0.0,7.41,0.8856,0.1144,5.82,22,7,"Washington, United States"
CHI-2021-05-11,chiron,1,0,1,city,2021-05-11,2021-05-14,2021,5,may,3,Charlotte|United States,Charlotte,United States,US,CLT,JAX,Americas,Northern America,American Airlines Inc.,Economy,,0,0,0,1,0.0,4.18,0.816,0.184,6.9,15,3,"Charlotte, United States"
CHI-2021-09-18,chiron,1,0,1,city,2021-09-18,2021-09-22,2021,9,september,4,Boston|United States,Boston,United States,US,BOS,JAX,Americas,Northern America,Republic Airline,Economy,beach_vacation,1,0,0,1,0.0,5.21,0.8383,0.1617,7.57,53,12,"Boston, United States"
CHI-2021-12-04,chiron,1,0,1,city,2021-12-04,2021-12-08,2021,12,december,4,Dallas|United States,Dallas,United States,US,DFW,JAX,Americas,Northern America,American Airlines Inc.,Economy,,0,0,0,1,0.0,5.27,0.9038,0.0962,7.58,17,5,"Dallas, United States"
CHI-2022-02-07,chiron,1,0,1,city,2022-02-07,2022-02-11,2022,2,february,4,Philadelphia|United States,Philadelphia,United States,US,PHL,JAX,Americas,Northern America,American Airlines Inc.,Economy,,0,0,0,1,2.89,5.58,0.8287,0.1713,5.65,12,3,"Philadelphia, United States"
CHI-2022-05-15,chiron,1,0,1,city,2022-05-15,2022-05-20,2022,5,may,5,Miami|United States,Miami,United States,US,MIA,JAX,Americas,Northern America,American Airlines Inc.,Economy,beach_vacation,1,0,0,1,0.0,6.68,0.9,0.1,7.68,57,13,"Miami, United States"
CHI-2022-09-22,chiron,1,0,1,city,2022-09-22,2022-09-26,2022,9,september,4,Washington|United States,Washington,United States,US,DCA,JAX,Americas,Northern America,PSA Airlines Inc.,Economy,beach_vacation,1,0,0,1,0.0,7.41,0.8856,0.1144,7.29,22,7,"Washington, United States"
CHI-2022-12-11,chiron,1,0,1,city,2022-12-11,2022-12-14,2022,12,december,3,Charlotte|United States,Charlotte,United States,US,CLT,JAX,Americas,Northern America,American Airlines Inc.,Economy,,0,0,0,1,0.0,4.18,0.816,0.184,7.28,15,3,"Charlotte, United States"
CHI-2023-02-18,chiron,1,0,1,city,2023-02-18,2023-02-22,2023,2,february,4,Boston|United States,Boston,United States,US,BOS,JAX,Americas,Northern America,JetBlue Airways,Economy,,0,0,0,1,0.0,5.21,0.8383,0.1617,5.76,53,12,"Boston, United States"
CHI-2023-05-04,chiron,1,0,1,city,2023-05-04,2023-05-08,2023,5,may,4,Dallas|United States,Dallas,United States,US,DFW,JAX,Americas,Northern America,American Airlines Inc.,Economy,,0,0,0,1,0.0,5.27,0.9038,0.0962,7.43,17,5,"Dallas, United States"
CHI-2023-09-07,chiron,1,0,1,city,2023-09-07,2023-09-11,2023,9,september,4,Philadelphia|United States,Philadelphia,United States,US,PHL,JAX,Americas,Northern America,PSA Airlines Inc.,Economy,beach_vacation,1,0,0,1,2.89,5.58,0.8287,0.1713,7.47,12,3,"Philadelphia, United States"
CHI-2023-12-15,chiron,1,0,1,city,2023-12-15,2023-12-20,2023,12,december,5,Miami|United States,Miami,United States,US,MIA,JAX,Americas,Northern America,Envoy Air,Economy,beach_vacation,1,0,0,1,0.0,6.68,0.9,0.1,7.29,57,13,"Miami, United States"
CHI-2024-02-22,chiron,1,0,1,city,2024-02-22,2024-02-26,2024,2,february,4,Washington|United States,Washington,United States,US,DCA,JAX,Americas,Northern America,American Airlines Inc.,Economy,,0,0,0,1,0.0,7.41,0.8856,0.1144,5.82,22,7,"Washington, United States"
CHI-2024-05-11,chiron,1,0,1,city,2024-05-11,2024-05-14,2024,5,may,3,Charlotte|United States,Charlotte,United States,US,CLT,JAX,Americas,Northern America,American Airlines Inc.,Economy,,0,0,0,1,0.0,4.18,0.816,0.184,6.9,15,3,"Charlotte, United States"
CHI-2024-09-18,chiron,1,0,1,city,2024-09-18,2024-09-22,2024,9,september,4,Boston|United States,Boston,United States,US,BOS,JAX,Americas,Northern America,Republic Airline,Economy,beach_vacation,1,0,0,1,0.0,5.21,0.8383,0.1617,7.57,53,12,"Boston, United States"
CHI-2024-12-04,chiron,1,0,1,city,2024-12-04,2024-12-08,2024,12,december,4,Dallas|United States,Dallas,United States,US,DFW,JAX,Americas,Northern America,American Airlines Inc.,Economy,,0,0,0,1,0.0,5.27,0.9038,0.0962,7.58,17,5,"Dallas, United States"
CHI-2025-02-07,chiron,1,0,1,city,2025-02-07,2025-02-11,2025,2,february,4,Philadelphia|United States,Philadelphia,United States,US,PHL,JAX,Americas,Northern America,Frontier Airlines Inc.,Economy,,0,0,0,1,2.89,5.58,0.8287,0.1713,5.65,12,3,"Philadelphia, United States"
CHI-2025-05-15,chiron,1,0,1,city,2025-05-15,2025-05-20,2025,5,may,5,Miami|United States,Miami,United States,US,MIA,JAX,Americas,Northern America,American Airlines Inc.,Economy,beach_vacation,1,0,0,1,0.0,6.68,0.9,0.1,7.68,57,13,"Miami, United States"
CHI-2025-09-22,chiron,1,0,1,city,2025-09-22,2025-09-26,2025,9,september,4,Washington|United States,Washington,United States,US,DCA,JAX,Americas,Northern America,PSA Airlines Inc.,Economy,beach_vacation,1,0,0,1,0.0,7.41,0.8856,0.1144,7.29,22,7,"Washington, United States"
CHI-2025-12-11,chiron,1,0,1,city,2025-12-11,2025-12-14,2025,12,december,3,Charlotte|United States,Charlotte,United States,US,CLT,JAX,Americas,Northern America,American Airlines Inc.,Economy,,0,0,0,1,0.0,4.18,0.816,0.184,7.28,15,3,"Charlotte, United States"
PW2-2024-05-10,choi-in-hun,1,0,0,city,2024-05-10,2024-05-18,2024,5,may,8,Seoul|South Korea,Seoul,South Korea,KR,,,Asia,Eastern Asia,,Economy,,0,0,0,1,8.12,8.2,0.7671,0.2329,7.37,29,9,"Seoul, South Korea"
AB-2023-04-19,christina-stead,0,0,0,country,2023-04-19,2023-04-26,2023,4,april,7,,,Canada,CA,,,Americas,Northern America,,Economy,,0,0,0,0,,,,,,,,Canada
CFF-2023-03-13,chum-frink,1,0,1,city,2023-03-13,2023-03-16,2023,3,march,3,Chicago|United States,Chicago,United States,US,ORD,MKE,Americas,Northern America,American Airlines Inc.,Economy,,0,0,0,1,2.89,7.33,0.9501,0.0499,7.08,57,21,"Chicago, United States"
CFF-2023-04-10,chum-frink,1,0,1,city,2023-04-10,2023-04-13,2023,4,april,3,Atlanta|United States,Atlanta,United States,US,ATL,MKE,Americas,Northern America,Southwest Airlines Co.,Economy,,0,0,0,1,0.0,6.55,0.9297,0.0703,7.48,42,15,"Atlanta, United States"
CFF-2023-07-10,chum-frink,1,0,1,city,2023-07-10,2023-07-14,2023,7,july,4,Las Vegas|United States,Las Vegas,United States,US,LAS,MKE,Americas,Northern America,Southwest Airlines Co.,Economy,,0,0,0,1,0.0,0.0,0.8469,0.1531,7.09,39,15,"Las Vegas, United States"
CIR-2019-01-07,circe,1,0,1,city,2019-01-07,2019-01-14,2019,1,january,7,Cancun|Mexico,Cancun,Mexico,MX,CUN,IAH,Americas,Central America,United Air Lines Inc.,Economy,beach_vacation,1,0,0,1,0.0,2.83,0.6899,0.3101,7.09,173,36,"Cancun, Mexico"
CIR-2019-04-15,circe,1,0,1,city,2019-04-15,2019-04-18,2019,4,april,3,Atlanta|United States,Atlanta,United States,US,ATL,IAH,Americas,Northern America,United Air Lines Inc.,Economy,,0,0,0,1,0.0,6.55,0.9297,0.0703,7.48,42,15,"Atlanta, United States"
CIR-2019-08-22,circe,1,0,1,city,2019-08-22,2019-08-27,2019,8,august,5,Guadalajara|Mexico,Guadalajara,Mexico,MX,GDL,IAH,Americas,Central America,United Air Lines Inc.,Economy,,0,0,0,1,4.58,3.79,0.6149,0.3851,7.09,58,10,"Guadalajara, Mexico"
CIR-2019-11-11,circe,1,0,1,city,2019-11-11,2019-11-15,2019,11,november,4,Austin|United States,Austin,United States,US,AUS,IAH,Americas,Northern America,United Air Lines Inc.,Economy,,0,0,0,1,0.0,6.12,0.7542,0.2458,7.51,7,3,"Austin, United States"
CIR-2020-01-18,circe,1,0,1,city,2020-01-18,2020-01-24,2020,1,january,6,Frankfurt|Germany,Frankfurt,Germany,DE,FRA,IAH,Europe,Western Europe,Lufthansa German Airlines,Economy,,0,0,0,1,6.71,6.53,0.8265,0.1735,6.8,17,5,"Frankfurt, Germany"
CIR-2020-04-04,circe,1,0,1,city,2020-04-04,2020-04-09,2020,4,april,5,Phoenix|United States,Phoenix,United States,US,PHX,IAH,Americas,Northern America,United Air Lines Inc.,Economy,,0,0,0,1,2.89,0.0,0.8296,0.1704,8.33,48,12,"Phoenix, United States"
CIR-2020-08-07,circe,1,0,1,city,2020-08-07,2020-08-14,2020,8,august,7,Cancun|Mexico,Cancun,Mexico,MX,CUN,IAH,Americas,Central America,Spirit Air Lines,Economy,beach_vacation,1,0,0,1,0.0,2.83,0.6899,0.3101,6.97,173,36,"Cancun, Mexico"
CIR-2020-11-15,circe,1,0,1,city,2020-11-15,2020-11-18,2020,11,november,3,Atlanta|United States,Atlanta,United States,US,ATL,IAH,Americas,Northern America,Delta Air Lines Inc.,Economy,,0,0,0,1,0.0,6.55,0.9297,0.0703,7.56,42,15,"Atlanta, United States"
CIR-2021-01-22,circe,1,0,1,city,2021-01-22,2021-01-27,2021,1,january,5,Guadalajara|Mexico,Guadalajara,Mexico,MX,GDL,IAH,Americas,Central America,Concesionaria Vuela Compania De Aviacion SA de CV (Volaris),Economy,,0,0,0,1,4.58,3.79,0.6149,0.3851,7.95,58,10,"Guadalajara, Mexico"
CIR-2021-04-11,circe,1,0,1,city,2021-04-11,2021-04-15,2021,4,april,4,Austin|United States,Austin,United States,US,AUS,IAH,Americas,Northern America,Mesa Airlines Inc.,Economy,,0,0,0,1,0.0,6.12,0.7542,0.2458,7.2,7,3,"Austin, United States"
CIR-2021-08-18,circe,1,0,1,city,2021-08-18,2021-08-24,2021,8,august,6,Frankfurt|Germany,Frankfurt,Germany,DE,FRA,IAH,Europe,Western Europe,United Air Lines Inc.,Economy,,0,0,0,1,6.71,6.53,0.8265,0.1735,7.8,17,5,"Frankfurt, Germany"
CIR-2021-11-04,circe,1,0,1,city,2021-11-04,2021-11-09,2021,11,november,5,Phoenix|United States,Phoenix,United States,US,PHX,IAH,Americas,Northern America,Frontier Airlines Inc.,Economy,,0,0,0,1,2.89,0.0,0.8296,0.1704,7.71,48,12,"Phoenix, United States"
CIR-2022-01-07,circe,1,0,1,city,2022-01-07,2022-01-14,2022,1,january,7,Cancun|Mexico,Cancun,Mexico,MX,CUN,IAH,Americas,Central America,Frontier Airlines Inc.,Economy,beach_vacation,1,0,0,1,0.0,2.83,0.6899,0.3101,7.09,173,36,"Cancun, Mexico"
CIR-2022-04-15,circe,1,0,1,city,2022-04-15,2022-04-18,2022,4,april,3,Atlanta|United States,Atlanta,United States,US,ATL,IAH,Americas,Northern America,Frontier Airlines Inc.,Economy,,0,0,0,1,0.0,6.55,0.9297,0.0703,7.48,42,15,"Atlanta, United States"
CIR-2022-08-22,circe,1,0,1,city,2022-08-22,2022-08-27,2022,8,august,5,Guadalajara|Mexico,Guadalajara,Mexico,MX,GDL,IAH,Americas,Central America,Mesa Airlines Inc.,Economy,,0,0,0,1,4.58,3.79,0.6149,0.3851,7.09,58,10,"Guadalajara, Mexico"
CIR-2022-11-11,circe,1,0,1,city,2022-11-11,2022-11-15,2022,11,november,4,Austin|United States,Austin,United States,US,AUS,IAH,Americas,Northern America,SkyWest Airlines Inc.,Economy,,0,0,0,1,0.0,6.12,0.7542,0.2458,7.51,7,3,"Austin, United States"
CIR-2023-01-18,circe,1,0,1,city,2023-01-18,2023-01-24,2023,1,january,6,Frankfurt|Germany,Frankfurt,Germany,DE,FRA,IAH,Europe,Western Europe,Lufthansa German Airlines,Economy,,0,0,0,1,6.71,6.53,0.8265,0.1735,6.8,17,5,"Frankfurt, Germany"
CIR-2023-04-04,circe,1,0,1,city,2023-04-04,2023-04-09,2023,4,april,5,Phoenix|United States,Phoenix,United States,US,PHX,IAH,Americas,Northern America,American Airlines Inc.,Economy,,0,0,0,1,2.89,0.0,0.8296,0.1704,8.33,48,12,"Phoenix, United States"
CIR-2023-08-07,circe,1,0,1,city,2023-08-07,2023-08-14,2023,8,august,7,Cancun|Mexico,Cancun,Mexico,MX,CUN,IAH,Americas,Central America,United Air Lines Inc.,Economy,beach_vacation,1,0,0,1,0.0,2.83,0.6899,0.3101,6.97,173,36,"Cancun, Mexico"
CIR-2023-11-15,circe,1,0,1,city,2023-11-15,2023-11-18,2023,11,november,3,Atlanta|United States,Atlanta,United States,US,ATL,IAH,Americas,Northern America,Spirit Air Lines,Economy,,0,0,0,1,0.0,6.55,0.9297,0.0703,7.56,42,15,"Atlanta, United States"
CIR-2024-01-22,circe,1,0,1,city,2024-01-22,2024-01-27,2024,1,january,5,Guadalajara|Mexico,Guadalajara,Mexico,MX,GDL,IAH,Americas,Central America,"Aeroenlaces Nacionales, S.A. de C.V. d/b/a VivaAerobus",Economy,,0,0,0,1,4.58,3.79,0.6149,0.3851,7.95,58,10,"Guadalajara, Mexico"
CIR-2024-04-11,circe,1,0,1,city,2024-04-11,2024-04-15,2024,4,april,4,Austin|United States,Austin,United States,US,AUS,IAH,Americas,Northern America,United Air Lines Inc.,Economy,,0,0,0,1,0.0,6.12,0.7542,0.2458,7.2,7,3,"Austin, United States"
CIR-2024-08-18,circe,1,0,1,city,2024-08-18,2024-08-24,2024,8,august,6,Frankfurt|Germany,Frankfurt,Germany,DE,FRA,IAH,Europe,Western Europe,United Air Lines Inc.,Economy,,0,0,0,1,6.71,6.53,0.8265,0.1735,7.8,17,5,"Frankfurt, Germany"
CIR-2024-11-04,circe,1,0,1,city,2024-11-04,2024-11-09,2024,11,november,5,Phoenix|United States,Phoenix,United States,US,PHX,IAH,Americas,Northern America,SkyWest Airlines Inc.,Economy,,0,0,0,1,2.89,0.0,0.8296,0.1704,7.71,48,12,"Phoenix, United States"
CIR-2025-01-07,circe,1,0,1,city,2025-01-07,2025-01-14,2025,1,january,7,Cancun|Mexico,Cancun,Mexico,MX,CUN,IAH,Americas,Central America,Spirit Air Lines,Economy,beach_vacation,1,0,0,1,0.0,2.83,0.6899,0.3101,7.09,173,36,"Cancun, Mexico"
CIR-2025-04-15,circe,1,0,1,city,2025-04-15,2025-04-18,2025,4,april,3,Atlanta|United States,Atlanta,United States,US,ATL,IAH,Americas,Northern America,Mesa Airlines Inc.,Economy,,0,0,0,1,0.0,6.55,0.9297,0.0703,7.48,42,15,"Atlanta, United States"
CIR-2025-08-22,circe,1,0,1,city,2025-08-22,2025-08-27,2025,8,august,5,Guadalajara|Mexico,Guadalajara,Mexico,MX,GDL,IAH,Americas,Central America,United Air Lines Inc.,Economy,,0,0,0,1,4.58,3.79,0.6149,0.3851,7.09,58,10,"Guadalajara, Mexico"
CIR-2025-11-11,circe,1,0,1,city,2025-11-11,2025-11-15,2025,11,november,4,Austin|United States,Austin,United States,US,AUS,IAH,Americas,Northern America,Mesa Airlines Inc.,Economy,,0,0,0,1,0.0,6.12,0.7542,0.2458,7.51,7,3,"Austin, United States"
MS-2022-11-20,clarice-lispector,1,0,0,city,2022-11-20,2022-11-27,2022,11,november,7,Rio de Janeiro|Brazil,Rio de Janeiro,Brazil,BR,,,Americas,South America,,Economy,,0,0,0,1,5.78,6.02,0.5458,0.4542,7.2,7,6,"Rio de Janeiro, Brazil"
CM-2018-11-10,claude-monet,1,0,1,city,2018-11-10,2018-11-14,2018,11,november,4,Cleveland|United States,Cleveland,United States,US,CLE,ORD,Americas,Northern America,United Air Lines Inc.,Economy,,0,0,0,1,0.0,0.0,0.7443,0.2557,6.15,17,2,"Cleveland, United States"
CM-2018-12-20,claude-monet,1,0,1,city,2018-12-20,2018-12-25,2018,12,december,5,Cleveland|United States,Cleveland,United States,US,CLE,ORD,Americas,Northern America,United Air Lines Inc.,Economy,holiday_trip,0,0,1,1,0.0,0.0,0.7443,0.2557,4.7,17,2,"Cleveland, United States"
CM-2019-11-09,claude-monet,1,0,1,city,2019-11-09,2019-11-13,2019,11,november,4,Cleveland|United States,Cleveland,United States,US,CLE,ORD,Americas,Northern America,United Air Lines Inc.,Economy,,0,0,0,1,0.0,0.0,0.7443,0.2557,6.15,17,2,"Cleveland, United States"
CM-2019-12-20,claude-monet,1,0,1,city,2019-12-20,2019-12-25,2019,12,december,5,Cleveland|United States,Cleveland,United States,US,CLE,ORD,Americas,Northern America,United Air Lines Inc.,Economy,holiday_trip,0,0,1,1,0.0,0.0,0.7443,0.2557,4.7,17,2,"Cleveland, United States"
CM-2020-11-14,claude-monet,1,0,1,city,2020-11-14,2020-11-18,2020,11,november,4,Cleveland|United States,Cleveland,United States,US,CLE,ORD,Americas,Northern America,United Air Lines Inc.,Economy,,0,0,0,1,0.0,0.0,0.7443,0.2557,6.15,17,2,"Cleveland, United States"
CM-2020-12-20,claude-monet,1,0,1,city,2020-12-20,2020-12-25,2020,12,december,5,Cleveland|United States,Cleveland,United States,US,CLE,ORD,Americas,Northern America,United Air Lines Inc.,Economy,holiday_trip,0,0,1,1,0.0,0.0,0.7443,0.2557,4.7,17,2,"Cleveland, United States"
CM-2021-11-13,claude-monet,1,0,1,city,2021-11-13,2021-11-17,2021,11,november,4,Cleveland|United States,Cleveland,United States,US,CLE,ORD,Americas,Northern America,United Air Lines Inc.,Economy,,0,0,0,1,0.0,0.0,0.7443,0.2557,6.15,17,2,"Cleveland, United States"
CM-2021-12-20,claude-monet,1,0,1,city,2021-12-20,2021-12-25,2021,12,december,5,Cleveland|United States,Cleveland,United States,US,CLE,ORD,Americas,Northern America,United Air Lines Inc.,Economy,holiday_trip,0,0,1,1,0.0,0.0,0.7443,0.2557,4.7,17,2,"Cleveland, United States"
CM-2022-11-12,claude-monet,1,0,1,city,2022-11-12,2022-11-16,2022,11,november,4,Cleveland|United States,Cleveland,United States,US,CLE,ORD,Americas,Northern America,United Air Lines Inc.,Economy,,0,0,0,1,0.0,0.0,0.7443,0.2557,6.15,17,2,"Cleveland, United States"
CM-2022-12-20,claude-monet,1,0,1,city,2022-12-20,2022-12-25,2022,12,december,5,Cleveland|United States,Cleveland,United States,US,CLE,ORD,Americas,Northern America,United Air Lines Inc.,Economy,holiday_trip,0,0,1,1,0.0,0.0,0.7443,0.2557,4.7,17,2,"Cleveland, United States"
CM-2023-11-11,claude-monet,1,0,1,city,2023-11-11,2023-11-15,2023,11,november,4,Cleveland|United States,Cleveland,United States,US,CLE,ORD,Americas,Northern America,United Air Lines Inc.,Economy,,0,0,0,1,0.0,0.0,0.7443,0.2557,6.15,17,2,"Cleveland, United States"
CM-2023-12-20,claude-monet,1,0,1,city,2023-12-20,2023-12-25,2023,12,december,5,Cleveland|United States,Cleveland,United States,US,CLE,ORD,Americas,Northern America,United Air Lines Inc.,Economy,holiday_trip,0,0,1,1,0.0,0.0,0.7443,0.2557,4.7,17,2,"Cleveland, United States"
CM-2024-11-09,claude-monet,1,0,1,city,2024-11-09,2024-11-13,2024,11,november,4,Cleveland|United States,Cleveland,United States,US,CLE,ORD,Americas,Northern America,United Air Lines Inc.,Economy,,0,0,0,1,0.0,0.0,0.7443,0.2557,6.15,17,2,"Cleveland, United States"
CM-2024-12-20,claude-monet,1,0,1,city,2024-12-20,2024-12-25,2024,12,december,5,Cleveland|United States,Cleveland,United States,US,CLE,ORD,Americas,Northern America,United Air Lines Inc.,Economy,holiday_trip,0,0,1,1,0.0,0.0,0.7443,0.2557,4.7,17,2,"Cleveland, United States"
CM-2025-11-08,claude-monet,1,0,1,city,2025-11-08,2025-11-12,2025,11,november,4,Cleveland|United States,Cleveland,United States,US,CLE,ORD,Americas,Northern America,United Air Lines Inc.,Economy,,0,0,0,1,0.0,0.0,0.7443,0.2557,6.15,17,2,"Cleveland, United States"
CM-2025-12-20,claude-monet,1,0,1,city,2025-12-20,2025-12-25,2025,12,december,5,Cleveland|United States,Cleveland,United States,US,CLE,ORD,Americas,Northern America,United Air Lines Inc.,Economy,holiday_trip,0,0,1,1,0.0,0.0,0.7443,0.2557,4.7,17,2,"Cleveland, United States"
OM-2022-09-05,colleen-mccullough,0,0,0,country,2022-09-05,2022-09-14,2022,9,september,9,,,Brazil,BR,,,Americas,South America,,Economy,,0,0,0,0,,,,,,,,Brazil
CO-2015-03-04,conan-o-brien,1,0,1,city,2015-03-04,2015-03-09,2015,3,march,5,Havana|Cuba,Havana,Cuba,CU,HAV,JFK,Americas,Caribbean,JetBlue Airways,First,beach_vacation,1,0,0,1,2.89,0.0,0.5394,0.4606,7.76,4,3,"Havana, Cuba"
CO-2016-01-25,conan-o-brien,1,0,1,city,2016-01-25,2016-01-30,2016,1,january,5,Doha|Qatar,Doha,Qatar,QA,DOH,JFK,Asia,Western Asia,American Airlines Inc.,First,,0,0,0,1,0.0,5.95,0.6467,0.3533,8.03,1,1,"Doha, Qatar"
CO-2016-04-09,conan-o-brien,1,0,1,city,2016-04-09,2016-04-14,2016,4,april,5,Seoul|South Korea,Seoul,South Korea,KR,ICN,JFK,Asia,Eastern Asia,Delta Air Lines Inc.,First,,0,0,0,1,8.12,8.2,0.7671,0.2329,7.63,29,9,"Seoul, South Korea"
CO-2016-12-07,conan-o-brien,1,0,1,city,2016-12-07,2016-12-12,2016,12,december,5,Berlin|Germany,Berlin,Germany,DE,TXL,JFK,Europe,Western Europe,American Airlines Inc.,First,,0,0,0,1,6.71,6.95,0.6483,0.3517,7.17,6,5,"Berlin, Germany"
CO-2017-03-01,conan-o-brien,1,0,1,city,2017-03-01,2017-03-06,2017,3,march,5,Mexico City|Mexico,Mexico City,Mexico,MX,MEX,JFK,Americas,Central America,Delta Air Lines Inc.,First,,0,0,0,1,8.12,6.87,0.7046,0.2954,8.12,43,13,"Mexico City, Mexico"
CO-2017-09-19,conan-o-brien,1,0,1,city,2017-09-19,2017-09-24,2017,9,september,5,Tel Aviv|Israel,Tel Aviv,Israel,IL,TLV,JFK,Asia,Western Asia,Delta Air Lines Inc.,First,beach_vacation,1,0,0,1,4.58,0.0,0.5531,0.4469,8.13,1,1,"Tel Aviv, Israel"
CO-2018-01-27,conan-o-brien,1,0,1,city,2018-01-27,2018-02-01,2018,1,january,5,Port-au-Prince|Haiti,Port-au-Prince,Haiti,HT,PAP,JFK,Americas,Caribbean,Delta Air Lines Inc.,First,beach_vacation,1,0,0,1,0.0,0.0,0.4759,0.5241,7.96,2,2,"Port-au-Prince, Haiti"
CO-2018-04-11,conan-o-brien,1,0,1,city,2018-04-11,2018-04-16,2018,4,april,5,Rome|Italy,Rome,Italy,IT,FCO,JFK,Europe,Southern Europe,Delta Air Lines Inc.,First,,0,0,0,1,8.67,7.27,0.7587,0.2413,7.52,49,25,"Rome, Italy"
CO-2018-11-28,conan-o-brien,1,0,1,city,2018-11-28,2018-12-03,2018,11,november,5,Tokyo|Japan,Tokyo,Japan,JP,NRT,JFK,Asia,Eastern Asia,Delta Air Lines Inc.,First,,0,0,0,1,2.89,9.99,0.7993,0.2007,7.46,80,22,"Tokyo, Japan"
CO-2019-09-03,conan-o-brien,1,0,1,city,2019-09-03,2019-09-08,2019,9,september,5,Copenhagen|Denmark,Copenhagen,Denmark,DK,CPH,JFK,Europe,Northern Europe,Norwegian Air Shuttle ASA,First,,0,0,0,1,7.47,7.03,0.6366,0.3634,7.33,13,5,"Copenhagen, Denmark"
CO-2019-11-07,conan-o-brien,1,0,1,city,2019-11-07,2019-11-12,2019,11,november,5,Accra|Ghana,Accra,Ghana,GH,ACC,JFK,Africa,Western Africa,Delta Air Lines Inc.,First,,0,0,0,1,2.89,0.0,0.4291,0.5709,7.0,2,2,"Accra, Ghana"
CO-2024-04-18,conan-o-brien,1,0,1,city,2024-04-18,2024-04-23,2024,4,april,5,Oslo|Norway,Oslo,Norway,NO,OSL,JFK,Europe,Northern Europe,Norwegian Air Shuttle ASA,First,,0,0,0,1,0.0,5.38,0.6048,0.3952,7.67,1,1,"Oslo, Norway"
CO-2024-04-18-2,conan-o-brien,1,0,1,city,2024-04-18,2024-04-23,2024,4,april,5,Buenos Aires|Argentina,Buenos Aires,Argentina,AR,EZE,JFK,Americas,South America,American Airlines Inc.,First,,0,0,0,1,2.89,6.22,0.6639,0.3361,7.47,22,4,"Buenos Aires, Argentina"
CO-2024-04-18-3,conan-o-brien,1,0,1,city,2024-04-18,2024-04-23,2024,4,april,5,Dublin|Ireland,Dublin,Ireland,IE,DUB,JFK,Europe,Northern Europe,Delta Air Lines Inc.,First,,0,0,0,1,2.89,6.4,0.7288,0.2712,7.1,32,14,"Dublin, Ireland"
CO-2025-05-08,conan-o-brien,1,0,1,city,2025-05-08,2025-05-13,2025,5,may,5,Madrid|Spain,Madrid,Spain,ES,MAD,JFK,Europe,Southern Europe,Delta Air Lines Inc.,First,,0,0,0,1,6.71,8.22,0.7462,0.2538,7.85,51,18,"Madrid, Spain"
CO-2025-05-22,conan-o-brien,1,0,1,city,2025-05-22,2025-05-27,2025,5,may,5,Vienna|Austria,Vienna,Austria,AT,VIE,JFK,Europe,Western Europe,United Air Lines Inc.,First,,0,0,0,1,6.71,7.14,0.644,0.356,7.42,7,3,"Vienna, Austria"
CO-2026-08-28,conan-o-brien,1,0,1,city,2026-08-28,2026-09-02,2026,8,august,5,Amsterdam|Netherlands,Amsterdam,Netherlands,NL,AMS,JFK,Europe,Western Europe,Delta Air Lines Inc.,First,,0,0,0,1,7.47,8.19,0.7822,0.2178,7.42,50,16,"Amsterdam, Netherlands"
CG-2018-01-13,count-greffi,1,0,1,city,2018-01-13,2018-01-20,2018,1,january,7,Montego Bay|Jamaica,Montego Bay,Jamaica,JM,MBJ,BWI,Americas,Caribbean,Southwest Airlines Co.,Economy,,0,0,0,0,,,,,,22,3,"Montego Bay, Jamaica"
CG-2018-08-11,count-greffi,1,0,1,city,2018-08-11,2018-08-18,2018,8,august,7,Montego Bay|Jamaica,Montego Bay,Jamaica,JM,MBJ,BWI,Americas,Caribbean,Southwest Airlines Co.,Economy,,0,0,0,0,,,,,,22,3,"Montego Bay, Jamaica"
CG-2019-01-12,count-greffi,1,0,1,city,2019-01-12,2019-01-19,2019,1,january,7,Montego Bay|Jamaica,Montego Bay,Jamaica,JM,MBJ,BWI,Americas,Caribbean,Southwest Airlines Co.,Economy,,0,0,0,0,,,,,,22,3,"Montego Bay, Jamaica"
CG-2019-08-10,count-greffi,1,0,1,city,2019-08-10,2019-08-17,2019,8,august,7,Montego Bay|Jamaica,Montego Bay,Jamaica,JM,MBJ,BWI,Americas,Caribbean,Southwest Airlines Co.,Economy,,0,0,0,0,,,,,,22,3,"Montego Bay, Jamaica"
CG-2020-01-11,count-greffi,1,0,1,city,2020-01-11,2020-01-18,2020,1,january,7,Montego Bay|Jamaica,Montego Bay,Jamaica,JM,MBJ,BWI,Americas,Caribbean,Southwest Airlines Co.,Economy,,0,0,0,0,,,,,,22,3,"Montego Bay, Jamaica"
CG-2020-08-08,count-greffi,1,0,1,city,2020-08-08,2020-08-15,2020,8,august,7,Montego Bay|Jamaica,Montego Bay,Jamaica,JM,MBJ,BWI,Americas,Caribbean,Southwest Airlines Co.,Economy,,0,0,0,0,,,,,,22,3,"Montego Bay, Jamaica"
CG-2021-01-09,count-greffi,1,0,1,city,2021-01-09,2021-01-16,2021,1,january,7,Montego Bay|Jamaica,Montego Bay,Jamaica,JM,MBJ,BWI,Americas,Caribbean,Southwest Airlines Co.,Economy,,0,0,0,0,,,,,,22,3,"Montego Bay, Jamaica"
CG-2021-08-14,count-greffi,1,0,1,city,2021-08-14,2021-08-21,2021,8,august,7,Montego Bay|Jamaica,Montego Bay,Jamaica,JM,MBJ,BWI,Americas,Caribbean,Southwest Airlines Co.,Economy,,0,0,0,0,,,,,,22,3,"Montego Bay, Jamaica"
CG-2022-01-08,count-greffi,1,0,1,city,2022-01-08,2022-01-15,2022,1,january,7,Montego Bay|Jamaica,Montego Bay,Jamaica,JM,MBJ,BWI,Americas,Caribbean,Southwest Airlines Co.,Economy,,0,0,0,0,,,,,,22,3,"Montego Bay, Jamaica"
CG-2022-08-13,count-greffi,1,0,1,city,2022-08-13,2022-08-20,2022,8,august,7,Montego Bay|Jamaica,Montego Bay,Jamaica,JM,MBJ,BWI,Americas,Caribbean,Southwest Airlines Co.,Economy,,0,0,0,0,,,,,,22,3,"Montego Bay, Jamaica"
CG-2023-01-14,count-greffi,1,0,1,city,2023-01-14,2023-01-21,2023,1,january,7,Montego Bay|Jamaica,Montego Bay,Jamaica,JM,MBJ,BWI,Americas,Caribbean,Southwest Airlines Co.,Economy,,0,0,0,0,,,,,,22,3,"Montego Bay, Jamaica"
CG-2023-08-12,count-greffi,1,0,1,city,2023-08-12,2023-08-19,2023,8,august,7,Montego Bay|Jamaica,Montego Bay,Jamaica,JM,MBJ,BWI,Americas,Caribbean,Southwest Airlines Co.,Economy,,0,0,0,0,,,,,,22,3,"Montego Bay, Jamaica"
CG-2024-01-13,count-greffi,1,0,1,city,2024-01-13,2024-01-20,2024,1,january,7,Montego Bay|Jamaica,Montego Bay,Jamaica,JM,MBJ,BWI,Americas,Caribbean,Southwest Airlines Co.,Economy,,0,0,0,0,,,,,,22,3,"Montego Bay, Jamaica"
CG-2024-08-10,count-greffi,1,0,1,city,2024-08-10,2024-08-17,2024,8,august,7,Montego Bay|Jamaica,Montego Bay,Jamaica,JM,MBJ,BWI,Americas,Caribbean,Southwest Airlines Co.,Economy,,0,0,0,0,,,,,,22,3,"Montego Bay, Jamaica"
CG-2025-01-11,count-greffi,1,0,1,city,2025-01-11,2025-01-18,2025,1,january,7,Montego Bay|Jamaica,Montego Bay,Jamaica,JM,MBJ,BWI,Americas,Caribbean,Southwest Airlines Co.,Economy,,0,0,0,0,,,,,,22,3,"Montego Bay, Jamaica"
CG-2025-08-09,count-greffi,1,0,1,city,2025-08-09,2025-08-16,2025,8,august,7,Montego Bay|Jamaica,Montego Bay,Jamaica,JM,MBJ,BWI,Americas,Caribbean,Southwest Airlines Co.,Economy,,0,0,0,0,,,,,,22,3,"Montego Bay, Jamaica"
CMI-2021-10-08,count-mippipopolous,1,0,1,city,2021-10-08,2021-10-12,2021,10,october,4,Toronto|Canada,Toronto,Canada,CA,YYZ,JFK,Americas,Northern America,Air Canada,Economy,holiday_trip,0,0,1,1,0.0,7.17,0.8369,0.1631,7.34,56,10,"Toronto, Canada"
CMI-2022-10-07,count-mippipopolous,1,0,1,city,2022-10-07,2022-10-11,2022,10,october,4,Toronto|Canada,Toronto,Canada,CA,YYZ,JFK,Americas,Northern America,Air Canada,Economy,holiday_trip,0,0,1,1,0.0,7.17,0.8369,0.1631,7.34,56,10,"Toronto, Canada"
CMI-2023-10-06,count-mippipopolous,1,0,1,city,2023-10-06,2023-10-10,2023,10,october,4,Toronto|Canada,Toronto,Canada,CA,YYZ,JFK,Americas,Northern America,Air Canada,Economy,holiday_trip,0,0,1,1,0.0,7.17,0.8369,0.1631,7.34,56,10,"Toronto, Canada"
CMI-2024-10-11,count-mippipopolous,1,0,1,city,2024-10-11,2024-10-15,2024,10,october,4,Toronto|Canada,Toronto,Canada,CA,YYZ,JFK,Americas,Northern America,Air Canada,Economy,holiday_trip,0,0,1,1,0.0,7.17,0.8369,0.1631,7.34,56,10,"Toronto, Canada"
CMI-2025-10-10,count-mippipopolous,1,0,1,city,2025-10-10,2025-10-14,2025,10,october,4,Toronto|Canada,Toronto,Canada,CA,YYZ,JFK,Americas,Northern America,Air Canada,Economy,holiday_trip,0,0,1,1,0.0,7.17,0.8369,0.1631,7.34,56,10,"Toronto, Canada"
CRO-2016-03-07,cronus,1,0,1,city,2016-03-07,2016-03-14,2016,3,march,7,London|United Kingdom,London,United Kingdom,GB,LHR,DFW,Europe,Northern Europe,American Airlines Inc.,Economy,,0,0,0,1,6.71,9.54,0.8673,0.1327,7.85,135,33,"London, United Kingdom"
CRO-2016-08-15,cronus,1,0,1,city,2016-08-15,2016-08-20,2016,8,august,5,Denver|United States,Denver,United States,US,DEN,DFW,Americas,Northern America,United Air Lines Inc.,Economy,,0,0,0,1,0.0,5.91,0.8445,0.1555,7.58,105,24,"Denver, United States"
CRO-2016-11-22,cronus,1,0,1,city,2016-11-22,2016-11-27,2016,11,november,5,Mexico City|Mexico,Mexico City,Mexico,MX,MEX,DFW,Americas,Central America,American Airlines Inc.,Economy,,0,0,0,1,8.12,6.87,0.7046,0.2954,8.07,43,13,"Mexico City, Mexico"
CRO-2017-03-11,cronus,1,0,1,city,2017-03-11,2017-03-15,2017,3,march,4,Chicago|United States,Chicago,United States,US,ORD,DFW,Americas,Northern America,United Air Lines Inc.,Economy,,0,0,0,1,2.89,7.33,0.9501,0.0499,7.08,57,21,"Chicago, United States"
CRO-2017-08-18,cronus,1,0,1,city,2017-08-18,2017-08-25,2017,8,august,7,San Jose del Cabo|Mexico,San Jose del Cabo,Mexico,MX,SJD,DFW,Americas,Central America,American Airlines Inc.,Economy,beach_vacation,1,0,0,1,2.89,4.48,0.5778,0.4222,,69,12,"San Jose del Cabo, Mexico"
CRO-2017-11-04,cronus,1,0,1,city,2017-11-04,2017-11-09,2017,11,november,5,Miami|United States,Miami,United States,US,MIA,DFW,Americas,Northern America,American Airlines Inc.,Economy,beach_vacation,1,0,0,1,0.0,6.68,0.9,0.1,7.34,57,13,"Miami, United States"
CRO-2018-03-07,cronus,1,0,1,city,2018-03-07,2018-03-14,2018,3,march,7,London|United Kingdom,London,United Kingdom,GB,LHR,DFW,Europe,Northern Europe,British Airways Plc,Economy,,0,0,0,1,6.71,9.54,0.8673,0.1327,7.85,135,33,"London, United Kingdom"
CRO-2018-08-15,cronus,1,0,1,city,2018-08-15,2018-08-20,2018,8,august,5,Denver|United States,Denver,United States,US,DEN,DFW,Americas,Northern America,American Airlines Inc.,Economy,,0,0,0,1,0.0,5.91,0.8445,0.1555,7.58,105,24,"Denver, United States"
CRO-2018-11-22,cronus,1,0,1,city,2018-11-22,2018-11-27,2018,11,november,5,Mexico City|Mexico,Mexico City,Mexico,MX,MEX,DFW,Americas,Central America,Concesionaria Vuela Compania De Aviacion SA de CV (Volaris),Economy,,0,0,0,1,8.12,6.87,0.7046,0.2954,8.07,43,13,"Mexico City, Mexico"
CRO-2019-03-11,cronus,1,0,1,city,2019-03-11,2019-03-15,2019,3,march,4,Chicago|United States,Chicago,United States,US,ORD,DFW,Americas,Northern America,American Airlines Inc.,Economy,,0,0,0,1,2.89,7.33,0.9501,0.0499,7.08,57,21,"Chicago, United States"
CRO-2019-08-18,cronus,1,0,1,city,2019-08-18,2019-08-25,2019,8,august,7,San Jose del Cabo|Mexico,San Jose del Cabo,Mexico,MX,SJD,DFW,Americas,Central America,American Airlines Inc.,Economy,beach_vacation,1,0,0,1,2.89,4.48,0.5778,0.4222,,69,12,"San Jose del Cabo, Mexico"
CRO-2019-11-04,cronus,1,0,1,city,2019-11-04,2019-11-09,2019,11,november,5,Miami|United States,Miami,United States,US,MIA,DFW,Americas,Northern America,Frontier Airlines Inc.,Economy,beach_vacation,1,0,0,1,0.0,6.68,0.9,0.1,7.34,57,13,"Miami, United States"
CRO-2020-03-07,cronus,1,0,1,city,2020-03-07,2020-03-14,2020,3,march,7,London|United Kingdom,London,United Kingdom,GB,LHR,DFW,Europe,Northern Europe,American Airlines Inc.,Economy,,0,0,0,1,6.71,9.54,0.8673,0.1327,7.85,135,33,"London, United Kingdom"
CRO-2020-08-15,cronus,1,0,1,city,2020-08-15,2020-08-20,2020,8,august,5,Denver|United States,Denver,United States,US,DEN,DFW,Americas,Northern America,Frontier Airlines Inc.,Economy,,0,0,0,1,0.0,5.91,0.8445,0.1555,7.58,105,24,"Denver, United States"
CRO-2020-11-22,cronus,1,0,1,city,2020-11-22,2020-11-27,2020,11,november,5,Mexico City|Mexico,Mexico City,Mexico,MX,MEX,DFW,Americas,Central America,Aerolitoral,Economy,,0,0,0,1,8.12,6.87,0.7046,0.2954,8.07,43,13,"Mexico City, Mexico"
CRO-2021-03-11,cronus,1,0,1,city,2021-03-11,2021-03-15,2021,3,march,4,Chicago|United States,Chicago,United States,US,ORD,DFW,Americas,Northern America,Frontier Airlines Inc.,Economy,,0,0,0,1,2.89,7.33,0.9501,0.0499,7.08,57,21,"Chicago, United States"
CRO-2021-08-18,cronus,1,0,1,city,2021-08-18,2021-08-25,2021,8,august,7,San Jose del Cabo|Mexico,San Jose del Cabo,Mexico,MX,SJD,DFW,Americas,Central America,American Airlines Inc.,Economy,beach_vacation,1,0,0,1,2.89,4.48,0.5778,0.4222,,69,12,"San Jose del Cabo, Mexico"
CRO-2021-11-04,cronus,1,0,1,city,2021-11-04,2021-11-09,2021,11,november,5,Miami|United States,Miami,United States,US,MIA,DFW,Americas,Northern America,Spirit Air Lines,Economy,beach_vacation,1,0,0,1,0.0,6.68,0.9,0.1,7.34,57,13,"Miami, United States"
CRO-2022-03-07,cronus,1,0,1,city,2022-03-07,2022-03-14,2022,3,march,7,London|United Kingdom,London,United Kingdom,GB,LHR,DFW,Europe,Northern Europe,British Airways Plc,Economy,,0,0,0,1,6.71,9.54,0.8673,0.1327,7.85,135,33,"London, United Kingdom"
CRO-2022-08-15,cronus,1,0,1,city,2022-08-15,2022-08-20,2022,8,august,5,Denver|United States,Denver,United States,US,DEN,DFW,Americas,Northern America,SkyWest Airlines Inc.,Economy,,0,0,0,1,0.0,5.91,0.8445,0.1555,7.58,105,24,"Denver, United States"
CRO-2022-11-22,cronus,1,0,1,city,2022-11-22,2022-11-27,2022,11,november,5,Mexico City|Mexico,Mexico City,Mexico,MX,MEX,DFW,Americas,Central America,Aeromexico,Economy,,0,0,0,1,8.12,6.87,0.7046,0.2954,8.07,43,13,"Mexico City, Mexico"
CRO-2023-03-11,cronus,1,0,1,city,2023-03-11,2023-03-15,2023,3,march,4,Chicago|United States,Chicago,United States,US,ORD,DFW,Americas,Northern America,Envoy Air,Economy,,0,0,0,1,2.89,7.33,0.9501,0.0499,7.08,57,21,"Chicago, United States"
CRO-2023-08-18,cronus,1,0,1,city,2023-08-18,2023-08-25,2023,8,august,7,San Jose del Cabo|Mexico,San Jose del Cabo,Mexico,MX,SJD,DFW,Americas,Central America,American Airlines Inc.,Economy,beach_vacation,1,0,0,1,2.89,4.48,0.5778,0.4222,,69,12,"San Jose del Cabo, Mexico"
CRO-2023-11-04,cronus,1,0,1,city,2023-11-04,2023-11-09,2023,11,november,5,Miami|United States,Miami,United States,US,MIA,DFW,Americas,Northern America,American Airlines Inc.,Economy,beach_vacation,1,0,0,1,0.0,6.68,0.9,0.1,7.34,57,13,"Miami, United States"
CRO-2024-03-07,cronus,1,0,1,city,2024-03-07,2024-03-14,2024,3,march,7,London|United Kingdom,London,United Kingdom,GB,LHR,DFW,Europe,Northern Europe,American Airlines Inc.,Economy,,0,0,0,1,6.71,9.54,0.8673,0.1327,7.85,135,33,"London, United Kingdom"
CRO-2024-08-15,cronus,1,0,1,city,2024-08-15,2024-08-20,2024,8,august,5,Denver|United States,Denver,United States,US,DEN,DFW,Americas,Northern America,United Air Lines Inc.,Economy,,0,0,0,1,0.0,5.91,0.8445,0.1555,7.58,105,24,"Denver, United States"
CRO-2024-11-22,cronus,1,0,1,city,2024-11-22,2024-11-27,2024,11,november,5,Mexico City|Mexico,Mexico City,Mexico,MX,MEX,DFW,Americas,Central America,American Airlines Inc.,Economy,,0,0,0,1,8.12,6.87,0.7046,0.2954,8.07,43,13,"Mexico City, Mexico"
CRO-2025-03-11,cronus,1,0,1,city,2025-03-11,2025-03-15,2025,3,march,4,Chicago|United States,Chicago,United States,US,ORD,DFW,Americas,Northern America,SkyWest Airlines Inc.,Economy,,0,0,0,1,2.89,7.33,0.9501,0.0499,7.08,57,21,"Chicago, United States"
CRO-2025-08-18,cronus,1,0,1,city,2025-08-18,2025-08-25,2025,8,august,7,San Jose del Cabo|Mexico,San Jose del Cabo,Mexico,MX,SJD,DFW,Americas,Central America,American Airlines Inc.,Economy,beach_vacation,1,0,0,1,2.89,4.48,0.5778,0.4222,,69,12,"San Jose del Cabo, Mexico"
CRO-2025-11-04,cronus,1,0,1,city,2025-11-04,2025-11-09,2025,11,november,5,Miami|United States,Miami,United States,US,MIA,DFW,Americas,Northern America,Frontier Airlines Inc.,Economy,beach_vacation,1,0,0,1,0.0,6.68,0.9,0.1,7.34,57,13,"Miami, United States"
DAE-2016-04-07,daedalus,1,0,1,city,2016-04-07,2016-04-19,2016,4,april,12,Tokyo|Japan,Tokyo,Japan,JP,NRT,SJC,Asia,Eastern Asia,ZIPAIR Tokyo Inc.,Economy,,0,0,0,1,2.89,9.99,0.7993,0.2007,6.91,80,22,"Tokyo, Japan"
DAE-2016-08-15,daedalus,1,0,1,city,2016-08-15,2016-08-21,2016,8,august,6,Los Angeles|United States,Los Angeles,United States,US,LAX,SJC,Americas,Northern America,Southwest Airlines Co.,Economy,beach_vacation,1,0,0,1,2.89,8.2,0.9115,0.0885,8.49,44,11,"Los Angeles, United States"
DAE-2016-12-22,daedalus,1,0,1,city,2016-12-22,2016-12-27,2016,12,december,5,Guadalajara|Mexico,Guadalajara,Mexico,MX,GDL,SJC,Americas,Central America,Concesionaria Vuela Compania De Aviacion SA de CV (Volaris),Economy,holiday_trip,0,0,1,1,4.58,3.79,0.6149,0.3851,8.12,58,10,"Guadalajara, Mexico"
DAE-2017-04-11,daedalus,1,0,1,city,2017-04-11,2017-04-16,2017,4,april,5,Seattle|United States,Seattle,United States,US,SEA,SJC,Americas,Northern America,Alaska Airlines Inc.,Economy,,0,0,0,1,0.0,0.0,0.839,0.161,7.38,38,8,"Seattle, United States"
DAE-2017-08-18,daedalus,1,0,1,city,2017-08-18,2017-08-24,2017,8,august,6,Puerto Vallarta|Mexico,Puerto Vallarta,Mexico,MX,PVR,SJC,Americas,Central America,Alaska Airlines Inc.,Economy,beach_vacation,1,0,0,1,2.89,1.74,0.5511,0.4489,,36,8,"Puerto Vallarta, Mexico"
DAE-2017-12-04,daedalus,1,0,1,city,2017-12-04,2017-12-09,2017,12,december,5,Denver|United States,Denver,United States,US,DEN,SJC,Americas,Northern America,United Air Lines Inc.,Economy,ski_trip,0,1,0,1,0.0,5.91,0.8445,0.1555,6.47,105,24,"Denver, United States"
DAE-2018-04-07,daedalus,1,0,1,city,2018-04-07,2018-04-19,2018,4,april,12,Tokyo|Japan,Tokyo,Japan,JP,NRT,SJC,Asia,Eastern Asia,ZIPAIR Tokyo Inc.,Economy,,0,0,0,1,2.89,9.99,0.7993,0.2007,6.91,80,22,"Tokyo, Japan"
DAE-2018-08-15,daedalus,1,0,1,city,2018-08-15,2018-08-21,2018,8,august,6,Los Angeles|United States,Los Angeles,United States,US,LAX,SJC,Americas,Northern America,Frontier Airlines Inc.,Economy,beach_vacation,1,0,0,1,2.89,8.2,0.9115,0.0885,8.49,44,11,"Los Angeles, United States"
DAE-2018-12-22,daedalus,1,0,1,city,2018-12-22,2018-12-27,2018,12,december,5,Guadalajara|Mexico,Guadalajara,Mexico,MX,GDL,SJC,Americas,Central America,Alaska Airlines Inc.,Economy,holiday_trip,0,0,1,1,4.58,3.79,0.6149,0.3851,8.12,58,10,"Guadalajara, Mexico"
DAE-2019-04-11,daedalus,1,0,1,city,2019-04-11,2019-04-16,2019,4,april,5,Seattle|United States,Seattle,United States,US,SEA,SJC,Americas,Northern America,Southwest Airlines Co.,Economy,,0,0,0,1,0.0,0.0,0.839,0.161,7.38,38,8,"Seattle, United States"
DAE-2019-08-18,daedalus,1,0,1,city,2019-08-18,2019-08-24,2019,8,august,6,Puerto Vallarta|Mexico,Puerto Vallarta,Mexico,MX,PVR,SJC,Americas,Central America,Alaska Airlines Inc.,Economy,beach_vacation,1,0,0,1,2.89,1.74,0.5511,0.4489,,36,8,"Puerto Vallarta, Mexico"
DAE-2019-12-04,daedalus,1,0,1,city,2019-12-04,2019-12-09,2019,12,december,5,Denver|United States,Denver,United States,US,DEN,SJC,Americas,Northern America,Southwest Airlines Co.,Economy,ski_trip,0,1,0,1,0.0,5.91,0.8445,0.1555,6.47,105,24,"Denver, United States"
DAE-2020-04-07,daedalus,1,0,1,city,2020-04-07,2020-04-19,2020,4,april,12,Tokyo|Japan,Tokyo,Japan,JP,NRT,SJC,Asia,Eastern Asia,ZIPAIR Tokyo Inc.,Economy,,0,0,0,1,2.89,9.99,0.7993,0.2007,6.91,80,22,"Tokyo, Japan"
DAE-2020-08-15,daedalus,1,0,1,city,2020-08-15,2020-08-21,2020,8,august,6,Los Angeles|United States,Los Angeles,United States,US,LAX,SJC,Americas,Northern America,Delta Air Lines Inc.,Economy,beach_vacation,1,0,0,1,2.89,8.2,0.9115,0.0885,8.49,44,11,"Los Angeles, United States"
DAE-2020-12-22,daedalus,1,0,1,city,2020-12-22,2020-12-27,2020,12,december,5,Guadalajara|Mexico,Guadalajara,Mexico,MX,GDL,SJC,Americas,Central America,Concesionaria Vuela Compania De Aviacion SA de CV (Volaris),Economy,holiday_trip,0,0,1,1,4.58,3.79,0.6149,0.3851,8.12,58,10,"Guadalajara, Mexico"
DAE-2021-04-11,daedalus,1,0,1,city,2021-04-11,2021-04-16,2021,4,april,5,Seattle|United States,Seattle,United States,US,SEA,SJC,Americas,Northern America,SkyWest Airlines Inc.,Economy,,0,0,0,1,0.0,0.0,0.839,0.161,7.38,38,8,"Seattle, United States"
DAE-2021-08-18,daedalus,1,0,1,city,2021-08-18,2021-08-24,2021,8,august,6,Puerto Vallarta|Mexico,Puerto Vallarta,Mexico,MX,PVR,SJC,Americas,Central America,Alaska Airlines Inc.,Economy,beach_vacation,1,0,0,1,2.89,1.74,0.5511,0.4489,,36,8,"Puerto Vallarta, Mexico"
DAE-2021-12-04,daedalus,1,0,1,city,2021-12-04,2021-12-09,2021,12,december,5,Denver|United States,Denver,United States,US,DEN,SJC,Americas,Northern America,United Air Lines Inc.,Economy,ski_trip,0,1,0,1,0.0,5.91,0.8445,0.1555,6.47,105,24,"Denver, United States"
DAE-2022-04-07,daedalus,1,0,1,city,2022-04-07,2022-04-19,2022,4,april,12,Tokyo|Japan,Tokyo,Japan,JP,NRT,SJC,Asia,Eastern Asia,ZIPAIR Tokyo Inc.,Economy,,0,0,0,1,2.89,9.99,0.7993,0.2007,6.91,80,22,"Tokyo, Japan"
DAE-2022-08-15,daedalus,1,0,1,city,2022-08-15,2022-08-21,2022,8,august,6,Los Angeles|United States,Los Angeles,United States,US,LAX,SJC,Americas,Northern America,SkyWest Airlines Inc.,Economy,beach_vacation,1,0,0,1,2.89,8.2,0.9115,0.0885,8.49,44,11,"Los Angeles, United States"
DAE-2022-12-22,daedalus,1,0,1,city,2022-12-22,2022-12-27,2022,12,december,5,Guadalajara|Mexico,Guadalajara,Mexico,MX,GDL,SJC,Americas,Central America,Alaska Airlines Inc.,Economy,holiday_trip,0,0,1,1,4.58,3.79,0.6149,0.3851,8.12,58,10,"Guadalajara, Mexico"
DAE-2023-04-11,daedalus,1,0,1,city,2023-04-11,2023-04-16,2023,4,april,5,Seattle|United States,Seattle,United States,US,SEA,SJC,Americas,Northern America,Alaska Airlines Inc.,Economy,,0,0,0,1,0.0,0.0,0.839,0.161,7.38,38,8,"Seattle, United States"
DAE-2023-08-18,daedalus,1,0,1,city,2023-08-18,2023-08-24,2023,8,august,6,Puerto Vallarta|Mexico,Puerto Vallarta,Mexico,MX,PVR,SJC,Americas,Central America,Alaska Airlines Inc.,Economy,beach_vacation,1,0,0,1,2.89,1.74,0.5511,0.4489,,36,8,"Puerto Vallarta, Mexico"
DAE-2023-12-04,daedalus,1,0,1,city,2023-12-04,2023-12-09,2023,12,december,5,Denver|United States,Denver,United States,US,DEN,SJC,Americas,Northern America,Southwest Airlines Co.,Economy,ski_trip,0,1,0,1,0.0,5.91,0.8445,0.1555,6.47,105,24,"Denver, United States"
DAE-2024-04-07,daedalus,1,0,1,city,2024-04-07,2024-04-19,2024,4,april,12,Tokyo|Japan,Tokyo,Japan,JP,NRT,SJC,Asia,Eastern Asia,ZIPAIR Tokyo Inc.,Economy,,0,0,0,1,2.89,9.99,0.7993,0.2007,6.91,80,22,"Tokyo, Japan"
DAE-2024-08-15,daedalus,1,0,1,city,2024-08-15,2024-08-21,2024,8,august,6,Los Angeles|United States,Los Angeles,United States,US,LAX,SJC,Americas,Northern America,Southwest Airlines Co.,Economy,beach_vacation,1,0,0,1,2.89,8.2,0.9115,0.0885,8.49,44,11,"Los Angeles, United States"
DAE-2024-12-22,daedalus,1,0,1,city,2024-12-22,2024-12-27,2024,12,december,5,Guadalajara|Mexico,Guadalajara,Mexico,MX,GDL,SJC,Americas,Central America,Concesionaria Vuela Compania De Aviacion SA de CV (Volaris),Economy,holiday_trip,0,0,1,1,4.58,3.79,0.6149,0.3851,8.12,58,10,"Guadalajara, Mexico"
DAE-2025-04-11,daedalus,1,0,1,city,2025-04-11,2025-04-16,2025,4,april,5,Seattle|United States,Seattle,United States,US,SEA,SJC,Americas,Northern America,Southwest Airlines Co.,Economy,,0,0,0,1,0.0,0.0,0.839,0.161,7.38,38,8,"Seattle, United States"
DAE-2025-08-18,daedalus,1,0,1,city,2025-08-18,2025-08-24,2025,8,august,6,Puerto Vallarta|Mexico,Puerto Vallarta,Mexico,MX,PVR,SJC,Americas,Central America,Alaska Airlines Inc.,Economy,beach_vacation,1,0,0,1,2.89,1.74,0.5511,0.4489,,36,8,"Puerto Vallarta, Mexico"
DAE-2025-12-04,daedalus,1,0,1,city,2025-12-04,2025-12-09,2025,12,december,5,Denver|United States,Denver,United States,US,DEN,SJC,Americas,Northern America,United Air Lines Inc.,Economy,ski_trip,0,1,0,1,0.0,5.91,0.8445,0.1555,6.47,105,24,"Denver, United States"
DH-2018-01-13,danny-hogan,1,0,1,city,2018-01-13,2018-01-20,2018,1,january,7,San Jose del Cabo|Mexico,San Jose del Cabo,Mexico,MX,SJD,SFO,Americas,Central America,Alaska Airlines Inc.,Economy,beach_vacation,1,0,0,1,2.89,4.48,0.5778,0.4222,,69,12,"San Jose del Cabo, Mexico"
DH-2018-04-14,danny-hogan,1,0,1,city,2018-04-14,2018-04-18,2018,4,april,4,New York City|United States,New York City,United States,US,JFK,SFO,Americas,Northern America,Alaska Airlines Inc.,Economy,,0,0,0,1,4.58,9.36,0.95,0.05,7.13,24,4,"New York City, United States"
DH-2018-08-11,danny-hogan,1,0,1,city,2018-08-11,2018-08-17,2018,8,august,6,Puerto Vallarta|Mexico,Puerto Vallarta,Mexico,MX,PVR,SFO,Americas,Central America,Alaska Airlines Inc.,Economy,beach_vacation,1,0,0,1,2.89,1.74,0.5511,0.4489,,36,8,"Puerto Vallarta, Mexico"
DH-2018-11-10,danny-hogan,1,0,1,city,2018-11-10,2018-11-15,2018,11,november,5,Orlando|United States,Orlando,United States,US,MCO,SFO,Americas,Northern America,Alaska Airlines Inc.,Economy,beach_vacation,1,0,0,1,0.0,6.53,0.8513,0.1487,7.96,158,26,"Orlando, United States"
DH-2019-01-12,danny-hogan,1,0,1,city,2019-01-12,2019-01-19,2019,1,january,7,San Jose del Cabo|Mexico,San Jose del Cabo,Mexico,MX,SJD,SFO,Americas,Central America,Alaska Airlines Inc.,Economy,beach_vacation,1,0,0,1,2.89,4.48,0.5778,0.4222,,69,12,"San Jose del Cabo, Mexico"
DH-2019-04-13,danny-hogan,1,0,1,city,2019-04-13,2019-04-17,2019,4,april,4,New York City|United States,New York City,United States,US,JFK,SFO,Americas,Northern America,Alaska Airlines Inc.,Economy,,0,0,0,1,4.58,9.36,0.95,0.05,7.13,24,4,"New York City, United States"
DH-2019-08-10,danny-hogan,1,0,1,city,2019-08-10,2019-08-16,2019,8,august,6,Puerto Vallarta|Mexico,Puerto Vallarta,Mexico,MX,PVR,SFO,Americas,Central America,Alaska Airlines Inc.,Economy,beach_vacation,1,0,0,1,2.89,1.74,0.5511,0.4489,,36,8,"Puerto Vallarta, Mexico"
DH-2019-11-09,danny-hogan,1,0,1,city,2019-11-09,2019-11-14,2019,11,november,5,Orlando|United States,Orlando,United States,US,MCO,SFO,Americas,Northern America,Alaska Airlines Inc.,Economy,beach_vacation,1,0,0,1,0.0,6.53,0.8513,0.1487,7.96,158,26,"Orlando, United States"
DH-2020-01-11,danny-hogan,1,0,1,city,2020-01-11,2020-01-18,2020,1,january,7,San Jose del Cabo|Mexico,San Jose del Cabo,Mexico,MX,SJD,SFO,Americas,Central America,Alaska Airlines Inc.,Economy,beach_vacation,1,0,0,1,2.89,4.48,0.5778,0.4222,,69,12,"San Jose del Cabo, Mexico"
DH-2020-04-11,danny-hogan,1,0,1,city,2020-04-11,2020-04-15,2020,4,april,4,New York City|United States,New York City,United States,US,JFK,SFO,Americas,Northern America,Alaska Airlines Inc.,Economy,,0,0,0,1,4.58,9.36,0.95,0.05,7.13,24,4,"New York City, United States"
DH-2020-08-08,danny-hogan,1,0,1,city,2020-08-08,2020-08-14,2020,8,august,6,Puerto Vallarta|Mexico,Puerto Vallarta,Mexico,MX,PVR,SFO,Americas,Central America,Alaska Airlines Inc.,Economy,beach_vacation,1,0,0,1,2.89,1.74,0.5511,0.4489,,36,8,"Puerto Vallarta, Mexico"
DH-2020-11-14,danny-hogan,1,0,1,city,2020-11-14,2020-11-19,2020,11,november,5,Orlando|United States,Orlando,United States,US,MCO,SFO,Americas,Northern America,Alaska Airlines Inc.,Economy,beach_vacation,1,0,0,1,0.0,6.53,0.8513,0.1487,7.96,158,26,"Orlando, United States"
DH-2021-01-09,danny-hogan,1,0,1,city,2021-01-09,2021-01-16,2021,1,january,7,San Jose del Cabo|Mexico,San Jose del Cabo,Mexico,MX,SJD,SFO,Americas,Central America,Alaska Airlines Inc.,Economy,beach_vacation,1,0,0,1,2.89,4.48,0.5778,0.4222,,69,12,"San Jose del Cabo, Mexico"
DH-2021-04-10,danny-hogan,1,0,1,city,2021-04-10,2021-04-14,2021,4,april,4,New York City|United States,New York City,United States,US,JFK,SFO,Americas,Northern America,Alaska Airlines Inc.,Economy,,0,0,0,1,4.58,9.36,0.95,0.05,7.13,24,4,"New York City, United States"
DH-2021-08-14,danny-hogan,1,0,1,city,2021-08-14,2021-08-20,2021,8,august,6,Puerto Vallarta|Mexico,Puerto Vallarta,Mexico,MX,PVR,SFO,Americas,Central America,Alaska Airlines Inc.,Economy,beach_vacation,1,0,0,1,2.89,1.74,0.5511,0.4489,,36,8,"Puerto Vallarta, Mexico"
DH-2021-11-13,danny-hogan,1,0,1,city,2021-11-13,2021-11-18,2021,11,november,5,Orlando|United States,Orlando,United States,US,MCO,SFO,Americas,Northern America,Alaska Airlines Inc.,Economy,beach_vacation,1,0,0,1,0.0,6.53,0.8513,0.1487,7.96,158,26,"Orlando, United States"
DH-2022-01-08,danny-hogan,1,0,1,city,2022-01-08,2022-01-15,2022,1,january,7,San Jose del Cabo|Mexico,San Jose del Cabo,Mexico,MX,SJD,SFO,Americas,Central America,Alaska Airlines Inc.,Economy,beach_vacation,1,0,0,1,2.89,4.48,0.5778,0.4222,,69,12,"San Jose del Cabo, Mexico"
DH-2022-04-09,danny-hogan,1,0,1,city,2022-04-09,2022-04-13,2022,4,april,4,New York City|United States,New York City,United States,US,JFK,SFO,Americas,Northern America,Alaska Airlines Inc.,Economy,,0,0,0,1,4.58,9.36,0.95,0.05,7.13,24,4,"New York City, United States"
DH-2022-08-13,danny-hogan,1,0,1,city,2022-08-13,2022-08-19,2022,8,august,6,Puerto Vallarta|Mexico,Puerto Vallarta,Mexico,MX,PVR,SFO,Americas,Central America,Alaska Airlines Inc.,Economy,beach_vacation,1,0,0,1,2.89,1.74,0.5511,0.4489,,36,8,"Puerto Vallarta, Mexico"
DH-2022-11-12,danny-hogan,1,0,1,city,2022-11-12,2022-11-17,2022,11,november,5,Orlando|United States,Orlando,United States,US,MCO,SFO,Americas,Northern America,Alaska Airlines Inc.,Economy,beach_vacation,1,0,0,1,0.0,6.53,0.8513,0.1487,7.96,158,26,"Orlando, United States"
DH-2023-01-14,danny-hogan,1,0,1,city,2023-01-14,2023-01-21,2023,1,january,7,San Jose del Cabo|Mexico,San Jose del Cabo,Mexico,MX,SJD,SFO,Americas,Central America,Alaska Airlines Inc.,Economy,beach_vacation,1,0,0,1,2.89,4.48,0.5778,0.4222,,69,12,"San Jose del Cabo, Mexico"
DH-2023-04-08,danny-hogan,1,0,1,city,2023-04-08,2023-04-12,2023,4,april,4,New York City|United States,New York City,United States,US,JFK,SFO,Americas,Northern America,Alaska Airlines Inc.,Economy,,0,0,0,1,4.58,9.36,0.95,0.05,7.13,24,4,"New York City, United States"
DH-2023-08-12,danny-hogan,1,0,1,city,2023-08-12,2023-08-18,2023,8,august,6,Puerto Vallarta|Mexico,Puerto Vallarta,Mexico,MX,PVR,SFO,Americas,Central America,Alaska Airlines Inc.,Economy,beach_vacation,1,0,0,1,2.89,1.74,0.5511,0.4489,,36,8,"Puerto Vallarta, Mexico"
DH-2023-11-11,danny-hogan,1,0,1,city,2023-11-11,2023-11-16,2023,11,november,5,Orlando|United States,Orlando,United States,US,MCO,SFO,Americas,Northern America,Alaska Airlines Inc.,Economy,beach_vacation,1,0,0,1,0.0,6.53,0.8513,0.1487,7.96,158,26,"Orlando, United States"
DH-2024-01-13,danny-hogan,1,0,1,city,2024-01-13,2024-01-20,2024,1,january,7,San Jose del Cabo|Mexico,San Jose del Cabo,Mexico,MX,SJD,SFO,Americas,Central America,Alaska Airlines Inc.,Economy,beach_vacation,1,0,0,1,2.89,4.48,0.5778,0.4222,,69,12,"San Jose del Cabo, Mexico"
DH-2024-04-13,danny-hogan,1,0,1,city,2024-04-13,2024-04-17,2024,4,april,4,New York City|United States,New York City,United States,US,JFK,SFO,Americas,Northern America,Alaska Airlines Inc.,Economy,,0,0,0,1,4.58,9.36,0.95,0.05,7.13,24,4,"New York City, United States"
DH-2024-08-10,danny-hogan,1,0,1,city,2024-08-10,2024-08-16,2024,8,august,6,Puerto Vallarta|Mexico,Puerto Vallarta,Mexico,MX,PVR,SFO,Americas,Central America,Alaska Airlines Inc.,Economy,beach_vacation,1,0,0,1,2.89,1.74,0.5511,0.4489,,36,8,"Puerto Vallarta, Mexico"
DH-2024-11-09,danny-hogan,1,0,1,city,2024-11-09,2024-11-14,2024,11,november,5,Orlando|United States,Orlando,United States,US,MCO,SFO,Americas,Northern America,Alaska Airlines Inc.,Economy,beach_vacation,1,0,0,1,0.0,6.53,0.8513,0.1487,7.96,158,26,"Orlando, United States"
DH-2025-01-11,danny-hogan,1,0,1,city,2025-01-11,2025-01-18,2025,1,january,7,San Jose del Cabo|Mexico,San Jose del Cabo,Mexico,MX,SJD,SFO,Americas,Central America,Alaska Airlines Inc.,Economy,beach_vacation,1,0,0,1,2.89,4.48,0.5778,0.4222,,69,12,"San Jose del Cabo, Mexico"
DH-2025-04-12,danny-hogan,1,0,1,city,2025-04-12,2025-04-16,2025,4,april,4,New York City|United States,New York City,United States,US,JFK,SFO,Americas,Northern America,Alaska Airlines Inc.,Economy,,0,0,0,1,4.58,9.36,0.95,0.05,7.13,24,4,"New York City, United States"
DH-2025-08-09,danny-hogan,1,0,1,city,2025-08-09,2025-08-15,2025,8,august,6,Puerto Vallarta|Mexico,Puerto Vallarta,Mexico,MX,PVR,SFO,Americas,Central America,Alaska Airlines Inc.,Economy,beach_vacation,1,0,0,1,2.89,1.74,0.5511,0.4489,,36,8,"Puerto Vallarta, Mexico"
DH-2025-11-08,danny-hogan,1,0,1,city,2025-11-08,2025-11-13,2025,11,november,5,Orlando|United States,Orlando,United States,US,MCO,SFO,Americas,Northern America,Alaska Airlines Inc.,Economy,beach_vacation,1,0,0,1,0.0,6.53,0.8513,0.1487,7.96,158,26,"Orlando, United States"
MR-2025-02-14,dante-alighieri,1,0,0,city,2025-02-14,2025-02-20,2025,2,february,6,Rome|Italy,Rome,Italy,IT,,,Europe,Southern Europe,,Economy,,0,0,0,1,8.67,7.27,0.7587,0.2413,7.26,49,25,Rome
SJ2-2023-08-15,daphne-du-maurier,1,0,0,city,2023-08-15,2023-08-29,2023,8,august,14,New York|United States,New York,United States,US,,,Americas,Northern America,,Economy,,0,0,0,1,4.58,9.36,0.95,0.05,7.8,69,13,"New York, USA"
DC-2019-10-23,david-chang,1,0,1,city,2019-10-23,2019-10-28,2019,10,october,5,Vancouver|Canada,Vancouver,Canada,CA,YVR,JFK,Americas,Northern America,Cathay Pacific Airways Ltd.,First,,0,0,0,1,0.0,6.85,0.7561,0.2439,6.39,13,6,"Vancouver, Canada"
DC-2019-10-23-2,david-chang,1,0,1,city,2019-10-23,2019-10-28,2019,10,october,5,Casablanca|Morocco,Casablanca,Morocco,MA,CMN,JFK,Africa,Northern Africa,Royal Air Maroc,First,beach_vacation,1,0,0,1,0.0,0.0,0.5514,0.4486,8.02,3,2,"Casablanca, Morocco"
DC-2019-10-23-3,david-chang,1,0,1,city,2019-10-23,2019-10-28,2019,10,october,5,Los Angeles|United States,Los Angeles,United States,US,LAX,JFK,Americas,Northern America,Delta Air Lines Inc.,First,beach_vacation,1,0,0,1,2.89,8.2,0.9115,0.0885,8.14,44,11,"Los Angeles, United States"
DEM-2019-01-07,demeter,1,0,1,city,2019-01-07,2019-01-14,2019,1,january,7,Cancun|Mexico,Cancun,Mexico,MX,CUN,DFW,Americas,Central America,American Airlines Inc.,Economy,beach_vacation,1,0,0,1,0.0,2.83,0.6899,0.3101,7.09,173,36,"Cancun, Mexico"
DEM-2019-05-15,demeter,1,0,1,city,2019-05-15,2019-05-21,2019,5,may,6,Los Angeles|United States,Los Angeles,United States,US,LAX,DFW,Americas,Northern America,American Airlines Inc.,Economy,beach_vacation,1,0,0,1,2.89,8.2,0.9115,0.0885,8.34,44,11,"Los Angeles, United States"
DEM-2019-09-22,demeter,1,0,1,city,2019-09-22,2019-09-30,2019,9,september,8,Madrid|Spain,Madrid,Spain,ES,MAD,DFW,Europe,Southern Europe,American Airlines Inc.,Economy,,0,0,0,1,6.71,8.22,0.7462,0.2538,8.14,51,18,"Madrid, Spain"
DEM-2019-12-11,demeter,1,0,1,city,2019-12-11,2019-12-15,2019,12,december,4,Minneapolis|United States,Minneapolis,United States,US,MSP,DFW,Americas,Northern America,Delta Air Lines Inc.,Economy,,0,0,0,1,0.0,0.0,0.8175,0.1825,5.39,10,3,"Minneapolis, United States"
DEM-2020-01-18,demeter,1,0,1,city,2020-01-18,2020-01-23,2020,1,january,5,Guadalajara|Mexico,Guadalajara,Mexico,MX,GDL,DFW,Americas,Central America,American Airlines Inc.,Economy,,0,0,0,1,4.58,3.79,0.6149,0.3851,7.95,58,10,"Guadalajara, Mexico"
DEM-2020-05-04,demeter,1,0,1,city,2020-05-04,2020-05-08,2020,5,may,4,Salt Lake City|United States,Salt Lake City,United States,US,SLC,DFW,Americas,Northern America,Delta Air Lines Inc.,Economy,,0,0,0,1,0.0,0.0,0.7596,0.2404,7.88,26,7,"Salt Lake City, United States"
DEM-2020-09-07,demeter,1,0,1,city,2020-09-07,2020-09-14,2020,9,september,7,Cancun|Mexico,Cancun,Mexico,MX,CUN,DFW,Americas,Central America,Spirit Air Lines,Economy,beach_vacation,1,0,0,1,0.0,2.83,0.6899,0.3101,6.86,173,36,"Cancun, Mexico"
DEM-2020-12-15,demeter,1,0,1,city,2020-12-15,2020-12-21,2020,12,december,6,Los Angeles|United States,Los Angeles,United States,US,LAX,DFW,Americas,Northern America,Frontier Airlines Inc.,Economy,,0,0,0,1,2.89,8.2,0.9115,0.0885,7.68,44,11,"Los Angeles, United States"
DEM-2021-01-22,demeter,1,0,1,city,2021-01-22,2021-01-30,2021,1,january,8,Madrid|Spain,Madrid,Spain,ES,MAD,DFW,Europe,Southern Europe,Iberia Air Lines Of Spain,Economy,,0,0,0,1,6.71,8.22,0.7462,0.2538,7.02,51,18,"Madrid, Spain"
DEM-2021-05-11,demeter,1,0,1,city,2021-05-11,2021-05-15,2021,5,may,4,Minneapolis|United States,Minneapolis,United States,US,MSP,DFW,Americas,Northern America,American Airlines Inc.,Economy,,0,0,0,1,0.0,0.0,0.8175,0.1825,7.39,10,3,"Minneapolis, United States"
DEM-2021-09-18,demeter,1,0,1,city,2021-09-18,2021-09-23,2021,9,september,5,Guadalajara|Mexico,Guadalajara,Mexico,MX,GDL,DFW,Americas,Central America,Concesionaria Vuela Compania De Aviacion SA de CV (Volaris),Economy,,0,0,0,1,4.58,3.79,0.6149,0.3851,7.12,58,10,"Guadalajara, Mexico"
DEM-2021-12-04,demeter,1,0,1,city,2021-12-04,2021-12-08,2021,12,december,4,Salt Lake City|United States,Salt Lake City,United States,US,SLC,DFW,Americas,Northern America,American Airlines Inc.,Economy,ski_trip,0,1,0,1,0.0,0.0,0.7596,0.2404,7.21,26,7,"Salt Lake City, United States"
DEM-2022-01-07,demeter,1,0,1,city,2022-01-07,2022-01-14,2022,1,january,7,Cancun|Mexico,Cancun,Mexico,MX,CUN,DFW,Americas,Central America,Frontier Airlines Inc.,Economy,beach_vacation,1,0,0,1,0.0,2.83,0.6899,0.3101,7.09,173,36,"Cancun, Mexico"
DEM-2022-05-15,demeter,1,0,1,city,2022-05-15,2022-05-21,2022,5,may,6,Los Angeles|United States,Los Angeles,United States,US,LAX,DFW,Americas,Northern America,Spirit Air Lines,Economy,beach_vacation,1,0,0,1,2.89,8.2,0.9115,0.0885,8.34,44,11,"Los Angeles, United States"
DEM-2022-09-22,demeter,1,0,1,city,2022-09-22,2022-09-30,2022,9,september,8,Madrid|Spain,Madrid,Spain,ES,MAD,DFW,Europe,Southern Europe,American Airlines Inc.,Economy,,0,0,0,1,6.71,8.22,0.7462,0.2538,8.14,51,18,"Madrid, Spain"
DEM-2022-12-11,demeter,1,0,1,city,2022-12-11,2022-12-15,2022,12,december,4,Minneapolis|United States,Minneapolis,United States,US,MSP,DFW,Americas,Northern America,Frontier Airlines Inc.,Economy,,0,0,0,1,0.0,0.0,0.8175,0.1825,5.39,10,3,"Minneapolis, United States"
DEM-2023-01-18,demeter,1,0,1,city,2023-01-18,2023-01-23,2023,1,january,5,Guadalajara|Mexico,Guadalajara,Mexico,MX,GDL,DFW,Americas,Central America,American Airlines Inc.,Economy,,0,0,0,1,4.58,3.79,0.6149,0.3851,7.95,58,10,"Guadalajara, Mexico"
DEM-2023-05-04,demeter,1,0,1,city,2023-05-04,2023-05-08,2023,5,may,4,Salt Lake City|United States,Salt Lake City,United States,US,SLC,DFW,Americas,Northern America,Frontier Airlines Inc.,Economy,,0,0,0,1,0.0,0.0,0.7596,0.2404,7.88,26,7,"Salt Lake City, United States"
DEM-2023-09-07,demeter,1,0,1,city,2023-09-07,2023-09-14,2023,9,september,7,Cancun|Mexico,Cancun,Mexico,MX,CUN,DFW,Americas,Central America,Sun Country Airlines d/b/a MN Airlines,Economy,beach_vacation,1,0,0,1,0.0,2.83,0.6899,0.3101,6.86,173,36,"Cancun, Mexico"
DEM-2023-12-15,demeter,1,0,1,city,2023-12-15,2023-12-21,2023,12,december,6,Los Angeles|United States,Los Angeles,United States,US,LAX,DFW,Americas,Northern America,Cathay Pacific Airways Ltd.,Economy,,0,0,0,1,2.89,8.2,0.9115,0.0885,7.68,44,11,"Los Angeles, United States"
DEM-2024-01-22,demeter,1,0,1,city,2024-01-22,2024-01-30,2024,1,january,8,Madrid|Spain,Madrid,Spain,ES,MAD,DFW,Europe,Southern Europe,Iberia Air Lines Of Spain,Economy,,0,0,0,1,6.71,8.22,0.7462,0.2538,7.02,51,18,"Madrid, Spain"
DEM-2024-05-11,demeter,1,0,1,city,2024-05-11,2024-05-15,2024,5,may,4,Minneapolis|United States,Minneapolis,United States,US,MSP,DFW,Americas,Northern America,Sun Country Airlines d/b/a MN Airlines,Economy,,0,0,0,1,0.0,0.0,0.8175,0.1825,7.39,10,3,"Minneapolis, United States"
DEM-2024-09-18,demeter,1,0,1,city,2024-09-18,2024-09-23,2024,9,september,5,Guadalajara|Mexico,Guadalajara,Mexico,MX,GDL,DFW,Americas,Central America,Concesionaria Vuela Compania De Aviacion SA de CV (Volaris),Economy,,0,0,0,1,4.58,3.79,0.6149,0.3851,7.12,58,10,"Guadalajara, Mexico"
DEM-2024-12-04,demeter,1,0,1,city,2024-12-04,2024-12-08,2024,12,december,4,Salt Lake City|United States,Salt Lake City,United States,US,SLC,DFW,Americas,Northern America,SkyWest Airlines Inc.,Economy,ski_trip,0,1,0,1,0.0,0.0,0.7596,0.2404,7.21,26,7,"Salt Lake City, United States"
DEM-2025-01-07,demeter,1,0,1,city,2025-01-07,2025-01-14,2025,1,january,7,Cancun|Mexico,Cancun,Mexico,MX,CUN,DFW,Americas,Central America,American Airlines Inc.,Economy,beach_vacation,1,0,0,1,0.0,2.83,0.6899,0.3101,7.09,173,36,"Cancun, Mexico"
DEM-2025-05-15,demeter,1,0,1,city,2025-05-15,2025-05-21,2025,5,may,6,Los Angeles|United States,Los Angeles,United States,US,LAX,DFW,Americas,Northern America,Delta Air Lines Inc.,Economy,beach_vacation,1,0,0,1,2.89,8.2,0.9115,0.0885,8.34,44,11,"Los Angeles, United States"
DEM-2025-09-22,demeter,1,0,1,city,2025-09-22,2025-09-30,2025,9,september,8,Madrid|Spain,Madrid,Spain,ES,MAD,DFW,Europe,Southern Europe,American Airlines Inc.,Economy,,0,0,0,1,6.71,8.22,0.7462,0.2538,8.14,51,18,"Madrid, Spain"
DEM-2025-12-11,demeter,1,0,1,city,2025-12-11,2025-12-15,2025,12,december,4,Minneapolis|United States,Minneapolis,United States,US,MSP,DFW,Americas,Northern America,Delta Air Lines Inc.,Economy,,0,0,0,1,0.0,0.0,0.8175,0.1825,5.39,10,3,"Minneapolis, United States"
LW-2024-06-10,ding-ling,1,0,0,city,2024-06-10,2024-06-18,2024,6,june,8,Honolulu|United States,Honolulu,United States,US,,,Americas,Northern America,,Economy,,0,0,0,1,0.0,0.0,0.7157,0.2843,,16,5,"Honolulu, Hawaii"
DIO-2019-01-07,dionysus,1,0,1,city,2019-01-07,2019-01-14,2019,1,january,7,London|United Kingdom,London,United Kingdom,GB,LHR,AUS,Europe,Northern Europe,British Airways Plc,Economy,,0,0,0,1,6.71,9.54,0.8673,0.1327,6.65,135,33,"London, United Kingdom"
DIO-2019-06-15,dionysus,1,0,1,city,2019-06-15,2019-06-19,2019,6,june,4,Chicago|United States,Chicago,United States,US,ORD,AUS,Americas,Northern America,United Air Lines Inc.,Economy,,0,0,0,1,2.89,7.33,0.9501,0.0499,7.59,57,21,"Chicago, United States"
DIO-2019-09-22,dionysus,1,0,1,city,2019-09-22,2019-09-29,2019,9,september,7,Cancun|Mexico,Cancun,Mexico,MX,CUN,AUS,Americas,Central America,Southwest Airlines Co.,Economy,beach_vacation,1,0,0,1,0.0,2.83,0.6899,0.3101,6.86,173,36,"Cancun, Mexico"
DIO-2020-01-11,dionysus,1,0,1,city,2020-01-11,2020-01-17,2020,1,january,6,Los Angeles|United States,Los Angeles,United States,US,LAX,AUS,Americas,Northern America,Delta Air Lines Inc.,Economy,,0,0,0,1,2.89,8.2,0.9115,0.0885,7.99,44,11,"Los Angeles, United States"
DIO-2020-06-18,dionysus,1,0,1,city,2020-06-18,2020-06-25,2020,6,june,7,Amsterdam|Netherlands,Amsterdam,Netherlands,NL,AMS,AUS,Europe,Western Europe,Klm Royal Dutch Airlines,Economy,,0,0,0,1,7.47,8.19,0.7822,0.2178,7.72,50,16,"Amsterdam, Netherlands"
DIO-2020-09-04,dionysus,1,0,1,city,2020-09-04,2020-09-09,2020,9,september,5,Denver|United States,Denver,United States,US,DEN,AUS,Americas,Northern America,United Air Lines Inc.,Economy,,0,0,0,1,0.0,5.91,0.8445,0.1555,7.88,105,24,"Denver, United States"
DIO-2021-01-07,dionysus,1,0,1,city,2021-01-07,2021-01-14,2021,1,january,7,London|United Kingdom,London,United Kingdom,GB,LHR,AUS,Europe,Northern Europe,British Airways Plc,Economy,,0,0,0,1,6.71,9.54,0.8673,0.1327,6.65,135,33,"London, United Kingdom"
DIO-2021-06-15,dionysus,1,0,1,city,2021-06-15,2021-06-19,2021,6,june,4,Chicago|United States,Chicago,United States,US,ORD,AUS,Americas,Northern America,American Airlines Inc.,Economy,,0,0,0,1,2.89,7.33,0.9501,0.0499,7.59,57,21,"Chicago, United States"
DIO-2021-09-22,dionysus,1,0,1,city,2021-09-22,2021-09-29,2021,9,september,7,Cancun|Mexico,Cancun,Mexico,MX,CUN,AUS,Americas,Central America,American Airlines Inc.,Economy,beach_vacation,1,0,0,1,0.0,2.83,0.6899,0.3101,6.86,173,36,"Cancun, Mexico"
DIO-2022-01-11,dionysus,1,0,1,city,2022-01-11,2022-01-17,2022,1,january,6,Los Angeles|United States,Los Angeles,United States,US,LAX,AUS,Americas,Northern America,United Air Lines Inc.,Economy,,0,0,0,1,2.89,8.2,0.9115,0.0885,7.99,44,11,"Los Angeles, United States"
DIO-2022-06-18,dionysus,1,0,1,city,2022-06-18,2022-06-25,2022,6,june,7,Amsterdam|Netherlands,Amsterdam,Netherlands,NL,AMS,AUS,Europe,Western Europe,Klm Royal Dutch Airlines,Economy,,0,0,0,1,7.47,8.19,0.7822,0.2178,7.72,50,16,"Amsterdam, Netherlands"
DIO-2022-09-04,dionysus,1,0,1,city,2022-09-04,2022-09-09,2022,9,september,5,Denver|United States,Denver,United States,US,DEN,AUS,Americas,Northern America,Frontier Airlines Inc.,Economy,,0,0,0,1,0.0,5.91,0.8445,0.1555,7.88,105,24,"Denver, United States"
DIO-2023-01-07,dionysus,1,0,1,city,2023-01-07,2023-01-14,2023,1,january,7,London|United Kingdom,London,United Kingdom,GB,LHR,AUS,Europe,Northern Europe,British Airways Plc,Economy,,0,0,0,1,6.71,9.54,0.8673,0.1327,6.65,135,33,"London, United Kingdom"
DIO-2023-06-15,dionysus,1,0,1,city,2023-06-15,2023-06-19,2023,6,june,4,Chicago|United States,Chicago,United States,US,ORD,AUS,Americas,Northern America,Frontier Airlines Inc.,Economy,,0,0,0,1,2.89,7.33,0.9501,0.0499,7.59,57,21,"Chicago, United States"
DIO-2023-09-22,dionysus,1,0,1,city,2023-09-22,2023-09-29,2023,9,september,7,Cancun|Mexico,Cancun,Mexico,MX,CUN,AUS,Americas,Central America,Delta Air Lines Inc.,Economy,beach_vacation,1,0,0,1,0.0,2.83,0.6899,0.3101,6.86,173,36,"Cancun, Mexico"
DIO-2024-01-11,dionysus,1,0,1,city,2024-01-11,2024-01-17,2024,1,january,6,Los Angeles|United States,Los Angeles,United States,US,LAX,AUS,Americas,Northern America,Southwest Airlines Co.,Economy,,0,0,0,1,2.89,8.2,0.9115,0.0885,7.99,44,11,"Los Angeles, United States"
DIO-2024-06-18,dionysus,1,0,1,city,2024-06-18,2024-06-25,2024,6,june,7,Amsterdam|Netherlands,Amsterdam,Netherlands,NL,AMS,AUS,Europe,Western Europe,Klm Royal Dutch Airlines,Economy,,0,0,0,1,7.47,8.19,0.7822,0.2178,7.72,50,16,"Amsterdam, Netherlands"
DIO-2024-09-04,dionysus,1,0,1,city,2024-09-04,2024-09-09,2024,9,september,5,Denver|United States,Denver,United States,US,DEN,AUS,Americas,Northern America,Southwest Airlines Co.,Economy,,0,0,0,1,0.0,5.91,0.8445,0.1555,7.88,105,24,"Denver, United States"
DIO-2025-01-07,dionysus,1,0,1,city,2025-01-07,2025-01-14,2025,1,january,7,London|United Kingdom,London,United Kingdom,GB,LHR,AUS,Europe,Northern Europe,British Airways Plc,Economy,,0,0,0,1,6.71,9.54,0.8673,0.1327,6.65,135,33,"London, United Kingdom"
DIO-2025-06-15,dionysus,1,0,1,city,2025-06-15,2025-06-19,2025,6,june,4,Chicago|United States,Chicago,United States,US,ORD,AUS,Americas,Northern America,Envoy Air,Economy,,0,0,0,1,2.89,7.33,0.9501,0.0499,7.59,57,21,"Chicago, United States"
DIO-2025-09-22,dionysus,1,0,1,city,2025-09-22,2025-09-29,2025,9,september,7,Cancun|Mexico,Cancun,Mexico,MX,CUN,AUS,Americas,Central America,Southwest Airlines Co.,Economy,beach_vacation,1,0,0,1,0.0,2.83,0.6899,0.3101,6.86,173,36,"Cancun, Mexico"
ED3-2022-08-20,doris-lessing,0,0,0,country,2022-08-20,2022-09-02,2022,8,august,13,,,Australia,AU,,,Oceania,Australia and New Zealand,,Economy,,0,0,0,0,,,,,,,,Australia
DV-2016-02-13,dr-valentini,1,0,1,city,2016-02-13,2016-02-20,2016,2,february,7,Cancun|Mexico,Cancun,Mexico,MX,CUN,HOU,Americas,Central America,Southwest Airlines Co.,Economy,beach_vacation,1,0,0,1,0.0,2.83,0.6899,0.3101,7.44,173,36,"Cancun, Mexico"
DV-2016-09-10,dr-valentini,1,0,1,city,2016-09-10,2016-09-17,2016,9,september,7,Cancun|Mexico,Cancun,Mexico,MX,CUN,HOU,Americas,Central America,Southwest Airlines Co.,Economy,beach_vacation,1,0,0,1,0.0,2.83,0.6899,0.3101,6.86,173,36,"Cancun, Mexico"
DV-2017-02-11,dr-valentini,1,0,1,city,2017-02-11,2017-02-18,2017,2,february,7,Cancun|Mexico,Cancun,Mexico,MX,CUN,HOU,Americas,Central America,Southwest Airlines Co.,Economy,beach_vacation,1,0,0,1,0.0,2.83,0.6899,0.3101,7.44,173,36,"Cancun, Mexico"
DV-2017-09-09,dr-valentini,1,0,1,city,2017-09-09,2017-09-16,2017,9,september,7,Cancun|Mexico,Cancun,Mexico,MX,CUN,HOU,Americas,Central America,Southwest Airlines Co.,Economy,beach_vacation,1,0,0,1,0.0,2.83,0.6899,0.3101,6.86,173,36,"Cancun, Mexico"
DV-2018-02-10,dr-valentini,1,0,1,city,2018-02-10,2018-02-17,2018,2,february,7,Cancun|Mexico,Cancun,Mexico,MX,CUN,HOU,Americas,Central America,Southwest Airlines Co.,Economy,beach_vacation,1,0,0,1,0.0,2.83,0.6899,0.3101,7.44,173,36,"Cancun, Mexico"
DV-2018-09-08,dr-valentini,1,0,1,city,2018-09-08,2018-09-15,2018,9,september,7,Cancun|Mexico,Cancun,Mexico,MX,CUN,HOU,Americas,Central America,Southwest Airlines Co.,Economy,beach_vacation,1,0,0,1,0.0,2.83,0.6899,0.3101,6.86,173,36,"Cancun, Mexico"
DV-2019-02-09,dr-valentini,1,0,1,city,2019-02-09,2019-02-16,2019,2,february,7,Cancun|Mexico,Cancun,Mexico,MX,CUN,HOU,Americas,Central America,Southwest Airlines Co.,Economy,beach_vacation,1,0,0,1,0.0,2.83,0.6899,0.3101,7.44,173,36,"Cancun, Mexico"
DV-2019-09-14,dr-valentini,1,0,1,city,2019-09-14,2019-09-21,2019,9,september,7,Cancun|Mexico,Cancun,Mexico,MX,CUN,HOU,Americas,Central America,Southwest Airlines Co.,Economy,beach_vacation,1,0,0,1,0.0,2.83,0.6899,0.3101,6.86,173,36,"Cancun, Mexico"
DV-2020-02-08,dr-valentini,1,0,1,city,2020-02-08,2020-02-15,2020,2,february,7,Cancun|Mexico,Cancun,Mexico,MX,CUN,HOU,Americas,Central America,Southwest Airlines Co.,Economy,beach_vacation,1,0,0,1,0.0,2.83,0.6899,0.3101,7.44,173,36,"Cancun, Mexico"
DV-2020-09-12,dr-valentini,1,0,1,city,2020-09-12,2020-09-19,2020,9,september,7,Cancun|Mexico,Cancun,Mexico,MX,CUN,HOU,Americas,Central America,Southwest Airlines Co.,Economy,beach_vacation,1,0,0,1,0.0,2.83,0.6899,0.3101,6.86,173,36,"Cancun, Mexico"
DV-2021-02-13,dr-valentini,1,0,1,city,2021-02-13,2021-02-20,2021,2,february,7,Cancun|Mexico,Cancun,Mexico,MX,CUN,HOU,Americas,Central America,Southwest Airlines Co.,Economy,beach_vacation,1,0,0,1,0.0,2.83,0.6899,0.3101,7.44,173,36,"Cancun, Mexico"
DV-2021-09-11,dr-valentini,1,0,1,city,2021-09-11,2021-09-18,2021,9,september,7,Cancun|Mexico,Cancun,Mexico,MX,CUN,HOU,Americas,Central America,Southwest Airlines Co.,Economy,beach_vacation,1,0,0,1,0.0,2.83,0.6899,0.3101,6.86,173,36,"Cancun, Mexico"
DV-2022-02-12,dr-valentini,1,0,1,city,2022-02-12,2022-02-19,2022,2,february,7,Cancun|Mexico,Cancun,Mexico,MX,CUN,HOU,Americas,Central America,Southwest Airlines Co.,Economy,beach_vacation,1,0,0,1,0.0,2.83,0.6899,0.3101,7.44,173,36,"Cancun, Mexico"
DV-2022-09-10,dr-valentini,1,0,1,city,2022-09-10,2022-09-17,2022,9,september,7,Cancun|Mexico,Cancun,Mexico,MX,CUN,HOU,Americas,Central America,Southwest Airlines Co.,Economy,beach_vacation,1,0,0,1,0.0,2.83,0.6899,0.3101,6.86,173,36,"Cancun, Mexico"
DV-2023-02-11,dr-valentini,1,0,1,city,2023-02-11,2023-02-18,2023,2,february,7,Cancun|Mexico,Cancun,Mexico,MX,CUN,HOU,Americas,Central America,Southwest Airlines Co.,Economy,beach_vacation,1,0,0,1,0.0,2.83,0.6899,0.3101,7.44,173,36,"Cancun, Mexico"
DV-2023-09-09,dr-valentini,1,0,1,city,2023-09-09,2023-09-16,2023,9,september,7,Cancun|Mexico,Cancun,Mexico,MX,CUN,HOU,Americas,Central America,Southwest Airlines Co.,Economy,beach_vacation,1,0,0,1,0.0,2.83,0.6899,0.3101,6.86,173,36,"Cancun, Mexico"
DV-2024-02-10,dr-valentini,1,0,1,city,2024-02-10,2024-02-17,2024,2,february,7,Cancun|Mexico,Cancun,Mexico,MX,CUN,HOU,Americas,Central America,Southwest Airlines Co.,Economy,beach_vacation,1,0,0,1,0.0,2.83,0.6899,0.3101,7.44,173,36,"Cancun, Mexico"
DV-2024-09-14,dr-valentini,1,0,1,city,2024-09-14,2024-09-21,2024,9,september,7,Cancun|Mexico,Cancun,Mexico,MX,CUN,HOU,Americas,Central America,Southwest Airlines Co.,Economy,beach_vacation,1,0,0,1,0.0,2.83,0.6899,0.3101,6.86,173,36,"Cancun, Mexico"
DV-2025-02-08,dr-valentini,1,0,1,city,2025-02-08,2025-02-15,2025,2,february,7,Cancun|Mexico,Cancun,Mexico,MX,CUN,HOU,Americas,Central America,Southwest Airlines Co.,Economy,beach_vacation,1,0,0,1,0.0,2.83,0.6899,0.3101,7.44,173,36,"Cancun, Mexico"
DV-2025-09-13,dr-valentini,1,0,1,city,2025-09-13,2025-09-20,2025,9,september,7,Cancun|Mexico,Cancun,Mexico,MX,CUN,HOU,Americas,Central America,Southwest Airlines Co.,Economy,beach_vacation,1,0,0,1,0.0,2.83,0.6899,0.3101,6.86,173,36,"Cancun, Mexico"
DVA-2016-05-30,dr-varella,1,0,1,city,2016-05-30,2016-06-03,2016,5,may,4,Tampa|United States,Tampa,United States,US,TPA,MDW,Americas,Northern America,Southwest Airlines Co.,Economy,beach_vacation,1,0,0,1,0.0,5.67,0.8098,0.1902,7.13,33,3,"Tampa, United States"
DVA-2016-12-22,dr-varella,1,0,1,city,2016-12-22,2016-12-30,2016,12,december,8,Tampa|United States,Tampa,United States,US,TPA,MDW,Americas,Northern America,Southwest Airlines Co.,Economy,beach_vacation|holiday_trip,1,0,1,1,0.0,5.67,0.8098,0.1902,7.65,33,3,"Tampa, United States"
DVA-2017-05-29,dr-varella,1,0,1,city,2017-05-29,2017-06-02,2017,5,may,4,Tampa|United States,Tampa,United States,US,TPA,MDW,Americas,Northern America,Southwest Airlines Co.,Economy,beach_vacation,1,0,0,1,0.0,5.67,0.8098,0.1902,7.26,33,3,"Tampa, United States"
DVA-2017-12-22,dr-varella,1,0,1,city,2017-12-22,2017-12-30,2017,12,december,8,Tampa|United States,Tampa,United States,US,TPA,MDW,Americas,Northern America,Southwest Airlines Co.,Economy,beach_vacation|holiday_trip,1,0,1,1,0.0,5.67,0.8098,0.1902,7.65,33,3,"Tampa, United States"
DVA-2018-05-28,dr-varella,1,0,1,city,2018-05-28,2018-06-01,2018,5,may,4,Tampa|United States,Tampa,United States,US,TPA,MDW,Americas,Northern America,Southwest Airlines Co.,Economy,beach_vacation,1,0,0,1,0.0,5.67,0.8098,0.1902,7.38,33,3,"Tampa, United States"
DVA-2018-12-22,dr-varella,1,0,1,city,2018-12-22,2018-12-30,2018,12,december,8,Tampa|United States,Tampa,United States,US,TPA,MDW,Americas,Northern America,Southwest Airlines Co.,Economy,beach_vacation|holiday_trip,1,0,1,1,0.0,5.67,0.8098,0.1902,7.65,33,3,"Tampa, United States"
DVA-2019-05-27,dr-varella,1,0,1,city,2019-05-27,2019-05-31,2019,5,may,4,Tampa|United States,Tampa,United States,US,TPA,MDW,Americas,Northern America,Southwest Airlines Co.,Economy,beach_vacation,1,0,0,1,0.0,5.67,0.8098,0.1902,7.51,33,3,"Tampa, United States"
DVA-2019-12-22,dr-varella,1,0,1,city,2019-12-22,2019-12-30,2019,12,december,8,Tampa|United States,Tampa,United States,US,TPA,MDW,Americas,Northern America,Southwest Airlines Co.,Economy,beach_vacation|holiday_trip,1,0,1,1,0.0,5.67,0.8098,0.1902,7.65,33,3,"Tampa, United States"
DVA-2020-05-25,dr-varella,1,0,1,city,2020-05-25,2020-05-29,2020,5,may,4,Tampa|United States,Tampa,United States,US,TPA,MDW,Americas,Northern America,Southwest Airlines Co.,Economy,beach_vacation,1,0,0,1,0.0,5.67,0.8098,0.1902,7.51,33,3,"Tampa, United States"
DVA-2020-12-22,dr-varella,1,0,1,city,2020-12-22,2020-12-30,2020,12,december,8,Tampa|United States,Tampa,United States,US,TPA,MDW,Americas,Northern America,Southwest Airlines Co.,Economy,beach_vacation|holiday_trip,1,0,1,1,0.0,5.67,0.8098,0.1902,7.65,33,3,"Tampa, United States"
DVA-2021-05-31,dr-varella,1,0,1,city,2021-05-31,2021-06-04,2021,5,may,4,Tampa|United States,Tampa,United States,US,TPA,MDW,Americas,Northern America,Southwest Airlines Co.,Economy,beach_vacation,1,0,0,1,0.0,5.67,0.8098,0.1902,7.01,33,3,"Tampa, United States"
DVA-2021-12-22,dr-varella,1,0,1,city,2021-12-22,2021-12-30,2021,12,december,8,Tampa|United States,Tampa,United States,US,TPA,MDW,Americas,Northern America,Southwest Airlines Co.,Economy,beach_vacation|holiday_trip,1,0,1,1,0.0,5.67,0.8098,0.1902,7.65,33,3,"Tampa, United States"
DVA-2022-05-30,dr-varella,1,0,1,city,2022-05-30,2022-06-03,2022,5,may,4,Tampa|United States,Tampa,United States,US,TPA,MDW,Americas,Northern America,Southwest Airlines Co.,Economy,beach_vacation,1,0,0,1,0.0,5.67,0.8098,0.1902,7.13,33,3,"Tampa, United States"
DVA-2022-12-22,dr-varella,1,0,1,city,2022-12-22,2022-12-30,2022,12,december,8,Tampa|United States,Tampa,United States,US,TPA,MDW,Americas,Northern America,Southwest Airlines Co.,Economy,beach_vacation|holiday_trip,1,0,1,1,0.0,5.67,0.8098,0.1902,7.65,33,3,"Tampa, United States"
DVA-2023-05-29,dr-varella,1,0,1,city,2023-05-29,2023-06-02,2023,5,may,4,Tampa|United States,Tampa,United States,US,TPA,MDW,Americas,Northern America,Southwest Airlines Co.,Economy,beach_vacation,1,0,0,1,0.0,5.67,0.8098,0.1902,7.26,33,3,"Tampa, United States"
DVA-2023-12-22,dr-varella,1,0,1,city,2023-12-22,2023-12-30,2023,12,december,8,Tampa|United States,Tampa,United States,US,TPA,MDW,Americas,Northern America,Southwest Airlines Co.,Economy,beach_vacation|holiday_trip,1,0,1,1,0.0,5.67,0.8098,0.1902,7.65,33,3,"Tampa, United States"
DVA-2024-05-27,dr-varella,1,0,1,city,2024-05-27,2024-05-31,2024,5,may,4,Tampa|United States,Tampa,United States,US,TPA,MDW,Americas,Northern America,Southwest Airlines Co.,Economy,beach_vacation,1,0,0,1,0.0,5.67,0.8098,0.1902,7.51,33,3,"Tampa, United States"
DVA-2024-12-22,dr-varella,1,0,1,city,2024-12-22,2024-12-30,2024,12,december,8,Tampa|United States,Tampa,United States,US,TPA,MDW,Americas,Northern America,Southwest Airlines Co.,Economy,beach_vacation|holiday_trip,1,0,1,1,0.0,5.67,0.8098,0.1902,7.65,33,3,"Tampa, United States"
DVA-2025-05-26,dr-varella,1,0,1,city,2025-05-26,2025-05-30,2025,5,may,4,Tampa|United States,Tampa,United States,US,TPA,MDW,Americas,Northern America,Southwest Airlines Co.,Economy,beach_vacation,1,0,0,1,0.0,5.67,0.8098,0.1902,7.51,33,3,"Tampa, United States"
DVA-2025-12-22,dr-varella,1,0,1,city,2025-12-22,2025-12-30,2025,12,december,8,Tampa|United States,Tampa,United States,US,TPA,MDW,Americas,Northern America,Southwest Airlines Co.,Economy,beach_vacation|holiday_trip,1,0,1,1,0.0,5.67,0.8098,0.1902,7.65,33,3,"Tampa, United States"
DE-2018-06-09,duke-ellington,1,0,1,city,2018-06-09,2018-06-15,2018,6,june,6,Portland|United States,Portland,United States,US,PDX,SLC,Americas,Northern America,Delta Air Lines Inc.,Economy,,0,0,0,1,0.0,0.0,0.7713,0.2287,8.12,36,7,"Portland, United States"
DE-2018-12-20,duke-ellington,1,0,1,city,2018-12-20,2018-12-26,2018,12,december,6,Portland|United States,Portland,United States,US,PDX,SLC,Americas,Northern America,Delta Air Lines Inc.,Economy,holiday_trip,0,0,1,1,0.0,0.0,0.7713,0.2287,6.04,36,7,"Portland, United States"
DE-2019-06-08,duke-ellington,1,0,1,city,2019-06-08,2019-06-14,2019,6,june,6,Portland|United States,Portland,United States,US,PDX,SLC,Americas,Northern America,Delta Air Lines Inc.,Economy,,0,0,0,1,0.0,0.0,0.7713,0.2287,8.12,36,7,"Portland, United States"
DE-2019-12-20,duke-ellington,1,0,1,city,2019-12-20,2019-12-26,2019,12,december,6,Portland|United States,Portland,United States,US,PDX,SLC,Americas,Northern America,Delta Air Lines Inc.,Economy,holiday_trip,0,0,1,1,0.0,0.0,0.7713,0.2287,6.04,36,7,"Portland, United States"
DE-2020-06-13,duke-ellington,1,0,1,city,2020-06-13,2020-06-19,2020,6,june,6,Portland|United States,Portland,United States,US,PDX,SLC,Americas,Northern America,Delta Air Lines Inc.,Economy,,0,0,0,1,0.0,0.0,0.7713,0.2287,8.12,36,7,"Portland, United States"
DE-2020-12-20,duke-ellington,1,0,1,city,2020-12-20,2020-12-26,2020,12,december,6,Portland|United States,Portland,United States,US,PDX,SLC,Americas,Northern America,Delta Air Lines Inc.,Economy,holiday_trip,0,0,1,1,0.0,0.0,0.7713,0.2287,6.04,36,7,"Portland, United States"
DE-2021-06-12,duke-ellington,1,0,1,city,2021-06-12,2021-06-18,2021,6,june,6,Portland|United States,Portland,United States,US,PDX,SLC,Americas,Northern America,Delta Air Lines Inc.,Economy,,0,0,0,1,0.0,0.0,0.7713,0.2287,8.12,36,7,"Portland, United States"
DE-2021-12-20,duke-ellington,1,0,1,city,2021-12-20,2021-12-26,2021,12,december,6,Portland|United States,Portland,United States,US,PDX,SLC,Americas,Northern America,Delta Air Lines Inc.,Economy,holiday_trip,0,0,1,1,0.0,0.0,0.7713,0.2287,6.04,36,7,"Portland, United States"
DE-2022-06-11,duke-ellington,1,0,1,city,2022-06-11,2022-06-17,2022,6,june,6,Portland|United States,Portland,United States,US,PDX,SLC,Americas,Northern America,Delta Air Lines Inc.,Economy,,0,0,0,1,0.0,0.0,0.7713,0.2287,8.12,36,7,"Portland, United States"
DE-2022-12-20,duke-ellington,1,0,1,city,2022-12-20,2022-12-26,2022,12,december,6,Portland|United States,Portland,United States,US,PDX,SLC,Americas,Northern America,Delta Air Lines Inc.,Economy,holiday_trip,0,0,1,1,0.0,0.0,0.7713,0.2287,6.04,36,7,"Portland, United States"
DE-2023-06-10,duke-ellington,1,0,1,city,2023-06-10,2023-06-16,2023,6,june,6,Portland|United States,Portland,United States,US,PDX,SLC,Americas,Northern America,Delta Air Lines Inc.,Economy,,0,0,0,1,0.0,0.0,0.7713,0.2287,8.12,36,7,"Portland, United States"
DE-2023-12-20,duke-ellington,1,0,1,city,2023-12-20,2023-12-26,2023,12,december,6,Portland|United States,Portland,United States,US,PDX,SLC,Americas,Northern America,Delta Air Lines Inc.,Economy,holiday_trip,0,0,1,1,0.0,0.0,0.7713,0.2287,6.04,36,7,"Portland, United States"
DE-2024-06-08,duke-ellington,1,0,1,city,2024-06-08,2024-06-14,2024,6,june,6,Portland|United States,Portland,United States,US,PDX,SLC,Americas,Northern America,Delta Air Lines Inc.,Economy,,0,0,0,1,0.0,0.0,0.7713,0.2287,8.12,36,7,"Portland, United States"
DE-2024-12-20,duke-ellington,1,0,1,city,2024-12-20,2024-12-26,2024,12,december,6,Portland|United States,Portland,United States,US,PDX,SLC,Americas,Northern America,Delta Air Lines Inc.,Economy,holiday_trip,0,0,1,1,0.0,0.0,0.7713,0.2287,6.04,36,7,"Portland, United States"
DE-2025-06-14,duke-ellington,1,0,1,city,2025-06-14,2025-06-20,2025,6,june,6,Portland|United States,Portland,United States,US,PDX,SLC,Americas,Northern America,Delta Air Lines Inc.,Economy,,0,0,0,1,0.0,0.0,0.7713,0.2287,8.12,36,7,"Portland, United States"
DE-2025-12-20,duke-ellington,1,0,1,city,2025-12-20,2025-12-26,2025,12,december,6,Portland|United States,Portland,United States,US,PDX,SLC,Americas,Northern America,Delta Air Lines Inc.,Economy,holiday_trip,0,0,1,1,0.0,0.0,0.7713,0.2287,6.04,36,7,"Portland, United States"
JS1-2022-12-24,edgar-allan-poe,1,0,0,city,2022-12-24,2023-01-01,2022,12,december,8,Paris|France,Paris,France,FR,,,Europe,Western Europe,,Economy,,0,0,0,1,6.71,9.93,0.8396,0.1604,6.86,72,28,"Paris, France"
ED-2018-07-14,edgar-degas,1,0,1,city,2018-07-14,2018-07-20,2018,7,july,6,Boston|United States,Boston,United States,US,BOS,DEN,Americas,Northern America,United Air Lines Inc.,Economy,beach_vacation,1,0,0,1,0.0,5.21,0.8383,0.1617,7.39,53,12,"Boston, United States"
ED-2018-12-20,edgar-degas,1,0,1,city,2018-12-20,2018-12-26,2018,12,december,6,Boston|United States,Boston,United States,US,BOS,DEN,Americas,Northern America,United Air Lines Inc.,Economy,holiday_trip,0,0,1,1,0.0,5.21,0.8383,0.1617,5.66,53,12,"Boston, United States"
ED-2019-07-13,edgar-degas,1,0,1,city,2019-07-13,2019-07-19,2019,7,july,6,Boston|United States,Boston,United States,US,BOS,DEN,Americas,Northern America,United Air Lines Inc.,Economy,beach_vacation,1,0,0,1,0.0,5.21,0.8383,0.1617,7.39,53,12,"Boston, United States"
ED-2019-12-20,edgar-degas,1,0,1,city,2019-12-20,2019-12-26,2019,12,december,6,Boston|United States,Boston,United States,US,BOS,DEN,Americas,Northern America,United Air Lines Inc.,Economy,holiday_trip,0,0,1,1,0.0,5.21,0.8383,0.1617,5.66,53,12,"Boston, United States"
ED-2020-07-11,edgar-degas,1,0,1,city,2020-07-11,2020-07-17,2020,7,july,6,Boston|United States,Boston,United States,US,BOS,DEN,Americas,Northern America,United Air Lines Inc.,Economy,beach_vacation,1,0,0,1,0.0,5.21,0.8383,0.1617,7.39,53,12,"Boston, United States"
ED-2020-12-20,edgar-degas,1,0,1,city,2020-12-20,2020-12-26,2020,12,december,6,Boston|United States,Boston,United States,US,BOS,DEN,Americas,Northern America,United Air Lines Inc.,Economy,holiday_trip,0,0,1,1,0.0,5.21,0.8383,0.1617,5.66,53,12,"Boston, United States"
ED-2021-07-10,edgar-degas,1,0,1,city,2021-07-10,2021-07-16,2021,7,july,6,Boston|United States,Boston,United States,US,BOS,DEN,Americas,Northern America,United Air Lines Inc.,Economy,beach_vacation,1,0,0,1,0.0,5.21,0.8383,0.1617,7.39,53,12,"Boston, United States"
ED-2021-12-20,edgar-degas,1,0,1,city,2021-12-20,2021-12-26,2021,12,december,6,Boston|United States,Boston,United States,US,BOS,DEN,Americas,Northern America,United Air Lines Inc.,Economy,holiday_trip,0,0,1,1,0.0,5.21,0.8383,0.1617,5.66,53,12,"Boston, United States"
ED-2022-07-09,edgar-degas,1,0,1,city,2022-07-09,2022-07-15,2022,7,july,6,Boston|United States,Boston,United States,US,BOS,DEN,Americas,Northern America,United Air Lines Inc.,Economy,beach_vacation,1,0,0,1,0.0,5.21,0.8383,0.1617,7.39,53,12,"Boston, United States"
ED-2022-12-20,edgar-degas,1,0,1,city,2022-12-20,2022-12-26,2022,12,december,6,Boston|United States,Boston,United States,US,BOS,DEN,Americas,Northern America,United Air Lines Inc.,Economy,holiday_trip,0,0,1,1,0.0,5.21,0.8383,0.1617,5.66,53,12,"Boston, United States"
ED-2023-07-08,edgar-degas,1,0,1,city,2023-07-08,2023-07-14,2023,7,july,6,Boston|United States,Boston,United States,US,BOS,DEN,Americas,Northern America,United Air Lines Inc.,Economy,beach_vacation,1,0,0,1,0.0,5.21,0.8383,0.1617,7.39,53,12,"Boston, United States"
ED-2023-12-20,edgar-degas,1,0,1,city,2023-12-20,2023-12-26,2023,12,december,6,Boston|United States,Boston,United States,US,BOS,DEN,Americas,Northern America,United Air Lines Inc.,Economy,holiday_trip,0,0,1,1,0.0,5.21,0.8383,0.1617,5.66,53,12,"Boston, United States"
ED-2024-07-13,edgar-degas,1,0,1,city,2024-07-13,2024-07-19,2024,7,july,6,Boston|United States,Boston,United States,US,BOS,DEN,Americas,Northern America,United Air Lines Inc.,Economy,beach_vacation,1,0,0,1,0.0,5.21,0.8383,0.1617,7.39,53,12,"Boston, United States"
ED-2024-12-20,edgar-degas,1,0,1,city,2024-12-20,2024-12-26,2024,12,december,6,Boston|United States,Boston,United States,US,BOS,DEN,Americas,Northern America,United Air Lines Inc.,Economy,holiday_trip,0,0,1,1,0.0,5.21,0.8383,0.1617,5.66,53,12,"Boston, United States"
ED-2025-07-12,edgar-degas,1,0,1,city,2025-07-12,2025-07-18,2025,7,july,6,Boston|United States,Boston,United States,US,BOS,DEN,Americas,Northern America,United Air Lines Inc.,Economy,beach_vacation,1,0,0,1,0.0,5.21,0.8383,0.1617,7.39,53,12,"Boston, United States"
ED-2025-12-20,edgar-degas,1,0,1,city,2025-12-20,2025-12-26,2025,12,december,6,Boston|United States,Boston,United States,US,BOS,DEN,Americas,Northern America,United Air Lines Inc.,Economy,holiday_trip,0,0,1,1,0.0,5.21,0.8383,0.1617,5.66,53,12,"Boston, United States"
SJ1-2023-09-01,edith-wharton,1,0,0,city,2023-09-01,2023-09-10,2023,9,september,9,Paris|France,Paris,France,FR,,,Europe,Western Europe,,Economy,,0,0,0,1,6.71,9.93,0.8396,0.1604,7.23,72,28,Paris
EG-2021-06-11,eduardo-gomez,1,0,1,city,2021-06-11,2021-06-11,2021,6,june,0,San Francisco|United States,San Francisco,United States,US,SFO,SNA,Americas,Northern America,United Air Lines Inc.,Economy,,0,0,0,1,0.0,8.13,0.8552,0.1448,8.13,40,9,"San Francisco, United States"
EG-2021-06-13,eduardo-gomez,1,0,1,city,2021-06-13,2021-06-13,2021,6,june,0,Santa Ana|United States,Santa Ana,United States,US,SNA,SFO,Americas,Northern America,United Air Lines Inc.,Economy,beach_vacation,1,0,0,1,0.0,7.1,0.8906,0.1094,,4,1,"Santa Ana, United States"
EG-2021-09-18,eduardo-gomez,1,0,1,city,2021-09-18,2021-09-18,2021,9,september,0,Houston|United States,Houston,United States,US,IAH,SNA,Americas,Northern America,United Air Lines Inc.,Economy,beach_vacation,1,0,0,1,0.0,6.02,0.8677,0.1323,7.87,55,7,"Houston, United States"
EG-2021-10-02,eduardo-gomez,1,0,1,city,2021-10-02,2021-10-02,2021,10,october,0,Santa Ana|United States,Santa Ana,United States,US,SNA,IAH,Americas,Northern America,United Air Lines Inc.,Economy,beach_vacation,1,0,0,1,0.0,7.1,0.8906,0.1094,,4,1,"Santa Ana, United States"
EG-2021-11-05,eduardo-gomez,1,0,1,city,2021-11-05,2021-11-05,2021,11,november,0,Houston|United States,Houston,United States,US,IAH,SNA,Americas,Northern America,United Air Lines Inc.,Economy,beach_vacation,1,0,0,1,0.0,6.02,0.8677,0.1323,7.55,55,7,"Houston, United States"
EG-2021-11-07,eduardo-gomez,1,0,1,city,2021-11-07,2021-11-07,2021,11,november,0,Santa Ana|United States,Santa Ana,United States,US,SNA,IAH,Americas,Northern America,United Air Lines Inc.,Economy,,0,0,0,1,0.0,7.1,0.8906,0.1094,,4,1,"Santa Ana, United States"
EG-2022-02-20,eduardo-gomez,1,0,1,city,2022-02-20,2022-02-20,2022,2,february,0,San Francisco|United States,San Francisco,United States,US,SFO,IAH,Americas,Northern America,United Air Lines Inc.,Economy,,0,0,0,1,0.0,8.13,0.8552,0.1448,6.85,40,9,"San Francisco, United States"
EG-2022-02-27,eduardo-gomez,1,0,1,city,2022-02-27,2022-02-27,2022,2,february,0,Houston|United States,Houston,United States,US,IAH,SFO,Americas,Northern America,United Air Lines Inc.,Economy,,0,0,0,1,0.0,6.02,0.8677,0.1323,7.09,55,7,"Houston, United States"
EG-2022-04-28,eduardo-gomez,1,0,1,city,2022-04-28,2022-04-28,2022,4,april,0,Detroit|United States,Detroit,United States,US,DTW,LGA,Americas,Northern America,Delta Air Lines Inc.,Economy,,0,0,0,1,0.0,0.0,0.8154,0.1846,7.26,15,4,"Detroit, United States"
EG-2022-05-01,eduardo-gomez,1,0,1,city,2022-05-01,2022-05-01,2022,5,may,0,Atlanta|United States,Atlanta,United States,US,ATL,DTW,Americas,Northern America,Delta Air Lines Inc.,Economy,,0,0,0,1,0.0,6.55,0.9297,0.0703,7.01,42,15,"Atlanta, United States"
EG-2022-06-23,eduardo-gomez,1,0,1,city,2022-06-23,2022-06-23,2022,6,june,0,San Diego|United States,San Diego,United States,US,SAN,IAH,Americas,Northern America,United Air Lines Inc.,Economy,beach_vacation,1,0,0,1,0.0,6.12,0.7991,0.2009,8.25,55,7,"San Diego, United States"
EG-2022-06-27,eduardo-gomez,1,0,1,city,2022-06-27,2022-06-27,2022,6,june,0,Houston|United States,Houston,United States,US,IAH,SAN,Americas,Northern America,United Air Lines Inc.,Economy,beach_vacation,1,0,0,1,0.0,6.02,0.8677,0.1323,6.95,55,7,"Houston, United States"
EG-2022-09-05,eduardo-gomez,1,0,1,city,2022-09-05,2022-09-05,2022,9,september,0,Houston|United States,Houston,United States,US,IAH,MIA,Americas,Northern America,United Air Lines Inc.,Economy,beach_vacation,1,0,0,1,0.0,6.02,0.8677,0.1323,7.87,55,7,"Houston, United States"
EG-2022-09-16,eduardo-gomez,1,0,1,city,2022-09-16,2022-09-16,2022,9,september,0,Atlanta|United States,Atlanta,United States,US,ATL,IAH,Americas,Northern America,United Air Lines Inc.,Economy,,0,0,0,1,0.0,6.55,0.9297,0.0703,7.89,42,15,"Atlanta, United States"
EG-2022-09-19,eduardo-gomez,1,0,1,city,2022-09-19,2022-09-19,2022,9,september,0,Pittsburgh|United States,Pittsburgh,United States,US,PIT,ATL,Americas,Northern America,Delta Air Lines Inc.,Economy,,0,0,0,1,0.0,0.0,0.7364,0.2636,7.58,33,7,"Pittsburgh, United States"
EG-2022-09-20,eduardo-gomez,0,1,1,city,2022-09-20,2022-09-20,2022,9,september,0,Atlanta|United States,Atlanta,United States,US,ATL,PIT,Americas,Northern America,Delta Air Lines Inc.,Economy,,0,0,0,1,0.0,6.55,0.9297,0.0703,7.89,42,15,"Atlanta, United States"
EG-2022-09-20-2,eduardo-gomez,1,0,1,city,2022-09-20,2022-09-20,2022,9,september,0,Houston|United States,Houston,United States,US,HOU,ATL,Americas,Northern America,Delta Air Lines Inc.,Economy,beach_vacation,1,0,0,1,0.0,6.02,0.8677,0.1323,7.87,55,7,"Houston, United States"
EG-2022-10-07,eduardo-gomez,1,0,1,city,2022-10-07,2022-10-07,2022,10,october,0,Santa Ana|United States,Santa Ana,United States,US,SNA,IAH,Americas,Northern America,United Air Lines Inc.,Economy,beach_vacation,1,0,0,1,0.0,7.1,0.8906,0.1094,,4,1,"Santa Ana, United States"
EG-2022-10-09,eduardo-gomez,1,0,1,city,2022-10-09,2022-10-09,2022,10,october,0,Houston|United States,Houston,United States,US,IAH,SNA,Americas,Northern America,United Air Lines Inc.,Economy,beach_vacation,1,0,0,1,0.0,6.02,0.8677,0.1323,7.81,55,7,"Houston, United States"
EG-2022-10-27,eduardo-gomez,1,0,1,city,2022-10-27,2022-10-27,2022,10,october,0,San Francisco|United States,San Francisco,United States,US,SFO,IAH,Americas,Northern America,United Air Lines Inc.,Economy,,0,0,0,1,0.0,8.13,0.8552,0.1448,7.66,40,9,"San Francisco, United States"
EG-2022-10-30,eduardo-gomez,1,0,1,city,2022-10-30,2022-10-30,2022,10,october,0,Houston|United States,Houston,United States,US,IAH,SFO,Americas,Northern America,United Air Lines Inc.,Economy,beach_vacation,1,0,0,1,0.0,6.02,0.8677,0.1323,7.81,55,7,"Houston, United States"
EG-2022-11-14,eduardo-gomez,1,0,1,city,2022-11-14,2022-11-14,2022,11,november,0,Havana|Cuba,Havana,Cuba,CU,HAV,IAH,Americas,Caribbean,United Air Lines Inc.,Economy,beach_vacation,1,0,0,1,2.89,0.0,0.5394,0.4606,7.42,4,3,"Havana, Cuba"
EG-2022-11-20,eduardo-gomez,1,0,1,city,2022-11-20,2022-11-20,2022,11,november,0,Houston|United States,Houston,United States,CU,IAH,HAV,Americas,Caribbean,United Air Lines Inc.,Economy,beach_vacation,1,0,0,1,0.0,6.02,0.8677,0.1323,7.55,55,7,"Houston, United States"
EG-2022-12-18,eduardo-gomez,1,0,1,city,2022-12-18,2022-12-18,2022,12,december,0,Houston|United States,Houston,United States,MX,IAH,MEX,Americas,Central America,United Air Lines Inc.,Economy,,0,0,0,1,0.0,6.02,0.8677,0.1323,7.16,55,7,"Houston, United States"
EG-2022-12-22,eduardo-gomez,1,0,1,city,2022-12-22,2022-12-22,2022,12,december,0,San Francisco|United States,San Francisco,United States,US,SFO,IAH,Americas,Northern America,United Air Lines Inc.,Economy,,0,0,0,1,0.0,8.13,0.8552,0.1448,7.01,40,9,"San Francisco, United States"
EG-2023-01-01,eduardo-gomez,1,0,1,city,2023-01-01,2023-01-01,2023,1,january,0,Houston|United States,Houston,United States,US,IAH,SFO,Americas,Northern America,United Air Lines Inc.,Economy,,0,0,0,1,0.0,6.02,0.8677,0.1323,6.83,55,7,"Houston, United States"
EG-2023-05-26,eduardo-gomez,1,0,1,city,2023-05-26,2023-05-26,2023,5,may,0,San Diego|United States,San Diego,United States,US,SAN,IAH,Americas,Northern America,United Air Lines Inc.,Economy,beach_vacation,1,0,0,1,0.0,6.12,0.7991,0.2009,8.09,55,7,"San Diego, United States"
EG-2023-05-29,eduardo-gomez,1,0,1,city,2023-05-29,2023-05-29,2023,5,may,0,Houston|United States,Houston,United States,US,IAH,SAN,Americas,Northern America,United Air Lines Inc.,Economy,beach_vacation,1,0,0,1,0.0,6.02,0.8677,0.1323,7.08,55,7,"Houston, United States"
EG-2023-09-16,eduardo-gomez,1,0,1,city,2023-09-16,2023-09-16,2023,9,september,0,Chicago|United States,Chicago,United States,US,ORD,ATL,Americas,Northern America,Delta Air Lines Inc.,Economy,,0,0,0,1,2.89,7.33,0.9501,0.0499,7.92,57,21,"Chicago, United States"
EG-2023-09-19,eduardo-gomez,1,0,1,city,2023-09-19,2023-09-19,2023,9,september,0,Houston|United States,Houston,United States,US,IAH,ORD,Americas,Northern America,United Air Lines Inc.,Economy,beach_vacation,1,0,0,1,0.0,6.02,0.8677,0.1323,7.87,55,7,"Houston, United States"
EG-2023-11-22,eduardo-gomez,1,0,1,city,2023-11-22,2023-11-22,2023,11,november,0,San Francisco|United States,San Francisco,United States,US,SFO,IAH,Americas,Northern America,United Air Lines Inc.,Economy,,0,0,0,1,0.0,8.13,0.8552,0.1448,7.3,40,9,"San Francisco, United States"
EG-2023-11-27,eduardo-gomez,1,0,1,city,2023-11-27,2023-11-27,2023,11,november,0,Houston|United States,Houston,United States,US,IAH,SFO,Americas,Northern America,United Air Lines Inc.,Economy,beach_vacation,1,0,0,1,0.0,6.02,0.8677,0.1323,7.55,55,7,"Houston, United States"
EG-2023-12-06,eduardo-gomez,1,0,1,city,2023-12-06,2023-12-06,2023,12,december,0,Guadalajara|Mexico,Guadalajara,Mexico,MX,GDL,IAH,Americas,Central America,United Air Lines Inc.,Economy,,0,0,0,1,4.58,3.79,0.6149,0.3851,8.12,58,10,"Guadalajara, Mexico"
EG-2023-12-10,eduardo-gomez,1,0,1,city,2023-12-10,2023-12-10,2023,12,december,0,Houston|United States,Houston,United States,MX,IAH,GDL,Americas,Central America,United Air Lines Inc.,Economy,,0,0,0,1,0.0,6.02,0.8677,0.1323,7.16,55,7,"Houston, United States"
EG-2024-01-11,eduardo-gomez,1,0,1,city,2024-01-11,2024-01-11,2024,1,january,0,Guadalajara|Mexico,Guadalajara,Mexico,MX,GDL,IAH,Americas,Central America,United Air Lines Inc.,Economy,,0,0,0,1,4.58,3.79,0.6149,0.3851,7.95,58,10,"Guadalajara, Mexico"
EG-2024-01-18,eduardo-gomez,1,0,1,city,2024-01-18,2024-01-18,2024,1,january,0,Houston|United States,Houston,United States,MX,IAH,GDL,Americas,Central America,United Air Lines Inc.,Economy,,0,0,0,1,0.0,6.02,0.8677,0.1323,6.83,55,7,"Houston, United States"
EG-2024-03-12,eduardo-gomez,1,0,1,city,2024-03-12,2024-03-12,2024,3,march,0,San Francisco|United States,San Francisco,United States,US,SFO,IAH,Americas,Northern America,United Air Lines Inc.,Economy,,0,0,0,1,0.0,8.13,0.8552,0.1448,7.03,40,9,"San Francisco, United States"
EG-2024-03-17,eduardo-gomez,1,0,1,city,2024-03-17,2024-03-17,2024,3,march,0,Houston|United States,Houston,United States,US,IAH,SFO,Americas,Northern America,United Air Lines Inc.,Economy,beach_vacation,1,0,0,1,0.0,6.02,0.8677,0.1323,7.17,55,7,"Houston, United States"
EG-2024-03-30,eduardo-gomez,1,0,1,city,2024-03-30,2024-03-30,2024,3,march,0,Guadalajara|Mexico,Guadalajara,Mexico,MX,GDL,IAH,Americas,Central America,United Air Lines Inc.,Economy,,0,0,0,1,4.58,3.79,0.6149,0.3851,8.22,58,10,"Guadalajara, Mexico"
EG-2024-04-13,eduardo-gomez,1,0,1,city,2024-04-13,2024-04-13,2024,4,april,0,Houston|United States,Houston,United States,MX,IAH,GDL,Americas,Central America,United Air Lines Inc.,Economy,beach_vacation,1,0,0,1,0.0,6.02,0.8677,0.1323,7.33,55,7,"Houston, United States"
EG-2024-06-07,eduardo-gomez,0,1,1,city,2024-06-07,2024-06-07,2024,6,june,0,Atlanta|United States,Atlanta,United States,US,ATL,IAH,Americas,Northern America,Delta Air Lines Inc.,Economy,,0,0,0,1,0.0,6.55,0.9297,0.0703,7.07,42,15,"Atlanta, United States"
EG-2024-06-07-2,eduardo-gomez,0,1,1,city,2024-06-07,2024-06-08,2024,6,june,1,Paris|France,Paris,France,FR,CDG,ATL,Europe,Western Europe,Delta Air Lines Inc.,Economy,,0,0,0,1,6.71,9.93,0.8396,0.1604,7.8,72,28,"Paris, France"
EG-2024-06-08,eduardo-gomez,1,0,1,city,2024-06-08,2024-06-08,2024,6,june,0,Lisbon|Portugal,Lisbon,Portugal,FR,LIS,CDG,Europe,Western Europe,Delta Air Lines Inc.,Economy,beach_vacation,1,0,0,1,5.78,6.42,0.6677,0.3323,8.35,48,16,"Lisbon, Portugal"
EG-2024-06-14,eduardo-gomez,1,0,1,city,2024-06-14,2024-06-14,2024,6,june,0,Nice|France,Nice,France,FR,NCE,LIS,Europe,Western Europe,easyJet Airline Company Limited,Economy,beach_vacation,1,0,0,1,4.58,7.7,0.5467,0.4533,8.53,9,7,"Nice, France"
EG-2024-07-04,eduardo-gomez,1,0,1,city,2024-07-04,2024-07-04,2024,7,july,0,San Diego|United States,San Diego,United States,US,SAN,IAH,Americas,Northern America,United Air Lines Inc.,Economy,beach_vacation,1,0,0,1,0.0,6.12,0.7991,0.2009,8.44,55,7,"San Diego, United States"
EG-2024-07-07,eduardo-gomez,1,0,1,city,2024-07-07,2024-07-07,2024,7,july,0,Houston|United States,Houston,United States,US,IAH,SAN,Americas,Northern America,United Air Lines Inc.,Economy,beach_vacation,1,0,0,1,0.0,6.02,0.8677,0.1323,7.33,55,7,"Houston, United States"
EG-2024-09-07,eduardo-gomez,1,0,1,city,2024-09-07,2024-09-08,2024,9,september,1,Buenos Aires|Argentina,Buenos Aires,Argentina,AR,EZE,IAH,Americas,South America,United Air Lines Inc.,Economy,,0,0,0,1,2.89,6.22,0.6639,0.3361,7.63,22,4,"Buenos Aires, Argentina"
EG-2024-09-21,eduardo-gomez,1,0,1,city,2024-09-21,2024-09-21,2024,9,september,0,Houston|United States,Houston,United States,AR,IAH,EZE,Americas,South America,United Air Lines Inc.,Economy,beach_vacation,1,0,0,1,0.0,6.02,0.8677,0.1323,7.87,55,7,"Houston, United States"
EG-2024-09-23,eduardo-gomez,1,0,1,city,2024-09-23,2024-09-23,2024,9,september,0,San Francisco|United States,San Francisco,United States,US,SFO,IAH,Americas,Northern America,United Air Lines Inc.,Economy,,0,0,0,1,0.0,8.13,0.8552,0.1448,7.86,40,9,"San Francisco, United States"
EG-2024-09-27,eduardo-gomez,1,0,1,city,2024-09-27,2024-09-27,2024,9,september,0,San Diego|United States,San Diego,United States,US,SAN,SFO,Americas,Northern America,United Air Lines Inc.,Economy,beach_vacation,1,0,0,1,0.0,6.12,0.7991,0.2009,7.93,55,7,"San Diego, United States"
EG-2024-09-29,eduardo-gomez,1,0,1,city,2024-09-29,2024-09-29,2024,9,september,0,Buenos Aires|Argentina,Buenos Aires,Argentina,AR,EZE,IAH,Americas,South America,United Air Lines Inc.,Economy,,0,0,0,1,2.89,6.22,0.6639,0.3361,7.63,22,4,"Buenos Aires, Argentina"
EG-2024-09-29-2,eduardo-gomez,1,0,1,city,2024-09-29,2024-09-29,2024,9,september,0,Houston|United States,Houston,United States,US,IAH,SAN,Americas,Northern America,United Air Lines Inc.,Economy,beach_vacation,1,0,0,1,0.0,6.02,0.8677,0.1323,7.87,55,7,"Houston, United States"
EG-2024-11-23,eduardo-gomez,1,0,1,city,2024-11-23,2024-11-23,2024,11,november,0,Houston|United States,Houston,United States,AR,IAH,EZE,Americas,South America,United Air Lines Inc.,Economy,beach_vacation,1,0,0,1,0.0,6.02,0.8677,0.1323,7.55,55,7,"Houston, United States"
EG-2024-11-27,eduardo-gomez,1,0,1,city,2024-11-27,2024-11-27,2024,11,november,0,San Francisco|United States,San Francisco,United States,US,SFO,IAH,Americas,Northern America,United Air Lines Inc.,Economy,,0,0,0,1,0.0,8.13,0.8552,0.1448,7.3,40,9,"San Francisco, United States"
EG-2024-11-30,eduardo-gomez,1,0,1,city,2024-11-30,2024-11-30,2024,11,november,0,Houston|United States,Houston,United States,US,IAH,SFO,Americas,Northern America,United Air Lines Inc.,Economy,beach_vacation,1,0,0,1,0.0,6.02,0.8677,0.1323,7.55,55,7,"Houston, United States"
EG-2024-12-07,eduardo-gomez,1,0,1,city,2024-12-07,2024-12-07,2024,12,december,0,Buenos Aires|Argentina,Buenos Aires,Argentina,AR,EZE,IAH,Americas,South America,United Air Lines Inc.,Economy,,0,0,0,1,2.89,6.22,0.6639,0.3361,7.71,22,4,"Buenos Aires, Argentina"
EG-2024-12-29,eduardo-gomez,0,1,1,city,2024-12-29,2024-12-29,2024,12,december,0,Sao Paulo|Brazil,Sao Paulo,Brazil,US,GRU,SDU,Americas,Northern America,Azul Linhas Aereas Brazileiras S A,Economy,beach_vacation,1,0,0,1,0.0,7.36,0.623,0.377,6.97,12,2,"Sao Paulo, Brazil"
EG-2024-12-29-2,eduardo-gomez,1,0,1,city,2024-12-29,2024-12-29,2024,12,december,0,Houston|United States,Houston,United States,BR,IAH,GRU,Americas,South America,United Air Lines Inc.,Economy,,0,0,0,1,0.0,6.02,0.8677,0.1323,7.16,55,7,"Houston, United States"
EG-2025-02-17,eduardo-gomez,1,0,1,city,2025-02-17,2025-02-17,2025,2,february,0,Salt Lake City|United States,Salt Lake City,United States,US,SLC,IAH,Americas,Northern America,United Air Lines Inc.,Economy,ski_trip,0,1,0,1,0.0,0.0,0.7596,0.2404,5.72,26,7,"Salt Lake City, United States"
EG-2025-02-21,eduardo-gomez,1,0,1,city,2025-02-21,2025-02-21,2025,2,february,0,Houston|United States,Houston,United States,US,IAH,SLC,Americas,Northern America,United Air Lines Inc.,Economy,,0,0,0,1,0.0,6.02,0.8677,0.1323,7.09,55,7,"Houston, United States"
EG-2025-04-24,eduardo-gomez,1,0,1,city,2025-04-24,2025-04-24,2025,4,april,0,San Francisco|United States,San Francisco,United States,US,SFO,IAH,Americas,Northern America,United Air Lines Inc.,Economy,,0,0,0,1,0.0,8.13,0.8552,0.1448,7.88,40,9,"San Francisco, United States"
EG-2025-04-27,eduardo-gomez,1,0,1,city,2025-04-27,2025-04-27,2025,4,april,0,Houston|United States,Houston,United States,US,IAH,SFO,Americas,Northern America,United Air Lines Inc.,Economy,beach_vacation,1,0,0,1,0.0,6.02,0.8677,0.1323,7.33,55,7,"Houston, United States"
EG-2025-05-24,eduardo-gomez,1,0,1,city,2025-05-24,2025-05-25,2025,5,may,1,London|United Kingdom,London,United Kingdom,GB,LHR,IAH,Europe,Northern Europe,United Air Lines Inc.,Economy,,0,0,0,1,6.71,9.54,0.8673,0.1327,7.69,135,33,"London, United Kingdom"
EG-2025-06-06,eduardo-gomez,1,0,1,city,2025-06-06,2025-06-06,2025,6,june,0,Dublin|Ireland,Dublin,Ireland,GB,DUB,LHR,Europe,Northern Europe,British Airways Plc,Economy,,0,0,0,1,2.89,6.4,0.7288,0.2712,6.86,32,14,"Dublin, Ireland"
EG-2025-06-09,eduardo-gomez,1,0,1,city,2025-06-09,2025-06-09,2025,6,june,0,Madrid|Spain,Madrid,Spain,ES,MAD,DUB,Europe,Southern Europe,Iberia Air Lines Of Spain,Economy,,0,0,0,1,6.71,8.22,0.7462,0.2538,8.28,51,18,"Madrid, Spain"
EG-2025-07-04,eduardo-gomez,1,0,1,city,2025-07-04,2025-07-04,2025,7,july,0,Atlanta|United States,Atlanta,United States,ES,ATL,BCN,Europe,Southern Europe,Delta Air Lines Inc.,Economy,,0,0,0,1,0.0,6.55,0.9297,0.0703,7.57,42,15,"Atlanta, United States"
EG-2025-07-13,eduardo-gomez,1,0,1,city,2025-07-13,2025-07-13,2025,7,july,0,Bilbao|Spain,Bilbao,Spain,US,BIO,VLC,Americas,Northern America,Iberia Air Lines Of Spain,Economy,beach_vacation,1,0,0,1,5.78,6.02,0.4828,0.5172,7.46,4,3,"Bilbao, Spain"
EG-2025-07-27,eduardo-gomez,1,0,1,city,2025-07-27,2025-07-27,2025,7,july,0,Newark|United States,Newark,United States,ES,EWR,BIO,Europe,Southern Europe,United Air Lines Inc.,Economy,beach_vacation,1,0,0,1,4.58,9.34,0.9263,0.0737,,18,5,"Newark, United States"
EG-2025-07-31,eduardo-gomez,1,0,1,city,2025-07-31,2025-07-31,2025,7,july,0,Atlanta|United States,Atlanta,United States,US,ATL,EWR,Americas,Northern America,United Air Lines Inc.,Economy,,0,0,0,1,0.0,6.55,0.9297,0.0703,7.57,42,15,"Atlanta, United States"
EG-2025-08-05,eduardo-gomez,1,0,1,city,2025-08-05,2025-08-05,2025,8,august,0,Newark|United States,Newark,United States,US,EWR,ATL,Americas,Northern America,United Air Lines Inc.,Economy,beach_vacation,1,0,0,1,4.58,9.34,0.9263,0.0737,,18,5,"Newark, United States"
EG-2025-08-09,eduardo-gomez,1,0,1,city,2025-08-09,2025-08-09,2025,8,august,0,Tokyo|Japan,Tokyo,Japan,JP,HND,EWR,Asia,Eastern Asia,United Air Lines Inc.,Economy,beach_vacation,1,0,0,1,2.89,9.99,0.7993,0.2007,7.58,80,22,"Tokyo, Japan"
EG-2025-08-31,eduardo-gomez,1,0,1,city,2025-08-31,2025-08-31,2025,8,august,0,Houston|United States,Houston,United States,JP,IAH,NRT,Asia,Eastern Asia,United Air Lines Inc.,Economy,beach_vacation,1,0,0,1,0.0,6.02,0.8677,0.1323,7.3,55,7,"Houston, United States"
EG-2025-10-23,eduardo-gomez,1,0,1,city,2025-10-23,2025-10-23,2025,10,october,0,San Francisco|United States,San Francisco,United States,US,SFO,IAH,Americas,Northern America,United Air Lines Inc.,Economy,,0,0,0,1,0.0,8.13,0.8552,0.1448,7.66,40,9,"San Francisco, United States"
EG-2025-10-26,eduardo-gomez,1,0,1,city,2025-10-26,2025-10-26,2025,10,october,0,Houston|United States,Houston,United States,US,IAH,SFO,Americas,Northern America,United Air Lines Inc.,Economy,beach_vacation,1,0,0,1,0.0,6.02,0.8677,0.1323,7.81,55,7,"Houston, United States"
EG-2025-11-07,eduardo-gomez,1,0,1,city,2025-11-07,2025-11-07,2025,11,november,0,San Diego|United States,San Diego,United States,US,SAN,IAH,Americas,Northern America,United Air Lines Inc.,Economy,,0,0,0,1,0.0,6.12,0.7991,0.2009,7.54,55,7,"San Diego, United States"
EG-2025-11-11,eduardo-gomez,1,0,1,city,2025-11-11,2025-11-11,2025,11,november,0,Houston|United States,Houston,United States,US,IAH,SAN,Americas,Northern America,United Air Lines Inc.,Economy,beach_vacation,1,0,0,1,0.0,6.02,0.8677,0.1323,7.55,55,7,"Houston, United States"
EG-2025-11-30,eduardo-gomez,1,0,1,city,2025-11-30,2025-11-30,2025,11,november,0,Guadalajara|Mexico,Guadalajara,Mexico,MX,GDL,IAH,Americas,Central America,United Air Lines Inc.,Economy,,0,0,0,1,4.58,3.79,0.6149,0.3851,8.29,58,10,"Guadalajara, Mexico"
EG-2025-12-25,eduardo-gomez,1,0,1,city,2025-12-25,2025-12-25,2025,12,december,0,Houston|United States,Houston,United States,MX,IAH,GDL,Americas,Central America,United Air Lines Inc.,Economy,holiday_trip,0,0,1,1,0.0,6.02,0.8677,0.1323,7.16,55,7,"Houston, United States"
EG-2026-01-01,eduardo-gomez,1,0,1,city,2026-01-01,2026-01-01,2026,1,january,0,Guadalajara|Mexico,Guadalajara,Mexico,MX,GDL,IAH,Americas,Central America,United Air Lines Inc.,Economy,,0,0,0,1,4.58,3.79,0.6149,0.3851,7.95,58,10,"Guadalajara, Mexico"
EG-2026-01-12,eduardo-gomez,1,0,1,city,2026-01-12,2026-01-12,2026,1,january,0,Houston|United States,Houston,United States,MX,IAH,GDL,Americas,Central America,United Air Lines Inc.,Economy,,0,0,0,1,0.0,6.02,0.8677,0.1323,6.83,55,7,"Houston, United States"
EG-2026-01-31,eduardo-gomez,1,0,1,city,2026-01-31,2026-01-31,2026,1,january,0,Guadalajara|Mexico,Guadalajara,Mexico,MX,GDL,IAH,Americas,Central America,United Air Lines Inc.,Economy,,0,0,0,1,4.58,3.79,0.6149,0.3851,7.95,58,10,"Guadalajara, Mexico"
EG-2026-02-13,eduardo-gomez,1,0,1,city,2026-02-13,2026-02-13,2026,2,february,0,Houston|United States,Houston,United States,MX,IAH,GDL,Americas,Central America,United Air Lines Inc.,Economy,,0,0,0,1,0.0,6.02,0.8677,0.1323,7.09,55,7,"Houston, United States"
EG-2026-02-15,eduardo-gomez,1,0,1,city,2026-02-15,2026-02-15,2026,2,february,0,Guadalajara|Mexico,Guadalajara,Mexico,MX,GDL,IAH,Americas,Central America,United Air Lines Inc.,Economy,,0,0,0,1,4.58,3.79,0.6149,0.3851,8.15,58,10,"Guadalajara, Mexico"
EG-2026-03-06,eduardo-gomez,1,0,1,city,2026-03-06,2026-03-06,2026,3,march,0,Monterrey|Mexico,Monterrey,Mexico,US,MTY,GDL,Americas,Northern America,Concesionaria Vuela Compania De Aviacion SA de CV (Volaris),Economy,,0,0,0,1,0.0,3.79,0.5562,0.4438,8.03,11,4,"Monterrey, Mexico"
EG-2026-03-08,eduardo-gomez,1,0,1,city,2026-03-08,2026-03-08,2026,3,march,0,Guadalajara|Mexico,Guadalajara,Mexico,US,GDL,MTY,Americas,Northern America,Concesionaria Vuela Compania De Aviacion SA de CV (Volaris),Economy,,0,0,0,1,4.58,3.79,0.6149,0.3851,8.22,58,10,"Guadalajara, Mexico"
EG-2026-05-03,eduardo-gomez,1,0,1,city,2026-05-03,2026-05-03,2026,5,may,0,Guadalajara|Mexico,Guadalajara,Mexico,US,GDL,MEX,Americas,Northern America,Aeromexico,Economy,,0,0,0,1,4.58,3.79,0.6149,0.3851,8.08,58,10,"Guadalajara, Mexico"
EG-2026-05-22,eduardo-gomez,1,0,1,city,2026-05-22,2026-05-22,2026,5,may,0,Puebla|Mexico,Puebla,Mexico,US,PBC,GDL,Americas,Northern America,Concesionaria Vuela Compania De Aviacion SA de CV (Volaris),Economy,,0,0,0,1,4.58,4.28,0.3582,0.6418,7.43,1,1,"Puebla, Mexico"
EG-2026-07-03,eduardo-gomez,1,0,1,city,2026-07-03,2026-07-03,2026,7,july,0,Houston|United States,Houston,United States,MX,IAH,GDL,Americas,Central America,United Air Lines Inc.,Economy,beach_vacation,1,0,0,1,0.0,6.02,0.8677,0.1323,7.33,55,7,"Houston, United States"
EG-2026-07-05,eduardo-gomez,1,0,1,city,2026-07-05,2026-07-05,2026,7,july,0,Guadalajara|Mexico,Guadalajara,Mexico,MX,GDL,IAH,Americas,Central America,United Air Lines Inc.,Economy,,0,0,0,1,4.58,3.79,0.6149,0.3851,7.06,58,10,"Guadalajara, Mexico"
EG-2026-08-21,eduardo-gomez,1,0,1,city,2026-08-21,2026-08-21,2026,8,august,0,Mexico City|Mexico,Mexico City,Mexico,US,MEX,GDL,Americas,Northern America,Aeromexico,Economy,,0,0,0,1,8.12,6.87,0.7046,0.2954,7.05,43,13,"Mexico City, Mexico"
EG-2026-08-24,eduardo-gomez,1,0,1,city,2026-08-24,2026-08-24,2026,8,august,0,Guadalajara|Mexico,Guadalajara,Mexico,US,GDL,MEX,Americas,Northern America,Aeromexico,Economy,,0,0,0,1,4.58,3.79,0.6149,0.3851,7.09,58,10,"Guadalajara, Mexico"
EG-2026-09-26,eduardo-gomez,1,0,1,city,2026-09-26,2026-09-27,2026,9,september,1,Washington|United States,Washington,United States,US,IAD,IAH,Americas,Northern America,United Air Lines Inc.,Economy,beach_vacation,1,0,0,1,0.0,7.41,0.8856,0.1144,7.29,22,7,"Washington, United States"
EG-2026-10-30,eduardo-gomez,1,0,1,city,2026-10-30,2026-10-31,2026,10,october,1,Tokyo|Japan,Tokyo,Japan,JP,HND,LAX,Asia,Eastern Asia,United Air Lines Inc.,Economy,,0,0,0,1,2.89,9.99,0.7993,0.2007,6.76,80,22,"Tokyo, Japan"
EG-2026-11-08,eduardo-gomez,1,0,1,city,2026-11-08,2026-11-08,2026,11,november,0,Hong Kong|Hong Kong,Hong Kong,Hong Kong,HK,HKG,KIX,Asia,Eastern Asia,Cathay Pacific Airways Ltd.,Economy,,0,0,0,1,0.0,8.53,0.7569,0.2431,7.55,5,3,"Hong Kong, Hong Kong"
EG-2026-11-13,eduardo-gomez,1,0,1,city,2026-11-13,2026-11-13,2026,11,november,0,San Francisco|United States,San Francisco,United States,HK,SFO,HKG,Asia,Eastern Asia,United Air Lines Inc.,Economy,,0,0,0,1,0.0,8.13,0.8552,0.1448,7.3,40,9,"San Francisco, United States"
EH-2016-10-08,edward-hopper,1,0,1,city,2016-10-08,2016-10-20,2016,10,october,12,Tokyo|Japan,Tokyo,Japan,JP,HND,SFO,Asia,Eastern Asia,United Air Lines Inc.,Economy,,0,0,0,1,2.89,9.99,0.7993,0.2007,6.76,80,22,"Tokyo, Japan"
EH-2017-10-14,edward-hopper,1,0,1,city,2017-10-14,2017-10-26,2017,10,october,12,Hong Kong|Hong Kong,Hong Kong,Hong Kong,HK,HKG,SFO,Asia,Eastern Asia,Cathay Pacific Airways Ltd.,Economy,,0,0,0,1,0.0,8.53,0.7569,0.2431,6.97,5,3,"Hong Kong, Hong Kong"
EH-2018-10-13,edward-hopper,1,0,1,city,2018-10-13,2018-10-25,2018,10,october,12,Seoul|South Korea,Seoul,South Korea,KR,ICN,SFO,Asia,Eastern Asia,United Air Lines Inc.,Economy,,0,0,0,1,8.12,8.2,0.7671,0.2329,6.88,29,9,"Seoul, South Korea"
EH-2019-10-12,edward-hopper,1,0,1,city,2019-10-12,2019-10-24,2019,10,october,12,Taipei|Taiwan,Taipei,Taiwan,TW,TPE,SFO,Asia,Eastern Asia,Eva Airways Corporation,Economy,beach_vacation,1,0,0,1,0.0,8.44,0.698,0.302,6.81,5,2,"Taipei, Taiwan"
EH-2020-10-10,edward-hopper,1,0,1,city,2020-10-10,2020-10-22,2020,10,october,12,Tokyo|Japan,Tokyo,Japan,JP,HND,SFO,Asia,Eastern Asia,United Air Lines Inc.,Economy,,0,0,0,1,2.89,9.99,0.7993,0.2007,6.76,80,22,"Tokyo, Japan"
EH-2021-10-09,edward-hopper,1,0,1,city,2021-10-09,2021-10-21,2021,10,october,12,Singapore|Singapore,Singapore,Singapore,SG,SIN,SFO,Asia,South-eastern Asia,United Air Lines Inc.,Economy,beach_vacation,1,0,0,1,2.89,9.04,0.6473,0.3527,7.09,4,2,"Singapore, Singapore"
EH-2022-10-08,edward-hopper,1,0,1,city,2022-10-08,2022-10-20,2022,10,october,12,Osaka|Japan,Osaka,Japan,JP,KIX,SFO,Asia,Eastern Asia,United Air Lines Inc.,Economy,beach_vacation,1,0,0,1,8.12,9.99,0.7022,0.2978,7.1,2,2,"Osaka, Japan"
EH-2023-10-14,edward-hopper,1,0,1,city,2023-10-14,2023-10-26,2023,10,october,12,Hong Kong|Hong Kong,Hong Kong,Hong Kong,HK,HKG,SFO,Asia,Eastern Asia,Cathay Pacific Airways Ltd.,Economy,,0,0,0,1,0.0,8.53,0.7569,0.2431,6.97,5,3,"Hong Kong, Hong Kong"
EH-2024-10-12,edward-hopper,1,0,1,city,2024-10-12,2024-10-24,2024,10,october,12,Shanghai|China,Shanghai,China,CN,PVG,SFO,Asia,Eastern Asia,United Air Lines Inc.,Economy,,0,0,0,1,0.0,7.99,0.7618,0.2382,7.48,7,3,"Shanghai, China"
EH-2025-10-11,edward-hopper,1,0,1,city,2025-10-11,2025-10-23,2025,10,october,12,Tokyo|Japan,Tokyo,Japan,JP,HND,SFO,Asia,Eastern Asia,United Air Lines Inc.,Economy,,0,0,0,1,2.89,9.99,0.7993,0.2007,6.76,80,22,"Tokyo, Japan"
DEL-2021-07-25,edwin-leeford,1,0,1,city,2021-07-25,2021-08-07,2021,7,july,13,Amsterdam|Netherlands,Amsterdam,Netherlands,NL,AMS,EWR,Europe,Western Europe,United Air Lines Inc.,Economy,,0,0,0,1,7.47,8.19,0.7822,0.2178,7.48,50,16,"Amsterdam, Netherlands"
DEL-2022-07-27,edwin-leeford,1,0,1,city,2022-07-27,2022-08-07,2022,7,july,11,Brussels|Belgium,Brussels,Belgium,BE,BRU,EWR,Europe,Western Europe,United Air Lines Inc.,Economy,beach_vacation,1,0,0,1,10.0,9.25,0.7617,0.2383,7.67,2,2,"Brussels, Belgium"
DEL-2023-07-22,edwin-leeford,1,0,1,city,2023-07-22,2023-08-06,2023,7,july,15,Frankfurt|Germany,Frankfurt,Germany,DE,FRA,EWR,Europe,Western Europe,United Air Lines Inc.,Economy,,0,0,0,1,6.71,6.53,0.8265,0.1735,7.58,17,5,"Frankfurt, Germany"
DEL-2024-07-29,edwin-leeford,1,0,1,city,2024-07-29,2024-08-10,2024,7,july,12,Berlin|Germany,Berlin,Germany,DE,TXL,EWR,Europe,Western Europe,United Air Lines Inc.,Economy,,0,0,0,1,6.71,6.95,0.6483,0.3517,7.62,6,5,"Berlin, Germany"
DEL-2025-07-26,edwin-leeford,1,0,1,city,2025-07-26,2025-08-05,2025,7,july,10,Hamburg|Germany,Hamburg,Germany,DE,HAM,EWR,Europe,Western Europe,United Air Lines Inc.,Economy,,0,0,0,1,2.89,6.53,0.5623,0.4377,7.21,1,1,"Hamburg, Germany"
CC-2022-05-01,eileen-chang,1,0,0,city,2022-05-01,2022-05-12,2022,5,may,11,Sydney|Australia,Sydney,Australia,AU,,,Oceania,Australia and New Zealand,,Economy,,0,0,0,1,4.58,0.0,0.6762,0.3238,6.69,40,14,"Sydney, Aus"
SL1-2023-06-15,elizabeth-jolley,1,0,0,city,2023-06-15,2023-06-21,2023,6,june,6,Sydney|Australia,Sydney,Australia,AU,,,Oceania,Australia and New Zealand,,Economy,,0,0,0,1,4.58,0.0,0.6762,0.3238,7.73,40,14,"Sydney, Australia"
EF-2018-03-10,ella-fitzgerald,1,0,1,city,2018-03-10,2018-03-15,2018,3,march,5,Orlando|United States,Orlando,United States,US,MCO,CVG,Americas,Northern America,Delta Air Lines Inc.,Economy,beach_vacation,1,0,0,1,0.0,6.53,0.8513,0.1487,7.75,158,26,"Orlando, United States"
EF-2018-07-14,ella-fitzgerald,1,0,1,city,2018-07-14,2018-07-20,2018,7,july,6,Orlando|United States,Orlando,United States,US,MCO,CVG,Americas,Northern America,Delta Air Lines Inc.,Economy,beach_vacation,1,0,0,1,0.0,6.53,0.8513,0.1487,7.03,158,26,"Orlando, United States"
EF-2018-12-20,ella-fitzgerald,1,0,1,city,2018-12-20,2018-12-26,2018,12,december,6,Orlando|United States,Orlando,United States,US,MCO,CVG,Americas,Northern America,Delta Air Lines Inc.,Economy,beach_vacation|holiday_trip,1,0,1,1,0.0,6.53,0.8513,0.1487,7.67,158,26,"Orlando, United States"
EF-2019-03-09,ella-fitzgerald,1,0,1,city,2019-03-09,2019-03-14,2019,3,march,5,Orlando|United States,Orlando,United States,US,MCO,CVG,Americas,Northern America,Delta Air Lines Inc.,Economy,beach_vacation,1,0,0,1,0.0,6.53,0.8513,0.1487,7.75,158,26,"Orlando, United States"
EF-2019-07-13,ella-fitzgerald,1,0,1,city,2019-07-13,2019-07-19,2019,7,july,6,Orlando|United States,Orlando,United States,US,MCO,CVG,Americas,Northern America,Delta Air Lines Inc.,Economy,beach_vacation,1,0,0,1,0.0,6.53,0.8513,0.1487,7.03,158,26,"Orlando, United States"
EF-2019-12-20,ella-fitzgerald,1,0,1,city,2019-12-20,2019-12-26,2019,12,december,6,Orlando|United States,Orlando,United States,US,MCO,CVG,Americas,Northern America,Delta Air Lines Inc.,Economy,beach_vacation|holiday_trip,1,0,1,1,0.0,6.53,0.8513,0.1487,7.67,158,26,"Orlando, United States"
EF-2020-03-14,ella-fitzgerald,1,0,1,city,2020-03-14,2020-03-19,2020,3,march,5,Orlando|United States,Orlando,United States,US,MCO,CVG,Americas,Northern America,Delta Air Lines Inc.,Economy,beach_vacation,1,0,0,1,0.0,6.53,0.8513,0.1487,7.75,158,26,"Orlando, United States"
EF-2020-07-11,ella-fitzgerald,1,0,1,city,2020-07-11,2020-07-17,2020,7,july,6,Orlando|United States,Orlando,United States,US,MCO,CVG,Americas,Northern America,Delta Air Lines Inc.,Economy,beach_vacation,1,0,0,1,0.0,6.53,0.8513,0.1487,7.03,158,26,"Orlando, United States"
EF-2020-12-20,ella-fitzgerald,1,0,1,city,2020-12-20,2020-12-26,2020,12,december,6,Orlando|United States,Orlando,United States,US,MCO,CVG,Americas,Northern America,Delta Air Lines Inc.,Economy,beach_vacation|holiday_trip,1,0,1,1,0.0,6.53,0.8513,0.1487,7.67,158,26,"Orlando, United States"
EF-2021-03-13,ella-fitzgerald,1,0,1,city,2021-03-13,2021-03-18,2021,3,march,5,Orlando|United States,Orlando,United States,US,MCO,CVG,Americas,Northern America,Delta Air Lines Inc.,Economy,beach_vacation,1,0,0,1,0.0,6.53,0.8513,0.1487,7.75,158,26,"Orlando, United States"
EF-2021-07-10,ella-fitzgerald,1,0,1,city,2021-07-10,2021-07-16,2021,7,july,6,Orlando|United States,Orlando,United States,US,MCO,CVG,Americas,Northern America,Delta Air Lines Inc.,Economy,beach_vacation,1,0,0,1,0.0,6.53,0.8513,0.1487,7.03,158,26,"Orlando, United States"
EF-2021-12-20,ella-fitzgerald,1,0,1,city,2021-12-20,2021-12-26,2021,12,december,6,Orlando|United States,Orlando,United States,US,MCO,CVG,Americas,Northern America,Delta Air Lines Inc.,Economy,beach_vacation|holiday_trip,1,0,1,1,0.0,6.53,0.8513,0.1487,7.67,158,26,"Orlando, United States"
EF-2022-03-12,ella-fitzgerald,1,0,1,city,2022-03-12,2022-03-17,2022,3,march,5,Orlando|United States,Orlando,United States,US,MCO,CVG,Americas,Northern America,Delta Air Lines Inc.,Economy,beach_vacation,1,0,0,1,0.0,6.53,0.8513,0.1487,7.75,158,26,"Orlando, United States"
EF-2022-07-09,ella-fitzgerald,1,0,1,city,2022-07-09,2022-07-15,2022,7,july,6,Orlando|United States,Orlando,United States,US,MCO,CVG,Americas,Northern America,Delta Air Lines Inc.,Economy,beach_vacation,1,0,0,1,0.0,6.53,0.8513,0.1487,7.03,158,26,"Orlando, United States"
EF-2022-12-20,ella-fitzgerald,1,0,1,city,2022-12-20,2022-12-26,2022,12,december,6,Orlando|United States,Orlando,United States,US,MCO,CVG,Americas,Northern America,Delta Air Lines Inc.,Economy,beach_vacation|holiday_trip,1,0,1,1,0.0,6.53,0.8513,0.1487,7.67,158,26,"Orlando, United States"
EF-2023-03-11,ella-fitzgerald,1,0,1,city,2023-03-11,2023-03-16,2023,3,march,5,Orlando|United States,Orlando,United States,US,MCO,CVG,Americas,Northern America,Delta Air Lines Inc.,Economy,beach_vacation,1,0,0,1,0.0,6.53,0.8513,0.1487,7.75,158,26,"Orlando, United States"
EF-2023-07-08,ella-fitzgerald,1,0,1,city,2023-07-08,2023-07-14,2023,7,july,6,Orlando|United States,Orlando,United States,US,MCO,CVG,Americas,Northern America,Delta Air Lines Inc.,Economy,beach_vacation,1,0,0,1,0.0,6.53,0.8513,0.1487,7.03,158,26,"Orlando, United States"
EF-2023-12-20,ella-fitzgerald,1,0,1,city,2023-12-20,2023-12-26,2023,12,december,6,Orlando|United States,Orlando,United States,US,MCO,CVG,Americas,Northern America,Delta Air Lines Inc.,Economy,beach_vacation|holiday_trip,1,0,1,1,0.0,6.53,0.8513,0.1487,7.67,158,26,"Orlando, United States"
EF-2024-03-09,ella-fitzgerald,1,0,1,city,2024-03-09,2024-03-14,2024,3,march,5,Orlando|United States,Orlando,United States,US,MCO,CVG,Americas,Northern America,Delta Air Lines Inc.,Economy,beach_vacation,1,0,0,1,0.0,6.53,0.8513,0.1487,7.75,158,26,"Orlando, United States"
EF-2024-07-13,ella-fitzgerald,1,0,1,city,2024-07-13,2024-07-19,2024,7,july,6,Orlando|United States,Orlando,United States,US,MCO,CVG,Americas,Northern America,Delta Air Lines Inc.,Economy,beach_vacation,1,0,0,1,0.0,6.53,0.8513,0.1487,7.03,158,26,"Orlando, United States"
EF-2024-12-20,ella-fitzgerald,1,0,1,city,2024-12-20,2024-12-26,2024,12,december,6,Orlando|United States,Orlando,United States,US,MCO,CVG,Americas,Northern America,Delta Air Lines Inc.,Economy,beach_vacation|holiday_trip,1,0,1,1,0.0,6.53,0.8513,0.1487,7.67,158,26,"Orlando, United States"
EF-2025-03-08,ella-fitzgerald,1,0,1,city,2025-03-08,2025-03-13,2025,3,march,5,Orlando|United States,Orlando,United States,US,MCO,CVG,Americas,Northern America,Delta Air Lines Inc.,Economy,beach_vacation,1,0,0,1,0.0,6.53,0.8513,0.1487,7.75,158,26,"Orlando, United States"
EF-2025-07-12,ella-fitzgerald,1,0,1,city,2025-07-12,2025-07-18,2025,7,july,6,Orlando|United States,Orlando,United States,US,MCO,CVG,Americas,Northern America,Delta Air Lines Inc.,Economy,beach_vacation,1,0,0,1,0.0,6.53,0.8513,0.1487,7.03,158,26,"Orlando, United States"
EF-2025-12-20,ella-fitzgerald,1,0,1,city,2025-12-20,2025-12-26,2025,12,december,6,Orlando|United States,Orlando,United States,US,MCO,CVG,Americas,Northern America,Delta Air Lines Inc.,Economy,beach_vacation|holiday_trip,1,0,1,1,0.0,6.53,0.8513,0.1487,7.67,158,26,"Orlando, United States"
GR-2022-03-10,elsa-morante,1,0,0,city,2022-03-10,2022-03-20,2022,3,march,11,Rome|Italy,Rome,Italy,IT,,,Europe,Southern Europe,,Economy,,0,0,0,1,8.67,7.27,0.7587,0.2413,7.03,49,25,Rome
MG2-2021-08-10,emilia-pardo-bazan,1,0,0,region,2021-08-10,2021-08-20,2021,8,august,11,Bali|Indonesia,Bali,Indonesia,ID,,,Asia,South-eastern Asia,,Economy,,0,0,0,1,2.89,0.0,0.3416,0.6584,7.14,12,12,Bali
MG2-2023-10-20,emilia-pardo-bazan,1,0,0,city,2023-10-20,2023-10-28,2023,10,october,8,Barcelona|Spain,Barcelona,Spain,ES,,,Europe,Southern Europe,,Economy,,0,0,0,1,5.78,7.69,0.7358,0.2642,7.35,38,20,Barcelona
JS2-2023-05-15,emily-bronte,1,0,0,city,2023-05-15,2023-05-22,2023,5,may,7,Tokyo|Japan,Tokyo,Japan,JP,,,Asia,Eastern Asia,,Economy,,0,0,0,1,2.89,9.99,0.7993,0.2007,6.71,80,22,"Tokyo, Japan"
MJ2-2022-06-12,emily-dickinson,1,0,0,city,2022-06-12,2022-06-19,2022,6,june,7,Paris|France,Paris,France,FR,,,Europe,Western Europe,,Economy,,0,0,0,1,6.71,9.93,0.8396,0.1604,7.8,72,28,"Paris, France"
MJ2-2023-02-14,emily-dickinson,0,0,0,country,2023-02-14,2023-02-20,2023,2,february,6,,,Italy,IT,,,Europe,Southern Europe,,Economy,,0,0,0,0,,,,,,,,Italy
JS3-2021-06-15,ernest-hemingway,1,0,0,city,2021-06-15,2021-06-20,2021,6,june,6,Paris|France,Paris,France,FR,,,Europe,Western Europe,,Economy,,0,0,0,1,6.71,9.93,0.8396,0.1604,7.8,72,28,Paris
JS3-2023-05-01,ernest-hemingway,1,0,0,city,2023-05-01,2023-05-08,2023,5,may,7,London|United Kingdom,London,United Kingdom,GB,,,Europe,Northern Europe,,Economy,,0,0,0,1,6.71,9.54,0.8673,0.1327,7.69,135,33,"London, UK"
JS3-2023-07-01,ernest-hemingway,1,0,0,city,2023-07-01,2023-07-08,2023,7,july,7,Cancun|Mexico,Cancun,Mexico,MX,,,Americas,Central America,,Economy,,0,0,0,1,0.0,2.83,0.6899,0.3101,7.2,173,36,"Cancun, Mexico"
DEH-2021-06-15,estella-havisham,1,0,1,city,2021-06-15,2021-06-29,2021,6,june,14,Barcelona|Spain,Barcelona,Spain,ES,BCN,EWR,Europe,Southern Europe,United Air Lines Inc.,Economy,beach_vacation,1,0,0,1,5.78,7.69,0.7358,0.2642,8.39,38,20,"Barcelona, Spain"
DEH-2022-06-17,estella-havisham,1,0,1,city,2022-06-17,2022-06-29,2022,6,june,12,Madrid|Spain,Madrid,Spain,ES,MAD,EWR,Europe,Southern Europe,United Air Lines Inc.,Economy,,0,0,0,1,6.71,8.22,0.7462,0.2538,8.28,51,18,"Madrid, Spain"
DEH-2023-06-12,estella-havisham,1,0,1,city,2023-06-12,2023-06-25,2023,6,june,13,Bilbao|Spain,Bilbao,Spain,ES,BIO,EWR,Europe,Southern Europe,United Air Lines Inc.,Economy,beach_vacation,1,0,0,1,5.78,6.02,0.4828,0.5172,7.64,4,3,"Bilbao, Spain"
DEH-2024-06-19,estella-havisham,1,0,1,city,2024-06-19,2024-07-04,2024,6,june,15,Lisbon|Portugal,Lisbon,Portugal,PT,LIS,EWR,Europe,Southern Europe,United Air Lines Inc.,Economy,beach_vacation,1,0,0,1,5.78,6.42,0.6677,0.3323,8.32,48,16,"Lisbon, Portugal"
DEH-2025-06-16,estella-havisham,1,0,1,city,2025-06-16,2025-06-27,2025,6,june,11,Milano|Italy,Milano,Italy,IT,MXP,EWR,Europe,Southern Europe,United Air Lines Inc.,Economy,,0,0,0,0,,,,,,5,5,"Milano, Italy"
SKEM-2024-01-06,ettore-moretti,1,0,1,city,2024-01-06,2024-01-13,2024,1,january,7,Jacksn Hole|United States,Jacksn Hole,United States,US,JAC,DFW,Americas,Northern America,American Airlines Inc.,Economy,ski_trip,0,1,0,0,,,,,,9,2,"Jacksn Hole, United States"
SKEM-2024-03-09,ettore-moretti,1,0,1,city,2024-03-09,2024-03-16,2024,3,march,7,Salt Lake City|United States,Salt Lake City,United States,US,SLC,DFW,Americas,Northern America,American Airlines Inc.,Economy,ski_trip,0,1,0,1,0.0,0.0,0.7596,0.2404,7.24,26,7,"Salt Lake City, United States"
SKEM-2025-01-04,ettore-moretti,1,0,1,city,2025-01-04,2025-01-11,2025,1,january,7,Jacksn Hole|United States,Jacksn Hole,United States,US,JAC,DFW,Americas,Northern America,American Airlines Inc.,Economy,ski_trip,0,1,0,0,,,,,,9,2,"Jacksn Hole, United States"
SKEM-2025-03-08,ettore-moretti,1,0,1,city,2025-03-08,2025-03-15,2025,3,march,7,Salt Lake City|United States,Salt Lake City,United States,US,SLC,DFW,Americas,Northern America,American Airlines Inc.,Economy,ski_trip,0,1,0,1,0.0,0.0,0.7596,0.2404,7.24,26,7,"Salt Lake City, United States"
SKEM-2026-01-03,ettore-moretti,1,0,1,city,2026-01-03,2026-01-10,2026,1,january,7,Jacksn Hole|United States,Jacksn Hole,United States,US,JAC,DFW,Americas,Northern America,American Airlines Inc.,Economy,ski_trip,0,1,0,0,,,,,,9,2,"Jacksn Hole, United States"
SKEM-2026-03-07,ettore-moretti,1,0,1,city,2026-03-07,2026-03-14,2026,3,march,7,Salt Lake City|United States,Salt Lake City,United States,US,SLC,DFW,Americas,Northern America,American Airlines Inc.,Economy,ski_trip,0,1,0,1,0.0,0.0,0.7596,0.2404,7.24,26,7,"Salt Lake City, United States"
FL-2022-08-08,f-scott-fitzgerald,1,0,0,city,2022-08-08,2022-08-16,2022,8,august,8,Cancun|Mexico,Cancun,Mexico,MX,,,Americas,Central America,,Economy,,0,0,0,1,0.0,2.83,0.6899,0.3101,6.97,173,36,"Cancun, Mexico"
SK-2022-08-25,fadwa-tuqan,1,0,0,city,2022-08-25,2022-08-30,2022,8,august,5,Dubai|United Arab Emirates,Dubai,United Arab Emirates,AE,,,Asia,Western Asia,,Economy,,0,0,0,1,0.0,7.48,0.7049,0.2951,6.92,4,4,Dubai
FK-2024-08-20,fatema-mernissi,1,0,0,city,2024-08-20,2024-08-27,2024,8,august,7,Marrakech|Morocco,Marrakech,Morocco,MA,,,Africa,Northern Africa,,Economy,,0,0,0,1,2.89,0.0,0.4187,0.5813,6.99,1,1,"Marrakech, Morocco"
SKFC-2024-02-03,frances-clyne,1,0,1,city,2024-02-03,2024-02-10,2024,2,february,7,Jacksn Hole|United States,Jacksn Hole,United States,US,JAC,MSP,Americas,Northern America,Delta Air Lines Inc.,Economy,ski_trip,0,1,0,0,,,,,,9,2,"Jacksn Hole, United States"
SKFC-2024-03-23,frances-clyne,1,0,1,city,2024-03-23,2024-03-30,2024,3,march,7,Jacksn Hole|United States,Jacksn Hole,United States,US,JAC,MSP,Americas,Northern America,Delta Air Lines Inc.,Economy,ski_trip,0,1,0,0,,,,,,9,2,"Jacksn Hole, United States"
SKFC-2025-02-01,frances-clyne,1,0,1,city,2025-02-01,2025-02-08,2025,2,february,7,Jacksn Hole|United States,Jacksn Hole,United States,US,JAC,MSP,Americas,Northern America,Delta Air Lines Inc.,Economy,ski_trip,0,1,0,0,,,,,,9,2,"Jacksn Hole, United States"
SKFC-2025-03-22,frances-clyne,1,0,1,city,2025-03-22,2025-03-29,2025,3,march,7,Jacksn Hole|United States,Jacksn Hole,United States,US,JAC,MSP,Americas,Northern America,Delta Air Lines Inc.,Economy,ski_trip,0,1,0,0,,,,,,9,2,"Jacksn Hole, United States"
SKFC-2026-01-31,frances-clyne,1,0,1,city,2026-01-31,2026-02-07,2026,1,january,7,Jacksn Hole|United States,Jacksn Hole,United States,US,JAC,MSP,Americas,Northern America,Delta Air Lines Inc.,Economy,ski_trip,0,1,0,0,,,,,,9,2,"Jacksn Hole, United States"
SKFC-2026-03-21,frances-clyne,1,0,1,city,2026-03-21,2026-03-28,2026,3,march,7,Jacksn Hole|United States,Jacksn Hole,United States,US,JAC,MSP,Americas,Northern America,Delta Air Lines Inc.,Economy,ski_trip,0,1,0,0,,,,,,9,2,"Jacksn Hole, United States"
WB-2023-10-01,frank-sargeson,1,0,0,city,2023-10-01,2023-10-08,2023,10,october,7,Auckland|New Zealand,Auckland,New Zealand,NZ,,,Oceania,Australia and New Zealand,,Economy,,0,0,0,1,0.0,6.09,0.6113,0.3887,6.75,6,3,"Auckland, New Zealand"
HFH-2021-05-28,frederic-henry,1,0,1,city,2021-05-28,2021-05-31,2021,5,may,3,Bozeman|United States,Bozeman,United States,US,BZN,ORD,Americas,Northern America,United Air Lines Inc.,Economy,,0,0,0,0,,,,,,10,1,"Bozeman, United States"
HFH-2021-09-03,frederic-henry,1,0,1,city,2021-09-03,2021-09-06,2021,9,september,3,Bozeman|United States,Bozeman,United States,US,BZN,ORD,Americas,Northern America,United Air Lines Inc.,Economy,,0,0,0,0,,,,,,10,1,"Bozeman, United States"
HFH-2022-05-27,frederic-henry,1,0,1,city,2022-05-27,2022-05-30,2022,5,may,3,Bozeman|United States,Bozeman,United States,US,BZN,ORD,Americas,Northern America,United Air Lines Inc.,Economy,,0,0,0,0,,,,,,10,1,"Bozeman, United States"
HFH-2022-09-02,frederic-henry,1,0,1,city,2022-09-02,2022-09-05,2022,9,september,3,Bozeman|United States,Bozeman,United States,US,BZN,ORD,Americas,Northern America,United Air Lines Inc.,Economy,,0,0,0,0,,,,,,10,1,"Bozeman, United States"
HFH-2023-05-26,frederic-henry,1,0,1,city,2023-05-26,2023-05-29,2023,5,may,3,Bozeman|United States,Bozeman,United States,US,BZN,ORD,Americas,Northern America,United Air Lines Inc.,Economy,,0,0,0,0,,,,,,10,1,"Bozeman, United States"
HFH-2023-09-01,frederic-henry,1,0,1,city,2023-09-01,2023-09-04,2023,9,september,3,Bozeman|United States,Bozeman,United States,US,BZN,ORD,Americas,Northern America,United Air Lines Inc.,Economy,,0,0,0,0,,,,,,10,1,"Bozeman, United States"
HFH-2024-05-24,frederic-henry,1,0,1,city,2024-05-24,2024-05-27,2024,5,may,3,Bozeman|United States,Bozeman,United States,US,BZN,ORD,Americas,Northern America,United Air Lines Inc.,Economy,,0,0,0,0,,,,,,10,1,"Bozeman, United States"
HFH-2024-08-30,frederic-henry,1,0,1,city,2024-08-30,2024-09-02,2024,8,august,3,Bozeman|United States,Bozeman,United States,US,BZN,ORD,Americas,Northern America,United Air Lines Inc.,Economy,,0,0,0,0,,,,,,10,1,"Bozeman, United States"
HFH-2025-05-23,frederic-henry,1,0,1,city,2025-05-23,2025-05-26,2025,5,may,3,Bozeman|United States,Bozeman,United States,US,BZN,ORD,Americas,Northern America,United Air Lines Inc.,Economy,,0,0,0,0,,,,,,10,1,"Bozeman, United States"
HFH-2025-08-29,frederic-henry,1,0,1,city,2025-08-29,2025-09-01,2025,8,august,3,Bozeman|United States,Bozeman,United States,US,BZN,ORD,Americas,Northern America,United Air Lines Inc.,Economy,,0,0,0,0,,,,,,10,1,"Bozeman, United States"
KJ1-2023-02-10,gabrielle-roy,1,0,0,region,2023-02-10,2023-02-18,2023,2,february,8,Bali|Indonesia,Bali,Indonesia,ID,,,Asia,South-eastern Asia,,Economy,,0,0,0,1,2.89,0.0,0.3416,0.6584,6.34,12,12,"Bali, Indonesia"
GG-2018-05-28,galileo-galilei,1,0,1,city,2018-05-28,2018-06-01,2018,5,may,4,Orlando|United States,Orlando,United States,US,MCO,DCA,Americas,Northern America,American Airlines Inc.,Economy,beach_vacation,1,0,0,1,0.0,6.53,0.8513,0.1487,7.13,158,26,"Orlando, United States"
GG-2018-07-02,galileo-galilei,1,0,1,city,2018-07-02,2018-07-08,2018,7,july,6,Orlando|United States,Orlando,United States,US,MCO,DCA,Americas,Northern America,American Airlines Inc.,Economy,beach_vacation,1,0,0,1,0.0,6.53,0.8513,0.1487,7.03,158,26,"Orlando, United States"
GG-2018-12-22,galileo-galilei,1,0,1,city,2018-12-22,2018-12-29,2018,12,december,7,Orlando|United States,Orlando,United States,US,MCO,DCA,Americas,Northern America,American Airlines Inc.,Economy,beach_vacation|holiday_trip,1,0,1,1,0.0,6.53,0.8513,0.1487,7.67,158,26,"Orlando, United States"
GG-2019-05-27,galileo-galilei,1,0,1,city,2019-05-27,2019-05-31,2019,5,may,4,Orlando|United States,Orlando,United States,US,MCO,DCA,Americas,Northern America,American Airlines Inc.,Economy,beach_vacation,1,0,0,1,0.0,6.53,0.8513,0.1487,7.2,158,26,"Orlando, United States"
GG-2019-07-02,galileo-galilei,1,0,1,city,2019-07-02,2019-07-08,2019,7,july,6,Orlando|United States,Orlando,United States,US,MCO,DCA,Americas,Northern America,American Airlines Inc.,Economy,beach_vacation,1,0,0,1,0.0,6.53,0.8513,0.1487,7.03,158,26,"Orlando, United States"
GG-2019-12-22,galileo-galilei,1,0,1,city,2019-12-22,2019-12-29,2019,12,december,7,Orlando|United States,Orlando,United States,US,MCO,DCA,Americas,Northern America,American Airlines Inc.,Economy,beach_vacation|holiday_trip,1,0,1,1,0.0,6.53,0.8513,0.1487,7.67,158,26,"Orlando, United States"
GG-2020-05-25,galileo-galilei,1,0,1,city,2020-05-25,2020-05-29,2020,5,may,4,Orlando|United States,Orlando,United States,US,MCO,DCA,Americas,Northern America,American Airlines Inc.,Economy,beach_vacation,1,0,0,1,0.0,6.53,0.8513,0.1487,7.2,158,26,"Orlando, United States"
GG-2020-07-02,galileo-galilei,1,0,1,city,2020-07-02,2020-07-08,2020,7,july,6,Orlando|United States,Orlando,United States,US,MCO,DCA,Americas,Northern America,American Airlines Inc.,Economy,beach_vacation,1,0,0,1,0.0,6.53,0.8513,0.1487,7.03,158,26,"Orlando, United States"
GG-2020-12-22,galileo-galilei,1,0,1,city,2020-12-22,2020-12-29,2020,12,december,7,Orlando|United States,Orlando,United States,US,MCO,DCA,Americas,Northern America,American Airlines Inc.,Economy,beach_vacation|holiday_trip,1,0,1,1,0.0,6.53,0.8513,0.1487,7.67,158,26,"Orlando, United States"
GG-2021-05-31,galileo-galilei,1,0,1,city,2021-05-31,2021-06-04,2021,5,may,4,Orlando|United States,Orlando,United States,US,MCO,DCA,Americas,Northern America,American Airlines Inc.,Economy,beach_vacation,1,0,0,1,0.0,6.53,0.8513,0.1487,6.91,158,26,"Orlando, United States"
GG-2021-07-02,galileo-galilei,1,0,1,city,2021-07-02,2021-07-08,2021,7,july,6,Orlando|United States,Orlando,United States,US,MCO,DCA,Americas,Northern America,American Airlines Inc.,Economy,beach_vacation,1,0,0,1,0.0,6.53,0.8513,0.1487,7.03,158,26,"Orlando, United States"
GG-2021-12-22,galileo-galilei,1,0,1,city,2021-12-22,2021-12-29,2021,12,december,7,Orlando|United States,Orlando,United States,US,MCO,DCA,Americas,Northern America,American Airlines Inc.,Economy,beach_vacation|holiday_trip,1,0,1,1,0.0,6.53,0.8513,0.1487,7.67,158,26,"Orlando, United States"
GG-2022-05-30,galileo-galilei,1,0,1,city,2022-05-30,2022-06-03,2022,5,may,4,Orlando|United States,Orlando,United States,US,MCO,DCA,Americas,Northern America,American Airlines Inc.,Economy,beach_vacation,1,0,0,1,0.0,6.53,0.8513,0.1487,6.98,158,26,"Orlando, United States"
GG-2022-07-02,galileo-galilei,1,0,1,city,2022-07-02,2022-07-08,2022,7,july,6,Orlando|United States,Orlando,United States,US,MCO,DCA,Americas,Northern America,American Airlines Inc.,Economy,beach_vacation,1,0,0,1,0.0,6.53,0.8513,0.1487,7.03,158,26,"Orlando, United States"
GG-2022-12-22,galileo-galilei,1,0,1,city,2022-12-22,2022-12-29,2022,12,december,7,Orlando|United States,Orlando,United States,US,MCO,DCA,Americas,Northern America,American Airlines Inc.,Economy,beach_vacation|holiday_trip,1,0,1,1,0.0,6.53,0.8513,0.1487,7.67,158,26,"Orlando, United States"
GG-2023-05-29,galileo-galilei,1,0,1,city,2023-05-29,2023-06-02,2023,5,may,4,Orlando|United States,Orlando,United States,US,MCO,DCA,Americas,Northern America,American Airlines Inc.,Economy,beach_vacation,1,0,0,1,0.0,6.53,0.8513,0.1487,7.06,158,26,"Orlando, United States"
GG-2023-07-02,galileo-galilei,1,0,1,city,2023-07-02,2023-07-08,2023,7,july,6,Orlando|United States,Orlando,United States,US,MCO,DCA,Americas,Northern America,American Airlines Inc.,Economy,beach_vacation,1,0,0,1,0.0,6.53,0.8513,0.1487,7.03,158,26,"Orlando, United States"
GG-2023-12-22,galileo-galilei,1,0,1,city,2023-12-22,2023-12-29,2023,12,december,7,Orlando|United States,Orlando,United States,US,MCO,DCA,Americas,Northern America,American Airlines Inc.,Economy,beach_vacation|holiday_trip,1,0,1,1,0.0,6.53,0.8513,0.1487,7.67,158,26,"Orlando, United States"
GG-2024-05-27,galileo-galilei,1,0,1,city,2024-05-27,2024-05-31,2024,5,may,4,Orlando|United States,Orlando,United States,US,MCO,DCA,Americas,Northern America,American Airlines Inc.,Economy,beach_vacation,1,0,0,1,0.0,6.53,0.8513,0.1487,7.2,158,26,"Orlando, United States"
GG-2024-07-02,galileo-galilei,1,0,1,city,2024-07-02,2024-07-08,2024,7,july,6,Orlando|United States,Orlando,United States,US,MCO,DCA,Americas,Northern America,American Airlines Inc.,Economy,beach_vacation,1,0,0,1,0.0,6.53,0.8513,0.1487,7.03,158,26,"Orlando, United States"
GG-2024-12-22,galileo-galilei,1,0,1,city,2024-12-22,2024-12-29,2024,12,december,7,Orlando|United States,Orlando,United States,US,MCO,DCA,Americas,Northern America,American Airlines Inc.,Economy,beach_vacation|holiday_trip,1,0,1,1,0.0,6.53,0.8513,0.1487,7.67,158,26,"Orlando, United States"
GG-2025-05-26,galileo-galilei,1,0,1,city,2025-05-26,2025-05-30,2025,5,may,4,Orlando|United States,Orlando,United States,US,MCO,DCA,Americas,Northern America,American Airlines Inc.,Economy,beach_vacation,1,0,0,1,0.0,6.53,0.8513,0.1487,7.2,158,26,"Orlando, United States"
GG-2025-07-02,galileo-galilei,1,0,1,city,2025-07-02,2025-07-08,2025,7,july,6,Orlando|United States,Orlando,United States,US,MCO,DCA,Americas,Northern America,American Airlines Inc.,Economy,beach_vacation,1,0,0,1,0.0,6.53,0.8513,0.1487,7.03,158,26,"Orlando, United States"
GG-2025-12-22,galileo-galilei,1,0,1,city,2025-12-22,2025-12-29,2025,12,december,7,Orlando|United States,Orlando,United States,US,MCO,DCA,Americas,Northern America,American Airlines Inc.,Economy,beach_vacation|holiday_trip,1,0,1,1,0.0,6.53,0.8513,0.1487,7.67,158,26,"Orlando, United States"
CFB-2023-03-13,george-babbitt,1,0,1,city,2023-03-13,2023-03-16,2023,3,march,3,Chicago|United States,Chicago,United States,US,ORD,CLE,Americas,Northern America,United Air Lines Inc.,Economy,,0,0,0,1,2.89,7.33,0.9501,0.0499,7.08,57,21,"Chicago, United States"
CFB-2023-04-10,george-babbitt,1,0,1,city,2023-04-10,2023-04-13,2023,4,april,3,Atlanta|United States,Atlanta,United States,US,ATL,CLE,Americas,Northern America,United Air Lines Inc.,Economy,,0,0,0,1,0.0,6.55,0.9297,0.0703,7.48,42,15,"Atlanta, United States"
CFB-2023-05-01,george-babbitt,1,0,1,city,2023-05-01,2023-05-04,2023,5,may,3,Denver|United States,Denver,United States,US,DEN,CLE,Americas,Northern America,United Air Lines Inc.,Economy,ski_trip,0,1,0,1,0.0,5.91,0.8445,0.1555,7.45,105,24,"Denver, United States"
CFB-2023-06-12,george-babbitt,1,0,1,city,2023-06-12,2023-06-15,2023,6,june,3,Boston|United States,Boston,United States,US,BOS,CLE,Americas,Northern America,United Air Lines Inc.,Economy,beach_vacation,1,0,0,1,0.0,5.21,0.8383,0.1617,7.54,53,12,"Boston, United States"
CFB-2023-07-10,george-babbitt,1,0,1,city,2023-07-10,2023-07-14,2023,7,july,4,Las Vegas|United States,Las Vegas,United States,US,LAS,CLE,Americas,Northern America,United Air Lines Inc.,Economy,,0,0,0,1,0.0,0.0,0.8469,0.1531,7.09,39,15,"Las Vegas, United States"
CFB-2023-08-07,george-babbitt,1,0,1,city,2023-08-07,2023-08-10,2023,8,august,3,Orlando|United States,Orlando,United States,US,MCO,CLE,Americas,Northern America,United Air Lines Inc.,Economy,beach_vacation,1,0,0,1,0.0,6.53,0.8513,0.1487,6.84,158,26,"Orlando, United States"
OR-2023-07-22,george-eliot,1,0,0,city,2023-07-22,2023-07-28,2023,7,july,6,London|United Kingdom,London,United Kingdom,GB,,,Europe,Northern Europe,,Economy,,0,0,0,1,6.71,9.54,0.8673,0.1327,7.7,135,33,London
SKGG-2024-02-10,george-gardner,1,0,1,city,2024-02-10,2024-02-17,2024,2,february,7,Vail|United States,Vail,United States,US,EGE,IAH,Americas,Northern America,United Air Lines Inc.,Economy,ski_trip,0,1,0,0,,,,,,4,2,"Vail, United States"
SKGG-2025-02-08,george-gardner,1,0,1,city,2025-02-08,2025-02-15,2025,2,february,7,Aspen|United States,Aspen,United States,US,ASE,IAH,Americas,Northern America,United Air Lines Inc.,Economy,ski_trip,0,1,0,0,,,,,,3,2,"Aspen, United States"
SKGG-2026-02-07,george-gardner,1,0,1,city,2026-02-07,2026-02-14,2026,2,february,7,Vail|United States,Vail,United States,US,EGE,IAH,Americas,Northern America,United Air Lines Inc.,Economy,ski_trip,0,1,0,0,,,,,,4,2,"Vail, United States"
JW2-2021-11-20,george-orwell,1,0,0,city,2021-11-20,2021-11-30,2021,11,november,11,London|United Kingdom,London,United Kingdom,GB,,,Europe,Northern Europe,,Economy,,0,0,0,1,6.71,9.54,0.8673,0.1327,6.55,135,33,London
GOK-2021-01-09,georgia-o-keeffe,1,0,1,city,2021-01-09,2021-01-16,2021,1,january,7,Mexico City|Mexico,Mexico City,Mexico,MX,MEX,IAH,Americas,Central America,United Air Lines Inc.,Economy,,0,0,0,1,8.12,6.87,0.7046,0.2954,8.09,43,13,"Mexico City, Mexico"
GOK-2022-01-08,georgia-o-keeffe,1,0,1,city,2022-01-08,2022-01-15,2022,1,january,7,Cancun|Mexico,Cancun,Mexico,MX,CUN,IAH,Americas,Central America,United Air Lines Inc.,Economy,beach_vacation,1,0,0,1,0.0,2.83,0.6899,0.3101,7.09,173,36,"Cancun, Mexico"
GOK-2023-01-14,georgia-o-keeffe,1,0,1,city,2023-01-14,2023-01-21,2023,1,january,7,San Jose del Cabo|Mexico,San Jose del Cabo,Mexico,MX,SJD,IAH,Americas,Central America,United Air Lines Inc.,Economy,beach_vacation,1,0,0,1,2.89,4.48,0.5778,0.4222,,69,12,"San Jose del Cabo, Mexico"
GOK-2024-01-13,georgia-o-keeffe,1,0,1,city,2024-01-13,2024-01-20,2024,1,january,7,Guadalajara|Mexico,Guadalajara,Mexico,MX,GDL,IAH,Americas,Central America,United Air Lines Inc.,Economy,,0,0,0,1,4.58,3.79,0.6149,0.3851,7.95,58,10,"Guadalajara, Mexico"
GOK-2025-01-11,georgia-o-keeffe,1,0,1,city,2025-01-11,2025-01-18,2025,1,january,7,Merida|Mexico,Merida,Mexico,MX,MID,IAH,Americas,Central America,United Air Lines Inc.,Economy,beach_vacation,1,0,0,1,0.0,4.06,0.3871,0.6129,7.53,2,2,"Merida, Mexico"
GR-2019-07-21,gordon-ramsay,1,0,1,city,2019-07-21,2019-07-26,2019,7,july,5,Lima|Peru,Lima,Peru,PE,LIM,LAX,Americas,South America,American Airlines Inc.,First,,0,0,0,1,4.58,0.0,0.5916,0.4084,8.04,12,3,"Lima, Peru"
GR-2019-07-28,gordon-ramsay,1,0,1,city,2019-07-28,2019-08-02,2019,7,july,5,Auckland|New Zealand,Auckland,New Zealand,NZ,AKL,LAX,Oceania,Australia and New Zealand,United Air Lines Inc.,First,,0,0,0,1,0.0,6.09,0.6113,0.3887,6.65,6,3,"Auckland, New Zealand"
GR-2019-08-11,gordon-ramsay,1,0,1,city,2019-08-11,2019-08-16,2019,8,august,5,Kahului|United States,Kahului,United States,US,OGG,LAX,Americas,Northern America,United Air Lines Inc.,First,,0,0,0,0,,,,,,21,2,"Kahului, United States"
GR-2019-08-25,gordon-ramsay,1,0,1,city,2019-08-25,2019-08-30,2019,8,august,5,Anchorage|United States,Anchorage,United States,US,ANC,LAX,Americas,Northern America,American Airlines Inc.,First,,0,0,0,1,0.0,0.0,0.73,0.27,,15,3,"Anchorage, United States"
GR-2020-06-07,gordon-ramsay,1,0,1,city,2020-06-07,2020-06-12,2020,6,june,5,Melbourne|Australia,Melbourne,Australia,AU,MEL,LAX,Oceania,Australia and New Zealand,United Air Lines Inc.,First,,0,0,0,1,2.89,0.0,0.6307,0.3693,7.0,6,3,"Melbourne, Australia"
GR-2020-06-21,gordon-ramsay,1,0,1,city,2020-06-21,2020-06-26,2020,6,june,5,New Orleans|United States,New Orleans,United States,US,MSY,LAX,Americas,Northern America,United Air Lines Inc.,First,,0,0,0,1,0.0,5.48,0.808,0.192,7.12,38,6,"New Orleans, United States"
GR-2021-05-31,gordon-ramsay,1,0,1,city,2021-05-31,2021-06-05,2021,5,may,5,San Antonio|United States,San Antonio,United States,US,SAT,LAX,Americas,Northern America,United Air Lines Inc.,First,,0,0,0,1,2.89,4.39,0.7068,0.2932,7.38,23,5,"San Antonio, United States"
GR-2021-06-13,gordon-ramsay,1,0,1,city,2021-06-13,2021-06-18,2021,6,june,5,Portland|United States,Portland,United States,US,PWM,LAX,Americas,Northern America,AirTran Airways Corporation,First,beach_vacation,1,0,0,1,0.0,0.0,0.7713,0.2287,8.12,36,7,"Portland, United States"
GR-2021-07-04,gordon-ramsay,1,0,1,city,2021-07-04,2021-07-09,2021,7,july,5,Knoxville|United States,Knoxville,United States,US,TYS,LAS,Americas,Northern America,Allegiant Air,First,,0,0,0,1,0.0,2.19,0.635,0.365,7.68,1,1,"Knoxville, United States"
GR-2021-07-18,gordon-ramsay,1,0,1,city,2021-07-18,2021-07-23,2021,7,july,5,Oaxaca|Mexico,Oaxaca,Mexico,MX,OAX,LAX,Americas,Central America,Concesionaria Vuela Compania De Aviacion SA de CV (Volaris),First,,0,0,0,1,4.58,5.03,0.3597,0.6403,,1,1,"Oaxaca, Mexico"
GR-2021-08-01,gordon-ramsay,1,0,1,city,2021-08-01,2021-08-06,2021,8,august,5,Helsinki|Finland,Helsinki,Finland,FI,HEL,LAX,Europe,Northern Europe,Finnair Oy,First,,0,0,0,1,4.58,5.48,0.6209,0.3791,7.34,2,2,"Helsinki, Finland"
GR-2024-05-27,gordon-ramsay,1,0,1,city,2024-05-27,2024-06-01,2024,5,may,5,Miami|United States,Miami,United States,US,MIA,LAX,Americas,Northern America,Delta Air Lines Inc.,First,beach_vacation,1,0,0,1,0.0,6.68,0.9,0.1,7.58,57,13,"Miami, United States"
GR-2024-05-27-2,gordon-ramsay,1,0,1,city,2024-05-27,2024-06-01,2024,5,may,5,Dublin|Ireland,Dublin,Ireland,IE,DUB,LAX,Europe,Northern Europe,Aer Lingus Plc,First,,0,0,0,1,2.89,6.4,0.7288,0.2712,7.48,32,14,"Dublin, Ireland"
GR-2024-06-02,gordon-ramsay,1,0,1,city,2024-06-02,2024-06-07,2024,6,june,5,Madrid|Spain,Madrid,Spain,ES,MAD,LAX,Europe,Southern Europe,American Airlines Inc.,First,,0,0,0,1,6.71,8.22,0.7462,0.2538,8.28,51,18,"Madrid, Spain"
GR-2024-06-09,gordon-ramsay,1,0,1,city,2024-06-09,2024-06-14,2024,6,june,5,Kailua-Kona|United States,Kailua-Kona,United States,US,KOA,LAX,Americas,Northern America,United Air Lines Inc.,First,,0,0,0,0,,,,,,8,2,"Kailua-Kona, United States"
EL2-2022-05-01,grazia-deledda,1,0,0,city,2022-05-01,2022-05-08,2022,5,may,7,Rome|Italy,Rome,Italy,IT,,,Europe,Southern Europe,,Economy,,0,0,0,1,8.67,7.27,0.7587,0.2413,7.89,49,25,Rome
HAD-2016-01-07,hades,1,0,1,city,2016-01-07,2016-01-14,2016,1,january,7,Cancun|Mexico,Cancun,Mexico,MX,CUN,ORD,Americas,Central America,United Air Lines Inc.,Economy,beach_vacation,1,0,0,1,0.0,2.83,0.6899,0.3101,7.09,173,36,"Cancun, Mexico"
HAD-2016-05-15,hades,1,0,1,city,2016-05-15,2016-05-20,2016,5,may,5,Denver|United States,Denver,United States,US,DEN,ORD,Americas,Northern America,United Air Lines Inc.,Economy,ski_trip,0,1,0,1,0.0,5.91,0.8445,0.1555,7.45,105,24,"Denver, United States"
HAD-2016-09-22,hades,1,0,1,city,2016-09-22,2016-09-29,2016,9,september,7,London|United Kingdom,London,United Kingdom,GB,LHR,ORD,Europe,Northern Europe,American Airlines Inc.,Economy,,0,0,0,1,6.71,9.54,0.8673,0.1327,7.28,135,33,"London, United Kingdom"
HAD-2017-01-11,hades,1,0,1,city,2017-01-11,2017-01-17,2017,1,january,6,Orlando|United States,Orlando,United States,US,MCO,ORD,Americas,Northern America,United Air Lines Inc.,Economy,,0,0,0,1,0.0,6.53,0.8513,0.1487,7.5,158,26,"Orlando, United States"
HAD-2017-05-18,hades,1,0,1,city,2017-05-18,2017-05-22,2017,5,may,4,Toronto|Canada,Toronto,Canada,CA,YYZ,ORD,Americas,Northern America,United Air Lines Inc.,Economy,,0,0,0,1,0.0,7.17,0.8369,0.1631,7.0,56,10,"Toronto, Canada"
HAD-2017-09-04,hades,1,0,1,city,2017-09-04,2017-09-09,2017,9,september,5,Seattle|United States,Seattle,United States,US,SEA,ORD,Americas,Northern America,United Air Lines Inc.,Economy,,0,0,0,1,0.0,0.0,0.839,0.161,7.8,38,8,"Seattle, United States"
HAD-2018-01-07,hades,1,0,1,city,2018-01-07,2018-01-14,2018,1,january,7,Cancun|Mexico,Cancun,Mexico,MX,CUN,ORD,Americas,Central America,American Airlines Inc.,Economy,beach_vacation,1,0,0,1,0.0,2.83,0.6899,0.3101,7.09,173,36,"Cancun, Mexico"
HAD-2018-05-15,hades,1,0,1,city,2018-05-15,2018-05-20,2018,5,may,5,Denver|United States,Denver,United States,US,DEN,ORD,Americas,Northern America,American Airlines Inc.,Economy,ski_trip,0,1,0,1,0.0,5.91,0.8445,0.1555,7.45,105,24,"Denver, United States"
HAD-2018-09-22,hades,1,0,1,city,2018-09-22,2018-09-29,2018,9,september,7,London|United Kingdom,London,United Kingdom,GB,LHR,ORD,Europe,Northern Europe,British Airways Plc,Economy,,0,0,0,1,6.71,9.54,0.8673,0.1327,7.28,135,33,"London, United Kingdom"
HAD-2019-01-11,hades,1,0,1,city,2019-01-11,2019-01-17,2019,1,january,6,Orlando|United States,Orlando,United States,US,MCO,ORD,Americas,Northern America,American Airlines Inc.,Economy,,0,0,0,1,0.0,6.53,0.8513,0.1487,7.5,158,26,"Orlando, United States"
HAD-2019-05-18,hades,1,0,1,city,2019-05-18,2019-05-22,2019,5,may,4,Toronto|Canada,Toronto,Canada,CA,YYZ,ORD,Americas,Northern America,Envoy Air,Economy,,0,0,0,1,0.0,7.17,0.8369,0.1631,7.0,56,10,"Toronto, Canada"
HAD-2019-09-04,hades,1,0,1,city,2019-09-04,2019-09-09,2019,9,september,5,Seattle|United States,Seattle,United States,US,SEA,ORD,Americas,Northern America,Alaska Airlines Inc.,Economy,,0,0,0,1,0.0,0.0,0.839,0.161,7.8,38,8,"Seattle, United States"
HAD-2020-01-07,hades,1,0,1,city,2020-01-07,2020-01-14,2020,1,january,7,Cancun|Mexico,Cancun,Mexico,MX,CUN,ORD,Americas,Central America,Frontier Airlines Inc.,Economy,beach_vacation,1,0,0,1,0.0,2.83,0.6899,0.3101,7.09,173,36,"Cancun, Mexico"
HAD-2020-05-15,hades,1,0,1,city,2020-05-15,2020-05-20,2020,5,may,5,Denver|United States,Denver,United States,US,DEN,ORD,Americas,Northern America,Frontier Airlines Inc.,Economy,ski_trip,0,1,0,1,0.0,5.91,0.8445,0.1555,7.45,105,24,"Denver, United States"
HAD-2020-09-22,hades,1,0,1,city,2020-09-22,2020-09-29,2020,9,september,7,London|United Kingdom,London,United Kingdom,GB,LHR,ORD,Europe,Northern Europe,United Air Lines Inc.,Economy,,0,0,0,1,6.71,9.54,0.8673,0.1327,7.28,135,33,"London, United Kingdom"
HAD-2021-01-11,hades,1,0,1,city,2021-01-11,2021-01-17,2021,1,january,6,Orlando|United States,Orlando,United States,US,MCO,ORD,Americas,Northern America,Frontier Airlines Inc.,Economy,,0,0,0,1,0.0,6.53,0.8513,0.1487,7.5,158,26,"Orlando, United States"
HAD-2021-05-18,hades,1,0,1,city,2021-05-18,2021-05-22,2021,5,may,4,Toronto|Canada,Toronto,Canada,CA,YYZ,ORD,Americas,Northern America,Air Canada,Economy,,0,0,0,1,0.0,7.17,0.8369,0.1631,7.0,56,10,"Toronto, Canada"
HAD-2021-09-04,hades,1,0,1,city,2021-09-04,2021-09-09,2021,9,september,5,Seattle|United States,Seattle,United States,US,SEA,ORD,Americas,Northern America,Delta Air Lines Inc.,Economy,,0,0,0,1,0.0,0.0,0.839,0.161,7.8,38,8,"Seattle, United States"
HAD-2022-01-07,hades,1,0,1,city,2022-01-07,2022-01-14,2022,1,january,7,Cancun|Mexico,Cancun,Mexico,MX,CUN,ORD,Americas,Central America,Spirit Air Lines,Economy,beach_vacation,1,0,0,1,0.0,2.83,0.6899,0.3101,7.09,173,36,"Cancun, Mexico"
HAD-2022-05-15,hades,1,0,1,city,2022-05-15,2022-05-20,2022,5,may,5,Denver|United States,Denver,United States,US,DEN,ORD,Americas,Northern America,Southwest Airlines Co.,Economy,ski_trip,0,1,0,1,0.0,5.91,0.8445,0.1555,7.45,105,24,"Denver, United States"
HAD-2022-09-22,hades,1,0,1,city,2022-09-22,2022-09-29,2022,9,september,7,London|United Kingdom,London,United Kingdom,GB,LHR,ORD,Europe,Northern Europe,American Airlines Inc.,Economy,,0,0,0,1,6.71,9.54,0.8673,0.1327,7.28,135,33,"London, United Kingdom"
HAD-2023-01-11,hades,1,0,1,city,2023-01-11,2023-01-17,2023,1,january,6,Orlando|United States,Orlando,United States,US,MCO,ORD,Americas,Northern America,Spirit Air Lines,Economy,,0,0,0,1,0.0,6.53,0.8513,0.1487,7.5,158,26,"Orlando, United States"
HAD-2023-05-18,hades,1,0,1,city,2023-05-18,2023-05-22,2023,5,may,4,Toronto|Canada,Toronto,Canada,CA,YYZ,ORD,Americas,Northern America,Republic Airline,Economy,,0,0,0,1,0.0,7.17,0.8369,0.1631,7.0,56,10,"Toronto, Canada"
HAD-2023-09-04,hades,1,0,1,city,2023-09-04,2023-09-09,2023,9,september,5,Seattle|United States,Seattle,United States,US,SEA,ORD,Americas,Northern America,American Airlines Inc.,Economy,,0,0,0,1,0.0,0.0,0.839,0.161,7.8,38,8,"Seattle, United States"
HAD-2024-01-07,hades,1,0,1,city,2024-01-07,2024-01-14,2024,1,january,7,Cancun|Mexico,Cancun,Mexico,MX,CUN,ORD,Americas,Central America,Southwest Airlines Co.,Economy,beach_vacation,1,0,0,1,0.0,2.83,0.6899,0.3101,7.09,173,36,"Cancun, Mexico"
HAD-2024-05-15,hades,1,0,1,city,2024-05-15,2024-05-20,2024,5,may,5,Denver|United States,Denver,United States,US,DEN,ORD,Americas,Northern America,SkyWest Airlines Inc.,Economy,ski_trip,0,1,0,1,0.0,5.91,0.8445,0.1555,7.45,105,24,"Denver, United States"
HAD-2024-09-22,hades,1,0,1,city,2024-09-22,2024-09-29,2024,9,september,7,London|United Kingdom,London,United Kingdom,GB,LHR,ORD,Europe,Northern Europe,British Airways Plc,Economy,,0,0,0,1,6.71,9.54,0.8673,0.1327,7.28,135,33,"London, United Kingdom"
HAD-2025-01-11,hades,1,0,1,city,2025-01-11,2025-01-17,2025,1,january,6,Orlando|United States,Orlando,United States,US,MCO,ORD,Americas,Northern America,Southwest Airlines Co.,Economy,,0,0,0,1,0.0,6.53,0.8513,0.1487,7.5,158,26,"Orlando, United States"
HAD-2025-05-18,hades,1,0,1,city,2025-05-18,2025-05-22,2025,5,may,4,Toronto|Canada,Toronto,Canada,CA,YYZ,ORD,Americas,Northern America,SkyWest Airlines Inc.,Economy,,0,0,0,1,0.0,7.17,0.8369,0.1631,7.0,56,10,"Toronto, Canada"
HAD-2025-09-04,hades,1,0,1,city,2025-09-04,2025-09-09,2025,9,september,5,Seattle|United States,Seattle,United States,US,SEA,ORD,Americas,Northern America,Korean Air Lines Co. Ltd.,Economy,,0,0,0,1,0.0,0.0,0.839,0.161,7.8,38,8,"Seattle, United States"
DL3-2022-11-23,han-yong-un,1,0,0,city,2022-11-23,2022-12-02,2022,11,november,9,Sydney|Australia,Sydney,Australia,AU,,,Oceania,Australia and New Zealand,,Economy,,0,0,0,1,4.58,0.0,0.6762,0.3238,7.47,40,14,Sydney
EL1-2023-11-20,harper-lee,1,0,0,city,2023-11-20,2023-11-25,2023,11,november,5,New York|United States,New York,United States,US,,,Americas,Northern America,,Economy,,0,0,0,1,4.58,9.36,0.95,0.05,7.0,69,13,New York
DHM-2021-07-10,harry-maylie,1,0,1,city,2021-07-10,2021-07-23,2021,7,july,13,London|United Kingdom,London,United Kingdom,GB,LHR,JFK,Europe,Northern Europe,British Airways Plc,Economy,beach_vacation,1,0,0,1,6.71,9.54,0.8673,0.1327,7.7,135,33,"London, United Kingdom"
DHM-2022-07-12,harry-maylie,1,0,1,city,2022-07-12,2022-07-27,2022,7,july,15,London|United Kingdom,London,United Kingdom,GB,LCY,JFK,Europe,Northern Europe,British Airways Plc,Economy,beach_vacation,1,0,0,1,6.71,9.54,0.8673,0.1327,7.7,135,33,"London, United Kingdom"
DHM-2023-07-07,harry-maylie,1,0,1,city,2023-07-07,2023-07-18,2023,7,july,11,Manchester|United Kingdom,Manchester,United Kingdom,GB,MAN,JFK,Europe,Northern Europe,British Airways Plc,Economy,,0,0,0,1,2.89,6.37,0.7533,0.2467,6.97,5,5,"Manchester, United Kingdom"
DHM-2024-07-14,harry-maylie,1,0,1,city,2024-07-14,2024-07-24,2024,7,july,10,Paris|France,Paris,France,FR,CDG,JFK,Europe,Western Europe,British Airways Plc,Economy,,0,0,0,1,6.71,9.93,0.8396,0.1604,7.42,72,28,"Paris, France"
DHM-2025-07-11,harry-maylie,1,0,1,city,2025-07-11,2025-07-23,2025,7,july,12,Rome|Italy,Rome,Italy,IT,FCO,JFK,Europe,Southern Europe,British Airways Plc,Economy,beach_vacation,1,0,0,1,8.67,7.27,0.7587,0.2413,8.2,49,25,"Rome, Italy"
SKHS-2024-02-24,harvey-stone,1,0,1,city,2024-02-24,2024-03-02,2024,2,february,7,Salt Lake City|United States,Salt Lake City,United States,US,SLC,DTW,Americas,Northern America,Delta Air Lines Inc.,Economy,ski_trip,0,1,0,1,0.0,0.0,0.7596,0.2404,6.1,26,7,"Salt Lake City, United States"
SKHS-2024-03-30,harvey-stone,1,0,1,city,2024-03-30,2024-04-06,2024,3,march,7,Salt Lake City|United States,Salt Lake City,United States,US,SLC,DTW,Americas,Northern America,Delta Air Lines Inc.,Economy,ski_trip,0,1,0,1,0.0,0.0,0.7596,0.2404,7.75,26,7,"Salt Lake City, United States"
SKHS-2025-02-22,harvey-stone,1,0,1,city,2025-02-22,2025-03-01,2025,2,february,7,Salt Lake City|United States,Salt Lake City,United States,US,SLC,DTW,Americas,Northern America,Delta Air Lines Inc.,Economy,ski_trip,0,1,0,1,0.0,0.0,0.7596,0.2404,5.91,26,7,"Salt Lake City, United States"
SKHS-2025-03-29,harvey-stone,1,0,1,city,2025-03-29,2025-04-05,2025,3,march,7,Salt Lake City|United States,Salt Lake City,United States,US,SLC,DTW,Americas,Northern America,Delta Air Lines Inc.,Economy,ski_trip,0,1,0,1,0.0,0.0,0.7596,0.2404,7.67,26,7,"Salt Lake City, United States"
SKHS-2026-02-21,harvey-stone,1,0,1,city,2026-02-21,2026-02-28,2026,2,february,7,Salt Lake City|United States,Salt Lake City,United States,US,SLC,DTW,Americas,Northern America,Delta Air Lines Inc.,Economy,ski_trip,0,1,0,1,0.0,0.0,0.7596,0.2404,5.72,26,7,"Salt Lake City, United States"
SKHS-2026-03-28,harvey-stone,1,0,1,city,2026-03-28,2026-04-04,2026,3,march,7,Salt Lake City|United States,Salt Lake City,United States,US,SLC,DTW,Americas,Northern America,Delta Air Lines Inc.,Economy,ski_trip,0,1,0,1,0.0,0.0,0.7596,0.2404,7.58,26,7,"Salt Lake City, United States"
HHF-2021-05-07,helen-ferguson,1,0,1,city,2021-05-07,2021-05-09,2021,5,may,2,Traverse City|United States,Traverse City,United States,US,TVC,DTW,Americas,Northern America,Delta Air Lines Inc.,Economy,,0,0,0,0,,,,,,25,2,"Traverse City, United States"
HHF-2021-09-03,helen-ferguson,1,0,1,city,2021-09-03,2021-09-06,2021,9,september,3,Traverse City|United States,Traverse City,United States,US,TVC,DTW,Americas,Northern America,Delta Air Lines Inc.,Economy,,0,0,0,0,,,,,,25,2,"Traverse City, United States"
HHF-2022-05-06,helen-ferguson,1,0,1,city,2022-05-06,2022-05-08,2022,5,may,2,Traverse City|United States,Traverse City,United States,US,TVC,DTW,Americas,Northern America,Delta Air Lines Inc.,Economy,,0,0,0,0,,,,,,25,2,"Traverse City, United States"
HHF-2022-09-02,helen-ferguson,1,0,1,city,2022-09-02,2022-09-05,2022,9,september,3,Traverse City|United States,Traverse City,United States,US,TVC,DTW,Americas,Northern America,Delta Air Lines Inc.,Economy,,0,0,0,0,,,,,,25,2,"Traverse City, United States"
HHF-2023-05-12,helen-ferguson,1,0,1,city,2023-05-12,2023-05-14,2023,5,may,2,Traverse City|United States,Traverse City,United States,US,TVC,DTW,Americas,Northern America,Delta Air Lines Inc.,Economy,,0,0,0,0,,,,,,25,2,"Traverse City, United States"
HHF-2023-09-01,helen-ferguson,1,0,1,city,2023-09-01,2023-09-04,2023,9,september,3,Traverse City|United States,Traverse City,United States,US,TVC,DTW,Americas,Northern America,Delta Air Lines Inc.,Economy,,0,0,0,0,,,,,,25,2,"Traverse City, United States"
HHF-2024-05-10,helen-ferguson,1,0,1,city,2024-05-10,2024-05-12,2024,5,may,2,Traverse City|United States,Traverse City,United States,US,TVC,DTW,Americas,Northern America,Delta Air Lines Inc.,Economy,,0,0,0,0,,,,,,25,2,"Traverse City, United States"
HHF-2024-08-30,helen-ferguson,1,0,1,city,2024-08-30,2024-09-02,2024,8,august,3,Traverse City|United States,Traverse City,United States,US,TVC,DTW,Americas,Northern America,Delta Air Lines Inc.,Economy,,0,0,0,0,,,,,,25,2,"Traverse City, United States"
HHF-2025-05-09,helen-ferguson,1,0,1,city,2025-05-09,2025-05-11,2025,5,may,2,Traverse City|United States,Traverse City,United States,US,TVC,DTW,Americas,Northern America,Delta Air Lines Inc.,Economy,,0,0,0,0,,,,,,25,2,"Traverse City, United States"
HHF-2025-08-29,helen-ferguson,1,0,1,city,2025-08-29,2025-09-01,2025,8,august,3,Traverse City|United States,Traverse City,United States,US,TVC,DTW,Americas,Northern America,Delta Air Lines Inc.,Economy,,0,0,0,0,,,,,,25,2,"Traverse City, United States"
WHW-2021-12-22,helen-walshingham,1,0,1,city,2021-12-22,2021-12-27,2021,12,december,5,Boston|United States,Boston,United States,US,BOS,IAD,Americas,Northern America,United Air Lines Inc.,Economy,holiday_trip,0,0,1,1,0.0,5.21,0.8383,0.1617,5.66,53,12,"Boston, United States"
WHW-2022-12-22,helen-walshingham,1,0,1,city,2022-12-22,2022-12-27,2022,12,december,5,Boston|United States,Boston,United States,US,BOS,IAD,Americas,Northern America,United Air Lines Inc.,Economy,holiday_trip,0,0,1,1,0.0,5.21,0.8383,0.1617,5.66,53,12,"Boston, United States"
WHW-2023-12-22,helen-walshingham,1,0,1,city,2023-12-22,2023-12-27,2023,12,december,5,Boston|United States,Boston,United States,US,BOS,IAD,Americas,Northern America,United Air Lines Inc.,Economy,holiday_trip,0,0,1,1,0.0,5.21,0.8383,0.1617,5.66,53,12,"Boston, United States"
WHW-2024-12-22,helen-walshingham,1,0,1,city,2024-12-22,2024-12-27,2024,12,december,5,Boston|United States,Boston,United States,US,BOS,IAD,Americas,Northern America,United Air Lines Inc.,Economy,holiday_trip,0,0,1,1,0.0,5.21,0.8383,0.1617,5.66,53,12,"Boston, United States"
WHW-2025-12-22,helen-walshingham,1,0,1,city,2025-12-22,2025-12-27,2025,12,december,5,Boston|United States,Boston,United States,US,BOS,IAD,Americas,Northern America,United Air Lines Inc.,Economy,holiday_trip,0,0,1,1,0.0,5.21,0.8383,0.1617,5.66,53,12,"Boston, United States"
OPH-2021-01-13,helena-glenarvan,1,0,1,city,2021-01-13,2021-01-20,2021,1,january,7,Paris|France,Paris,France,FR,CDG,SEA,Europe,Western Europe,Compagnie Natl Air France,Economy,,0,0,0,1,6.71,9.93,0.8396,0.1604,6.24,72,28,"Paris, France"
OPH-2021-03-03,helena-glenarvan,1,0,1,city,2021-03-03,2021-03-10,2021,3,march,7,Dublin|Ireland,Dublin,Ireland,IE,DUB,SEA,Europe,Northern Europe,Aer Lingus Plc,Economy,,0,0,0,1,2.89,6.4,0.7288,0.2712,7.37,32,14,"Dublin, Ireland"
OPH-2021-04-28,helena-glenarvan,1,0,1,city,2021-04-28,2021-05-05,2021,4,april,7,Amsterdam|Netherlands,Amsterdam,Netherlands,NL,AMS,SEA,Europe,Western Europe,Delta Air Lines Inc.,Economy,,0,0,0,1,7.47,8.19,0.7822,0.2178,7.82,50,16,"Amsterdam, Netherlands"
OPH-2021-08-25,helena-glenarvan,1,0,1,city,2021-08-25,2021-08-30,2021,8,august,5,Orlando|United States,Orlando,United States,US,MCO,SEA,Americas,Northern America,American Airlines Inc.,Economy,beach_vacation,1,0,0,1,0.0,6.53,0.8513,0.1487,6.84,158,26,"Orlando, United States"
OPH-2021-09-08,helena-glenarvan,1,0,1,city,2021-09-08,2021-09-15,2021,9,september,7,London|United Kingdom,London,United Kingdom,GB,LHR,SEA,Europe,Northern Europe,American Airlines Inc.,Economy,,0,0,0,1,6.71,9.54,0.8673,0.1327,7.28,135,33,"London, United Kingdom"
OPH-2022-01-12,helena-glenarvan,1,0,1,city,2022-01-12,2022-01-19,2022,1,january,7,Paris|France,Paris,France,FR,CDG,SEA,Europe,Western Europe,Delta Air Lines Inc.,Economy,,0,0,0,1,6.71,9.93,0.8396,0.1604,6.24,72,28,"Paris, France"
OPH-2022-03-02,helena-glenarvan,1,0,1,city,2022-03-02,2022-03-09,2022,3,march,7,Dublin|Ireland,Dublin,Ireland,IE,DUB,SEA,Europe,Northern Europe,Aer Lingus Plc,Economy,,0,0,0,1,2.89,6.4,0.7288,0.2712,7.37,32,14,"Dublin, Ireland"
OPH-2022-04-27,helena-glenarvan,1,0,1,city,2022-04-27,2022-05-04,2022,4,april,7,Amsterdam|Netherlands,Amsterdam,Netherlands,NL,AMS,SEA,Europe,Western Europe,Klm Royal Dutch Airlines,Economy,,0,0,0,1,7.47,8.19,0.7822,0.2178,7.83,50,16,"Amsterdam, Netherlands"
OPH-2022-08-31,helena-glenarvan,1,0,1,city,2022-08-31,2022-09-05,2022,8,august,5,Orlando|United States,Orlando,United States,US,MCO,SEA,Americas,Northern America,Alaska Airlines Inc.,Economy,beach_vacation,1,0,0,1,0.0,6.53,0.8513,0.1487,6.81,158,26,"Orlando, United States"
OPH-2022-09-14,helena-glenarvan,1,0,1,city,2022-09-14,2022-09-21,2022,9,september,7,London|United Kingdom,London,United Kingdom,GB,LHR,SEA,Europe,Northern Europe,Compagnie Natl Air France,Economy,,0,0,0,1,6.71,9.54,0.8673,0.1327,7.28,135,33,"London, United Kingdom"
OPH-2023-01-11,helena-glenarvan,1,0,1,city,2023-01-11,2023-01-18,2023,1,january,7,Paris|France,Paris,France,FR,CDG,SEA,Europe,Western Europe,Compagnie Natl Air France,Economy,,0,0,0,1,6.71,9.93,0.8396,0.1604,6.24,72,28,"Paris, France"
OPH-2023-03-01,helena-glenarvan,1,0,1,city,2023-03-01,2023-03-08,2023,3,march,7,Dublin|Ireland,Dublin,Ireland,IE,DUB,SEA,Europe,Northern Europe,Aer Lingus Plc,Economy,,0,0,0,1,2.89,6.4,0.7288,0.2712,7.37,32,14,"Dublin, Ireland"
OPH-2023-04-26,helena-glenarvan,1,0,1,city,2023-04-26,2023-05-03,2023,4,april,7,Amsterdam|Netherlands,Amsterdam,Netherlands,NL,AMS,SEA,Europe,Western Europe,Delta Air Lines Inc.,Economy,,0,0,0,1,7.47,8.19,0.7822,0.2178,7.84,50,16,"Amsterdam, Netherlands"
OPH-2023-08-30,helena-glenarvan,1,0,1,city,2023-08-30,2023-09-04,2023,8,august,5,Orlando|United States,Orlando,United States,US,MCO,SEA,Americas,Northern America,Delta Air Lines Inc.,Economy,beach_vacation,1,0,0,1,0.0,6.53,0.8513,0.1487,6.82,158,26,"Orlando, United States"
OPH-2023-09-13,helena-glenarvan,1,0,1,city,2023-09-13,2023-09-20,2023,9,september,7,London|United Kingdom,London,United Kingdom,GB,LHR,SEA,Europe,Northern Europe,British Airways Plc,Economy,,0,0,0,1,6.71,9.54,0.8673,0.1327,7.28,135,33,"London, United Kingdom"
OPH-2024-01-10,helena-glenarvan,1,0,1,city,2024-01-10,2024-01-17,2024,1,january,7,Paris|France,Paris,France,FR,CDG,SEA,Europe,Western Europe,Delta Air Lines Inc.,Economy,,0,0,0,1,6.71,9.93,0.8396,0.1604,6.24,72,28,"Paris, France"
OPH-2024-03-06,helena-glenarvan,1,0,1,city,2024-03-06,2024-03-13,2024,3,march,7,Dublin|Ireland,Dublin,Ireland,IE,DUB,SEA,Europe,Northern Europe,Aer Lingus Plc,Economy,,0,0,0,1,2.89,6.4,0.7288,0.2712,7.37,32,14,"Dublin, Ireland"
OPH-2024-04-24,helena-glenarvan,1,0,1,city,2024-04-24,2024-05-01,2024,4,april,7,Amsterdam|Netherlands,Amsterdam,Netherlands,NL,AMS,SEA,Europe,Western Europe,Klm Royal Dutch Airlines,Economy,,0,0,0,1,7.47,8.19,0.7822,0.2178,7.85,50,16,"Amsterdam, Netherlands"
OPH-2024-08-28,helena-glenarvan,1,0,1,city,2024-08-28,2024-09-02,2024,8,august,5,Orlando|United States,Orlando,United States,US,MCO,SEA,Americas,Northern America,American Airlines Inc.,Economy,beach_vacation,1,0,0,1,0.0,6.53,0.8513,0.1487,6.83,158,26,"Orlando, United States"
OPH-2024-09-11,helena-glenarvan,1,0,1,city,2024-09-11,2024-09-18,2024,9,september,7,London|United Kingdom,London,United Kingdom,GB,LHR,SEA,Europe,Northern Europe,Delta Air Lines Inc.,Economy,,0,0,0,1,6.71,9.54,0.8673,0.1327,7.28,135,33,"London, United Kingdom"
OPH-2025-01-08,helena-glenarvan,1,0,1,city,2025-01-08,2025-01-15,2025,1,january,7,Paris|France,Paris,France,FR,CDG,SEA,Europe,Western Europe,Compagnie Natl Air France,Economy,,0,0,0,1,6.71,9.93,0.8396,0.1604,6.24,72,28,"Paris, France"
OPH-2025-03-05,helena-glenarvan,1,0,1,city,2025-03-05,2025-03-12,2025,3,march,7,Dublin|Ireland,Dublin,Ireland,IE,DUB,SEA,Europe,Northern Europe,Aer Lingus Plc,Economy,,0,0,0,1,2.89,6.4,0.7288,0.2712,7.37,32,14,"Dublin, Ireland"
OPH-2025-04-30,helena-glenarvan,1,0,1,city,2025-04-30,2025-05-07,2025,4,april,7,Amsterdam|Netherlands,Amsterdam,Netherlands,NL,AMS,SEA,Europe,Western Europe,Delta Air Lines Inc.,Economy,,0,0,0,1,7.47,8.19,0.7822,0.2178,7.81,50,16,"Amsterdam, Netherlands"
OPH-2025-08-27,helena-glenarvan,1,0,1,city,2025-08-27,2025-09-01,2025,8,august,5,Orlando|United States,Orlando,United States,US,MCO,SEA,Americas,Northern America,Alaska Airlines Inc.,Economy,beach_vacation,1,0,0,1,0.0,6.53,0.8513,0.1487,6.83,158,26,"Orlando, United States"
OPH-2025-09-10,helena-glenarvan,1,0,1,city,2025-09-10,2025-09-17,2025,9,september,7,London|United Kingdom,London,United Kingdom,GB,LHR,SEA,Europe,Northern Europe,Iberia Air Lines Of Spain,Economy,,0,0,0,1,6.71,9.54,0.8673,0.1327,7.28,135,33,"London, United Kingdom"
LJ-2024-02-14,hella-haasse,1,0,0,city,2024-02-14,2024-02-21,2024,2,february,7,Amsterdam|Netherlands,Amsterdam,Netherlands,NL,,,Europe,Western Europe,,Economy,,0,0,0,1,7.47,8.19,0.7822,0.2178,7.0,50,16,"Amsterdam, Netherlands"
JW1-2023-12-05,henry-lawson,1,0,0,city,2023-12-05,2023-12-12,2023,12,december,7,Sydney|Australia,Sydney,Australia,AU,,,Oceania,Australia and New Zealand,,Economy,,0,0,0,1,4.58,0.0,0.6762,0.3238,7.39,40,14,Sydney
KJ2-2022-05-01,heo-nanseolheon,1,0,0,city,2022-05-01,2022-05-10,2022,5,may,10,Seoul|South Korea,Seoul,South Korea,KR,,,Asia,Eastern Asia,,Economy,,0,0,0,1,8.12,8.2,0.7671,0.2329,7.37,29,9,Seoul
HRA-2019-01-07,hera,1,0,1,city,2019-01-07,2019-01-14,2019,1,january,7,Cancun|Mexico,Cancun,Mexico,MX,CUN,CMH,Americas,Central America,Southwest Airlines Co.,Economy,beach_vacation,1,0,0,1,0.0,2.83,0.6899,0.3101,7.09,173,36,"Cancun, Mexico"
HRA-2019-05-15,hera,1,0,1,city,2019-05-15,2019-05-19,2019,5,may,4,Chicago|United States,Chicago,United States,US,ORD,CMH,Americas,Northern America,United Air Lines Inc.,Economy,,0,0,0,1,2.89,7.33,0.9501,0.0499,7.48,57,21,"Chicago, United States"
HRA-2019-08-22,hera,1,0,1,city,2019-08-22,2019-08-26,2019,8,august,4,Montreal|Canada,Montreal,Canada,CA,YUL,CMH,Americas,Northern America,Jazz Aviation LP,Economy,,0,0,0,1,0.0,6.58,0.7843,0.2157,7.98,6,2,"Montreal, Canada"
HRA-2019-12-11,hera,1,0,1,city,2019-12-11,2019-12-16,2019,12,december,5,Phoenix|United States,Phoenix,United States,US,PHX,CMH,Americas,Northern America,Southwest Airlines Co.,Economy,,0,0,0,1,2.89,0.0,0.8296,0.1704,8.12,48,12,"Phoenix, United States"
HRA-2020-01-18,hera,1,0,1,city,2020-01-18,2020-01-24,2020,1,january,6,Orlando|United States,Orlando,United States,US,MCO,CMH,Americas,Northern America,Frontier Airlines Inc.,Economy,,0,0,0,1,0.0,6.53,0.8513,0.1487,7.5,158,26,"Orlando, United States"
HRA-2020-05-04,hera,1,0,1,city,2020-05-04,2020-05-08,2020,5,may,4,Washington|United States,Washington,United States,US,IAD,CMH,Americas,Northern America,United Air Lines Inc.,Economy,,0,0,0,1,0.0,7.41,0.8856,0.1144,6.84,22,7,"Washington, United States"
HRA-2020-08-07,hera,1,0,1,city,2020-08-07,2020-08-14,2020,8,august,7,Cancun|Mexico,Cancun,Mexico,MX,CUN,CMH,Americas,Central America,American Airlines Inc.,Economy,beach_vacation,1,0,0,1,0.0,2.83,0.6899,0.3101,6.97,173,36,"Cancun, Mexico"
HRA-2020-12-15,hera,1,0,1,city,2020-12-15,2020-12-19,2020,12,december,4,Chicago|United States,Chicago,United States,US,ORD,CMH,Americas,Northern America,SkyWest Airlines Inc.,Economy,,0,0,0,1,2.89,7.33,0.9501,0.0499,5.3,57,21,"Chicago, United States"
HRA-2021-01-22,hera,1,0,1,city,2021-01-22,2021-01-26,2021,1,january,4,Montreal|Canada,Montreal,Canada,CA,YUL,CMH,Americas,Northern America,Jazz Aviation LP,Economy,,0,0,0,1,0.0,6.58,0.7843,0.2157,5.17,6,2,"Montreal, Canada"
HRA-2021-05-11,hera,1,0,1,city,2021-05-11,2021-05-16,2021,5,may,5,Phoenix|United States,Phoenix,United States,US,PHX,CMH,Americas,Northern America,American Airlines Inc.,Economy,,0,0,0,1,2.89,0.0,0.8296,0.1704,8.23,48,12,"Phoenix, United States"
HRA-2021-08-18,hera,1,0,1,city,2021-08-18,2021-08-24,2021,8,august,6,Orlando|United States,Orlando,United States,US,MCO,CMH,Americas,Northern America,Southwest Airlines Co.,Economy,beach_vacation,1,0,0,1,0.0,6.53,0.8513,0.1487,6.84,158,26,"Orlando, United States"
HRA-2021-12-04,hera,1,0,1,city,2021-12-04,2021-12-08,2021,12,december,4,Washington|United States,Washington,United States,US,IAD,CMH,Americas,Northern America,Republic Airline,Economy,,0,0,0,1,0.0,7.41,0.8856,0.1144,5.86,22,7,"Washington, United States"
HRA-2022-01-07,hera,1,0,1,city,2022-01-07,2022-01-14,2022,1,january,7,Cancun|Mexico,Cancun,Mexico,MX,CUN,CMH,Americas,Central America,Southwest Airlines Co.,Economy,beach_vacation,1,0,0,1,0.0,2.83,0.6899,0.3101,7.09,173,36,"Cancun, Mexico"
HRA-2022-05-15,hera,1,0,1,city,2022-05-15,2022-05-19,2022,5,may,4,Chicago|United States,Chicago,United States,US,ORD,CMH,Americas,Northern America,Envoy Air,Economy,,0,0,0,1,2.89,7.33,0.9501,0.0499,7.48,57,21,"Chicago, United States"
HRA-2022-08-22,hera,1,0,1,city,2022-08-22,2022-08-26,2022,8,august,4,Montreal|Canada,Montreal,Canada,CA,YUL,CMH,Americas,Northern America,Jazz Aviation LP,Economy,,0,0,0,1,0.0,6.58,0.7843,0.2157,7.98,6,2,"Montreal, Canada"
HRA-2022-12-11,hera,1,0,1,city,2022-12-11,2022-12-16,2022,12,december,5,Phoenix|United States,Phoenix,United States,US,PHX,CMH,Americas,Northern America,Southwest Airlines Co.,Economy,,0,0,0,1,2.89,0.0,0.8296,0.1704,8.12,48,12,"Phoenix, United States"
HRA-2023-01-18,hera,1,0,1,city,2023-01-18,2023-01-24,2023,1,january,6,Orlando|United States,Orlando,United States,US,MCO,CMH,Americas,Northern America,Spirit Air Lines,Economy,,0,0,0,1,0.0,6.53,0.8513,0.1487,7.5,158,26,"Orlando, United States"
HRA-2023-05-04,hera,1,0,1,city,2023-05-04,2023-05-08,2023,5,may,4,Washington|United States,Washington,United States,US,IAD,CMH,Americas,Northern America,CommuteAir LLC dba CommuteAir,Economy,,0,0,0,1,0.0,7.41,0.8856,0.1144,6.84,22,7,"Washington, United States"
HRA-2023-08-07,hera,1,0,1,city,2023-08-07,2023-08-14,2023,8,august,7,Cancun|Mexico,Cancun,Mexico,MX,CUN,CMH,Americas,Central America,American Airlines Inc.,Economy,beach_vacation,1,0,0,1,0.0,2.83,0.6899,0.3101,6.97,173,36,"Cancun, Mexico"
HRA-2023-12-15,hera,1,0,1,city,2023-12-15,2023-12-19,2023,12,december,4,Chicago|United States,Chicago,United States,US,ORD,CMH,Americas,Northern America,Republic Airline,Economy,,0,0,0,1,2.89,7.33,0.9501,0.0499,5.3,57,21,"Chicago, United States"
HRA-2024-01-22,hera,1,0,1,city,2024-01-22,2024-01-26,2024,1,january,4,Montreal|Canada,Montreal,Canada,CA,YUL,CMH,Americas,Northern America,Jazz Aviation LP,Economy,,0,0,0,1,0.0,6.58,0.7843,0.2157,5.17,6,2,"Montreal, Canada"
HRA-2024-05-11,hera,1,0,1,city,2024-05-11,2024-05-16,2024,5,may,5,Phoenix|United States,Phoenix,United States,US,PHX,CMH,Americas,Northern America,American Airlines Inc.,Economy,,0,0,0,1,2.89,0.0,0.8296,0.1704,8.23,48,12,"Phoenix, United States"
HRA-2024-08-18,hera,1,0,1,city,2024-08-18,2024-08-24,2024,8,august,6,Orlando|United States,Orlando,United States,US,MCO,CMH,Americas,Northern America,Frontier Airlines Inc.,Economy,beach_vacation,1,0,0,1,0.0,6.53,0.8513,0.1487,6.84,158,26,"Orlando, United States"
HRA-2024-12-04,hera,1,0,1,city,2024-12-04,2024-12-08,2024,12,december,4,Washington|United States,Washington,United States,US,IAD,CMH,Americas,Northern America,Mesa Airlines Inc.,Economy,,0,0,0,1,0.0,7.41,0.8856,0.1144,5.86,22,7,"Washington, United States"
HRA-2025-01-07,hera,1,0,1,city,2025-01-07,2025-01-14,2025,1,january,7,Cancun|Mexico,Cancun,Mexico,MX,CUN,CMH,Americas,Central America,Southwest Airlines Co.,Economy,beach_vacation,1,0,0,1,0.0,2.83,0.6899,0.3101,7.09,173,36,"Cancun, Mexico"
HRA-2025-05-15,hera,1,0,1,city,2025-05-15,2025-05-19,2025,5,may,4,Chicago|United States,Chicago,United States,US,ORD,CMH,Americas,Northern America,American Airlines Inc.,Economy,,0,0,0,1,2.89,7.33,0.9501,0.0499,7.48,57,21,"Chicago, United States"
HRA-2025-08-22,hera,1,0,1,city,2025-08-22,2025-08-26,2025,8,august,4,Montreal|Canada,Montreal,Canada,CA,YUL,CMH,Americas,Northern America,Jazz Aviation LP,Economy,,0,0,0,1,0.0,6.58,0.7843,0.2157,7.98,6,2,"Montreal, Canada"
HRA-2025-12-11,hera,1,0,1,city,2025-12-11,2025-12-16,2025,12,december,5,Phoenix|United States,Phoenix,United States,US,PHX,CMH,Americas,Northern America,Southwest Airlines Co.,Economy,,0,0,0,1,2.89,0.0,0.8296,0.1704,8.12,48,12,"Phoenix, United States"
WHG-2021-12-22,herbert-george-wells,1,0,1,city,2021-12-22,2021-12-27,2021,12,december,5,Seattle|United States,Seattle,United States,US,SEA,LAX,Americas,Northern America,United Air Lines Inc.,Economy,holiday_trip,0,0,1,1,0.0,0.0,0.839,0.161,5.98,38,8,"Seattle, United States"
WHG-2022-12-22,herbert-george-wells,1,0,1,city,2022-12-22,2022-12-27,2022,12,december,5,Seattle|United States,Seattle,United States,US,SEA,LAX,Americas,Northern America,United Air Lines Inc.,Economy,holiday_trip,0,0,1,1,0.0,0.0,0.839,0.161,5.98,38,8,"Seattle, United States"
WHG-2023-12-22,herbert-george-wells,1,0,1,city,2023-12-22,2023-12-27,2023,12,december,5,Seattle|United States,Seattle,United States,US,SEA,LAX,Americas,Northern America,United Air Lines Inc.,Economy,holiday_trip,0,0,1,1,0.0,0.0,0.839,0.161,5.98,38,8,"Seattle, United States"
WHG-2024-12-22,herbert-george-wells,1,0,1,city,2024-12-22,2024-12-27,2024,12,december,5,Seattle|United States,Seattle,United States,US,SEA,LAX,Americas,Northern America,United Air Lines Inc.,Economy,holiday_trip,0,0,1,1,0.0,0.0,0.839,0.161,5.98,38,8,"Seattle, United States"
WHG-2025-12-22,herbert-george-wells,1,0,1,city,2025-12-22,2025-12-27,2025,12,december,5,Seattle|United States,Seattle,United States,US,SEA,LAX,Americas,Northern America,United Air Lines Inc.,Economy,holiday_trip,0,0,1,1,0.0,0.0,0.839,0.161,5.98,38,8,"Seattle, United States"
HER-2017-02-07,hercules,1,0,1,city,2017-02-07,2017-02-18,2017,2,february,11,Seoul|South Korea,Seoul,South Korea,KR,ICN,DFW,Asia,Eastern Asia,Korean Air Lines Co. Ltd.,Economy,,0,0,0,1,8.12,8.2,0.7671,0.2329,6.58,29,9,"Seoul, South Korea"
HER-2017-06-15,hercules,1,0,1,city,2017-06-15,2017-06-18,2017,6,june,3,Atlanta|United States,Atlanta,United States,US,ATL,DFW,Americas,Northern America,American Airlines Inc.,Economy,,0,0,0,1,0.0,6.55,0.9297,0.0703,7.07,42,15,"Atlanta, United States"
HER-2017-10-22,hercules,1,0,1,city,2017-10-22,2017-10-26,2017,10,october,4,Monterrey|Mexico,Monterrey,Mexico,MX,MTY,DFW,Americas,Central America,Envoy Air,Economy,,0,0,0,1,0.0,3.79,0.5562,0.4438,7.86,11,4,"Monterrey, Mexico"
HER-2018-02-11,hercules,1,0,1,city,2018-02-11,2018-02-15,2018,2,february,4,Washington|United States,Washington,United States,US,IAD,DFW,Americas,Northern America,United Air Lines Inc.,Economy,,0,0,0,1,0.0,7.41,0.8856,0.1144,5.82,22,7,"Washington, United States"
HER-2018-06-18,hercules,1,0,1,city,2018-06-18,2018-06-24,2018,6,june,6,Puerto Vallarta|Mexico,Puerto Vallarta,Mexico,MX,PVR,DFW,Americas,Central America,American Airlines Inc.,Economy,beach_vacation,1,0,0,1,2.89,1.74,0.5511,0.4489,,36,8,"Puerto Vallarta, Mexico"
HER-2018-10-04,hercules,1,0,1,city,2018-10-04,2018-10-08,2018,10,october,4,Newark|United States,Newark,United States,US,EWR,DFW,Americas,Northern America,United Air Lines Inc.,Economy,,0,0,0,1,4.58,9.34,0.9263,0.0737,,18,5,"Newark, United States"
HER-2019-02-07,hercules,1,0,1,city,2019-02-07,2019-02-18,2019,2,february,11,Seoul|South Korea,Seoul,South Korea,KR,ICN,DFW,Asia,Eastern Asia,American Airlines Inc.,Economy,,0,0,0,1,8.12,8.2,0.7671,0.2329,6.58,29,9,"Seoul, South Korea"
HER-2019-06-15,hercules,1,0,1,city,2019-06-15,2019-06-18,2019,6,june,3,Atlanta|United States,Atlanta,United States,US,ATL,DFW,Americas,Northern America,Delta Air Lines Inc.,Economy,,0,0,0,1,0.0,6.55,0.9297,0.0703,7.07,42,15,"Atlanta, United States"
HER-2019-10-22,hercules,1,0,1,city,2019-10-22,2019-10-26,2019,10,october,4,Monterrey|Mexico,Monterrey,Mexico,MX,MTY,DFW,Americas,Central America,"Aeroenlaces Nacionales, S.A. de C.V. d/b/a VivaAerobus",Economy,,0,0,0,1,0.0,3.79,0.5562,0.4438,7.86,11,4,"Monterrey, Mexico"
HER-2020-02-11,hercules,1,0,1,city,2020-02-11,2020-02-15,2020,2,february,4,Washington|United States,Washington,United States,US,IAD,DFW,Americas,Northern America,American Airlines Inc.,Economy,,0,0,0,1,0.0,7.41,0.8856,0.1144,5.82,22,7,"Washington, United States"
HER-2020-06-18,hercules,1,0,1,city,2020-06-18,2020-06-24,2020,6,june,6,Puerto Vallarta|Mexico,Puerto Vallarta,Mexico,MX,PVR,DFW,Americas,Central America,American Airlines Inc.,Economy,beach_vacation,1,0,0,1,2.89,1.74,0.5511,0.4489,,36,8,"Puerto Vallarta, Mexico"
HER-2020-10-04,hercules,1,0,1,city,2020-10-04,2020-10-08,2020,10,october,4,Newark|United States,Newark,United States,US,EWR,DFW,Americas,Northern America,American Airlines Inc.,Economy,,0,0,0,1,4.58,9.34,0.9263,0.0737,,18,5,"Newark, United States"
HER-2021-02-07,hercules,1,0,1,city,2021-02-07,2021-02-18,2021,2,february,11,Seoul|South Korea,Seoul,South Korea,KR,ICN,DFW,Asia,Eastern Asia,Korean Air Lines Co. Ltd.,Economy,,0,0,0,1,8.12,8.2,0.7671,0.2329,6.58,29,9,"Seoul, South Korea"
HER-2021-06-15,hercules,1,0,1,city,2021-06-15,2021-06-18,2021,6,june,3,Atlanta|United States,Atlanta,United States,US,ATL,DFW,Americas,Northern America,Frontier Airlines Inc.,Economy,,0,0,0,1,0.0,6.55,0.9297,0.0703,7.07,42,15,"Atlanta, United States"
HER-2021-10-22,hercules,1,0,1,city,2021-10-22,2021-10-26,2021,10,october,4,Monterrey|Mexico,Monterrey,Mexico,MX,MTY,DFW,Americas,Central America,American Airlines Inc.,Economy,,0,0,0,1,0.0,3.79,0.5562,0.4438,7.86,11,4,"Monterrey, Mexico"
HER-2022-02-11,hercules,1,0,1,city,2022-02-11,2022-02-15,2022,2,february,4,Washington|United States,Washington,United States,US,IAD,DFW,Americas,Northern America,Frontier Airlines Inc.,Economy,,0,0,0,1,0.0,7.41,0.8856,0.1144,5.82,22,7,"Washington, United States"
HER-2022-06-18,hercules,1,0,1,city,2022-06-18,2022-06-24,2022,6,june,6,Puerto Vallarta|Mexico,Puerto Vallarta,Mexico,MX,PVR,DFW,Americas,Central America,American Airlines Inc.,Economy,beach_vacation,1,0,0,1,2.89,1.74,0.5511,0.4489,,36,8,"Puerto Vallarta, Mexico"
HER-2022-10-04,hercules,1,0,1,city,2022-10-04,2022-10-08,2022,10,october,4,Newark|United States,Newark,United States,US,EWR,DFW,Americas,Northern America,Spirit Air Lines,Economy,,0,0,0,1,4.58,9.34,0.9263,0.0737,,18,5,"Newark, United States"
HER-2023-02-07,hercules,1,0,1,city,2023-02-07,2023-02-18,2023,2,february,11,Seoul|South Korea,Seoul,South Korea,KR,ICN,DFW,Asia,Eastern Asia,American Airlines Inc.,Economy,,0,0,0,1,8.12,8.2,0.7671,0.2329,6.58,29,9,"Seoul, South Korea"
HER-2023-06-15,hercules,1,0,1,city,2023-06-15,2023-06-18,2023,6,june,3,Atlanta|United States,Atlanta,United States,US,ATL,DFW,Americas,Northern America,Spirit Air Lines,Economy,,0,0,0,1,0.0,6.55,0.9297,0.0703,7.07,42,15,"Atlanta, United States"
HER-2023-10-22,hercules,1,0,1,city,2023-10-22,2023-10-26,2023,10,october,4,Monterrey|Mexico,Monterrey,Mexico,MX,MTY,DFW,Americas,Central America,Envoy Air,Economy,,0,0,0,1,0.0,3.79,0.5562,0.4438,7.86,11,4,"Monterrey, Mexico"
HER-2024-02-11,hercules,1,0,1,city,2024-02-11,2024-02-15,2024,2,february,4,Washington|United States,Washington,United States,US,IAD,DFW,Americas,Northern America,Mesa Airlines Inc.,Economy,,0,0,0,1,0.0,7.41,0.8856,0.1144,5.82,22,7,"Washington, United States"
HER-2024-06-18,hercules,1,0,1,city,2024-06-18,2024-06-24,2024,6,june,6,Puerto Vallarta|Mexico,Puerto Vallarta,Mexico,MX,PVR,DFW,Americas,Central America,American Airlines Inc.,Economy,beach_vacation,1,0,0,1,2.89,1.74,0.5511,0.4489,,36,8,"Puerto Vallarta, Mexico"
HER-2024-10-04,hercules,1,0,1,city,2024-10-04,2024-10-08,2024,10,october,4,Newark|United States,Newark,United States,US,EWR,DFW,Americas,Northern America,United Air Lines Inc.,Economy,,0,0,0,1,4.58,9.34,0.9263,0.0737,,18,5,"Newark, United States"
HER-2025-02-07,hercules,1,0,1,city,2025-02-07,2025-02-18,2025,2,february,11,Seoul|South Korea,Seoul,South Korea,KR,ICN,DFW,Asia,Eastern Asia,Korean Air Lines Co. Ltd.,Economy,,0,0,0,1,8.12,8.2,0.7671,0.2329,6.58,29,9,"Seoul, South Korea"
HER-2025-06-15,hercules,1,0,1,city,2025-06-15,2025-06-18,2025,6,june,3,Atlanta|United States,Atlanta,United States,US,ATL,DFW,Americas,Northern America,Korean Air Lines Co. Ltd.,Economy,,0,0,0,1,0.0,6.55,0.9297,0.0703,7.07,42,15,"Atlanta, United States"
HER-2025-10-22,hercules,1,0,1,city,2025-10-22,2025-10-26,2025,10,october,4,Monterrey|Mexico,Monterrey,Mexico,MX,MTY,DFW,Americas,Central America,"Aeroenlaces Nacionales, S.A. de C.V. d/b/a VivaAerobus",Economy,,0,0,0,1,0.0,3.79,0.5562,0.4438,7.86,11,4,"Monterrey, Mexico"
HW-2022-10-12,herman-melville,0,0,0,country,2022-10-12,2022-10-20,2022,10,october,8,,,Greece,GR,,,Europe,Southern Europe,,Economy,,0,0,0,0,,,,,,,,Greece
HRM-2018-02-07,hermes,1,0,1,city,2018-02-07,2018-02-11,2018,2,february,4,Toronto|Canada,Toronto,Canada,CA,YYZ,LGA,Americas,Northern America,Endeavor Air Inc.,Economy,,0,0,0,1,0.0,7.17,0.8369,0.1631,5.29,56,10,"Toronto, Canada"
HRM-2018-05-15,hermes,1,0,1,city,2018-05-15,2018-05-20,2018,5,may,5,Miami|United States,Miami,United States,US,MIA,LGA,Americas,Northern America,American Airlines Inc.,Economy,beach_vacation,1,0,0,1,0.0,6.68,0.9,0.1,7.68,57,13,"Miami, United States"
HRM-2018-09-22,hermes,1,0,1,city,2018-09-22,2018-09-26,2018,9,september,4,Chicago|United States,Chicago,United States,US,ORD,LGA,Americas,Northern America,United Air Lines Inc.,Economy,,0,0,0,1,2.89,7.33,0.9501,0.0499,7.92,57,21,"Chicago, United States"
HRM-2018-11-11,hermes,1,0,1,city,2018-11-11,2018-11-16,2018,11,november,5,Nassau|Bahamas,Nassau,Bahamas,BS,NAS,LGA,Americas,Caribbean,Delta Air Lines Inc.,Economy,beach_vacation,1,0,0,1,0.0,0.0,0.657,0.343,,14,2,"Nassau, Bahamas"
HRM-2019-02-18,hermes,1,0,1,city,2019-02-18,2019-02-22,2019,2,february,4,Dallas|United States,Dallas,United States,US,DFW,LGA,Americas,Northern America,American Airlines Inc.,Economy,,0,0,0,1,0.0,5.27,0.9038,0.0962,7.34,17,5,"Dallas, United States"
HRM-2019-05-04,hermes,1,0,1,city,2019-05-04,2019-05-07,2019,5,may,3,Atlanta|United States,Atlanta,United States,US,ATL,LGA,Americas,Northern America,Delta Air Lines Inc.,Economy,,0,0,0,1,0.0,6.55,0.9297,0.0703,7.01,42,15,"Atlanta, United States"
HRM-2019-09-07,hermes,1,0,1,city,2019-09-07,2019-09-11,2019,9,september,4,Toronto|Canada,Toronto,Canada,CA,YYZ,LGA,Americas,Northern America,Jazz Aviation LP,Economy,,0,0,0,1,0.0,7.17,0.8369,0.1631,7.83,56,10,"Toronto, Canada"
HRM-2019-11-15,hermes,1,0,1,city,2019-11-15,2019-11-20,2019,11,november,5,Miami|United States,Miami,United States,US,MIA,LGA,Americas,Northern America,Spirit Air Lines,Economy,beach_vacation,1,0,0,1,0.0,6.68,0.9,0.1,7.34,57,13,"Miami, United States"
HRM-2020-02-22,hermes,1,0,1,city,2020-02-22,2020-02-26,2020,2,february,4,Chicago|United States,Chicago,United States,US,ORD,LGA,Americas,Northern America,American Airlines Inc.,Economy,,0,0,0,1,2.89,7.33,0.9501,0.0499,5.91,57,21,"Chicago, United States"
HRM-2020-05-11,hermes,1,0,1,city,2020-05-11,2020-05-16,2020,5,may,5,Nassau|Bahamas,Nassau,Bahamas,BS,NAS,LGA,Americas,Caribbean,Delta Air Lines Inc.,Economy,beach_vacation,1,0,0,1,0.0,0.0,0.657,0.343,,14,2,"Nassau, Bahamas"
HRM-2020-09-18,hermes,1,0,1,city,2020-09-18,2020-09-22,2020,9,september,4,Dallas|United States,Dallas,United States,US,DFW,LGA,Americas,Northern America,Delta Air Lines Inc.,Economy,,0,0,0,1,0.0,5.27,0.9038,0.0962,7.94,17,5,"Dallas, United States"
HRM-2020-11-04,hermes,1,0,1,city,2020-11-04,2020-11-07,2020,11,november,3,Atlanta|United States,Atlanta,United States,US,ATL,LGA,Americas,Northern America,Frontier Airlines Inc.,Economy,,0,0,0,1,0.0,6.55,0.9297,0.0703,7.56,42,15,"Atlanta, United States"
HRM-2021-02-07,hermes,1,0,1,city,2021-02-07,2021-02-11,2021,2,february,4,Toronto|Canada,Toronto,Canada,CA,YYZ,LGA,Americas,Northern America,Republic Airline,Economy,,0,0,0,1,0.0,7.17,0.8369,0.1631,5.29,56,10,"Toronto, Canada"
HRM-2021-05-15,hermes,1,0,1,city,2021-05-15,2021-05-20,2021,5,may,5,Miami|United States,Miami,United States,US,MIA,LGA,Americas,Northern America,Delta Air Lines Inc.,Economy,beach_vacation,1,0,0,1,0.0,6.68,0.9,0.1,7.68,57,13,"Miami, United States"
HRM-2021-09-22,hermes,1,0,1,city,2021-09-22,2021-09-26,2021,9,september,4,Chicago|United States,Chicago,United States,US,ORD,LGA,Americas,Northern America,Delta Air Lines Inc.,Economy,,0,0,0,1,2.89,7.33,0.9501,0.0499,7.92,57,21,"Chicago, United States"
HRM-2021-11-11,hermes,1,0,1,city,2021-11-11,2021-11-16,2021,11,november,5,Nassau|Bahamas,Nassau,Bahamas,BS,NAS,LGA,Americas,Caribbean,Delta Air Lines Inc.,Economy,beach_vacation,1,0,0,1,0.0,0.0,0.657,0.343,,14,2,"Nassau, Bahamas"
HRM-2022-02-18,hermes,1,0,1,city,2022-02-18,2022-02-22,2022,2,february,4,Dallas|United States,Dallas,United States,US,DFW,LGA,Americas,Northern America,Spirit Air Lines,Economy,,0,0,0,1,0.0,5.27,0.9038,0.0962,7.34,17,5,"Dallas, United States"
HRM-2022-05-04,hermes,1,0,1,city,2022-05-04,2022-05-07,2022,5,may,3,Atlanta|United States,Atlanta,United States,US,ATL,LGA,Americas,Northern America,Southwest Airlines Co.,Economy,,0,0,0,1,0.0,6.55,0.9297,0.0703,7.01,42,15,"Atlanta, United States"
HRM-2022-09-07,hermes,1,0,1,city,2022-09-07,2022-09-11,2022,9,september,4,Toronto|Canada,Toronto,Canada,CA,YYZ,LGA,Americas,Northern America,Air Canada,Economy,,0,0,0,1,0.0,7.17,0.8369,0.1631,7.83,56,10,"Toronto, Canada"
HRM-2022-11-15,hermes,1,0,1,city,2022-11-15,2022-11-20,2022,11,november,5,Miami|United States,Miami,United States,US,MIA,LGA,Americas,Northern America,Frontier Airlines Inc.,Economy,beach_vacation,1,0,0,1,0.0,6.68,0.9,0.1,7.34,57,13,"Miami, United States"
HRM-2023-02-22,hermes,1,0,1,city,2023-02-22,2023-02-26,2023,2,february,4,Chicago|United States,Chicago,United States,US,ORD,LGA,Americas,Northern America,Spirit Air Lines,Economy,,0,0,0,1,2.89,7.33,0.9501,0.0499,5.91,57,21,"Chicago, United States"
HRM-2023-05-11,hermes,1,0,1,city,2023-05-11,2023-05-16,2023,5,may,5,Nassau|Bahamas,Nassau,Bahamas,BS,NAS,LGA,Americas,Caribbean,Delta Air Lines Inc.,Economy,beach_vacation,1,0,0,1,0.0,0.0,0.657,0.343,,14,2,"Nassau, Bahamas"
HRM-2023-09-18,hermes,1,0,1,city,2023-09-18,2023-09-22,2023,9,september,4,Dallas|United States,Dallas,United States,US,DFW,LGA,Americas,Northern America,Frontier Airlines Inc.,Economy,,0,0,0,1,0.0,5.27,0.9038,0.0962,7.94,17,5,"Dallas, United States"
HRM-2023-11-04,hermes,1,0,1,city,2023-11-04,2023-11-07,2023,11,november,3,Atlanta|United States,Atlanta,United States,US,ATL,LGA,Americas,Northern America,Republic Airline,Economy,,0,0,0,1,0.0,6.55,0.9297,0.0703,7.56,42,15,"Atlanta, United States"
HRM-2024-02-07,hermes,1,0,1,city,2024-02-07,2024-02-11,2024,2,february,4,Toronto|Canada,Toronto,Canada,CA,YYZ,LGA,Americas,Northern America,Porter Airlines Limited (PACL),Economy,,0,0,0,1,0.0,7.17,0.8369,0.1631,5.29,56,10,"Toronto, Canada"
HRM-2024-05-15,hermes,1,0,1,city,2024-05-15,2024-05-20,2024,5,may,5,Miami|United States,Miami,United States,US,MIA,LGA,Americas,Northern America,American Airlines Inc.,Economy,beach_vacation,1,0,0,1,0.0,6.68,0.9,0.1,7.68,57,13,"Miami, United States"
HRM-2024-09-22,hermes,1,0,1,city,2024-09-22,2024-09-26,2024,9,september,4,Chicago|United States,Chicago,United States,US,ORD,LGA,Americas,Northern America,Republic Airline,Economy,,0,0,0,1,2.89,7.33,0.9501,0.0499,7.92,57,21,"Chicago, United States"
HRM-2024-11-11,hermes,1,0,1,city,2024-11-11,2024-11-16,2024,11,november,5,Nassau|Bahamas,Nassau,Bahamas,BS,NAS,LGA,Americas,Caribbean,Delta Air Lines Inc.,Economy,beach_vacation,1,0,0,1,0.0,0.0,0.657,0.343,,14,2,"Nassau, Bahamas"
HRM-2025-02-18,hermes,1,0,1,city,2025-02-18,2025-02-22,2025,2,february,4,Dallas|United States,Dallas,United States,US,DFW,LGA,Americas,Northern America,American Airlines Inc.,Economy,,0,0,0,1,0.0,5.27,0.9038,0.0962,7.34,17,5,"Dallas, United States"
HRM-2025-05-04,hermes,1,0,1,city,2025-05-04,2025-05-07,2025,5,may,3,Atlanta|United States,Atlanta,United States,US,ATL,LGA,Americas,Northern America,Delta Air Lines Inc.,Economy,,0,0,0,1,0.0,6.55,0.9297,0.0703,7.01,42,15,"Atlanta, United States"
HRM-2025-09-07,hermes,1,0,1,city,2025-09-07,2025-09-11,2025,9,september,4,Toronto|Canada,Toronto,Canada,CA,YYZ,LGA,Americas,Northern America,Endeavor Air Inc.,Economy,,0,0,0,1,0.0,7.17,0.8369,0.1631,7.83,56,10,"Toronto, Canada"
HRM-2025-11-15,hermes,1,0,1,city,2025-11-15,2025-11-20,2025,11,november,5,Miami|United States,Miami,United States,US,MIA,LGA,Americas,Northern America,Spirit Air Lines,Economy,beach_vacation,1,0,0,1,0.0,6.68,0.9,0.1,7.34,57,13,"Miami, United States"
KN2-2023-09-10,ho-xuan-huong,1,0,0,city,2023-09-10,2023-09-17,2023,9,september,7,Tokyo|Japan,Tokyo,Japan,JP,,,Asia,Eastern Asia,,Economy,,0,0,0,1,2.89,9.99,0.7993,0.2007,6.99,80,22,"Tokyo, Japan"
NK-2024-05-15,hwang-jini,1,0,0,city,2024-05-15,2024-05-22,2024,5,may,7,Bangkok|Thailand,Bangkok,Thailand,TH,,,Asia,South-eastern Asia,,Economy,,0,0,0,1,0.0,8.47,0.4205,0.5795,6.52,10,9,"Bangkok, Thai"
WD-2023-03-23,hyun-jin-geon,0,0,0,country,2023-03-23,2023-03-31,2023,3,march,8,,,Spain,ES,,,Europe,Southern Europe,,Economy,,0,0,0,0,,,,,,,,Spain
ICA-2021-03-07,icarus,1,0,1,city,2021-03-07,2021-03-12,2021,3,march,5,Mexico City|Mexico,Mexico City,Mexico,MX,MEX,AUS,Americas,Central America,Aeromexico,Economy,,0,0,0,1,8.12,6.87,0.7046,0.2954,8.12,43,13,"Mexico City, Mexico"
ICA-2021-07-15,icarus,1,0,1,city,2021-07-15,2021-07-20,2021,7,july,5,San Francisco|United States,San Francisco,United States,US,SFO,AUS,Americas,Northern America,United Air Lines Inc.,Economy,,0,0,0,1,0.0,8.13,0.8552,0.1448,8.0,40,9,"San Francisco, United States"
ICA-2021-11-22,icarus,1,0,1,city,2021-11-22,2021-11-28,2021,11,november,6,Frankfurt|Germany,Frankfurt,Germany,DE,FRA,AUS,Europe,Western Europe,Lufthansa German Airlines,Economy,,0,0,0,1,6.71,6.53,0.8265,0.1735,6.99,17,5,"Frankfurt, Germany"
ICA-2022-03-11,icarus,1,0,1,city,2022-03-11,2022-03-17,2022,3,march,6,Orlando|United States,Orlando,United States,US,MCO,AUS,Americas,Northern America,Frontier Airlines Inc.,Economy,beach_vacation,1,0,0,1,0.0,6.53,0.8513,0.1487,7.75,158,26,"Orlando, United States"
ICA-2022-07-18,icarus,1,0,1,city,2022-07-18,2022-07-25,2022,7,july,7,San Jose del Cabo|Mexico,San Jose del Cabo,Mexico,MX,SJD,AUS,Americas,Central America,American Airlines Inc.,Economy,beach_vacation,1,0,0,1,2.89,4.48,0.5778,0.4222,,69,12,"San Jose del Cabo, Mexico"
ICA-2022-11-04,icarus,1,0,1,city,2022-11-04,2022-11-09,2022,11,november,5,Phoenix|United States,Phoenix,United States,US,PHX,AUS,Americas,Northern America,American Airlines Inc.,Economy,,0,0,0,1,2.89,0.0,0.8296,0.1704,7.71,48,12,"Phoenix, United States"
ICA-2023-03-07,icarus,1,0,1,city,2023-03-07,2023-03-12,2023,3,march,5,Mexico City|Mexico,Mexico City,Mexico,MX,MEX,AUS,Americas,Central America,Aeromexico,Economy,,0,0,0,1,8.12,6.87,0.7046,0.2954,8.12,43,13,"Mexico City, Mexico"
ICA-2023-07-15,icarus,1,0,1,city,2023-07-15,2023-07-20,2023,7,july,5,San Francisco|United States,San Francisco,United States,US,SFO,AUS,Americas,Northern America,Southwest Airlines Co.,Economy,,0,0,0,1,0.0,8.13,0.8552,0.1448,8.0,40,9,"San Francisco, United States"
ICA-2023-11-22,icarus,1,0,1,city,2023-11-22,2023-11-28,2023,11,november,6,Frankfurt|Germany,Frankfurt,Germany,DE,FRA,AUS,Europe,Western Europe,Lufthansa German Airlines,Economy,,0,0,0,1,6.71,6.53,0.8265,0.1735,6.99,17,5,"Frankfurt, Germany"
ICA-2024-03-11,icarus,1,0,1,city,2024-03-11,2024-03-17,2024,3,march,6,Orlando|United States,Orlando,United States,US,MCO,AUS,Americas,Northern America,Southwest Airlines Co.,Economy,beach_vacation,1,0,0,1,0.0,6.53,0.8513,0.1487,7.75,158,26,"Orlando, United States"
ICA-2024-07-18,icarus,1,0,1,city,2024-07-18,2024-07-25,2024,7,july,7,San Jose del Cabo|Mexico,San Jose del Cabo,Mexico,MX,SJD,AUS,Americas,Central America,SkyWest Airlines Inc.,Economy,beach_vacation,1,0,0,1,2.89,4.48,0.5778,0.4222,,69,12,"San Jose del Cabo, Mexico"
ICA-2024-11-04,icarus,1,0,1,city,2024-11-04,2024-11-09,2024,11,november,5,Phoenix|United States,Phoenix,United States,US,PHX,AUS,Americas,Northern America,Southwest Airlines Co.,Economy,,0,0,0,1,2.89,0.0,0.8296,0.1704,7.71,48,12,"Phoenix, United States"
ICA-2025-03-07,icarus,1,0,1,city,2025-03-07,2025-03-12,2025,3,march,5,Mexico City|Mexico,Mexico City,Mexico,MX,MEX,AUS,Americas,Central America,Aeromexico,Economy,,0,0,0,1,8.12,6.87,0.7046,0.2954,8.12,43,13,"Mexico City, Mexico"
ICA-2025-07-15,icarus,1,0,1,city,2025-07-15,2025-07-20,2025,7,july,5,San Francisco|United States,San Francisco,United States,US,SFO,AUS,Americas,Northern America,Delta Air Lines Inc.,Economy,,0,0,0,1,0.0,8.13,0.8552,0.1448,8.0,40,9,"San Francisco, United States"
ICA-2025-11-22,icarus,1,0,1,city,2025-11-22,2025-11-28,2025,11,november,6,Frankfurt|Germany,Frankfurt,Germany,DE,FRA,AUS,Europe,Western Europe,Lufthansa German Airlines,Economy,,0,0,0,1,6.71,6.53,0.8265,0.1735,6.99,17,5,"Frankfurt, Germany"
OPB-2021-01-13,impey-barbicane,1,0,1,city,2021-01-13,2021-01-20,2021,1,january,7,London|United Kingdom,London,United Kingdom,GB,LHR,ATL,Europe,Northern Europe,American Airlines Inc.,Economy,,0,0,0,1,6.71,9.54,0.8673,0.1327,6.65,135,33,"London, United Kingdom"
OPB-2021-04-28,impey-barbicane,1,0,1,city,2021-04-28,2021-05-05,2021,4,april,7,Rome|Italy,Rome,Italy,IT,FCO,ATL,Europe,Southern Europe,Compagnie Natl Air France,Economy,,0,0,0,1,8.67,7.27,0.7587,0.2413,7.75,49,25,"Rome, Italy"
OPB-2021-06-09,impey-barbicane,1,0,1,city,2021-06-09,2021-06-14,2021,6,june,5,Mexico City|Mexico,Mexico City,Mexico,MX,MEX,ATL,Americas,Central America,Compagnie Natl Air France,Economy,,0,0,0,1,8.12,6.87,0.7046,0.2954,6.69,43,13,"Mexico City, Mexico"
OPB-2021-07-14,impey-barbicane,1,0,1,city,2021-07-14,2021-07-19,2021,7,july,5,Cancun|Mexico,Cancun,Mexico,MX,CUN,ATL,Americas,Central America,Compagnie Natl Air France,Economy,beach_vacation,1,0,0,1,0.0,2.83,0.6899,0.3101,7.2,173,36,"Cancun, Mexico"
OPB-2021-08-25,impey-barbicane,1,0,1,city,2021-08-25,2021-08-30,2021,8,august,5,San Juan|Puerto Rico,San Juan,Puerto Rico,PR,SJU,ATL,Americas,Caribbean,Compagnie Natl Air France,Economy,beach_vacation,1,0,0,1,2.89,0.0,0.7288,0.2712,7.01,22,5,"San Juan, Puerto Rico"
OPB-2022-01-12,impey-barbicane,1,0,1,city,2022-01-12,2022-01-19,2022,1,january,7,London|United Kingdom,London,United Kingdom,GB,LHR,ATL,Europe,Northern Europe,Compagnie Natl Air France,Economy,,0,0,0,1,6.71,9.54,0.8673,0.1327,6.65,135,33,"London, United Kingdom"
OPB-2022-04-27,impey-barbicane,1,0,1,city,2022-04-27,2022-05-04,2022,4,april,7,Rome|Italy,Rome,Italy,IT,FCO,ATL,Europe,Southern Europe,Delta Air Lines Inc.,Economy,,0,0,0,1,8.67,7.27,0.7587,0.2413,7.71,49,25,"Rome, Italy"
OPB-2022-06-08,impey-barbicane,1,0,1,city,2022-06-08,2022-06-13,2022,6,june,5,Mexico City|Mexico,Mexico City,Mexico,MX,MEX,ATL,Americas,Central America,Delta Air Lines Inc.,Economy,,0,0,0,1,8.12,6.87,0.7046,0.2954,6.69,43,13,"Mexico City, Mexico"
OPB-2022-07-13,impey-barbicane,1,0,1,city,2022-07-13,2022-07-18,2022,7,july,5,Cancun|Mexico,Cancun,Mexico,MX,CUN,ATL,Americas,Central America,Delta Air Lines Inc.,Economy,beach_vacation,1,0,0,1,0.0,2.83,0.6899,0.3101,7.2,173,36,"Cancun, Mexico"
OPB-2022-08-31,impey-barbicane,1,0,1,city,2022-08-31,2022-09-05,2022,8,august,5,San Juan|Puerto Rico,San Juan,Puerto Rico,PR,SJU,ATL,Americas,Caribbean,Delta Air Lines Inc.,Economy,beach_vacation,1,0,0,1,2.89,0.0,0.7288,0.2712,7.0,22,5,"San Juan, Puerto Rico"
OPB-2023-01-11,impey-barbicane,1,0,1,city,2023-01-11,2023-01-18,2023,1,january,7,London|United Kingdom,London,United Kingdom,GB,LHR,ATL,Europe,Northern Europe,British Airways Plc,Economy,,0,0,0,1,6.71,9.54,0.8673,0.1327,6.65,135,33,"London, United Kingdom"
OPB-2023-04-26,impey-barbicane,1,0,1,city,2023-04-26,2023-05-03,2023,4,april,7,Rome|Italy,Rome,Italy,IT,FCO,ATL,Europe,Southern Europe,Klm Royal Dutch Airlines,Economy,,0,0,0,1,8.67,7.27,0.7587,0.2413,7.66,49,25,"Rome, Italy"
OPB-2023-06-14,impey-barbicane,1,0,1,city,2023-06-14,2023-06-19,2023,6,june,5,Mexico City|Mexico,Mexico City,Mexico,MX,MEX,ATL,Americas,Central America,Klm Royal Dutch Airlines,Economy,,0,0,0,1,8.12,6.87,0.7046,0.2954,6.69,43,13,"Mexico City, Mexico"
OPB-2023-07-12,impey-barbicane,1,0,1,city,2023-07-12,2023-07-17,2023,7,july,5,Cancun|Mexico,Cancun,Mexico,MX,CUN,ATL,Americas,Central America,Klm Royal Dutch Airlines,Economy,beach_vacation,1,0,0,1,0.0,2.83,0.6899,0.3101,7.2,173,36,"Cancun, Mexico"
OPB-2023-08-30,impey-barbicane,1,0,1,city,2023-08-30,2023-09-04,2023,8,august,5,San Juan|Puerto Rico,San Juan,Puerto Rico,PR,SJU,ATL,Americas,Caribbean,Frontier Airlines Inc.,Economy,beach_vacation,1,0,0,1,2.89,0.0,0.7288,0.2712,7.0,22,5,"San Juan, Puerto Rico"
OPB-2024-01-10,impey-barbicane,1,0,1,city,2024-01-10,2024-01-17,2024,1,january,7,London|United Kingdom,London,United Kingdom,GB,LHR,ATL,Europe,Northern Europe,Delta Air Lines Inc.,Economy,,0,0,0,1,6.71,9.54,0.8673,0.1327,6.65,135,33,"London, United Kingdom"
OPB-2024-04-24,impey-barbicane,1,0,1,city,2024-04-24,2024-05-01,2024,4,april,7,Rome|Italy,Rome,Italy,IT,FCO,ATL,Europe,Southern Europe,Compagnie Natl Air France,Economy,,0,0,0,1,8.67,7.27,0.7587,0.2413,7.57,49,25,"Rome, Italy"
OPB-2024-06-12,impey-barbicane,1,0,1,city,2024-06-12,2024-06-17,2024,6,june,5,Mexico City|Mexico,Mexico City,Mexico,MX,MEX,ATL,Americas,Central America,Compagnie Natl Air France,Economy,,0,0,0,1,8.12,6.87,0.7046,0.2954,6.69,43,13,"Mexico City, Mexico"
OPB-2024-07-10,impey-barbicane,1,0,1,city,2024-07-10,2024-07-15,2024,7,july,5,Cancun|Mexico,Cancun,Mexico,MX,CUN,ATL,Americas,Central America,Southwest Airlines Co.,Economy,beach_vacation,1,0,0,1,0.0,2.83,0.6899,0.3101,7.2,173,36,"Cancun, Mexico"
OPB-2024-08-28,impey-barbicane,1,0,1,city,2024-08-28,2024-09-02,2024,8,august,5,San Juan|Puerto Rico,San Juan,Puerto Rico,PR,SJU,ATL,Americas,Caribbean,Klm Royal Dutch Airlines,Economy,beach_vacation,1,0,0,1,2.89,0.0,0.7288,0.2712,7.01,22,5,"San Juan, Puerto Rico"
OPB-2025-01-08,impey-barbicane,1,0,1,city,2025-01-08,2025-01-15,2025,1,january,7,London|United Kingdom,London,United Kingdom,GB,LHR,ATL,Europe,Northern Europe,Iberia Air Lines Of Spain,Economy,,0,0,0,1,6.71,9.54,0.8673,0.1327,6.65,135,33,"London, United Kingdom"
OPB-2025-04-30,impey-barbicane,1,0,1,city,2025-04-30,2025-05-07,2025,4,april,7,Rome|Italy,Rome,Italy,IT,FCO,ATL,Europe,Southern Europe,Delta Air Lines Inc.,Economy,beach_vacation,1,0,0,1,8.67,7.27,0.7587,0.2413,7.84,49,25,"Rome, Italy"
OPB-2025-06-11,impey-barbicane,1,0,1,city,2025-06-11,2025-06-16,2025,6,june,5,Mexico City|Mexico,Mexico City,Mexico,MX,MEX,ATL,Americas,Central America,Delta Air Lines Inc.,Economy,,0,0,0,1,8.12,6.87,0.7046,0.2954,6.69,43,13,"Mexico City, Mexico"
OPB-2025-07-09,impey-barbicane,1,0,1,city,2025-07-09,2025-07-14,2025,7,july,5,Cancun|Mexico,Cancun,Mexico,MX,CUN,ATL,Americas,Central America,Compagnie Natl Air France,Economy,beach_vacation,1,0,0,1,0.0,2.83,0.6899,0.3101,7.2,173,36,"Cancun, Mexico"
OPB-2025-08-27,impey-barbicane,1,0,1,city,2025-08-27,2025-09-01,2025,8,august,5,San Juan|Puerto Rico,San Juan,Puerto Rico,PR,SJU,ATL,Americas,Caribbean,Southwest Airlines Co.,Economy,beach_vacation,1,0,0,1,2.89,0.0,0.7288,0.2712,7.01,22,5,"San Juan, Puerto Rico"
IN-2016-11-22,isaac-newton,1,0,1,city,2016-11-22,2016-11-27,2016,11,november,5,Denver|United States,Denver,United States,US,DEN,ORD,Americas,Northern America,American Airlines Inc.,Economy,holiday_trip|ski_trip,0,1,1,1,0.0,5.91,0.8445,0.1555,7.85,105,24,"Denver, United States"
IN-2016-12-22,isaac-newton,1,0,1,city,2016-12-22,2016-12-30,2016,12,december,8,Denver|United States,Denver,United States,US,DEN,ORD,Americas,Northern America,American Airlines Inc.,Economy,holiday_trip|ski_trip,0,1,1,1,0.0,5.91,0.8445,0.1555,6.47,105,24,"Denver, United States"
IN-2017-11-21,isaac-newton,1,0,1,city,2017-11-21,2017-11-26,2017,11,november,5,Denver|United States,Denver,United States,US,DEN,ORD,Americas,Northern America,American Airlines Inc.,Economy,holiday_trip|ski_trip,0,1,1,1,0.0,5.91,0.8445,0.1555,7.85,105,24,"Denver, United States"
IN-2017-12-22,isaac-newton,1,0,1,city,2017-12-22,2017-12-30,2017,12,december,8,Denver|United States,Denver,United States,US,DEN,ORD,Americas,Northern America,American Airlines Inc.,Economy,holiday_trip|ski_trip,0,1,1,1,0.0,5.91,0.8445,0.1555,6.47,105,24,"Denver, United States"
IN-2018-11-20,isaac-newton,1,0,1,city,2018-11-20,2018-11-25,2018,11,november,5,Denver|United States,Denver,United States,US,DEN,ORD,Americas,Northern America,American Airlines Inc.,Economy,holiday_trip|ski_trip,0,1,1,1,0.0,5.91,0.8445,0.1555,7.85,105,24,"Denver, United States"
IN-2018-12-22,isaac-newton,1,0,1,city,2018-12-22,2018-12-30,2018,12,december,8,Denver|United States,Denver,United States,US,DEN,ORD,Americas,Northern America,American Airlines Inc.,Economy,holiday_trip|ski_trip,0,1,1,1,0.0,5.91,0.8445,0.1555,6.47,105,24,"Denver, United States"
IN-2019-11-26,isaac-newton,1,0,1,city,2019-11-26,2019-12-01,2019,11,november,5,Denver|United States,Denver,United States,US,DEN,ORD,Americas,Northern America,American Airlines Inc.,Economy,holiday_trip|ski_trip,0,1,1,1,0.0,5.91,0.8445,0.1555,7.62,105,24,"Denver, United States"
IN-2019-12-22,isaac-newton,1,0,1,city,2019-12-22,2019-12-30,2019,12,december,8,Denver|United States,Denver,United States,US,DEN,ORD,Americas,Northern America,American Airlines Inc.,Economy,holiday_trip|ski_trip,0,1,1,1,0.0,5.91,0.8445,0.1555,6.47,105,24,"Denver, United States"
IN-2020-11-24,isaac-newton,1,0,1,city,2020-11-24,2020-11-29,2020,11,november,5,Denver|United States,Denver,United States,US,DEN,ORD,Americas,Northern America,American Airlines Inc.,Economy,holiday_trip|ski_trip,0,1,1,1,0.0,5.91,0.8445,0.1555,7.85,105,24,"Denver, United States"
IN-2020-12-22,isaac-newton,1,0,1,city,2020-12-22,2020-12-30,2020,12,december,8,Denver|United States,Denver,United States,US,DEN,ORD,Americas,Northern America,American Airlines Inc.,Economy,holiday_trip|ski_trip,0,1,1,1,0.0,5.91,0.8445,0.1555,6.47,105,24,"Denver, United States"
IN-2021-11-23,isaac-newton,1,0,1,city,2021-11-23,2021-11-28,2021,11,november,5,Denver|United States,Denver,United States,US,DEN,ORD,Americas,Northern America,American Airlines Inc.,Economy,holiday_trip|ski_trip,0,1,1,1,0.0,5.91,0.8445,0.1555,7.85,105,24,"Denver, United States"
IN-2021-12-22,isaac-newton,1,0,1,city,2021-12-22,2021-12-30,2021,12,december,8,Denver|United States,Denver,United States,US,DEN,ORD,Americas,Northern America,American Airlines Inc.,Economy,holiday_trip|ski_trip,0,1,1,1,0.0,5.91,0.8445,0.1555,6.47,105,24,"Denver, United States"
IN-2022-11-22,isaac-newton,1,0,1,city,2022-11-22,2022-11-27,2022,11,november,5,Denver|United States,Denver,United States,US,DEN,ORD,Americas,Northern America,American Airlines Inc.,Economy,holiday_trip|ski_trip,0,1,1,1,0.0,5.91,0.8445,0.1555,7.85,105,24,"Denver, United States"
IN-2022-12-22,isaac-newton,1,0,1,city,2022-12-22,2022-12-30,2022,12,december,8,Denver|United States,Denver,United States,US,DEN,ORD,Americas,Northern America,American Airlines Inc.,Economy,holiday_trip|ski_trip,0,1,1,1,0.0,5.91,0.8445,0.1555,6.47,105,24,"Denver, United States"
IN-2023-11-21,isaac-newton,1,0,1,city,2023-11-21,2023-11-26,2023,11,november,5,Denver|United States,Denver,United States,US,DEN,ORD,Americas,Northern America,American Airlines Inc.,Economy,holiday_trip|ski_trip,0,1,1,1,0.0,5.91,0.8445,0.1555,7.85,105,24,"Denver, United States"
IN-2023-12-22,isaac-newton,1,0,1,city,2023-12-22,2023-12-30,2023,12,december,8,Denver|United States,Denver,United States,US,DEN,ORD,Americas,Northern America,American Airlines Inc.,Economy,holiday_trip|ski_trip,0,1,1,1,0.0,5.91,0.8445,0.1555,6.47,105,24,"Denver, United States"
IN-2024-11-26,isaac-newton,1,0,1,city,2024-11-26,2024-12-01,2024,11,november,5,Denver|United States,Denver,United States,US,DEN,ORD,Americas,Northern America,American Airlines Inc.,Economy,holiday_trip|ski_trip,0,1,1,1,0.0,5.91,0.8445,0.1555,7.62,105,24,"Denver, United States"
IN-2024-12-22,isaac-newton,1,0,1,city,2024-12-22,2024-12-30,2024,12,december,8,Denver|United States,Denver,United States,US,DEN,ORD,Americas,Northern America,American Airlines Inc.,Economy,holiday_trip|ski_trip,0,1,1,1,0.0,5.91,0.8445,0.1555,6.47,105,24,"Denver, United States"
IN-2025-11-25,isaac-newton,1,0,1,city,2025-11-25,2025-11-30,2025,11,november,5,Denver|United States,Denver,United States,US,DEN,ORD,Americas,Northern America,American Airlines Inc.,Economy,holiday_trip|ski_trip,0,1,1,1,0.0,5.91,0.8445,0.1555,7.85,105,24,"Denver, United States"
IN-2025-12-22,isaac-newton,1,0,1,city,2025-12-22,2025-12-30,2025,12,december,8,Denver|United States,Denver,United States,US,DEN,ORD,Americas,Northern America,American Airlines Inc.,Economy,holiday_trip|ski_trip,0,1,1,1,0.0,5.91,0.8445,0.1555,6.47,105,24,"Denver, United States"
JB-2017-03-11,jack-brennan,1,0,1,city,2017-03-11,2017-03-15,2017,3,march,4,Spokane|United States,Spokane,United States,US,GEG,SEA,Americas,Northern America,Alaska Airlines Inc.,Economy,,0,0,0,1,0.0,0.0,0.5918,0.4082,7.03,9,1,"Spokane, United States"
JB-2017-06-10,jack-brennan,1,0,1,city,2017-06-10,2017-06-17,2017,6,june,7,Anchorage|United States,Anchorage,United States,US,ANC,SEA,Americas,Northern America,Alaska Airlines Inc.,Economy,,0,0,0,1,0.0,0.0,0.73,0.27,,15,3,"Anchorage, United States"
JB-2017-09-09,jack-brennan,1,0,1,city,2017-09-09,2017-09-21,2017,9,september,12,Seoul|South Korea,Seoul,South Korea,KR,ICN,SEA,Asia,Eastern Asia,Alaska Airlines Inc.,Economy,beach_vacation,1,0,0,1,8.12,8.2,0.7671,0.2329,7.17,29,9,"Seoul, South Korea"
JB-2017-11-11,jack-brennan,1,0,1,city,2017-11-11,2017-11-15,2017,11,november,4,Toronto|Canada,Toronto,Canada,CA,YYZ,SEA,Americas,Northern America,Alaska Airlines Inc.,Economy,,0,0,0,1,0.0,7.17,0.8369,0.1631,5.67,56,10,"Toronto, Canada"
JB-2018-03-10,jack-brennan,1,0,1,city,2018-03-10,2018-03-14,2018,3,march,4,Spokane|United States,Spokane,United States,US,GEG,SEA,Americas,Northern America,Alaska Airlines Inc.,Economy,,0,0,0,1,0.0,0.0,0.5918,0.4082,7.03,9,1,"Spokane, United States"
JB-2018-06-09,jack-brennan,1,0,1,city,2018-06-09,2018-06-16,2018,6,june,7,Anchorage|United States,Anchorage,United States,US,ANC,SEA,Americas,Northern America,Alaska Airlines Inc.,Economy,,0,0,0,1,0.0,0.0,0.73,0.27,,15,3,"Anchorage, United States"
JB-2018-09-08,jack-brennan,1,0,1,city,2018-09-08,2018-09-20,2018,9,september,12,Seoul|South Korea,Seoul,South Korea,KR,ICN,SEA,Asia,Eastern Asia,Alaska Airlines Inc.,Economy,beach_vacation,1,0,0,1,8.12,8.2,0.7671,0.2329,7.17,29,9,"Seoul, South Korea"
JB-2018-11-10,jack-brennan,1,0,1,city,2018-11-10,2018-11-14,2018,11,november,4,Toronto|Canada,Toronto,Canada,CA,YYZ,SEA,Americas,Northern America,Alaska Airlines Inc.,Economy,,0,0,0,1,0.0,7.17,0.8369,0.1631,5.67,56,10,"Toronto, Canada"
JB-2019-03-09,jack-brennan,1,0,1,city,2019-03-09,2019-03-13,2019,3,march,4,Spokane|United States,Spokane,United States,US,GEG,SEA,Americas,Northern America,Alaska Airlines Inc.,Economy,,0,0,0,1,0.0,0.0,0.5918,0.4082,7.03,9,1,"Spokane, United States"
JB-2019-06-08,jack-brennan,1,0,1,city,2019-06-08,2019-06-15,2019,6,june,7,Anchorage|United States,Anchorage,United States,US,ANC,SEA,Americas,Northern America,Alaska Airlines Inc.,Economy,,0,0,0,1,0.0,0.0,0.73,0.27,,15,3,"Anchorage, United States"
JB-2019-09-14,jack-brennan,1,0,1,city,2019-09-14,2019-09-26,2019,9,september,12,Seoul|South Korea,Seoul,South Korea,KR,ICN,SEA,Asia,Eastern Asia,Alaska Airlines Inc.,Economy,beach_vacation,1,0,0,1,8.12,8.2,0.7671,0.2329,7.17,29,9,"Seoul, South Korea"
JB-2019-11-09,jack-brennan,1,0,1,city,2019-11-09,2019-11-13,2019,11,november,4,Toronto|Canada,Toronto,Canada,CA,YYZ,SEA,Americas,Northern America,Alaska Airlines Inc.,Economy,,0,0,0,1,0.0,7.17,0.8369,0.1631,5.67,56,10,"Toronto, Canada"
JB-2020-03-14,jack-brennan,1,0,1,city,2020-03-14,2020-03-18,2020,3,march,4,Spokane|United States,Spokane,United States,US,GEG,SEA,Americas,Northern America,Alaska Airlines Inc.,Economy,,0,0,0,1,0.0,0.0,0.5918,0.4082,7.03,9,1,"Spokane, United States"
JB-2020-06-13,jack-brennan,1,0,1,city,2020-06-13,2020-06-20,2020,6,june,7,Anchorage|United States,Anchorage,United States,US,ANC,SEA,Americas,Northern America,Alaska Airlines Inc.,Economy,,0,0,0,1,0.0,0.0,0.73,0.27,,15,3,"Anchorage, United States"
JB-2020-09-12,jack-brennan,1,0,1,city,2020-09-12,2020-09-24,2020,9,september,12,Seoul|South Korea,Seoul,South Korea,KR,ICN,SEA,Asia,Eastern Asia,Alaska Airlines Inc.,Economy,beach_vacation,1,0,0,1,8.12,8.2,0.7671,0.2329,7.17,29,9,"Seoul, South Korea"
JB-2020-11-14,jack-brennan,1,0,1,city,2020-11-14,2020-11-18,2020,11,november,4,Toronto|Canada,Toronto,Canada,CA,YYZ,SEA,Americas,Northern America,Alaska Airlines Inc.,Economy,,0,0,0,1,0.0,7.17,0.8369,0.1631,5.67,56,10,"Toronto, Canada"
JB-2021-03-13,jack-brennan,1,0,1,city,2021-03-13,2021-03-17,2021,3,march,4,Spokane|United States,Spokane,United States,US,GEG,SEA,Americas,Northern America,Alaska Airlines Inc.,Economy,,0,0,0,1,0.0,0.0,0.5918,0.4082,7.03,9,1,"Spokane, United States"
JB-2021-06-12,jack-brennan,1,0,1,city,2021-06-12,2021-06-19,2021,6,june,7,Anchorage|United States,Anchorage,United States,US,ANC,SEA,Americas,Northern America,Alaska Airlines Inc.,Economy,,0,0,0,1,0.0,0.0,0.73,0.27,,15,3,"Anchorage, United States"
JB-2021-09-11,jack-brennan,1,0,1,city,2021-09-11,2021-09-23,2021,9,september,12,Seoul|South Korea,Seoul,South Korea,KR,ICN,SEA,Asia,Eastern Asia,Alaska Airlines Inc.,Economy,beach_vacation,1,0,0,1,8.12,8.2,0.7671,0.2329,7.17,29,9,"Seoul, South Korea"
JB-2021-11-13,jack-brennan,1,0,1,city,2021-11-13,2021-11-17,2021,11,november,4,Toronto|Canada,Toronto,Canada,CA,YYZ,SEA,Americas,Northern America,Alaska Airlines Inc.,Economy,,0,0,0,1,0.0,7.17,0.8369,0.1631,5.67,56,10,"Toronto, Canada"
JB-2022-03-12,jack-brennan,1,0,1,city,2022-03-12,2022-03-16,2022,3,march,4,Spokane|United States,Spokane,United States,US,GEG,SEA,Americas,Northern America,Alaska Airlines Inc.,Economy,,0,0,0,1,0.0,0.0,0.5918,0.4082,7.03,9,1,"Spokane, United States"
JB-2022-06-11,jack-brennan,1,0,1,city,2022-06-11,2022-06-18,2022,6,june,7,Anchorage|United States,Anchorage,United States,US,ANC,SEA,Americas,Northern America,Alaska Airlines Inc.,Economy,,0,0,0,1,0.0,0.0,0.73,0.27,,15,3,"Anchorage, United States"
JB-2022-09-10,jack-brennan,1,0,1,city,2022-09-10,2022-09-22,2022,9,september,12,Seoul|South Korea,Seoul,South Korea,KR,ICN,SEA,Asia,Eastern Asia,Alaska Airlines Inc.,Economy,beach_vacation,1,0,0,1,8.12,8.2,0.7671,0.2329,7.17,29,9,"Seoul, South Korea"
JB-2022-11-12,jack-brennan,1,0,1,city,2022-11-12,2022-11-16,2022,11,november,4,Toronto|Canada,Toronto,Canada,CA,YYZ,SEA,Americas,Northern America,Alaska Airlines Inc.,Economy,,0,0,0,1,0.0,7.17,0.8369,0.1631,5.67,56,10,"Toronto, Canada"
JB-2023-03-11,jack-brennan,1,0,1,city,2023-03-11,2023-03-15,2023,3,march,4,Spokane|United States,Spokane,United States,US,GEG,SEA,Americas,Northern America,Alaska Airlines Inc.,Economy,,0,0,0,1,0.0,0.0,0.5918,0.4082,7.03,9,1,"Spokane, United States"
JB-2023-06-10,jack-brennan,1,0,1,city,2023-06-10,2023-06-17,2023,6,june,7,Anchorage|United States,Anchorage,United States,US,ANC,SEA,Americas,Northern America,Alaska Airlines Inc.,Economy,,0,0,0,1,0.0,0.0,0.73,0.27,,15,3,"Anchorage, United States"
JB-2023-09-09,jack-brennan,1,0,1,city,2023-09-09,2023-09-21,2023,9,september,12,Seoul|South Korea,Seoul,South Korea,KR,ICN,SEA,Asia,Eastern Asia,Alaska Airlines Inc.,Economy,beach_vacation,1,0,0,1,8.12,8.2,0.7671,0.2329,7.17,29,9,"Seoul, South Korea"
JB-2023-11-11,jack-brennan,1,0,1,city,2023-11-11,2023-11-15,2023,11,november,4,Toronto|Canada,Toronto,Canada,CA,YYZ,SEA,Americas,Northern America,Alaska Airlines Inc.,Economy,,0,0,0,1,0.0,7.17,0.8369,0.1631,5.67,56,10,"Toronto, Canada"
JB-2024-03-09,jack-brennan,1,0,1,city,2024-03-09,2024-03-13,2024,3,march,4,Spokane|United States,Spokane,United States,US,GEG,SEA,Americas,Northern America,Alaska Airlines Inc.,Economy,,0,0,0,1,0.0,0.0,0.5918,0.4082,7.03,9,1,"Spokane, United States"
JB-2024-06-08,jack-brennan,1,0,1,city,2024-06-08,2024-06-15,2024,6,june,7,Anchorage|United States,Anchorage,United States,US,ANC,SEA,Americas,Northern America,Alaska Airlines Inc.,Economy,,0,0,0,1,0.0,0.0,0.73,0.27,,15,3,"Anchorage, United States"
JB-2024-09-14,jack-brennan,1,0,1,city,2024-09-14,2024-09-26,2024,9,september,12,Seoul|South Korea,Seoul,South Korea,KR,ICN,SEA,Asia,Eastern Asia,Alaska Airlines Inc.,Economy,beach_vacation,1,0,0,1,8.12,8.2,0.7671,0.2329,7.17,29,9,"Seoul, South Korea"
JB-2024-11-09,jack-brennan,1,0,1,city,2024-11-09,2024-11-13,2024,11,november,4,Toronto|Canada,Toronto,Canada,CA,YYZ,SEA,Americas,Northern America,Alaska Airlines Inc.,Economy,,0,0,0,1,0.0,7.17,0.8369,0.1631,5.67,56,10,"Toronto, Canada"
JB-2025-03-08,jack-brennan,1,0,1,city,2025-03-08,2025-03-12,2025,3,march,4,Spokane|United States,Spokane,United States,US,GEG,SEA,Americas,Northern America,Alaska Airlines Inc.,Economy,,0,0,0,1,0.0,0.0,0.5918,0.4082,7.03,9,1,"Spokane, United States"
JB-2025-06-14,jack-brennan,1,0,1,city,2025-06-14,2025-06-21,2025,6,june,7,Anchorage|United States,Anchorage,United States,US,ANC,SEA,Americas,Northern America,Alaska Airlines Inc.,Economy,,0,0,0,1,0.0,0.0,0.73,0.27,,15,3,"Anchorage, United States"
JB-2025-09-13,jack-brennan,1,0,1,city,2025-09-13,2025-09-25,2025,9,september,12,Seoul|South Korea,Seoul,South Korea,KR,ICN,SEA,Asia,Eastern Asia,Alaska Airlines Inc.,Economy,beach_vacation,1,0,0,1,8.12,8.2,0.7671,0.2329,7.17,29,9,"Seoul, South Korea"
JB-2025-11-08,jack-brennan,1,0,1,city,2025-11-08,2025-11-12,2025,11,november,4,Toronto|Canada,Toronto,Canada,CA,YYZ,SEA,Americas,Northern America,Alaska Airlines Inc.,Economy,,0,0,0,1,0.0,7.17,0.8369,0.1631,5.67,56,10,"Toronto, Canada"
DJD-2021-07-03,jack-dawkins,1,0,1,city,2021-07-03,2021-07-13,2021,7,july,10,Barcelona|Spain,Barcelona,Spain,ES,BCN,JFK,Europe,Southern Europe,Delta Air Lines Inc.,Economy,beach_vacation,1,0,0,1,5.78,7.69,0.7358,0.2642,7.59,38,20,"Barcelona, Spain"
DJD-2022-07-05,jack-dawkins,1,0,1,city,2022-07-05,2022-07-17,2022,7,july,12,Lisbon|Portugal,Lisbon,Portugal,PT,LIS,JFK,Europe,Southern Europe,Delta Air Lines Inc.,Economy,beach_vacation,1,0,0,1,5.78,6.42,0.6677,0.3323,8.23,48,16,"Lisbon, Portugal"
DJD-2023-06-30,jack-dawkins,1,0,1,city,2023-06-30,2023-07-14,2023,6,june,14,Nice|France,Nice,France,FR,NCE,JFK,Europe,Western Europe,Delta Air Lines Inc.,Economy,beach_vacation,1,0,0,1,4.58,7.7,0.5467,0.4533,8.44,9,7,"Nice, France"
DJD-2024-07-07,jack-dawkins,1,0,1,city,2024-07-07,2024-07-18,2024,7,july,11,Milano|Italy,Milano,Italy,IT,MXP,JFK,Europe,Southern Europe,Delta Air Lines Inc.,Economy,,0,0,0,0,,,,,,5,5,"Milano, Italy"
DJD-2025-07-04,jack-dawkins,1,0,1,city,2025-07-04,2025-07-17,2025,7,july,13,Athens|Greece,Athens,Greece,GR,ATH,JFK,Europe,Southern Europe,Delta Air Lines Inc.,Economy,beach_vacation,1,0,0,1,4.58,5.62,0.6151,0.3849,7.16,12,6,"Athens, Greece"
TW-2024-02-01,jack-london,1,0,0,region,2024-02-01,2024-02-08,2024,2,february,7,Bali|Indonesia,Bali,Indonesia,ID,,,Asia,South-eastern Asia,,Economy,,0,0,0,1,2.89,0.0,0.3416,0.6584,6.34,12,12,Bali
JP-2025-01-06,jackson-pollock,1,0,1,city,2025-01-06,2025-01-11,2025,1,january,5,Toronto|Canada,Toronto,Canada,CA,YYZ,ORD,Americas,Northern America,United Air Lines Inc.,Economy,,0,0,0,1,0.0,7.17,0.8369,0.1631,5.54,56,10,"Toronto, Canada"
JP-2025-02-03,jackson-pollock,1,0,1,city,2025-02-03,2025-02-08,2025,2,february,5,Toronto|Canada,Toronto,Canada,CA,YYZ,ORD,Americas,Northern America,United Air Lines Inc.,Economy,,0,0,0,1,0.0,7.17,0.8369,0.1631,5.29,56,10,"Toronto, Canada"
JP-2025-03-03,jackson-pollock,1,0,1,city,2025-03-03,2025-03-08,2025,3,march,5,Toronto|Canada,Toronto,Canada,CA,YYZ,ORD,Americas,Northern America,United Air Lines Inc.,Economy,,0,0,0,1,0.0,7.17,0.8369,0.1631,5.71,56,10,"Toronto, Canada"
JP-2025-04-07,jackson-pollock,1,0,1,city,2025-04-07,2025-04-12,2025,4,april,5,Toronto|Canada,Toronto,Canada,CA,YYZ,ORD,Americas,Northern America,United Air Lines Inc.,Economy,,0,0,0,1,0.0,7.17,0.8369,0.1631,7.27,56,10,"Toronto, Canada"
JP-2025-05-05,jackson-pollock,1,0,1,city,2025-05-05,2025-05-10,2025,5,may,5,Toronto|Canada,Toronto,Canada,CA,YYZ,ORD,Americas,Northern America,United Air Lines Inc.,Economy,,0,0,0,1,0.0,7.17,0.8369,0.1631,7.0,56,10,"Toronto, Canada"
JP-2025-06-02,jackson-pollock,1,0,1,city,2025-06-02,2025-06-07,2025,6,june,5,Toronto|Canada,Toronto,Canada,CA,YYZ,ORD,Americas,Northern America,United Air Lines Inc.,Economy,,0,0,0,1,0.0,7.17,0.8369,0.1631,7.69,56,10,"Toronto, Canada"
JP-2025-07-07,jackson-pollock,1,0,1,city,2025-07-07,2025-07-12,2025,7,july,5,Toronto|Canada,Toronto,Canada,CA,YYZ,ORD,Americas,Northern America,United Air Lines Inc.,Economy,,0,0,0,1,0.0,7.17,0.8369,0.1631,7.88,56,10,"Toronto, Canada"
JP-2025-08-04,jackson-pollock,1,0,1,city,2025-08-04,2025-08-09,2025,8,august,5,Toronto|Canada,Toronto,Canada,CA,YYZ,ORD,Americas,Northern America,United Air Lines Inc.,Economy,,0,0,0,1,0.0,7.17,0.8369,0.1631,7.83,56,10,"Toronto, Canada"
JP-2025-09-01,jackson-pollock,1,0,1,city,2025-09-01,2025-09-06,2025,9,september,5,Toronto|Canada,Toronto,Canada,CA,YYZ,ORD,Americas,Northern America,United Air Lines Inc.,Economy,,0,0,0,1,0.0,7.17,0.8369,0.1631,7.83,56,10,"Toronto, Canada"
JP-2025-10-06,jackson-pollock,1,0,1,city,2025-10-06,2025-10-11,2025,10,october,5,Toronto|Canada,Toronto,Canada,CA,YYZ,ORD,Americas,Northern America,United Air Lines Inc.,Economy,,0,0,0,1,0.0,7.17,0.8369,0.1631,7.34,56,10,"Toronto, Canada"
JP-2025-11-03,jackson-pollock,1,0,1,city,2025-11-03,2025-11-08,2025,11,november,5,Toronto|Canada,Toronto,Canada,CA,YYZ,ORD,Americas,Northern America,United Air Lines Inc.,Economy,,0,0,0,1,0.0,7.17,0.8369,0.1631,5.67,56,10,"Toronto, Canada"
JP-2025-12-01,jackson-pollock,1,0,1,city,2025-12-01,2025-12-06,2025,12,december,5,Toronto|Canada,Toronto,Canada,CA,YYZ,ORD,Americas,Northern America,United Air Lines Inc.,Economy,,0,0,0,1,0.0,7.17,0.8369,0.1631,5.35,56,10,"Toronto, Canada"
HJB-2021-05-28,jake-barnes,1,0,1,city,2021-05-28,2021-05-31,2021,5,may,3,Denver|United States,Denver,United States,US,DEN,MCI,Americas,Northern America,United Air Lines Inc.,Economy,ski_trip,0,1,0,1,0.0,5.91,0.8445,0.1555,7.45,105,24,"Denver, United States"
HJB-2021-07-02,jake-barnes,1,0,1,city,2021-07-02,2021-07-06,2021,7,july,4,New Orleans|United States,New Orleans,United States,US,MSY,MCI,Americas,Northern America,Southwest Airlines Co.,Economy,,0,0,0,1,0.0,5.48,0.808,0.192,7.1,38,6,"New Orleans, United States"
HJB-2022-05-27,jake-barnes,1,0,1,city,2022-05-27,2022-05-30,2022,5,may,3,Denver|United States,Denver,United States,US,DEN,MCI,Americas,Northern America,United Air Lines Inc.,Economy,ski_trip,0,1,0,1,0.0,5.91,0.8445,0.1555,7.45,105,24,"Denver, United States"
HJB-2022-07-02,jake-barnes,1,0,1,city,2022-07-02,2022-07-06,2022,7,july,4,New Orleans|United States,New Orleans,United States,US,MSY,MCI,Americas,Northern America,Southwest Airlines Co.,Economy,,0,0,0,1,0.0,5.48,0.808,0.192,7.1,38,6,"New Orleans, United States"
HJB-2023-05-26,jake-barnes,1,0,1,city,2023-05-26,2023-05-29,2023,5,may,3,Denver|United States,Denver,United States,US,DEN,MCI,Americas,Northern America,United Air Lines Inc.,Economy,ski_trip,0,1,0,1,0.0,5.91,0.8445,0.1555,7.45,105,24,"Denver, United States"
HJB-2023-07-02,jake-barnes,1,0,1,city,2023-07-02,2023-07-06,2023,7,july,4,New Orleans|United States,New Orleans,United States,US,MSY,MCI,Americas,Northern America,Southwest Airlines Co.,Economy,,0,0,0,1,0.0,5.48,0.808,0.192,7.1,38,6,"New Orleans, United States"
HJB-2024-05-24,jake-barnes,1,0,1,city,2024-05-24,2024-05-27,2024,5,may,3,Denver|United States,Denver,United States,US,DEN,MCI,Americas,Northern America,United Air Lines Inc.,Economy,ski_trip,0,1,0,1,0.0,5.91,0.8445,0.1555,7.45,105,24,"Denver, United States"
HJB-2024-07-02,jake-barnes,1,0,1,city,2024-07-02,2024-07-06,2024,7,july,4,New Orleans|United States,New Orleans,United States,US,MSY,MCI,Americas,Northern America,Southwest Airlines Co.,Economy,,0,0,0,1,0.0,5.48,0.808,0.192,7.1,38,6,"New Orleans, United States"
HJB-2025-05-23,jake-barnes,1,0,1,city,2025-05-23,2025-05-26,2025,5,may,3,Denver|United States,Denver,United States,US,DEN,MCI,Americas,Northern America,United Air Lines Inc.,Economy,ski_trip,0,1,0,1,0.0,5.91,0.8445,0.1555,7.45,105,24,"Denver, United States"
HJB-2025-07-02,jake-barnes,1,0,1,city,2025-07-02,2025-07-06,2025,7,july,4,New Orleans|United States,New Orleans,United States,US,MSY,MCI,Americas,Northern America,Southwest Airlines Co.,Economy,,0,0,0,1,0.0,5.48,0.808,0.192,7.1,38,6,"New Orleans, United States"
MB-2023-10-05,james-baldwin,1,0,0,city,2023-10-05,2023-10-10,2023,10,october,5,Paris|France,Paris,France,FR,,,Europe,Western Europe,,Economy,,0,0,0,1,6.71,9.93,0.8396,0.1604,7.12,72,28,"Paris, France"
EW1-2023-01-07,jane-austen,1,0,0,city,2023-01-07,2023-01-16,2023,1,january,9,Cape Town|South Africa,Cape Town,South Africa,ZA,,,Africa,Southern Africa,,Economy,,0,0,0,1,4.58,0.0,0.4036,0.5964,7.97,4,4,Cape Town
OPP-2021-01-13,jean-passepartout,1,0,1,city,2021-01-13,2021-01-20,2021,1,january,7,Paris|France,Paris,France,FR,CDG,JFK,Europe,Western Europe,American Airlines Inc.,Economy,,0,0,0,1,6.71,9.93,0.8396,0.1604,6.24,72,28,"Paris, France"
OPP-2021-03-03,jean-passepartout,1,0,1,city,2021-03-03,2021-03-10,2021,3,march,7,Madrid|Spain,Madrid,Spain,ES,MAD,JFK,Europe,Southern Europe,American Airlines Inc.,Economy,,0,0,0,1,6.71,8.22,0.7462,0.2538,6.16,51,18,"Madrid, Spain"
OPP-2021-04-28,jean-passepartout,1,0,1,city,2021-04-28,2021-05-05,2021,4,april,7,Amsterdam|Netherlands,Amsterdam,Netherlands,NL,AMS,JFK,Europe,Western Europe,Delta Air Lines Inc.,Economy,,0,0,0,1,7.47,8.19,0.7822,0.2178,7.82,50,16,"Amsterdam, Netherlands"
OPP-2021-05-26,jean-passepartout,1,0,1,city,2021-05-26,2021-06-02,2021,5,may,7,Vienna|Austria,Vienna,Austria,AT,VIE,JFK,Europe,Western Europe,United Air Lines Inc.,Economy,,0,0,0,1,6.71,7.14,0.644,0.356,7.55,7,3,"Vienna, Austria"
OPP-2021-08-25,jean-passepartout,1,0,1,city,2021-08-25,2021-08-30,2021,8,august,5,San Juan|Puerto Rico,San Juan,Puerto Rico,PR,SJU,JFK,Americas,Caribbean,American Airlines Inc.,Economy,beach_vacation,1,0,0,1,2.89,0.0,0.7288,0.2712,7.01,22,5,"San Juan, Puerto Rico"
OPP-2022-01-12,jean-passepartout,1,0,1,city,2022-01-12,2022-01-19,2022,1,january,7,Paris|France,Paris,France,FR,CDG,JFK,Europe,Western Europe,Compagnie Natl Air France,Economy,,0,0,0,1,6.71,9.93,0.8396,0.1604,6.24,72,28,"Paris, France"
OPP-2022-03-02,jean-passepartout,1,0,1,city,2022-03-02,2022-03-09,2022,3,march,7,Madrid|Spain,Madrid,Spain,ES,MAD,JFK,Europe,Southern Europe,Compagnie Natl Air France,Economy,,0,0,0,1,6.71,8.22,0.7462,0.2538,6.16,51,18,"Madrid, Spain"
OPP-2022-04-27,jean-passepartout,1,0,1,city,2022-04-27,2022-05-04,2022,4,april,7,Amsterdam|Netherlands,Amsterdam,Netherlands,NL,AMS,JFK,Europe,Western Europe,Klm Royal Dutch Airlines,Economy,,0,0,0,1,7.47,8.19,0.7822,0.2178,7.83,50,16,"Amsterdam, Netherlands"
OPP-2022-05-25,jean-passepartout,1,0,1,city,2022-05-25,2022-06-01,2022,5,may,7,Vienna|Austria,Vienna,Austria,AT,VIE,JFK,Europe,Western Europe,United Air Lines Inc.,Economy,,0,0,0,1,6.71,7.14,0.644,0.356,7.49,7,3,"Vienna, Austria"
OPP-2022-08-31,jean-passepartout,1,0,1,city,2022-08-31,2022-09-05,2022,8,august,5,San Juan|Puerto Rico,San Juan,Puerto Rico,PR,SJU,JFK,Americas,Caribbean,JetBlue Airways,Economy,beach_vacation,1,0,0,1,2.89,0.0,0.7288,0.2712,7.0,22,5,"San Juan, Puerto Rico"
OPP-2023-01-11,jean-passepartout,1,0,1,city,2023-01-11,2023-01-18,2023,1,january,7,Paris|France,Paris,France,FR,CDG,JFK,Europe,Western Europe,British Airways Plc,Economy,,0,0,0,1,6.71,9.93,0.8396,0.1604,6.24,72,28,"Paris, France"
OPP-2023-03-01,jean-passepartout,1,0,1,city,2023-03-01,2023-03-08,2023,3,march,7,Madrid|Spain,Madrid,Spain,ES,MAD,JFK,Europe,Southern Europe,British Airways Plc,Economy,,0,0,0,1,6.71,8.22,0.7462,0.2538,6.16,51,18,"Madrid, Spain"
OPP-2023-04-26,jean-passepartout,1,0,1,city,2023-04-26,2023-05-03,2023,4,april,7,Amsterdam|Netherlands,Amsterdam,Netherlands,NL,AMS,JFK,Europe,Western Europe,Delta Air Lines Inc.,Economy,,0,0,0,1,7.47,8.19,0.7822,0.2178,7.84,50,16,"Amsterdam, Netherlands"
OPP-2023-05-31,jean-passepartout,1,0,1,city,2023-05-31,2023-06-07,2023,5,may,7,Vienna|Austria,Vienna,Austria,AT,VIE,JFK,Europe,Western Europe,United Air Lines Inc.,Economy,,0,0,0,1,6.71,7.14,0.644,0.356,7.88,7,3,"Vienna, Austria"
OPP-2023-08-30,jean-passepartout,1,0,1,city,2023-08-30,2023-09-04,2023,8,august,5,San Juan|Puerto Rico,San Juan,Puerto Rico,PR,SJU,JFK,Americas,Caribbean,Delta Air Lines Inc.,Economy,beach_vacation,1,0,0,1,2.89,0.0,0.7288,0.2712,7.0,22,5,"San Juan, Puerto Rico"
OPP-2024-01-10,jean-passepartout,1,0,1,city,2024-01-10,2024-01-17,2024,1,january,7,Paris|France,Paris,France,FR,CDG,JFK,Europe,Western Europe,Delta Air Lines Inc.,Economy,,0,0,0,1,6.71,9.93,0.8396,0.1604,6.24,72,28,"Paris, France"
OPP-2024-03-06,jean-passepartout,1,0,1,city,2024-03-06,2024-03-13,2024,3,march,7,Madrid|Spain,Madrid,Spain,ES,MAD,JFK,Europe,Southern Europe,Delta Air Lines Inc.,Economy,,0,0,0,1,6.71,8.22,0.7462,0.2538,6.16,51,18,"Madrid, Spain"
OPP-2024-04-24,jean-passepartout,1,0,1,city,2024-04-24,2024-05-01,2024,4,april,7,Amsterdam|Netherlands,Amsterdam,Netherlands,NL,AMS,JFK,Europe,Western Europe,Klm Royal Dutch Airlines,Economy,,0,0,0,1,7.47,8.19,0.7822,0.2178,7.85,50,16,"Amsterdam, Netherlands"
OPP-2024-05-29,jean-passepartout,1,0,1,city,2024-05-29,2024-06-05,2024,5,may,7,Vienna|Austria,Vienna,Austria,AT,VIE,JFK,Europe,Western Europe,United Air Lines Inc.,Economy,,0,0,0,1,6.71,7.14,0.644,0.356,7.75,7,3,"Vienna, Austria"
OPP-2024-08-28,jean-passepartout,1,0,1,city,2024-08-28,2024-09-02,2024,8,august,5,San Juan|Puerto Rico,San Juan,Puerto Rico,PR,SJU,JFK,Americas,Caribbean,American Airlines Inc.,Economy,beach_vacation,1,0,0,1,2.89,0.0,0.7288,0.2712,7.01,22,5,"San Juan, Puerto Rico"
OPP-2025-01-08,jean-passepartout,1,0,1,city,2025-01-08,2025-01-15,2025,1,january,7,Paris|France,Paris,France,FR,CDG,JFK,Europe,Western Europe,Iberia Air Lines Of Spain,Economy,,0,0,0,1,6.71,9.93,0.8396,0.1604,6.24,72,28,"Paris, France"
OPP-2025-03-05,jean-passepartout,1,0,1,city,2025-03-05,2025-03-12,2025,3,march,7,Madrid|Spain,Madrid,Spain,ES,MAD,JFK,Europe,Southern Europe,Iberia Air Lines Of Spain,Economy,,0,0,0,1,6.71,8.22,0.7462,0.2538,6.16,51,18,"Madrid, Spain"
OPP-2025-04-30,jean-passepartout,1,0,1,city,2025-04-30,2025-05-07,2025,4,april,7,Amsterdam|Netherlands,Amsterdam,Netherlands,NL,AMS,JFK,Europe,Western Europe,Delta Air Lines Inc.,Economy,,0,0,0,1,7.47,8.19,0.7822,0.2178,7.81,50,16,"Amsterdam, Netherlands"
OPP-2025-05-28,jean-passepartout,1,0,1,city,2025-05-28,2025-06-04,2025,5,may,7,Vienna|Austria,Vienna,Austria,AT,VIE,JFK,Europe,Western Europe,United Air Lines Inc.,Economy,,0,0,0,1,6.71,7.14,0.644,0.356,7.69,7,3,"Vienna, Austria"
OPP-2025-08-27,jean-passepartout,1,0,1,city,2025-08-27,2025-09-01,2025,8,august,5,San Juan|Puerto Rico,San Juan,Puerto Rico,PR,SJU,JFK,Americas,Caribbean,JetBlue Airways,Economy,beach_vacation,1,0,0,1,2.89,0.0,0.7288,0.2712,7.01,22,5,"San Juan, Puerto Rico"
SKJG-2024-01-13,jim-gilmore,1,0,1,city,2024-01-13,2024-01-20,2024,1,january,7,Denver|United States,Denver,United States,US,DEN,SFO,Americas,Northern America,United Air Lines Inc.,Economy,ski_trip,0,1,0,1,0.0,5.91,0.8445,0.1555,6.19,105,24,"Denver, United States"
SKJG-2025-01-11,jim-gilmore,1,0,1,city,2025-01-11,2025-01-18,2025,1,january,7,Denver|United States,Denver,United States,US,DEN,SFO,Americas,Northern America,United Air Lines Inc.,Economy,ski_trip,0,1,0,1,0.0,5.91,0.8445,0.1555,6.19,105,24,"Denver, United States"
SKJG-2026-01-10,jim-gilmore,1,0,1,city,2026-01-10,2026-01-17,2026,1,january,7,Denver|United States,Denver,United States,US,DEN,SFO,Americas,Northern America,United Air Lines Inc.,Economy,ski_trip,0,1,0,1,0.0,5.91,0.8445,0.1555,6.19,105,24,"Denver, United States"
MW2-2022-06-20,jin-yong,1,0,0,city,2022-06-20,2022-06-25,2022,6,june,5,New York|United States,New York,United States,US,,,Americas,Northern America,,Economy,,0,0,0,1,4.58,9.36,0.95,0.05,7.38,69,13,New York
RO-2024-04-03,joao-guimaraes-rosa,1,0,0,city,2024-04-03,2024-04-10,2024,4,april,7,Rio de Janeiro|Brazil,Rio de Janeiro,Brazil,BR,,,Americas,South America,,Economy,,0,0,0,1,5.78,6.02,0.5458,0.4542,7.08,7,6,Rio de Janeiro
JS-2016-08-13,joaquin-sorolla,1,0,1,city,2016-08-13,2016-08-27,2016,8,august,14,Paris|France,Paris,France,FR,CDG,EWR,Europe,Western Europe,United Air Lines Inc.,Economy,,0,0,0,1,6.71,9.93,0.8396,0.1604,7.93,72,28,"Paris, France"
JS-2016-12-21,joaquin-sorolla,1,0,1,city,2016-12-21,2016-12-28,2016,12,december,7,Houston|United States,Houston,United States,US,IAH,EWR,Americas,Northern America,United Air Lines Inc.,Economy,holiday_trip,0,0,1,1,0.0,6.02,0.8677,0.1323,7.16,55,7,"Houston, United States"
JS-2017-08-12,joaquin-sorolla,1,0,1,city,2017-08-12,2017-08-26,2017,8,august,14,Rome|Italy,Rome,Italy,IT,FCO,EWR,Europe,Southern Europe,United Air Lines Inc.,Economy,beach_vacation,1,0,0,1,8.67,7.27,0.7587,0.2413,7.91,49,25,"Rome, Italy"
JS-2017-12-21,joaquin-sorolla,1,0,1,city,2017-12-21,2017-12-28,2017,12,december,7,Houston|United States,Houston,United States,US,IAH,EWR,Americas,Northern America,United Air Lines Inc.,Economy,holiday_trip,0,0,1,1,0.0,6.02,0.8677,0.1323,7.16,55,7,"Houston, United States"
JS-2018-08-11,joaquin-sorolla,1,0,1,city,2018-08-11,2018-08-25,2018,8,august,14,Barcelona|Spain,Barcelona,Spain,ES,BCN,EWR,Europe,Southern Europe,United Air Lines Inc.,Economy,beach_vacation,1,0,0,1,5.78,7.69,0.7358,0.2642,7.99,38,20,"Barcelona, Spain"
JS-2018-12-21,joaquin-sorolla,1,0,1,city,2018-12-21,2018-12-28,2018,12,december,7,Houston|United States,Houston,United States,US,IAH,EWR,Americas,Northern America,United Air Lines Inc.,Economy,holiday_trip,0,0,1,1,0.0,6.02,0.8677,0.1323,7.16,55,7,"Houston, United States"
JS-2019-08-10,joaquin-sorolla,1,0,1,city,2019-08-10,2019-08-24,2019,8,august,14,Lisbon|Portugal,Lisbon,Portugal,PT,LIS,EWR,Europe,Southern Europe,United Air Lines Inc.,Economy,beach_vacation,1,0,0,1,5.78,6.42,0.6677,0.3323,8.3,48,16,"Lisbon, Portugal"
JS-2019-12-21,joaquin-sorolla,1,0,1,city,2019-12-21,2019-12-28,2019,12,december,7,Houston|United States,Houston,United States,US,IAH,EWR,Americas,Northern America,United Air Lines Inc.,Economy,holiday_trip,0,0,1,1,0.0,6.02,0.8677,0.1323,7.16,55,7,"Houston, United States"
JS-2020-08-08,joaquin-sorolla,1,0,1,city,2020-08-08,2020-08-22,2020,8,august,14,Milan|Italy,Milan,Italy,IT,MXP,EWR,Europe,Southern Europe,United Air Lines Inc.,Economy,,0,0,0,1,7.47,8.48,0.7152,0.2848,7.48,4,3,"Milan, Italy"
JS-2020-12-21,joaquin-sorolla,1,0,1,city,2020-12-21,2020-12-28,2020,12,december,7,Houston|United States,Houston,United States,US,IAH,EWR,Americas,Northern America,United Air Lines Inc.,Economy,holiday_trip,0,0,1,1,0.0,6.02,0.8677,0.1323,7.16,55,7,"Houston, United States"
JS-2021-08-14,joaquin-sorolla,1,0,1,city,2021-08-14,2021-08-28,2021,8,august,14,Madrid|Spain,Madrid,Spain,ES,MAD,EWR,Europe,Southern Europe,United Air Lines Inc.,Economy,,0,0,0,1,6.71,8.22,0.7462,0.2538,7.07,51,18,"Madrid, Spain"
JS-2021-12-21,joaquin-sorolla,1,0,1,city,2021-12-21,2021-12-28,2021,12,december,7,Houston|United States,Houston,United States,US,IAH,EWR,Americas,Northern America,United Air Lines Inc.,Economy,holiday_trip,0,0,1,1,0.0,6.02,0.8677,0.1323,7.16,55,7,"Houston, United States"
JS-2022-08-13,joaquin-sorolla,1,0,1,city,2022-08-13,2022-08-27,2022,8,august,14,Nice|France,Nice,France,FR,NCE,EWR,Europe,Western Europe,United Air Lines Inc.,Economy,beach_vacation,1,0,0,1,4.58,7.7,0.5467,0.4533,8.17,9,7,"Nice, France"
JS-2022-12-21,joaquin-sorolla,1,0,1,city,2022-12-21,2022-12-28,2022,12,december,7,Houston|United States,Houston,United States,US,IAH,EWR,Americas,Northern America,United Air Lines Inc.,Economy,holiday_trip,0,0,1,1,0.0,6.02,0.8677,0.1323,7.16,55,7,"Houston, United States"
JS-2023-08-12,joaquin-sorolla,1,0,1,city,2023-08-12,2023-08-26,2023,8,august,14,Venice|Italy,Venice,Italy,IT,VCE,EWR,Europe,Southern Europe,United Air Lines Inc.,Economy,beach_vacation,1,0,0,1,7.47,6.95,0.6157,0.3843,,5,5,"Venice, Italy"
JS-2023-12-21,joaquin-sorolla,1,0,1,city,2023-12-21,2023-12-28,2023,12,december,7,Houston|United States,Houston,United States,US,IAH,EWR,Americas,Northern America,United Air Lines Inc.,Economy,holiday_trip,0,0,1,1,0.0,6.02,0.8677,0.1323,7.16,55,7,"Houston, United States"
JS-2024-08-10,joaquin-sorolla,1,0,1,city,2024-08-10,2024-08-24,2024,8,august,14,Porto|Portugal,Porto,Portugal,PT,OPO,EWR,Europe,Southern Europe,United Air Lines Inc.,Economy,beach_vacation,1,0,0,1,5.78,6.34,0.5195,0.4805,8.13,6,4,"Porto, Portugal"
JS-2024-12-21,joaquin-sorolla,1,0,1,city,2024-12-21,2024-12-28,2024,12,december,7,Houston|United States,Houston,United States,US,IAH,EWR,Americas,Northern America,United Air Lines Inc.,Economy,holiday_trip,0,0,1,1,0.0,6.02,0.8677,0.1323,7.16,55,7,"Houston, United States"
JS-2025-08-09,joaquin-sorolla,1,0,1,city,2025-08-09,2025-08-23,2025,8,august,14,Naples|Italy,Naples,Italy,IT,NAP,EWR,Europe,Southern Europe,United Air Lines Inc.,Economy,beach_vacation,1,0,0,1,7.47,7.68,0.4325,0.5675,7.76,2,2,"Naples, Italy"
JS-2025-12-21,joaquin-sorolla,1,0,1,city,2025-12-21,2025-12-28,2025,12,december,7,Houston|United States,Houston,United States,US,IAH,EWR,Americas,Northern America,United Air Lines Inc.,Economy,holiday_trip,0,0,1,1,0.0,6.02,0.8677,0.1323,7.16,55,7,"Houston, United States"
DJG-2021-06-08,joe-gargery,1,0,1,city,2021-06-08,2021-06-18,2021,6,june,10,Manchester|United Kingdom,Manchester,United Kingdom,GB,MAN,EWR,Europe,Northern Europe,United Air Lines Inc.,Economy,,0,0,0,1,2.89,6.37,0.7533,0.2467,7.0,5,5,"Manchester, United Kingdom"
DJG-2022-06-10,joe-gargery,1,0,1,city,2022-06-10,2022-06-21,2022,6,june,11,Birmingham|United Kingdom,Birmingham,United Kingdom,GB,BHX,EWR,Europe,Northern Europe,United Air Lines Inc.,Economy,,0,0,0,1,2.89,5.8,0.5846,0.4154,7.56,1,1,"Birmingham, United Kingdom"
DJG-2023-06-05,joe-gargery,1,0,1,city,2023-06-05,2023-06-18,2023,6,june,13,Edinburgh|United Kingdom,Edinburgh,United Kingdom,GB,EDI,EWR,Europe,Northern Europe,United Air Lines Inc.,Economy,,0,0,0,1,5.78,6.22,0.6479,0.3521,7.09,7,6,"Edinburgh, United Kingdom"
DJG-2024-06-12,joe-gargery,1,0,1,city,2024-06-12,2024-06-24,2024,6,june,12,Dublin|Ireland,Dublin,Ireland,IE,DUB,EWR,Europe,Northern Europe,United Air Lines Inc.,Economy,,0,0,0,1,2.89,6.4,0.7288,0.2712,6.86,32,14,"Dublin, Ireland"
DJG-2025-06-09,joe-gargery,1,0,1,city,2025-06-09,2025-06-23,2025,6,june,14,London|United Kingdom,London,United Kingdom,GB,LHR,EWR,Europe,Northern Europe,United Air Lines Inc.,Economy,beach_vacation,1,0,0,1,6.71,9.54,0.8673,0.1327,7.9,135,33,"London, United Kingdom"
JG-2017-03-11,joe-garner,1,0,1,city,2017-03-11,2017-03-16,2017,3,march,5,Guadalajara|Mexico,Guadalajara,Mexico,MX,GDL,LAX,Americas,Central America,Alaska Airlines Inc.,Economy,,0,0,0,1,4.58,3.79,0.6149,0.3851,8.22,58,10,"Guadalajara, Mexico"
JG-2017-09-09,joe-garner,1,0,1,city,2017-09-09,2017-09-14,2017,9,september,5,Guadalajara|Mexico,Guadalajara,Mexico,MX,GDL,LAX,Americas,Central America,Alaska Airlines Inc.,Economy,,0,0,0,1,4.58,3.79,0.6149,0.3851,7.12,58,10,"Guadalajara, Mexico"
JG-2018-03-10,joe-garner,1,0,1,city,2018-03-10,2018-03-15,2018,3,march,5,Guadalajara|Mexico,Guadalajara,Mexico,MX,GDL,LAX,Americas,Central America,Alaska Airlines Inc.,Economy,,0,0,0,1,4.58,3.79,0.6149,0.3851,8.22,58,10,"Guadalajara, Mexico"
JG-2018-09-08,joe-garner,1,0,1,city,2018-09-08,2018-09-13,2018,9,september,5,Guadalajara|Mexico,Guadalajara,Mexico,MX,GDL,LAX,Americas,Central America,Alaska Airlines Inc.,Economy,,0,0,0,1,4.58,3.79,0.6149,0.3851,7.12,58,10,"Guadalajara, Mexico"
JG-2019-03-09,joe-garner,1,0,1,city,2019-03-09,2019-03-14,2019,3,march,5,Guadalajara|Mexico,Guadalajara,Mexico,MX,GDL,LAX,Americas,Central America,Alaska Airlines Inc.,Economy,,0,0,0,1,4.58,3.79,0.6149,0.3851,8.22,58,10,"Guadalajara, Mexico"
JG-2019-09-14,joe-garner,1,0,1,city,2019-09-14,2019-09-19,2019,9,september,5,Guadalajara|Mexico,Guadalajara,Mexico,MX,GDL,LAX,Americas,Central America,Alaska Airlines Inc.,Economy,,0,0,0,1,4.58,3.79,0.6149,0.3851,7.12,58,10,"Guadalajara, Mexico"
JG-2020-03-14,joe-garner,1,0,1,city,2020-03-14,2020-03-19,2020,3,march,5,Guadalajara|Mexico,Guadalajara,Mexico,MX,GDL,LAX,Americas,Central America,Alaska Airlines Inc.,Economy,,0,0,0,1,4.58,3.79,0.6149,0.3851,8.22,58,10,"Guadalajara, Mexico"
JG-2020-09-12,joe-garner,1,0,1,city,2020-09-12,2020-09-17,2020,9,september,5,Guadalajara|Mexico,Guadalajara,Mexico,MX,GDL,LAX,Americas,Central America,Alaska Airlines Inc.,Economy,,0,0,0,1,4.58,3.79,0.6149,0.3851,7.12,58,10,"Guadalajara, Mexico"
JG-2021-03-13,joe-garner,1,0,1,city,2021-03-13,2021-03-18,2021,3,march,5,Guadalajara|Mexico,Guadalajara,Mexico,MX,GDL,LAX,Americas,Central America,Alaska Airlines Inc.,Economy,,0,0,0,1,4.58,3.79,0.6149,0.3851,8.22,58,10,"Guadalajara, Mexico"
JG-2021-09-11,joe-garner,1,0,1,city,2021-09-11,2021-09-16,2021,9,september,5,Guadalajara|Mexico,Guadalajara,Mexico,MX,GDL,LAX,Americas,Central America,Alaska Airlines Inc.,Economy,,0,0,0,1,4.58,3.79,0.6149,0.3851,7.12,58,10,"Guadalajara, Mexico"
JG-2022-03-12,joe-garner,1,0,1,city,2022-03-12,2022-03-17,2022,3,march,5,Guadalajara|Mexico,Guadalajara,Mexico,MX,GDL,LAX,Americas,Central America,Alaska Airlines Inc.,Economy,,0,0,0,1,4.58,3.79,0.6149,0.3851,8.22,58,10,"Guadalajara, Mexico"
JG-2022-09-10,joe-garner,1,0,1,city,2022-09-10,2022-09-15,2022,9,september,5,Guadalajara|Mexico,Guadalajara,Mexico,MX,GDL,LAX,Americas,Central America,Alaska Airlines Inc.,Economy,,0,0,0,1,4.58,3.79,0.6149,0.3851,7.12,58,10,"Guadalajara, Mexico"
JG-2023-03-11,joe-garner,1,0,1,city,2023-03-11,2023-03-16,2023,3,march,5,Guadalajara|Mexico,Guadalajara,Mexico,MX,GDL,LAX,Americas,Central America,Alaska Airlines Inc.,Economy,,0,0,0,1,4.58,3.79,0.6149,0.3851,8.22,58,10,"Guadalajara, Mexico"
JG-2023-09-09,joe-garner,1,0,1,city,2023-09-09,2023-09-14,2023,9,september,5,Guadalajara|Mexico,Guadalajara,Mexico,MX,GDL,LAX,Americas,Central America,Alaska Airlines Inc.,Economy,,0,0,0,1,4.58,3.79,0.6149,0.3851,7.12,58,10,"Guadalajara, Mexico"
JG-2024-03-09,joe-garner,1,0,1,city,2024-03-09,2024-03-14,2024,3,march,5,Guadalajara|Mexico,Guadalajara,Mexico,MX,GDL,LAX,Americas,Central America,Alaska Airlines Inc.,Economy,,0,0,0,1,4.58,3.79,0.6149,0.3851,8.22,58,10,"Guadalajara, Mexico"
JG-2024-09-14,joe-garner,1,0,1,city,2024-09-14,2024-09-19,2024,9,september,5,Guadalajara|Mexico,Guadalajara,Mexico,MX,GDL,LAX,Americas,Central America,Alaska Airlines Inc.,Economy,,0,0,0,1,4.58,3.79,0.6149,0.3851,7.12,58,10,"Guadalajara, Mexico"
JG-2025-03-08,joe-garner,1,0,1,city,2025-03-08,2025-03-13,2025,3,march,5,Guadalajara|Mexico,Guadalajara,Mexico,MX,GDL,LAX,Americas,Central America,Alaska Airlines Inc.,Economy,,0,0,0,1,4.58,3.79,0.6149,0.3851,8.22,58,10,"Guadalajara, Mexico"
JG-2025-09-13,joe-garner,1,0,1,city,2025-09-13,2025-09-18,2025,9,september,5,Guadalajara|Mexico,Guadalajara,Mexico,MX,GDL,LAX,Americas,Central America,Alaska Airlines Inc.,Economy,,0,0,0,1,4.58,3.79,0.6149,0.3851,7.12,58,10,"Guadalajara, Mexico"
RM-2024-10-10,johann-wolfgang-von-goethe,1,0,0,city,2024-10-10,2024-10-17,2024,10,october,7,Amsterdam|Netherlands,Amsterdam,Netherlands,NL,,,Europe,Western Europe,,Economy,,0,0,0,1,7.47,8.19,0.7822,0.2178,6.33,50,16,Amsterdam
JCO-2017-02-14,john-collins,1,0,1,city,2017-02-14,2017-02-21,2017,2,february,7,Palm Springs|United States,Palm Springs,United States,US,PSP,PDX,Americas,Northern America,Alaska Airlines Inc.,Economy,,0,0,0,0,,,,,,20,3,"Palm Springs, United States"
JCO-2017-11-21,john-collins,1,0,1,city,2017-11-21,2017-11-26,2017,11,november,5,Palm Springs|United States,Palm Springs,United States,US,PSP,PDX,Americas,Northern America,Alaska Airlines Inc.,Economy,holiday_trip,0,0,1,0,,,,,,20,3,"Palm Springs, United States"
JCO-2018-02-14,john-collins,1,0,1,city,2018-02-14,2018-02-21,2018,2,february,7,Palm Springs|United States,Palm Springs,United States,US,PSP,PDX,Americas,Northern America,Alaska Airlines Inc.,Economy,,0,0,0,0,,,,,,20,3,"Palm Springs, United States"
JCO-2018-11-20,john-collins,1,0,1,city,2018-11-20,2018-11-25,2018,11,november,5,Palm Springs|United States,Palm Springs,United States,US,PSP,PDX,Americas,Northern America,Alaska Airlines Inc.,Economy,holiday_trip,0,0,1,0,,,,,,20,3,"Palm Springs, United States"
JCO-2019-02-14,john-collins,1,0,1,city,2019-02-14,2019-02-21,2019,2,february,7,Palm Springs|United States,Palm Springs,United States,US,PSP,PDX,Americas,Northern America,Alaska Airlines Inc.,Economy,,0,0,0,0,,,,,,20,3,"Palm Springs, United States"
JCO-2019-11-26,john-collins,1,0,1,city,2019-11-26,2019-12-01,2019,11,november,5,Palm Springs|United States,Palm Springs,United States,US,PSP,PDX,Americas,Northern America,Alaska Airlines Inc.,Economy,holiday_trip,0,0,1,0,,,,,,20,3,"Palm Springs, United States"
JCO-2020-02-14,john-collins,1,0,1,city,2020-02-14,2020-02-21,2020,2,february,7,Palm Springs|United States,Palm Springs,United States,US,PSP,PDX,Americas,Northern America,Alaska Airlines Inc.,Economy,,0,0,0,0,,,,,,20,3,"Palm Springs, United States"
JCO-2020-11-24,john-collins,1,0,1,city,2020-11-24,2020-11-29,2020,11,november,5,Palm Springs|United States,Palm Springs,United States,US,PSP,PDX,Americas,Northern America,Alaska Airlines Inc.,Economy,holiday_trip,0,0,1,0,,,,,,20,3,"Palm Springs, United States"
JCO-2021-02-14,john-collins,1,0,1,city,2021-02-14,2021-02-21,2021,2,february,7,Palm Springs|United States,Palm Springs,United States,US,PSP,PDX,Americas,Northern America,Alaska Airlines Inc.,Economy,,0,0,0,0,,,,,,20,3,"Palm Springs, United States"
JCO-2021-11-23,john-collins,1,0,1,city,2021-11-23,2021-11-28,2021,11,november,5,Palm Springs|United States,Palm Springs,United States,US,PSP,PDX,Americas,Northern America,Alaska Airlines Inc.,Economy,holiday_trip,0,0,1,0,,,,,,20,3,"Palm Springs, United States"
JCO-2022-02-14,john-collins,1,0,1,city,2022-02-14,2022-02-21,2022,2,february,7,Palm Springs|United States,Palm Springs,United States,US,PSP,PDX,Americas,Northern America,Alaska Airlines Inc.,Economy,,0,0,0,0,,,,,,20,3,"Palm Springs, United States"
JCO-2022-11-22,john-collins,1,0,1,city,2022-11-22,2022-11-27,2022,11,november,5,Palm Springs|United States,Palm Springs,United States,US,PSP,PDX,Americas,Northern America,Alaska Airlines Inc.,Economy,holiday_trip,0,0,1,0,,,,,,20,3,"Palm Springs, United States"
JCO-2023-02-14,john-collins,1,0,1,city,2023-02-14,2023-02-21,2023,2,february,7,Palm Springs|United States,Palm Springs,United States,US,PSP,PDX,Americas,Northern America,Alaska Airlines Inc.,Economy,,0,0,0,0,,,,,,20,3,"Palm Springs, United States"
JCO-2023-11-21,john-collins,1,0,1,city,2023-11-21,2023-11-26,2023,11,november,5,Palm Springs|United States,Palm Springs,United States,US,PSP,PDX,Americas,Northern America,Alaska Airlines Inc.,Economy,holiday_trip,0,0,1,0,,,,,,20,3,"Palm Springs, United States"
JCO-2024-02-14,john-collins,1,0,1,city,2024-02-14,2024-02-21,2024,2,february,7,Palm Springs|United States,Palm Springs,United States,US,PSP,PDX,Americas,Northern America,Alaska Airlines Inc.,Economy,,0,0,0,0,,,,,,20,3,"Palm Springs, United States"
JCO-2024-11-26,john-collins,1,0,1,city,2024-11-26,2024-12-01,2024,11,november,5,Palm Springs|United States,Palm Springs,United States,US,PSP,PDX,Americas,Northern America,Alaska Airlines Inc.,Economy,holiday_trip,0,0,1,0,,,,,,20,3,"Palm Springs, United States"
JCO-2025-02-14,john-collins,1,0,1,city,2025-02-14,2025-02-21,2025,2,february,7,Palm Springs|United States,Palm Springs,United States,US,PSP,PDX,Americas,Northern America,Alaska Airlines Inc.,Economy,,0,0,0,0,,,,,,20,3,"Palm Springs, United States"
JCO-2025-11-25,john-collins,1,0,1,city,2025-11-25,2025-11-30,2025,11,november,5,Palm Springs|United States,Palm Springs,United States,US,PSP,PDX,Americas,Northern America,Alaska Airlines Inc.,Economy,holiday_trip,0,0,1,0,,,,,,20,3,"Palm Springs, United States"
JC-2021-01-09,john-coltrane,1,0,1,city,2021-01-09,2021-01-16,2021,1,january,7,Cancun|Mexico,Cancun,Mexico,MX,CUN,MSP,Americas,Central America,Delta Air Lines Inc.,Economy,beach_vacation,1,0,0,1,0.0,2.83,0.6899,0.3101,7.09,173,36,"Cancun, Mexico"
JC-2021-02-13,john-coltrane,1,0,1,city,2021-02-13,2021-02-20,2021,2,february,7,Punta Cana|Dominican Republic,Punta Cana,Dominican Republic,DO,PUJ,MSP,Americas,Caribbean,Delta Air Lines Inc.,Economy,,0,0,0,0,,,,,,11,3,"Punta Cana, Dominican Republic"
JC-2021-03-13,john-coltrane,1,0,1,city,2021-03-13,2021-03-20,2021,3,march,7,San Jose del Cabo|Mexico,San Jose del Cabo,Mexico,MX,SJD,MSP,Americas,Central America,Delta Air Lines Inc.,Economy,beach_vacation,1,0,0,1,2.89,4.48,0.5778,0.4222,,69,12,"San Jose del Cabo, Mexico"
JC-2022-01-08,john-coltrane,1,0,1,city,2022-01-08,2022-01-15,2022,1,january,7,Puerto Vallarta|Mexico,Puerto Vallarta,Mexico,MX,PVR,MSP,Americas,Central America,Delta Air Lines Inc.,Economy,beach_vacation,1,0,0,1,2.89,1.74,0.5511,0.4489,,36,8,"Puerto Vallarta, Mexico"
JC-2022-02-12,john-coltrane,1,0,1,city,2022-02-12,2022-02-19,2022,2,february,7,Liberia|Costa Rica,Liberia,Costa Rica,CR,LIR,MSP,Americas,Central America,Delta Air Lines Inc.,Economy,,0,0,0,0,,,,,,8,2,"Liberia, Costa Rica"
JC-2022-03-12,john-coltrane,1,0,1,city,2022-03-12,2022-03-19,2022,3,march,7,Montego Bay|Jamaica,Montego Bay,Jamaica,JM,MBJ,MSP,Americas,Caribbean,Delta Air Lines Inc.,Economy,,0,0,0,0,,,,,,22,3,"Montego Bay, Jamaica"
JC-2023-01-14,john-coltrane,1,0,1,city,2023-01-14,2023-01-21,2023,1,january,7,Cozumel|Mexico,Cozumel,Mexico,MX,CZM,MSP,Americas,Central America,Delta Air Lines Inc.,Economy,,0,0,0,0,,,,,,2,2,"Cozumel, Mexico"
JC-2023-02-11,john-coltrane,1,0,1,city,2023-02-11,2023-02-18,2023,2,february,7,Oranjestad|Aruba,Oranjestad,Aruba,AW,AUA,MSP,Americas,Caribbean,Delta Air Lines Inc.,Economy,,0,0,0,0,,,,,,1,1,"Oranjestad, Aruba"
JC-2023-03-11,john-coltrane,1,0,1,city,2023-03-11,2023-03-18,2023,3,march,7,George Town|Cayman Islands,George Town,Cayman Islands,KY,GCM,MSP,Americas,Caribbean,Delta Air Lines Inc.,Economy,,0,0,0,0,,,,,,1,1,"George Town, Cayman Islands"
JC-2024-01-13,john-coltrane,1,0,1,city,2024-01-13,2024-01-20,2024,1,january,7,Providenciales|Turks and Caicos,Providenciales,Turks and Caicos,TC,PLS,MSP,Americas,Caribbean,Delta Air Lines Inc.,Economy,,0,0,0,0,,,,,,1,1,"Providenciales, Turks and Caicos"
JC-2024-02-10,john-coltrane,1,0,1,city,2024-02-10,2024-02-17,2024,2,february,7,Belize City|Belize,Belize City,Belize,BZ,BZE,MSP,Americas,Central America,Delta Air Lines Inc.,Economy,,0,0,0,0,,,,,,8,2,"Belize City, Belize"
JC-2024-03-09,john-coltrane,1,0,1,city,2024-03-09,2024-03-16,2024,3,march,7,Cancun|Mexico,Cancun,Mexico,MX,CUN,MSP,Americas,Central America,Delta Air Lines Inc.,Economy,beach_vacation,1,0,0,1,0.0,2.83,0.6899,0.3101,7.62,173,36,"Cancun, Mexico"
JC-2025-01-11,john-coltrane,1,0,1,city,2025-01-11,2025-01-18,2025,1,january,7,Punta Cana|Dominican Republic,Punta Cana,Dominican Republic,DO,PUJ,MSP,Americas,Caribbean,Delta Air Lines Inc.,Economy,,0,0,0,0,,,,,,11,3,"Punta Cana, Dominican Republic"
JC-2025-02-08,john-coltrane,1,0,1,city,2025-02-08,2025-02-15,2025,2,february,7,San Jose del Cabo|Mexico,San Jose del Cabo,Mexico,MX,SJD,MSP,Americas,Central America,Delta Air Lines Inc.,Economy,beach_vacation,1,0,0,1,2.89,4.48,0.5778,0.4222,,69,12,"San Jose del Cabo, Mexico"
JC-2025-03-08,john-coltrane,1,0,1,city,2025-03-08,2025-03-15,2025,3,march,7,Puerto Vallarta|Mexico,Puerto Vallarta,Mexico,MX,PVR,MSP,Americas,Central America,Delta Air Lines Inc.,Economy,beach_vacation,1,0,0,1,2.89,1.74,0.5511,0.4489,,36,8,"Puerto Vallarta, Mexico"
AK-2023-01-01,john-steinbeck,1,0,0,city,2023-01-01,2023-01-09,2023,1,january,8,Tokyo|Japan,Tokyo,Japan,JP,,,Asia,Eastern Asia,,Economy,,0,0,0,1,2.89,9.99,0.7993,0.2007,7.58,80,22,"Tokyo, Japan"
JP-2023-08-01,jorge-amado,1,0,0,city,2023-08-01,2023-08-10,2023,8,august,9,Rio de Janeiro|Brazil,Rio de Janeiro,Brazil,BR,,,Americas,South America,,Economy,,0,0,0,1,5.78,6.02,0.5458,0.4542,7.53,7,6,"Rio de Janeiro, Brazil"
NP2-2024-02-01,kamala-das,1,0,0,city,2024-02-01,2024-02-09,2024,2,february,8,Bangkok|Thailand,Bangkok,Thailand,TH,,,Asia,South-eastern Asia,,Economy,,0,0,0,1,0.0,8.47,0.4205,0.5795,7.59,10,9,"Bangkok, Thailand"
RL-2023-11-05,kang-kyeong-ae,1,0,0,city,2023-11-05,2023-11-12,2023,11,november,7,Sydney|Australia,Sydney,Australia,AU,,,Oceania,Australia and New Zealand,,Economy,,0,0,0,1,4.58,0.0,0.6762,0.3238,7.49,40,14,"Sydney, AUS"
KT-2023-11-12,kenzaburo-oe,1,0,0,city,2023-11-12,2023-11-20,2023,11,november,8,Bangkok|Thailand,Bangkok,Thailand,TH,,,Asia,South-eastern Asia,,Economy,,0,0,0,1,0.0,8.47,0.4205,0.5795,7.32,10,9,Bangkok
KK-2022-07-10,kim-dong-ni,1,0,0,city,2022-07-10,2022-07-17,2022,7,july,7,Vancouver|Canada,Vancouver,Canada,CA,,,Americas,Northern America,,Economy,,0,0,0,1,0.0,6.85,0.7561,0.2439,8.35,13,6,"Vancouver, Canada"
SL4-2022-08-05,kim-myeong-sun,1,0,0,region,2022-08-05,2022-08-12,2022,8,august,7,Bali|Indonesia,Bali,Indonesia,ID,,,Asia,South-eastern Asia,,Economy,,0,0,0,1,2.89,0.0,0.3416,0.6584,7.14,12,12,"Bali, Indonesia"
CL-2022-07-02,kim-su-yong,0,0,0,country,2022-07-02,2022-07-11,2022,7,july,9,,,France,FR,,,Europe,Western Europe,,Economy,,0,0,0,0,,,,,,,,France
MID-2018-04-07,king-midas,1,0,1,city,2018-04-07,2018-04-14,2018,4,april,7,Cancun|Mexico,Cancun,Mexico,MX,CUN,CLT,Americas,Central America,American Airlines Inc.,Economy,beach_vacation,1,0,0,1,0.0,2.83,0.6899,0.3101,7.75,173,36,"Cancun, Mexico"
MID-2018-08-15,king-midas,1,0,1,city,2018-08-15,2018-08-19,2018,8,august,4,Philadelphia|United States,Philadelphia,United States,US,PHL,CLT,Americas,Northern America,American Airlines Inc.,Economy,beach_vacation,1,0,0,1,2.89,5.58,0.8287,0.1713,7.86,12,3,"Philadelphia, United States"
MID-2018-11-22,king-midas,1,0,1,city,2018-11-22,2018-11-30,2018,11,november,8,Madrid|Spain,Madrid,Spain,ES,MAD,CLT,Europe,Southern Europe,American Airlines Inc.,Economy,,0,0,0,1,6.71,8.22,0.7462,0.2538,7.4,51,18,"Madrid, Spain"
MID-2019-04-11,king-midas,1,0,1,city,2019-04-11,2019-04-15,2019,4,april,4,Newark|United States,Newark,United States,US,EWR,CLT,Americas,Northern America,American Airlines Inc.,Economy,,0,0,0,1,4.58,9.34,0.9263,0.0737,,18,5,"Newark, United States"
MID-2019-08-18,king-midas,1,0,1,city,2019-08-18,2019-08-25,2019,8,august,7,Punta Cana|Dominican Republic,Punta Cana,Dominican Republic,DO,PUJ,CLT,Americas,Caribbean,American Airlines Inc.,Economy,,0,0,0,0,,,,,,11,3,"Punta Cana, Dominican Republic"
MID-2019-11-04,king-midas,1,0,1,city,2019-11-04,2019-11-08,2019,11,november,4,Nashville|United States,Nashville,United States,US,BNA,CLT,Americas,Northern America,American Airlines Inc.,Economy,,0,0,0,1,0.0,4.96,0.7552,0.2448,7.05,14,3,"Nashville, United States"
MID-2020-04-07,king-midas,1,0,1,city,2020-04-07,2020-04-14,2020,4,april,7,Cancun|Mexico,Cancun,Mexico,MX,CUN,CLT,Americas,Central America,Frontier Airlines Inc.,Economy,beach_vacation,1,0,0,1,0.0,2.83,0.6899,0.3101,7.75,173,36,"Cancun, Mexico"
MID-2020-08-15,king-midas,1,0,1,city,2020-08-15,2020-08-19,2020,8,august,4,Philadelphia|United States,Philadelphia,United States,US,PHL,CLT,Americas,Northern America,Frontier Airlines Inc.,Economy,beach_vacation,1,0,0,1,2.89,5.58,0.8287,0.1713,7.86,12,3,"Philadelphia, United States"
MID-2020-11-22,king-midas,1,0,1,city,2020-11-22,2020-11-30,2020,11,november,8,Madrid|Spain,Madrid,Spain,ES,MAD,CLT,Europe,Southern Europe,American Airlines Inc.,Economy,,0,0,0,1,6.71,8.22,0.7462,0.2538,7.4,51,18,"Madrid, Spain"
MID-2021-04-11,king-midas,1,0,1,city,2021-04-11,2021-04-15,2021,4,april,4,Newark|United States,Newark,United States,US,EWR,CLT,Americas,Northern America,United Air Lines Inc.,Economy,,0,0,0,1,4.58,9.34,0.9263,0.0737,,18,5,"Newark, United States"
MID-2021-08-18,king-midas,1,0,1,city,2021-08-18,2021-08-25,2021,8,august,7,Punta Cana|Dominican Republic,Punta Cana,Dominican Republic,DO,PUJ,CLT,Americas,Caribbean,American Airlines Inc.,Economy,,0,0,0,0,,,,,,11,3,"Punta Cana, Dominican Republic"
MID-2021-11-04,king-midas,1,0,1,city,2021-11-04,2021-11-08,2021,11,november,4,Nashville|United States,Nashville,United States,US,BNA,CLT,Americas,Northern America,Southwest Airlines Co.,Economy,,0,0,0,1,0.0,4.96,0.7552,0.2448,7.05,14,3,"Nashville, United States"
MID-2022-04-07,king-midas,1,0,1,city,2022-04-07,2022-04-14,2022,4,april,7,Cancun|Mexico,Cancun,Mexico,MX,CUN,CLT,Americas,Central America,American Airlines Inc.,Economy,beach_vacation,1,0,0,1,0.0,2.83,0.6899,0.3101,7.75,173,36,"Cancun, Mexico"
MID-2022-08-15,king-midas,1,0,1,city,2022-08-15,2022-08-19,2022,8,august,4,Philadelphia|United States,Philadelphia,United States,US,PHL,CLT,Americas,Northern America,Piedmont Airlines,Economy,beach_vacation,1,0,0,1,2.89,5.58,0.8287,0.1713,7.86,12,3,"Philadelphia, United States"
MID-2022-11-22,king-midas,1,0,1,city,2022-11-22,2022-11-30,2022,11,november,8,Madrid|Spain,Madrid,Spain,ES,MAD,CLT,Europe,Southern Europe,American Airlines Inc.,Economy,,0,0,0,1,6.71,8.22,0.7462,0.2538,7.4,51,18,"Madrid, Spain"
MID-2023-04-11,king-midas,1,0,1,city,2023-04-11,2023-04-15,2023,4,april,4,Newark|United States,Newark,United States,US,EWR,CLT,Americas,Northern America,Spirit Air Lines,Economy,,0,0,0,1,4.58,9.34,0.9263,0.0737,,18,5,"Newark, United States"
MID-2023-08-18,king-midas,1,0,1,city,2023-08-18,2023-08-25,2023,8,august,7,Punta Cana|Dominican Republic,Punta Cana,Dominican Republic,DO,PUJ,CLT,Americas,Caribbean,American Airlines Inc.,Economy,,0,0,0,0,,,,,,11,3,"Punta Cana, Dominican Republic"
MID-2023-11-04,king-midas,1,0,1,city,2023-11-04,2023-11-08,2023,11,november,4,Nashville|United States,Nashville,United States,US,BNA,CLT,Americas,Northern America,PSA Airlines Inc.,Economy,,0,0,0,1,0.0,4.96,0.7552,0.2448,7.05,14,3,"Nashville, United States"
MID-2024-04-07,king-midas,1,0,1,city,2024-04-07,2024-04-14,2024,4,april,7,Cancun|Mexico,Cancun,Mexico,MX,CUN,CLT,Americas,Central America,Frontier Airlines Inc.,Economy,beach_vacation,1,0,0,1,0.0,2.83,0.6899,0.3101,7.75,173,36,"Cancun, Mexico"
MID-2024-08-15,king-midas,1,0,1,city,2024-08-15,2024-08-19,2024,8,august,4,Philadelphia|United States,Philadelphia,United States,US,PHL,CLT,Americas,Northern America,American Airlines Inc.,Economy,beach_vacation,1,0,0,1,2.89,5.58,0.8287,0.1713,7.86,12,3,"Philadelphia, United States"
MID-2024-11-22,king-midas,1,0,1,city,2024-11-22,2024-11-30,2024,11,november,8,Madrid|Spain,Madrid,Spain,ES,MAD,CLT,Europe,Southern Europe,American Airlines Inc.,Economy,,0,0,0,1,6.71,8.22,0.7462,0.2538,7.4,51,18,"Madrid, Spain"
MID-2025-04-11,king-midas,1,0,1,city,2025-04-11,2025-04-15,2025,4,april,4,Newark|United States,Newark,United States,US,EWR,CLT,Americas,Northern America,Republic Airline,Economy,,0,0,0,1,4.58,9.34,0.9263,0.0737,,18,5,"Newark, United States"
MID-2025-08-18,king-midas,1,0,1,city,2025-08-18,2025-08-25,2025,8,august,7,Punta Cana|Dominican Republic,Punta Cana,Dominican Republic,DO,PUJ,CLT,Americas,Caribbean,American Airlines Inc.,Economy,,0,0,0,0,,,,,,11,3,"Punta Cana, Dominican Republic"
MID-2025-11-04,king-midas,1,0,1,city,2025-11-04,2025-11-08,2025,11,november,4,Nashville|United States,Nashville,United States,US,BNA,CLT,Americas,Northern America,SkyWest Airlines Inc.,Economy,,0,0,0,1,0.0,4.96,0.7552,0.2448,7.05,14,3,"Nashville, United States"
HKR-2021-05-28,krebs,1,0,1,city,2021-05-28,2021-05-31,2021,5,may,3,Dallas-Fort Worth|United States,Dallas-Fort Worth,United States,US,DFW,OKC,Americas,Northern America,American Airlines Inc.,Economy,,0,0,0,0,,,,,,5,1,"Dallas-Fort Worth, United States"
HKR-2021-06-18,krebs,1,0,1,city,2021-06-18,2021-06-21,2021,6,june,3,Denver|United States,Denver,United States,US,DEN,OKC,Americas,Northern America,United Air Lines Inc.,Economy,,0,0,0,1,0.0,5.91,0.8445,0.1555,7.85,105,24,"Denver, United States"
HKR-2022-05-27,krebs,1,0,1,city,2022-05-27,2022-05-30,2022,5,may,3,Dallas-Fort Worth|United States,Dallas-Fort Worth,United States,US,DFW,OKC,Americas,Northern America,American Airlines Inc.,Economy,,0,0,0,0,,,,,,5,1,"Dallas-Fort Worth, United States"
HKR-2022-06-18,krebs,1,0,1,city,2022-06-18,2022-06-21,2022,6,june,3,Denver|United States,Denver,United States,US,DEN,OKC,Americas,Northern America,United Air Lines Inc.,Economy,,0,0,0,1,0.0,5.91,0.8445,0.1555,7.85,105,24,"Denver, United States"
HKR-2023-05-26,krebs,1,0,1,city,2023-05-26,2023-05-29,2023,5,may,3,Dallas-Fort Worth|United States,Dallas-Fort Worth,United States,US,DFW,OKC,Americas,Northern America,American Airlines Inc.,Economy,,0,0,0,0,,,,,,5,1,"Dallas-Fort Worth, United States"
HKR-2023-06-18,krebs,1,0,1,city,2023-06-18,2023-06-21,2023,6,june,3,Denver|United States,Denver,United States,US,DEN,OKC,Americas,Northern America,United Air Lines Inc.,Economy,,0,0,0,1,0.0,5.91,0.8445,0.1555,7.85,105,24,"Denver, United States"
HKR-2024-05-24,krebs,1,0,1,city,2024-05-24,2024-05-27,2024,5,may,3,Dallas-Fort Worth|United States,Dallas-Fort Worth,United States,US,DFW,OKC,Americas,Northern America,American Airlines Inc.,Economy,,0,0,0,0,,,,,,5,1,"Dallas-Fort Worth, United States"
HKR-2024-06-18,krebs,1,0,1,city,2024-06-18,2024-06-21,2024,6,june,3,Denver|United States,Denver,United States,US,DEN,OKC,Americas,Northern America,United Air Lines Inc.,Economy,,0,0,0,1,0.0,5.91,0.8445,0.1555,7.85,105,24,"Denver, United States"
HKR-2025-05-23,krebs,1,0,1,city,2025-05-23,2025-05-26,2025,5,may,3,Dallas-Fort Worth|United States,Dallas-Fort Worth,United States,US,DFW,OKC,Americas,Northern America,American Airlines Inc.,Economy,,0,0,0,0,,,,,,5,1,"Dallas-Fort Worth, United States"
HKR-2025-06-18,krebs,1,0,1,city,2025-06-18,2025-06-21,2025,6,june,3,Denver|United States,Denver,United States,US,DEN,OKC,Americas,Northern America,United Air Lines Inc.,Economy,,0,0,0,1,0.0,5.91,0.8445,0.1555,7.85,105,24,"Denver, United States"
JD2-2023-05-01,kurt-vonnegut,1,0,0,city,2023-05-01,2023-05-07,2023,5,may,6,Paris|France,Paris,France,FR,,,Europe,Western Europe,,Economy,,0,0,0,1,6.71,9.93,0.8396,0.1604,7.66,72,28,"Paris, France"
EW3-2023-08-15,l-m-montgomery,1,0,0,city,2023-08-15,2023-08-21,2023,8,august,6,Vancouver|Canada,Vancouver,Canada,CA,,,Americas,Northern America,,Economy,,0,0,0,1,0.0,6.85,0.7561,0.2439,7.91,13,6,"Vancouver, Canada"
MC2-2024-06-20,lao-she,1,0,0,city,2024-06-20,2024-06-27,2024,6,june,7,Los Angeles|United States,Los Angeles,United States,US,,,Americas,Northern America,,Economy,,0,0,0,1,2.89,8.2,0.9115,0.0885,8.5,44,11,"Los Angeles, USA"
DK2-2022-07-01,leonard-cohen,1,0,0,city,2022-07-01,2022-07-10,2022,7,july,9,Sydney|Australia,Sydney,Australia,AU,,,Oceania,Australia and New Zealand,,Economy,,0,0,0,1,4.58,0.0,0.6762,0.3238,7.23,40,14,Sydney
JC2-2023-08-20,lin-hai-yin,1,0,0,city,2023-08-20,2023-08-27,2023,8,august,7,Rome|Italy,Rome,Italy,IT,,,Europe,Southern Europe,,Economy,,0,0,0,1,8.67,7.27,0.7587,0.2413,7.91,49,25,Rome
SKLC-2024-03-02,liz-coates,1,0,1,city,2024-03-02,2024-03-09,2024,3,march,7,Aspen|United States,Aspen,United States,US,ASE,ORD,Americas,Northern America,United Air Lines Inc.,Economy,ski_trip,0,1,0,0,,,,,,3,2,"Aspen, United States"
SKLC-2025-03-01,liz-coates,1,0,1,city,2025-03-01,2025-03-08,2025,3,march,7,Montrose CO|United States,Montrose CO,United States,US,MTJ,ORD,Americas,Northern America,United Air Lines Inc.,Economy,ski_trip,0,1,0,0,,,,,,1,1,"Montrose CO, United States"
SKLC-2026-02-28,liz-coates,1,0,1,city,2026-02-28,2026-03-07,2026,2,february,7,Aspen|United States,Aspen,United States,US,ASE,ORD,Americas,Northern America,United Air Lines Inc.,Economy,ski_trip,0,1,0,0,,,,,,3,2,"Aspen, United States"
LR-2020-02-08,lord-rymel,1,0,1,city,2020-02-08,2020-02-08,2020,2,february,0,Honolulu|United States,Honolulu,United States,US,HNL,SMF,Americas,Northern America,Hawaiian Airlines Inc.,Economy,beach_vacation,1,0,0,1,0.0,0.0,0.7157,0.2843,,16,5,"Honolulu, United States"
LR-2020-02-15,lord-rymel,1,0,1,city,2020-02-15,2020-02-15,2020,2,february,0,Sacramento|United States,Sacramento,United States,US,SMF,HNL,Americas,Northern America,Hawaiian Airlines Inc.,Economy,,0,0,0,1,0.0,4.06,0.7118,0.2882,7.14,7,1,"Sacramento, United States"
LR-2023-10-11,lord-rymel,1,0,1,city,2023-10-11,2023-10-11,2023,10,october,0,Houston|United States,Houston,United States,US,IAH,SMF,Americas,Northern America,United Air Lines Inc.,Economy,beach_vacation,1,0,0,1,0.0,6.02,0.8677,0.1323,7.81,55,7,"Houston, United States"
LR-2023-10-18,lord-rymel,1,0,1,city,2023-10-18,2023-10-18,2023,10,october,0,Sacramento|United States,Sacramento,United States,US,SMF,IAH,Americas,Northern America,United Air Lines Inc.,Economy,,0,0,0,1,0.0,4.06,0.7118,0.2882,7.66,7,1,"Sacramento, United States"
LR-2023-12-01,lord-rymel,1,0,1,city,2023-12-01,2023-12-01,2023,12,december,0,Houston|United States,Houston,United States,US,IAH,SMF,Americas,Northern America,United Air Lines Inc.,Economy,,0,0,0,1,0.0,6.02,0.8677,0.1323,7.16,55,7,"Houston, United States"
LR-2023-12-11,lord-rymel,1,0,1,city,2023-12-11,2023-12-11,2023,12,december,0,Sacramento|United States,Sacramento,United States,US,SMF,IAH,Americas,Northern America,United Air Lines Inc.,Economy,,0,0,0,1,0.0,4.06,0.7118,0.2882,6.92,7,1,"Sacramento, United States"
LR-2024-05-06,lord-rymel,1,0,1,city,2024-05-06,2024-05-06,2024,5,may,0,Houston|United States,Houston,United States,US,IAH,SMF,Americas,Northern America,United Air Lines Inc.,Economy,beach_vacation,1,0,0,1,0.0,6.02,0.8677,0.1323,7.08,55,7,"Houston, United States"
LR-2024-05-15,lord-rymel,1,0,1,city,2024-05-15,2024-05-15,2024,5,may,0,Sacramento|United States,Sacramento,United States,US,SMF,IAH,Americas,Northern America,United Air Lines Inc.,Economy,,0,0,0,1,0.0,4.06,0.7118,0.2882,8.4,7,1,"Sacramento, United States"
LR-2025-01-17,lord-rymel,1,0,1,city,2025-01-17,2025-01-17,2025,1,january,0,Sacramento|United States,Sacramento,United States,US,SMF,IAH,Americas,Northern America,United Air Lines Inc.,Economy,,0,0,0,1,0.0,4.06,0.7118,0.2882,7.92,7,1,"Sacramento, United States"
LR-2025-01-22,lord-rymel,1,0,1,city,2025-01-22,2025-01-22,2025,1,january,0,Houston|United States,Houston,United States,US,IAH,SMF,Americas,Northern America,United Air Lines Inc.,Economy,,0,0,0,1,0.0,6.02,0.8677,0.1323,6.83,55,7,"Houston, United States"
LR-2025-12-20,lord-rymel,1,0,1,city,2025-12-20,2025-12-20,2025,12,december,0,Sacramento|United States,Sacramento,United States,US,SMF,IAH,Americas,Northern America,United Air Lines Inc.,Economy,,0,0,0,1,0.0,4.06,0.7118,0.2882,6.92,7,1,"Sacramento, United States"
LR-2025-12-28,lord-rymel,1,0,1,city,2025-12-28,2025-12-28,2025,12,december,0,Houston|United States,Houston,United States,US,IAH,SMF,Americas,Northern America,United Air Lines Inc.,Economy,,0,0,0,1,0.0,6.02,0.8677,0.1323,7.16,55,7,"Houston, United States"
LR-2026-05-06,lord-rymel,1,0,1,city,2026-05-06,2026-05-06,2026,5,may,0,Sacramento|United States,Sacramento,United States,US,SMF,IAH,Americas,Northern America,United Air Lines Inc.,Economy,,0,0,0,1,0.0,4.06,0.7118,0.2882,8.4,7,1,"Sacramento, United States"
LR-2026-05-12,lord-rymel,1,0,1,city,2026-05-12,2026-05-12,2026,5,may,0,Houston|United States,Houston,United States,US,IAH,SMF,Americas,Northern America,United Air Lines Inc.,Economy,beach_vacation,1,0,0,1,0.0,6.02,0.8677,0.1323,7.08,55,7,"Houston, United States"
LR-2026-08-08-1,lord-rymel,1,0,1,city,2026-08-08,2026-08-08,2026,8,august,0,New York|United States,New York,United States,US,JFK,DCA,Americas,Northern America,Delta Air Lines Inc.,Economy,beach_vacation,1,0,0,1,4.58,9.36,0.95,0.05,7.8,69,13,"New York, United States"
LR-2026-08-08-2,lord-rymel,1,0,1,city,2026-08-08,2026-08-08,2026,8,august,0,Keflavik|Iceland,Keflavik,Iceland,IS,KEF,JFK,Europe,Northern Europe,Delta Air Lines Inc.,Economy,,0,0,0,0,,,,,,11,3,"Keflavik, Iceland"
LR-2026-08-15-1,lord-rymel,1,0,1,city,2026-08-15,2026-08-15,2026,8,august,0,New York|United States,New York,United States,US,JFK,KEF,Americas,Northern America,Delta Air Lines Inc.,Economy,beach_vacation,1,0,0,1,4.58,9.36,0.95,0.05,7.8,69,13,"New York, United States"
LR-2026-08-15-2,lord-rymel,1,0,1,city,2026-08-15,2026-08-15,2026,8,august,0,Washington|United States,Washington,United States,US,DCA,JFK,Americas,Northern America,Delta Air Lines Inc.,Economy,beach_vacation,1,0,0,1,0.0,7.41,0.8856,0.1144,7.72,22,7,"Washington, United States"
LP-2016-02-14,louis-pasteur,1,0,1,city,2016-02-14,2016-02-21,2016,2,february,7,West Palm Beach|United States,West Palm Beach,United States,US,PBI,PHL,Americas,Northern America,American Airlines Inc.,Economy,,0,0,0,0,,,,,,20,1,"West Palm Beach, United States"
LP-2016-12-23,louis-pasteur,1,0,1,city,2016-12-23,2017-01-01,2016,12,december,9,West Palm Beach|United States,West Palm Beach,United States,US,PBI,PHL,Americas,Northern America,American Airlines Inc.,Economy,holiday_trip,0,0,1,0,,,,,,20,1,"West Palm Beach, United States"
LP-2017-02-14,louis-pasteur,1,0,1,city,2017-02-14,2017-02-21,2017,2,february,7,West Palm Beach|United States,West Palm Beach,United States,US,PBI,PHL,Americas,Northern America,American Airlines Inc.,Economy,,0,0,0,0,,,,,,20,1,"West Palm Beach, United States"
LP-2017-12-23,louis-pasteur,1,0,1,city,2017-12-23,2018-01-01,2017,12,december,9,West Palm Beach|United States,West Palm Beach,United States,US,PBI,PHL,Americas,Northern America,American Airlines Inc.,Economy,holiday_trip,0,0,1,0,,,,,,20,1,"West Palm Beach, United States"
LP-2018-02-14,louis-pasteur,1,0,1,city,2018-02-14,2018-02-21,2018,2,february,7,West Palm Beach|United States,West Palm Beach,United States,US,PBI,PHL,Americas,Northern America,American Airlines Inc.,Economy,,0,0,0,0,,,,,,20,1,"West Palm Beach, United States"
LP-2018-12-23,louis-pasteur,1,0,1,city,2018-12-23,2019-01-01,2018,12,december,9,West Palm Beach|United States,West Palm Beach,United States,US,PBI,PHL,Americas,Northern America,American Airlines Inc.,Economy,holiday_trip,0,0,1,0,,,,,,20,1,"West Palm Beach, United States"
LP-2019-02-14,louis-pasteur,1,0,1,city,2019-02-14,2019-02-21,2019,2,february,7,West Palm Beach|United States,West Palm Beach,United States,US,PBI,PHL,Americas,Northern America,American Airlines Inc.,Economy,,0,0,0,0,,,,,,20,1,"West Palm Beach, United States"
LP-2019-12-23,louis-pasteur,1,0,1,city,2019-12-23,2020-01-01,2019,12,december,9,West Palm Beach|United States,West Palm Beach,United States,US,PBI,PHL,Americas,Northern America,American Airlines Inc.,Economy,holiday_trip,0,0,1,0,,,,,,20,1,"West Palm Beach, United States"
LP-2020-02-14,louis-pasteur,1,0,1,city,2020-02-14,2020-02-21,2020,2,february,7,West Palm Beach|United States,West Palm Beach,United States,US,PBI,PHL,Americas,Northern America,American Airlines Inc.,Economy,,0,0,0,0,,,,,,20,1,"West Palm Beach, United States"
LP-2020-12-23,louis-pasteur,1,0,1,city,2020-12-23,2021-01-01,2020,12,december,9,West Palm Beach|United States,West Palm Beach,United States,US,PBI,PHL,Americas,Northern America,American Airlines Inc.,Economy,holiday_trip,0,0,1,0,,,,,,20,1,"West Palm Beach, United States"
LP-2021-02-14,louis-pasteur,1,0,1,city,2021-02-14,2021-02-21,2021,2,february,7,West Palm Beach|United States,West Palm Beach,United States,US,PBI,PHL,Americas,Northern America,American Airlines Inc.,Economy,,0,0,0,0,,,,,,20,1,"West Palm Beach, United States"
LP-2021-12-23,louis-pasteur,1,0,1,city,2021-12-23,2022-01-01,2021,12,december,9,West Palm Beach|United States,West Palm Beach,United States,US,PBI,PHL,Americas,Northern America,American Airlines Inc.,Economy,holiday_trip,0,0,1,0,,,,,,20,1,"West Palm Beach, United States"
LP-2022-02-14,louis-pasteur,1,0,1,city,2022-02-14,2022-02-21,2022,2,february,7,West Palm Beach|United States,West Palm Beach,United States,US,PBI,PHL,Americas,Northern America,American Airlines Inc.,Economy,,0,0,0,0,,,,,,20,1,"West Palm Beach, United States"
LP-2022-12-23,louis-pasteur,1,0,1,city,2022-12-23,2023-01-01,2022,12,december,9,West Palm Beach|United States,West Palm Beach,United States,US,PBI,PHL,Americas,Northern America,American Airlines Inc.,Economy,holiday_trip,0,0,1,0,,,,,,20,1,"West Palm Beach, United States"
LP-2023-02-14,louis-pasteur,1,0,1,city,2023-02-14,2023-02-21,2023,2,february,7,West Palm Beach|United States,West Palm Beach,United States,US,PBI,PHL,Americas,Northern America,American Airlines Inc.,Economy,,0,0,0,0,,,,,,20,1,"West Palm Beach, United States"
LP-2023-12-23,louis-pasteur,1,0,1,city,2023-12-23,2024-01-01,2023,12,december,9,West Palm Beach|United States,West Palm Beach,United States,US,PBI,PHL,Americas,Northern America,American Airlines Inc.,Economy,holiday_trip,0,0,1,0,,,,,,20,1,"West Palm Beach, United States"
LP-2024-02-14,louis-pasteur,1,0,1,city,2024-02-14,2024-02-21,2024,2,february,7,West Palm Beach|United States,West Palm Beach,United States,US,PBI,PHL,Americas,Northern America,American Airlines Inc.,Economy,,0,0,0,0,,,,,,20,1,"West Palm Beach, United States"
LP-2024-12-23,louis-pasteur,1,0,1,city,2024-12-23,2025-01-01,2024,12,december,9,West Palm Beach|United States,West Palm Beach,United States,US,PBI,PHL,Americas,Northern America,American Airlines Inc.,Economy,holiday_trip,0,0,1,0,,,,,,20,1,"West Palm Beach, United States"
LP-2025-02-14,louis-pasteur,1,0,1,city,2025-02-14,2025-02-21,2025,2,february,7,West Palm Beach|United States,West Palm Beach,United States,US,PBI,PHL,Americas,Northern America,American Airlines Inc.,Economy,,0,0,0,0,,,,,,20,1,"West Palm Beach, United States"
LP-2025-12-23,louis-pasteur,1,0,1,city,2025-12-23,2026-01-01,2025,12,december,9,West Palm Beach|United States,West Palm Beach,United States,US,PBI,PHL,Americas,Northern America,American Airlines Inc.,Economy,holiday_trip,0,0,1,0,,,,,,20,1,"West Palm Beach, United States"
MC1-2023-08-15,lu-xun,1,0,0,region,2023-08-15,2023-08-25,2023,8,august,10,Bali|Indonesia,Bali,Indonesia,ID,,,Asia,South-eastern Asia,,Economy,,0,0,0,1,2.89,0.0,0.3416,0.6584,7.14,12,12,Bali
CFM-2023-03-13,lucile-mckelvey,1,0,1,city,2023-03-13,2023-03-16,2023,3,march,3,Chicago|United States,Chicago,United States,US,ORD,CLT,Americas,Northern America,American Airlines Inc.,Economy,,0,0,0,1,2.89,7.33,0.9501,0.0499,7.08,57,21,"Chicago, United States"
CFM-2023-04-10,lucile-mckelvey,1,0,1,city,2023-04-10,2023-04-13,2023,4,april,3,Atlanta|United States,Atlanta,United States,US,ATL,CLT,Americas,Northern America,American Airlines Inc.,Economy,,0,0,0,1,0.0,6.55,0.9297,0.0703,7.48,42,15,"Atlanta, United States"
CFM-2023-05-01,lucile-mckelvey,1,0,1,city,2023-05-01,2023-05-04,2023,5,may,3,Denver|United States,Denver,United States,US,DEN,CLT,Americas,Northern America,American Airlines Inc.,Economy,ski_trip,0,1,0,1,0.0,5.91,0.8445,0.1555,7.45,105,24,"Denver, United States"
CFM-2023-06-12,lucile-mckelvey,1,0,1,city,2023-06-12,2023-06-15,2023,6,june,3,Boston|United States,Boston,United States,US,BOS,CLT,Americas,Northern America,American Airlines Inc.,Economy,beach_vacation,1,0,0,1,0.0,5.21,0.8383,0.1617,7.54,53,12,"Boston, United States"
CFM-2023-07-10,lucile-mckelvey,1,0,1,city,2023-07-10,2023-07-14,2023,7,july,4,Las Vegas|United States,Las Vegas,United States,US,LAS,CLT,Americas,Northern America,American Airlines Inc.,Economy,,0,0,0,1,0.0,0.0,0.8469,0.1531,7.09,39,15,"Las Vegas, United States"
CFM-2023-08-07,lucile-mckelvey,1,0,1,city,2023-08-07,2023-08-10,2023,8,august,3,Orlando|United States,Orlando,United States,US,MCO,CLT,Americas,Northern America,American Airlines Inc.,Economy,beach_vacation,1,0,0,1,0.0,6.53,0.8513,0.1487,6.84,158,26,"Orlando, United States"
LM-2023-09-15,luis-miguel,1,0,1,city,2023-09-15,2023-09-19,2023,9,september,4,Las Vegas|United States,Las Vegas,United States,US,LAS,MEX,Americas,Northern America,Aeromexico,Economy,,0,0,0,1,0.0,0.0,0.8469,0.1531,8.21,39,15,"Las Vegas, United States"
LM-2023-09-20,luis-miguel,1,0,1,city,2023-09-20,2023-09-20,2023,9,september,0,Anaheim|United States,Anaheim,United States,US,SNA,LAS,Americas,Northern America,Delta Air Lines Inc.,Economy,beach_vacation,1,0,0,1,2.89,7.61,0.8917,0.1083,,1,1,"Anaheim, United States"
LM-2023-09-21,luis-miguel,1,0,1,city,2023-09-21,2023-09-22,2023,9,september,1,San Diego|United States,San Diego,United States,US,,,Americas,Northern America,,Economy,,0,0,0,1,0.0,6.12,0.7991,0.2009,7.93,55,7,"San Diego, United States"
LM-2023-09-23,luis-miguel,1,0,1,city,2023-09-23,2023-09-23,2023,9,september,0,Phoenix|United States,Phoenix,United States,US,PHX,SAN,Americas,Northern America,American Airlines Inc.,Economy,,0,0,0,1,2.89,0.0,0.8296,0.1704,6.66,48,12,"Phoenix, United States"
LM-2023-09-24,luis-miguel,1,0,1,city,2023-09-24,2023-09-26,2023,9,september,2,Los Angeles|United States,Los Angeles,United States,US,LAX,PHX,Americas,Northern America,Alaska Airlines Inc.,Economy,beach_vacation,1,0,0,1,2.89,8.2,0.9115,0.0885,8.24,44,11,"Los Angeles, United States"
LM-2023-09-27,luis-miguel,1,0,1,city,2023-09-27,2023-09-29,2023,9,september,2,Los Angeles|United States,Los Angeles,United States,US,,,Americas,Northern America,,Economy,,0,0,0,1,2.89,8.2,0.9115,0.0885,8.24,44,11,"Los Angeles, United States"
LM-2023-09-30,luis-miguel,1,0,1,city,2023-09-30,2023-10-03,2023,9,september,3,Palm Springs|United States,Palm Springs,United States,US,,,Americas,Northern America,,Economy,,0,0,0,0,,,,,,20,3,"Palm Springs, United States"
LM-2023-10-04,luis-miguel,1,0,1,city,2023-10-04,2023-10-05,2023,10,october,1,Chicago|United States,Chicago,United States,US,ORD,PSP,Americas,Northern America,United Air Lines Inc.,Economy,,0,0,0,1,2.89,7.33,0.9501,0.0499,7.49,57,21,"Chicago, United States"
LM-2023-10-06,luis-miguel,1,0,1,city,2023-10-06,2023-10-07,2023,10,october,1,Indianapolis|United States,Indianapolis,United States,US,IND,ORD,Americas,Northern America,American Airlines Inc.,Economy,,0,0,0,1,0.0,0.0,0.7287,0.2713,7.55,1,1,"Indianapolis, United States"
LM-2023-10-08,luis-miguel,1,0,1,city,2023-10-08,2023-10-10,2023,10,october,2,New York|United States,New York,United States,US,LGA,IND,Americas,Northern America,Delta Air Lines Inc.,Economy,,0,0,0,1,4.58,9.36,0.95,0.05,7.38,69,13,"New York, United States"
LM-2023-10-11,luis-miguel,1,0,1,city,2023-10-11,2023-10-17,2023,10,october,6,Miami|United States,Miami,United States,US,MIA,LGA,Americas,Northern America,American Airlines Inc.,Economy,beach_vacation,1,0,0,1,0.0,6.68,0.9,0.1,6.79,57,13,"Miami, United States"
LM-2023-10-18,luis-miguel,1,0,1,city,2023-10-18,2023-10-19,2023,10,october,1,Boston|United States,Boston,United States,US,BOS,MIA,Americas,Northern America,American Airlines Inc.,Economy,,0,0,0,1,0.0,5.21,0.8383,0.1617,7.25,53,12,"Boston, United States"
LM-2023-10-20,luis-miguel,1,0,1,city,2023-10-20,2023-10-20,2023,10,october,0,"Washington, D.C.|United States","Washington, D.C.",United States,US,DCA,BOS,Americas,Northern America,JetBlue Airways,Economy,,0,0,0,1,0.0,7.41,0.8856,0.1144,7.33,3,3,"Washington, D.C., United States"
LM-2023-10-21,luis-miguel,1,0,1,city,2023-10-21,2023-10-21,2023,10,october,0,Newark|United States,Newark,United States,US,EWR,DCA,Americas,Northern America,United Air Lines Inc.,Economy,,0,0,0,1,4.58,9.34,0.9263,0.0737,,18,5,"Newark, United States"
LM-2023-10-22,luis-miguel,1,0,1,city,2023-10-22,2023-10-25,2023,10,october,3,New York|United States,New York,United States,US,,,Americas,Northern America,,Economy,,0,0,0,1,4.58,9.36,0.95,0.05,7.38,69,13,"New York, United States"
LM-2023-10-26,luis-miguel,1,0,1,city,2023-10-26,2023-10-27,2023,10,october,1,Oklahoma City|United States,Oklahoma City,United States,US,OKC,JFK,Americas,Northern America,Airline Unknown,Economy,,0,0,0,1,0.0,0.0,0.6827,0.3173,7.41,1,1,"Oklahoma City, United States"
LM-2023-10-28,luis-miguel,1,0,1,city,2023-10-28,2023-10-28,2023,10,october,0,McAllen|United States,McAllen,United States,US,MFE,OKC,Americas,Northern America,Airline Unknown,Economy,,0,0,0,1,0.0,0.0,0.5853,0.4147,7.83,1,1,"McAllen, United States"
LM-2023-10-29,luis-miguel,1,0,1,city,2023-10-29,2023-11-01,2023,10,october,3,Dallas|United States,Dallas,United States,US,DFW,MFE,Americas,Northern America,American Airlines Inc.,Economy,,0,0,0,1,0.0,5.27,0.9038,0.0962,7.75,17,5,"Dallas, United States"
LM-2023-11-02,luis-miguel,1,0,1,city,2023-11-02,2023-11-03,2023,11,november,1,Houston|United States,Houston,United States,US,IAH,DFW,Americas,Northern America,United Air Lines Inc.,Economy,beach_vacation,1,0,0,1,0.0,6.02,0.8677,0.1323,7.55,55,7,"Houston, United States"
LM-2023-11-04,luis-miguel,1,0,1,city,2023-11-04,2023-11-04,2023,11,november,0,San Antonio|United States,San Antonio,United States,US,SAT,IAH,Americas,Northern America,United Air Lines Inc.,Economy,,0,0,0,1,2.89,4.39,0.7068,0.2932,7.43,23,5,"San Antonio, United States"
LM-2023-11-05,luis-miguel,1,0,1,city,2023-11-05,2023-11-05,2023,11,november,0,Austin|United States,Austin,United States,US,,,Americas,Northern America,,Economy,,0,0,0,1,0.0,6.12,0.7542,0.2458,7.51,7,3,"Austin, United States"
FA2-2024-01-15,machado-de-assis,1,0,0,city,2024-01-15,2024-01-24,2024,1,january,9,Rio de Janeiro|Brazil,Rio de Janeiro,Brazil,BR,,,Americas,South America,,Economy,,0,0,0,1,5.78,6.02,0.5458,0.4542,7.48,7,6,"Rio de Janeiro, Brazil"
LP-2024-09-08,mahasweta-devi,1,0,0,city,2024-09-08,2024-09-16,2024,9,september,8,Bangkok|Thailand,Bangkok,Thailand,TH,,,Asia,South-eastern Asia,,Economy,,0,0,0,1,0.0,8.47,0.4205,0.5795,6.25,10,9,Bangkok
HMG-2021-05-28,manuel-garcia,1,0,1,city,2021-05-28,2021-05-31,2021,5,may,3,Las Vegas|United States,Las Vegas,United States,US,LAS,LAX,Americas,Northern America,American Airlines Inc.,Economy,,0,0,0,1,0.0,0.0,0.8469,0.1531,8.06,39,15,"Las Vegas, United States"
HMG-2021-07-02,manuel-garcia,1,0,1,city,2021-07-02,2021-07-06,2021,7,july,4,San Diego|United States,San Diego,United States,US,SAN,LAX,Americas,Northern America,American Airlines Inc.,Economy,beach_vacation,1,0,0,1,0.0,6.12,0.7991,0.2009,8.44,55,7,"San Diego, United States"
HMG-2022-05-27,manuel-garcia,1,0,1,city,2022-05-27,2022-05-30,2022,5,may,3,Las Vegas|United States,Las Vegas,United States,US,LAS,LAX,Americas,Northern America,American Airlines Inc.,Economy,,0,0,0,1,0.0,0.0,0.8469,0.1531,8.06,39,15,"Las Vegas, United States"
HMG-2022-07-02,manuel-garcia,1,0,1,city,2022-07-02,2022-07-06,2022,7,july,4,San Diego|United States,San Diego,United States,US,SAN,LAX,Americas,Northern America,American Airlines Inc.,Economy,beach_vacation,1,0,0,1,0.0,6.12,0.7991,0.2009,8.44,55,7,"San Diego, United States"
HMG-2023-05-26,manuel-garcia,1,0,1,city,2023-05-26,2023-05-29,2023,5,may,3,Las Vegas|United States,Las Vegas,United States,US,LAS,LAX,Americas,Northern America,American Airlines Inc.,Economy,,0,0,0,1,0.0,0.0,0.8469,0.1531,8.06,39,15,"Las Vegas, United States"
HMG-2023-07-02,manuel-garcia,1,0,1,city,2023-07-02,2023-07-06,2023,7,july,4,San Diego|United States,San Diego,United States,US,SAN,LAX,Americas,Northern America,American Airlines Inc.,Economy,beach_vacation,1,0,0,1,0.0,6.12,0.7991,0.2009,8.44,55,7,"San Diego, United States"
HMG-2024-05-24,manuel-garcia,1,0,1,city,2024-05-24,2024-05-27,2024,5,may,3,Las Vegas|United States,Las Vegas,United States,US,LAS,LAX,Americas,Northern America,American Airlines Inc.,Economy,,0,0,0,1,0.0,0.0,0.8469,0.1531,8.06,39,15,"Las Vegas, United States"
HMG-2024-07-02,manuel-garcia,1,0,1,city,2024-07-02,2024-07-06,2024,7,july,4,San Diego|United States,San Diego,United States,US,SAN,LAX,Americas,Northern America,American Airlines Inc.,Economy,beach_vacation,1,0,0,1,0.0,6.12,0.7991,0.2009,8.44,55,7,"San Diego, United States"
HMG-2025-05-23,manuel-garcia,1,0,1,city,2025-05-23,2025-05-26,2025,5,may,3,Las Vegas|United States,Las Vegas,United States,US,LAS,LAX,Americas,Northern America,American Airlines Inc.,Economy,,0,0,0,1,0.0,0.0,0.8469,0.1531,8.06,39,15,"Las Vegas, United States"
HMG-2025-07-02,manuel-garcia,1,0,1,city,2025-07-02,2025-07-06,2025,7,july,4,San Diego|United States,San Diego,United States,US,SAN,LAX,Americas,Northern America,American Airlines Inc.,Economy,beach_vacation,1,0,0,1,0.0,6.12,0.7991,0.2009,8.44,55,7,"San Diego, United States"
MO-2021-10-08,manuel-orquito,1,0,1,city,2021-10-08,2021-10-12,2021,10,october,4,Toronto|Canada,Toronto,Canada,CA,YYZ,LAX,Americas,Northern America,Air Canada,Economy,holiday_trip,0,0,1,1,0.0,7.17,0.8369,0.1631,7.34,56,10,"Toronto, Canada"
MO-2022-10-07,manuel-orquito,1,0,1,city,2022-10-07,2022-10-11,2022,10,october,4,Toronto|Canada,Toronto,Canada,CA,YYZ,LAX,Americas,Northern America,Air Canada,Economy,holiday_trip,0,0,1,1,0.0,7.17,0.8369,0.1631,7.34,56,10,"Toronto, Canada"
MO-2023-10-06,manuel-orquito,1,0,1,city,2023-10-06,2023-10-10,2023,10,october,4,Toronto|Canada,Toronto,Canada,CA,YYZ,LAX,Americas,Northern America,Air Canada,Economy,holiday_trip,0,0,1,1,0.0,7.17,0.8369,0.1631,7.34,56,10,"Toronto, Canada"
MO-2024-10-11,manuel-orquito,1,0,1,city,2024-10-11,2024-10-15,2024,10,october,4,Toronto|Canada,Toronto,Canada,CA,YYZ,LAX,Americas,Northern America,Air Canada,Economy,holiday_trip,0,0,1,1,0.0,7.17,0.8369,0.1631,7.34,56,10,"Toronto, Canada"
MO-2025-10-10,manuel-orquito,1,0,1,city,2025-10-10,2025-10-14,2025,10,october,4,Toronto|Canada,Toronto,Canada,CA,YYZ,LAX,Americas,Northern America,Air Canada,Economy,holiday_trip,0,0,1,1,0.0,7.17,0.8369,0.1631,7.34,56,10,"Toronto, Canada"
JD1-2023-06-15,margaret-laurence,1,0,0,region,2023-06-15,2023-06-20,2023,6,june,5,Phuket|Thailand,Phuket,Thailand,TH,,,Asia,South-eastern Asia,,Economy,,0,0,0,1,0.0,6.63,0.3376,0.6624,,3,3,"Phuket, Thailand"
SR1-2023-09-15,maria-zambrano,1,0,0,city,2023-09-15,2023-09-22,2023,9,september,7,Barcelona|Spain,Barcelona,Spain,ES,,,Europe,Southern Europe,,Economy,,0,0,0,1,5.78,7.69,0.7358,0.2642,7.52,38,20,"Barcelona, Spain"
MZ-2024-07-16,maria-zardoya,1,0,1,city,2024-07-16,2024-07-18,2024,7,july,2,Oakland|United States,Oakland,United States,US,OAK,LAX,Americas,Northern America,Alaska Airlines Inc.,Economy,,0,0,0,1,0.0,8.15,0.8436,0.1564,8.15,1,1,"Oakland, United States"
MZ-2024-07-19,maria-zardoya,1,0,1,city,2024-07-19,2024-07-19,2024,7,july,0,Las Vegas|United States,Las Vegas,United States,US,LAS,OAK,Americas,Northern America,Spirit Air Lines,Economy,,0,0,0,1,0.0,0.0,0.8469,0.1531,7.09,39,15,"Las Vegas, United States"
MZ-2024-07-20,maria-zardoya,1,0,1,city,2024-07-20,2024-07-21,2024,7,july,1,Phoenix|United States,Phoenix,United States,US,PHX,LAS,Americas,Northern America,American Airlines Inc.,Economy,,0,0,0,1,2.89,0.0,0.8296,0.1704,6.94,48,12,"Phoenix, United States"
MZ-2024-07-22,maria-zardoya,1,0,1,city,2024-07-22,2024-07-23,2024,7,july,1,Dallas|United States,Dallas,United States,US,DFW,PHX,Americas,Northern America,American Airlines Inc.,Economy,,0,0,0,1,0.0,5.27,0.9038,0.0962,7.61,17,5,"Dallas, United States"
MZ-2024-07-24,maria-zardoya,1,0,1,city,2024-07-24,2024-07-25,2024,7,july,1,Houston|United States,Houston,United States,US,IAH,DFW,Americas,Northern America,United Air Lines Inc.,Economy,beach_vacation,1,0,0,1,0.0,6.02,0.8677,0.1323,7.33,55,7,"Houston, United States"
MZ-2024-07-26,maria-zardoya,1,0,1,city,2024-07-26,2024-07-26,2024,7,july,0,Orlando|United States,Orlando,United States,US,MCO,IAH,Americas,Northern America,Spirit Air Lines,Economy,beach_vacation,1,0,0,1,0.0,6.53,0.8513,0.1487,7.03,158,26,"Orlando, United States"
MZ-2024-07-27,maria-zardoya,1,0,1,city,2024-07-27,2024-07-29,2024,7,july,2,Miami|United States,Miami,United States,US,MIA,MCO,Americas,Northern America,Delta Air Lines Inc.,Economy,beach_vacation,1,0,0,1,0.0,6.68,0.9,0.1,7.19,57,13,"Miami, United States"
MZ-2024-07-30,maria-zardoya,1,0,1,city,2024-07-30,2024-08-01,2024,7,july,2,Atlanta|United States,Atlanta,United States,US,ATL,MIA,Americas,Northern America,Alaska Airlines Inc.,Economy,,0,0,0,1,0.0,6.55,0.9297,0.0703,7.4,42,15,"Atlanta, United States"
MZ-2024-08-02,maria-zardoya,1,0,1,city,2024-08-02,2024-08-02,2024,8,august,0,"Washington, D.C.|United States","Washington, D.C.",United States,US,DCA,ATL,Americas,Northern America,Southwest Airlines Co.,Economy,beach_vacation,1,0,0,1,0.0,7.41,0.8856,0.1144,7.72,3,3,"Washington, D.C., United States"
MZ-2024-08-03,maria-zardoya,1,0,1,city,2024-08-03,2024-08-05,2024,8,august,2,Philadelphia|United States,Philadelphia,United States,US,,,Americas,Northern America,,Economy,,0,0,0,1,2.89,5.58,0.8287,0.1713,7.86,12,3,"Philadelphia, United States"
MZ-2024-08-06,maria-zardoya,1,0,1,city,2024-08-06,2024-08-07,2024,8,august,1,Toronto|Canada,Toronto,Canada,CA,YYZ,PHL,Americas,Northern America,Air Canada,Economy,,0,0,0,1,0.0,7.17,0.8369,0.1631,7.83,56,10,"Toronto, Canada"
MZ-2024-08-08,maria-zardoya,1,0,1,city,2024-08-08,2024-08-10,2024,8,august,2,New York|United States,New York,United States,US,LGA,YYZ,Americas,Northern America,Air Canada,Economy,beach_vacation,1,0,0,1,4.58,9.36,0.95,0.05,7.8,69,13,"New York, United States"
MZ-2024-08-11,maria-zardoya,1,0,1,city,2024-08-11,2024-08-12,2024,8,august,1,Boston|United States,Boston,United States,US,BOS,LGA,Americas,Northern America,Delta Air Lines Inc.,Economy,beach_vacation,1,0,0,1,0.0,5.21,0.8383,0.1617,7.91,53,12,"Boston, United States"
MZ-2024-08-13,maria-zardoya,1,0,1,city,2024-08-13,2024-08-14,2024,8,august,1,Chicago|United States,Chicago,United States,US,ORD,BOS,Americas,Northern America,JetBlue Airways,Economy,,0,0,0,1,2.89,7.33,0.9501,0.0499,8.0,57,21,"Chicago, United States"
MZ-2024-08-15,maria-zardoya,1,0,1,city,2024-08-15,2024-08-15,2024,8,august,0,Denver|United States,Denver,United States,US,DEN,ORD,Americas,Northern America,Frontier Airlines Inc.,Economy,,0,0,0,1,0.0,5.91,0.8445,0.1555,7.58,105,24,"Denver, United States"
MZ-2024-08-16,maria-zardoya,1,0,1,city,2024-08-16,2024-08-17,2024,8,august,1,Salt Lake City|United States,Salt Lake City,United States,US,SLC,DEN,Americas,Northern America,Frontier Airlines Inc.,Economy,,0,0,0,1,0.0,0.0,0.7596,0.2404,8.15,26,7,"Salt Lake City, United States"
MZ-2024-08-18,maria-zardoya,1,0,1,city,2024-08-18,2024-08-18,2024,8,august,0,San Diego|United States,San Diego,United States,US,SAN,SLC,Americas,Northern America,Alaska Airlines Inc.,Economy,beach_vacation,1,0,0,1,0.0,6.12,0.7991,0.2009,8.33,55,7,"San Diego, United States"
MC-2018-04-14,marie-curie,1,0,1,city,2018-04-14,2018-04-22,2018,4,april,8,Buenos Aires|Argentina,Buenos Aires,Argentina,AR,EZE,MIA,Americas,South America,American Airlines Inc.,Economy,,0,0,0,1,2.89,6.22,0.6639,0.3361,7.47,22,4,"Buenos Aires, Argentina"
MC-2018-10-13,marie-curie,1,0,1,city,2018-10-13,2018-10-21,2018,10,october,8,Buenos Aires|Argentina,Buenos Aires,Argentina,AR,EZE,MIA,Americas,South America,American Airlines Inc.,Economy,,0,0,0,1,2.89,6.22,0.6639,0.3361,7.53,22,4,"Buenos Aires, Argentina"
MC-2019-04-13,marie-curie,1,0,1,city,2019-04-13,2019-04-21,2019,4,april,8,Buenos Aires|Argentina,Buenos Aires,Argentina,AR,EZE,MIA,Americas,South America,American Airlines Inc.,Economy,,0,0,0,1,2.89,6.22,0.6639,0.3361,7.47,22,4,"Buenos Aires, Argentina"
MC-2019-10-12,marie-curie,1,0,1,city,2019-10-12,2019-10-20,2019,10,october,8,Buenos Aires|Argentina,Buenos Aires,Argentina,AR,EZE,MIA,Americas,South America,American Airlines Inc.,Economy,,0,0,0,1,2.89,6.22,0.6639,0.3361,7.53,22,4,"Buenos Aires, Argentina"
MC-2020-04-11,marie-curie,1,0,1,city,2020-04-11,2020-04-19,2020,4,april,8,Buenos Aires|Argentina,Buenos Aires,Argentina,AR,EZE,MIA,Americas,South America,American Airlines Inc.,Economy,,0,0,0,1,2.89,6.22,0.6639,0.3361,7.47,22,4,"Buenos Aires, Argentina"
MC-2020-10-10,marie-curie,1,0,1,city,2020-10-10,2020-10-18,2020,10,october,8,Buenos Aires|Argentina,Buenos Aires,Argentina,AR,EZE,MIA,Americas,South America,American Airlines Inc.,Economy,,0,0,0,1,2.89,6.22,0.6639,0.3361,7.53,22,4,"Buenos Aires, Argentina"
MC-2021-04-10,marie-curie,1,0,1,city,2021-04-10,2021-04-18,2021,4,april,8,Buenos Aires|Argentina,Buenos Aires,Argentina,AR,EZE,MIA,Americas,South America,American Airlines Inc.,Economy,,0,0,0,1,2.89,6.22,0.6639,0.3361,7.47,22,4,"Buenos Aires, Argentina"
MC-2021-10-09,marie-curie,1,0,1,city,2021-10-09,2021-10-17,2021,10,october,8,Buenos Aires|Argentina,Buenos Aires,Argentina,AR,EZE,MIA,Americas,South America,American Airlines Inc.,Economy,,0,0,0,1,2.89,6.22,0.6639,0.3361,7.53,22,4,"Buenos Aires, Argentina"
MC-2022-04-09,marie-curie,1,0,1,city,2022-04-09,2022-04-17,2022,4,april,8,Buenos Aires|Argentina,Buenos Aires,Argentina,AR,EZE,MIA,Americas,South America,American Airlines Inc.,Economy,,0,0,0,1,2.89,6.22,0.6639,0.3361,7.47,22,4,"Buenos Aires, Argentina"
MC-2022-10-08,marie-curie,1,0,1,city,2022-10-08,2022-10-16,2022,10,october,8,Buenos Aires|Argentina,Buenos Aires,Argentina,AR,EZE,MIA,Americas,South America,American Airlines Inc.,Economy,,0,0,0,1,2.89,6.22,0.6639,0.3361,7.53,22,4,"Buenos Aires, Argentina"
MC-2023-04-08,marie-curie,1,0,1,city,2023-04-08,2023-04-16,2023,4,april,8,Buenos Aires|Argentina,Buenos Aires,Argentina,AR,EZE,MIA,Americas,South America,American Airlines Inc.,Economy,,0,0,0,1,2.89,6.22,0.6639,0.3361,7.47,22,4,"Buenos Aires, Argentina"
MC-2023-10-14,marie-curie,1,0,1,city,2023-10-14,2023-10-22,2023,10,october,8,Buenos Aires|Argentina,Buenos Aires,Argentina,AR,EZE,MIA,Americas,South America,American Airlines Inc.,Economy,,0,0,0,1,2.89,6.22,0.6639,0.3361,7.53,22,4,"Buenos Aires, Argentina"
MC-2024-04-13,marie-curie,1,0,1,city,2024-04-13,2024-04-21,2024,4,april,8,Buenos Aires|Argentina,Buenos Aires,Argentina,AR,EZE,MIA,Americas,South America,American Airlines Inc.,Economy,,0,0,0,1,2.89,6.22,0.6639,0.3361,7.47,22,4,"Buenos Aires, Argentina"
MC-2024-10-12,marie-curie,1,0,1,city,2024-10-12,2024-10-20,2024,10,october,8,Buenos Aires|Argentina,Buenos Aires,Argentina,AR,EZE,MIA,Americas,South America,American Airlines Inc.,Economy,,0,0,0,1,2.89,6.22,0.6639,0.3361,7.53,22,4,"Buenos Aires, Argentina"
MC-2025-04-12,marie-curie,1,0,1,city,2025-04-12,2025-04-20,2025,4,april,8,Buenos Aires|Argentina,Buenos Aires,Argentina,AR,EZE,MIA,Americas,South America,American Airlines Inc.,Economy,,0,0,0,1,2.89,6.22,0.6639,0.3361,7.47,22,4,"Buenos Aires, Argentina"
MC-2025-10-11,marie-curie,1,0,1,city,2025-10-11,2025-10-19,2025,10,october,8,Buenos Aires|Argentina,Buenos Aires,Argentina,AR,EZE,MIA,Americas,South America,American Airlines Inc.,Economy,,0,0,0,1,2.89,6.22,0.6639,0.3361,7.53,22,4,"Buenos Aires, Argentina"
DK1-2023-10-10,mark-twain,1,0,0,city,2023-10-10,2023-10-20,2023,10,october,10,Tokyo|Japan,Tokyo,Japan,JP,,,Asia,Eastern Asia,,Economy,,0,0,0,1,2.89,9.99,0.7993,0.2007,6.76,80,22,"Tokyo, Japan"
OPG-2021-01-13,mary-grant,1,0,1,city,2021-01-13,2021-01-20,2021,1,january,7,Barcelona|Spain,Barcelona,Spain,ES,BCN,PHL,Europe,Southern Europe,American Airlines Inc.,Economy,,0,0,0,1,5.78,7.69,0.7358,0.2642,7.62,38,20,"Barcelona, Spain"
OPG-2021-03-03,mary-grant,1,0,1,city,2021-03-03,2021-03-10,2021,3,march,7,Lisbon|Portugal,Lisbon,Portugal,PT,LIS,PHL,Europe,Southern Europe,American Airlines Inc.,Economy,,0,0,0,1,5.78,6.42,0.6677,0.3323,6.48,48,16,"Lisbon, Portugal"
OPG-2021-06-09,mary-grant,1,0,1,city,2021-06-09,2021-06-14,2021,6,june,5,Cancun|Mexico,Cancun,Mexico,MX,CUN,PHL,Americas,Central America,American Airlines Inc.,Economy,beach_vacation,1,0,0,1,0.0,2.83,0.6899,0.3101,6.71,173,36,"Cancun, Mexico"
OPG-2021-07-14,mary-grant,1,0,1,city,2021-07-14,2021-07-19,2021,7,july,5,San Juan|Puerto Rico,San Juan,Puerto Rico,PR,SJU,PHL,Americas,Caribbean,American Airlines Inc.,Economy,beach_vacation,1,0,0,1,2.89,0.0,0.7288,0.2712,7.16,22,5,"San Juan, Puerto Rico"
OPG-2021-08-25,mary-grant,1,0,1,city,2021-08-25,2021-08-30,2021,8,august,5,Orlando|United States,Orlando,United States,US,MCO,PHL,Americas,Northern America,American Airlines Inc.,Economy,beach_vacation,1,0,0,1,0.0,6.53,0.8513,0.1487,6.84,158,26,"Orlando, United States"
OPG-2022-01-12,mary-grant,1,0,1,city,2022-01-12,2022-01-19,2022,1,january,7,Barcelona|Spain,Barcelona,Spain,ES,BCN,PHL,Europe,Southern Europe,American Airlines Inc.,Economy,,0,0,0,1,5.78,7.69,0.7358,0.2642,7.62,38,20,"Barcelona, Spain"
OPG-2022-03-02,mary-grant,1,0,1,city,2022-03-02,2022-03-09,2022,3,march,7,Lisbon|Portugal,Lisbon,Portugal,PT,LIS,PHL,Europe,Southern Europe,TAP-TAP Air Portugal,Economy,,0,0,0,1,5.78,6.42,0.6677,0.3323,6.48,48,16,"Lisbon, Portugal"
OPG-2022-06-08,mary-grant,1,0,1,city,2022-06-08,2022-06-13,2022,6,june,5,Cancun|Mexico,Cancun,Mexico,MX,CUN,PHL,Americas,Central America,Frontier Airlines Inc.,Economy,beach_vacation,1,0,0,1,0.0,2.83,0.6899,0.3101,6.71,173,36,"Cancun, Mexico"
OPG-2022-07-13,mary-grant,1,0,1,city,2022-07-13,2022-07-18,2022,7,july,5,San Juan|Puerto Rico,San Juan,Puerto Rico,PR,SJU,PHL,Americas,Caribbean,Frontier Airlines Inc.,Economy,beach_vacation,1,0,0,1,2.89,0.0,0.7288,0.2712,7.16,22,5,"San Juan, Puerto Rico"
OPG-2022-08-31,mary-grant,1,0,1,city,2022-08-31,2022-09-05,2022,8,august,5,Orlando|United States,Orlando,United States,US,MCO,PHL,Americas,Northern America,Frontier Airlines Inc.,Economy,beach_vacation,1,0,0,1,0.0,6.53,0.8513,0.1487,6.81,158,26,"Orlando, United States"
OPG-2023-01-11,mary-grant,1,0,1,city,2023-01-11,2023-01-18,2023,1,january,7,Barcelona|Spain,Barcelona,Spain,ES,BCN,PHL,Europe,Southern Europe,American Airlines Inc.,Economy,,0,0,0,1,5.78,7.69,0.7358,0.2642,7.62,38,20,"Barcelona, Spain"
OPG-2023-03-01,mary-grant,1,0,1,city,2023-03-01,2023-03-08,2023,3,march,7,Lisbon|Portugal,Lisbon,Portugal,PT,LIS,PHL,Europe,Southern Europe,American Airlines Inc.,Economy,,0,0,0,1,5.78,6.42,0.6677,0.3323,6.48,48,16,"Lisbon, Portugal"
OPG-2023-06-14,mary-grant,1,0,1,city,2023-06-14,2023-06-19,2023,6,june,5,Cancun|Mexico,Cancun,Mexico,MX,CUN,PHL,Americas,Central America,American Airlines Inc.,Economy,beach_vacation,1,0,0,1,0.0,2.83,0.6899,0.3101,6.71,173,36,"Cancun, Mexico"
OPG-2023-07-12,mary-grant,1,0,1,city,2023-07-12,2023-07-17,2023,7,july,5,San Juan|Puerto Rico,San Juan,Puerto Rico,PR,SJU,PHL,Americas,Caribbean,American Airlines Inc.,Economy,beach_vacation,1,0,0,1,2.89,0.0,0.7288,0.2712,7.16,22,5,"San Juan, Puerto Rico"
OPG-2023-08-30,mary-grant,1,0,1,city,2023-08-30,2023-09-04,2023,8,august,5,Orlando|United States,Orlando,United States,US,MCO,PHL,Americas,Northern America,Southwest Airlines Co.,Economy,beach_vacation,1,0,0,1,0.0,6.53,0.8513,0.1487,6.82,158,26,"Orlando, United States"
OPG-2024-01-10,mary-grant,1,0,1,city,2024-01-10,2024-01-17,2024,1,january,7,Barcelona|Spain,Barcelona,Spain,ES,BCN,PHL,Europe,Southern Europe,American Airlines Inc.,Economy,,0,0,0,1,5.78,7.69,0.7358,0.2642,7.62,38,20,"Barcelona, Spain"
OPG-2024-03-06,mary-grant,1,0,1,city,2024-03-06,2024-03-13,2024,3,march,7,Lisbon|Portugal,Lisbon,Portugal,PT,LIS,PHL,Europe,Southern Europe,TAP-TAP Air Portugal,Economy,,0,0,0,1,5.78,6.42,0.6677,0.3323,6.48,48,16,"Lisbon, Portugal"
OPG-2024-06-12,mary-grant,1,0,1,city,2024-06-12,2024-06-17,2024,6,june,5,Cancun|Mexico,Cancun,Mexico,MX,CUN,PHL,Americas,Central America,Frontier Airlines Inc.,Economy,beach_vacation,1,0,0,1,0.0,2.83,0.6899,0.3101,6.71,173,36,"Cancun, Mexico"
OPG-2024-07-10,mary-grant,1,0,1,city,2024-07-10,2024-07-15,2024,7,july,5,San Juan|Puerto Rico,San Juan,Puerto Rico,PR,SJU,PHL,Americas,Caribbean,Frontier Airlines Inc.,Economy,beach_vacation,1,0,0,1,2.89,0.0,0.7288,0.2712,7.16,22,5,"San Juan, Puerto Rico"
OPG-2024-08-28,mary-grant,1,0,1,city,2024-08-28,2024-09-02,2024,8,august,5,Orlando|United States,Orlando,United States,US,MCO,PHL,Americas,Northern America,American Airlines Inc.,Economy,beach_vacation,1,0,0,1,0.0,6.53,0.8513,0.1487,6.83,158,26,"Orlando, United States"
OPG-2025-01-08,mary-grant,1,0,1,city,2025-01-08,2025-01-15,2025,1,january,7,Barcelona|Spain,Barcelona,Spain,ES,BCN,PHL,Europe,Southern Europe,American Airlines Inc.,Economy,,0,0,0,1,5.78,7.69,0.7358,0.2642,7.62,38,20,"Barcelona, Spain"
OPG-2025-03-05,mary-grant,1,0,1,city,2025-03-05,2025-03-12,2025,3,march,7,Lisbon|Portugal,Lisbon,Portugal,PT,LIS,PHL,Europe,Southern Europe,American Airlines Inc.,Economy,,0,0,0,1,5.78,6.42,0.6677,0.3323,6.48,48,16,"Lisbon, Portugal"
OPG-2025-06-11,mary-grant,1,0,1,city,2025-06-11,2025-06-16,2025,6,june,5,Cancun|Mexico,Cancun,Mexico,MX,CUN,PHL,Americas,Central America,American Airlines Inc.,Economy,beach_vacation,1,0,0,1,0.0,2.83,0.6899,0.3101,6.71,173,36,"Cancun, Mexico"
OPG-2025-07-09,mary-grant,1,0,1,city,2025-07-09,2025-07-14,2025,7,july,5,San Juan|Puerto Rico,San Juan,Puerto Rico,PR,SJU,PHL,Americas,Caribbean,American Airlines Inc.,Economy,beach_vacation,1,0,0,1,2.89,0.0,0.7288,0.2712,7.16,22,5,"San Juan, Puerto Rico"
OPG-2025-08-27,mary-grant,1,0,1,city,2025-08-27,2025-09-01,2025,8,august,5,Orlando|United States,Orlando,United States,US,MCO,PHL,Americas,Northern America,Frontier Airlines Inc.,Economy,beach_vacation,1,0,0,1,0.0,6.53,0.8513,0.1487,6.83,158,26,"Orlando, United States"
SB2-2023-02-14,mary-shelley,1,0,0,city,2023-02-14,2023-02-19,2023,2,february,5,London|United Kingdom,London,United Kingdom,GB,,,Europe,Northern Europe,,Economy,,0,0,0,1,6.71,9.54,0.8673,0.1327,6.78,135,33,London
JN-2023-08-15,mavis-gallant,1,0,0,city,2023-08-15,2023-08-22,2023,8,august,7,Paris|France,Paris,France,FR,,,Europe,Western Europe,,Economy,,0,0,0,1,6.71,9.93,0.8396,0.1604,7.93,72,28,"Paris, France"
RS-2022-07-12,maya-angelou,1,0,0,city,2022-07-12,2022-07-18,2022,7,july,6,Paris|France,Paris,France,FR,,,Europe,Western Europe,,Economy,,0,0,0,1,6.71,9.93,0.8396,0.1604,7.42,72,28,Paris
MED-2020-01-07,medusa,1,0,1,city,2020-01-07,2020-01-12,2020,1,january,5,Guadalajara|Mexico,Guadalajara,Mexico,MX,GDL,SAT,Americas,Central America,Concesionaria Vuela Compania De Aviacion SA de CV (Volaris),Economy,,0,0,0,1,4.58,3.79,0.6149,0.3851,7.95,58,10,"Guadalajara, Mexico"
MED-2020-05-15,medusa,1,0,1,city,2020-05-15,2020-05-20,2020,5,may,5,Phoenix|United States,Phoenix,United States,US,PHX,SAT,Americas,Northern America,American Airlines Inc.,Economy,,0,0,0,1,2.89,0.0,0.8296,0.1704,8.23,48,12,"Phoenix, United States"
MED-2020-08-22,medusa,1,0,1,city,2020-08-22,2020-08-29,2020,8,august,7,Cancun|Mexico,Cancun,Mexico,MX,CUN,SAT,Americas,Central America,Sun Country Airlines d/b/a MN Airlines,Economy,beach_vacation,1,0,0,1,0.0,2.83,0.6899,0.3101,6.97,173,36,"Cancun, Mexico"
MED-2020-11-11,medusa,1,0,1,city,2020-11-11,2020-11-17,2020,11,november,6,Orlando|United States,Orlando,United States,US,MCO,SAT,Americas,Northern America,Southwest Airlines Co.,Economy,beach_vacation,1,0,0,1,0.0,6.53,0.8513,0.1487,7.96,158,26,"Orlando, United States"
MED-2021-01-18,medusa,1,0,1,city,2021-01-18,2021-01-22,2021,1,january,4,Queretaro|Mexico,Queretaro,Mexico,MX,QRO,SAT,Americas,Central America,"Aeroenlaces Nacionales, S.A. de C.V. d/b/a VivaAerobus",Economy,,0,0,0,1,4.58,0.0,0.405,0.595,7.85,5,2,"Queretaro, Mexico"
MED-2021-05-04,medusa,1,0,1,city,2021-05-04,2021-05-07,2021,5,may,3,Atlanta|United States,Atlanta,United States,US,ATL,SAT,Americas,Northern America,Delta Air Lines Inc.,Economy,,0,0,0,1,0.0,6.55,0.9297,0.0703,7.01,42,15,"Atlanta, United States"
MED-2021-08-07,medusa,1,0,1,city,2021-08-07,2021-08-12,2021,8,august,5,Guadalajara|Mexico,Guadalajara,Mexico,MX,GDL,SAT,Americas,Central America,Concesionaria Vuela Compania De Aviacion SA de CV (Volaris),Economy,,0,0,0,1,4.58,3.79,0.6149,0.3851,7.09,58,10,"Guadalajara, Mexico"
MED-2021-11-15,medusa,1,0,1,city,2021-11-15,2021-11-20,2021,11,november,5,Phoenix|United States,Phoenix,United States,US,PHX,SAT,Americas,Northern America,Southwest Airlines Co.,Economy,,0,0,0,1,2.89,0.0,0.8296,0.1704,7.71,48,12,"Phoenix, United States"
MED-2022-01-22,medusa,1,0,1,city,2022-01-22,2022-01-29,2022,1,january,7,Cancun|Mexico,Cancun,Mexico,MX,CUN,SAT,Americas,Central America,Sun Country Airlines d/b/a MN Airlines,Economy,beach_vacation,1,0,0,1,0.0,2.83,0.6899,0.3101,7.09,173,36,"Cancun, Mexico"
MED-2022-05-11,medusa,1,0,1,city,2022-05-11,2022-05-17,2022,5,may,6,Orlando|United States,Orlando,United States,US,MCO,SAT,Americas,Northern America,Frontier Airlines Inc.,Economy,beach_vacation,1,0,0,1,0.0,6.53,0.8513,0.1487,7.2,158,26,"Orlando, United States"
MED-2022-08-18,medusa,1,0,1,city,2022-08-18,2022-08-22,2022,8,august,4,Queretaro|Mexico,Queretaro,Mexico,MX,QRO,SAT,Americas,Central America,"Aeroenlaces Nacionales, S.A. de C.V. d/b/a VivaAerobus",Economy,,0,0,0,1,4.58,0.0,0.405,0.595,7.31,5,2,"Queretaro, Mexico"
MED-2022-11-04,medusa,1,0,1,city,2022-11-04,2022-11-07,2022,11,november,3,Atlanta|United States,Atlanta,United States,US,ATL,SAT,Americas,Northern America,Southwest Airlines Co.,Economy,,0,0,0,1,0.0,6.55,0.9297,0.0703,7.56,42,15,"Atlanta, United States"
MED-2023-01-07,medusa,1,0,1,city,2023-01-07,2023-01-12,2023,1,january,5,Guadalajara|Mexico,Guadalajara,Mexico,MX,GDL,SAT,Americas,Central America,Concesionaria Vuela Compania De Aviacion SA de CV (Volaris),Economy,,0,0,0,1,4.58,3.79,0.6149,0.3851,7.95,58,10,"Guadalajara, Mexico"
MED-2023-05-15,medusa,1,0,1,city,2023-05-15,2023-05-20,2023,5,may,5,Phoenix|United States,Phoenix,United States,US,PHX,SAT,Americas,Northern America,Frontier Airlines Inc.,Economy,,0,0,0,1,2.89,0.0,0.8296,0.1704,8.23,48,12,"Phoenix, United States"
MED-2023-08-22,medusa,1,0,1,city,2023-08-22,2023-08-29,2023,8,august,7,Cancun|Mexico,Cancun,Mexico,MX,CUN,SAT,Americas,Central America,Sun Country Airlines d/b/a MN Airlines,Economy,beach_vacation,1,0,0,1,0.0,2.83,0.6899,0.3101,6.97,173,36,"Cancun, Mexico"
MED-2023-11-11,medusa,1,0,1,city,2023-11-11,2023-11-17,2023,11,november,6,Orlando|United States,Orlando,United States,US,MCO,SAT,Americas,Northern America,Spirit Air Lines,Economy,beach_vacation,1,0,0,1,0.0,6.53,0.8513,0.1487,7.96,158,26,"Orlando, United States"
MED-2024-01-18,medusa,1,0,1,city,2024-01-18,2024-01-22,2024,1,january,4,Queretaro|Mexico,Queretaro,Mexico,MX,QRO,SAT,Americas,Central America,"Aeroenlaces Nacionales, S.A. de C.V. d/b/a VivaAerobus",Economy,,0,0,0,1,4.58,0.0,0.405,0.595,7.85,5,2,"Queretaro, Mexico"
MED-2024-05-04,medusa,1,0,1,city,2024-05-04,2024-05-07,2024,5,may,3,Atlanta|United States,Atlanta,United States,US,ATL,SAT,Americas,Northern America,Frontier Airlines Inc.,Economy,,0,0,0,1,0.0,6.55,0.9297,0.0703,7.01,42,15,"Atlanta, United States"
MED-2024-08-07,medusa,1,0,1,city,2024-08-07,2024-08-12,2024,8,august,5,Guadalajara|Mexico,Guadalajara,Mexico,MX,GDL,SAT,Americas,Central America,Concesionaria Vuela Compania De Aviacion SA de CV (Volaris),Economy,,0,0,0,1,4.58,3.79,0.6149,0.3851,7.09,58,10,"Guadalajara, Mexico"
MED-2024-11-15,medusa,1,0,1,city,2024-11-15,2024-11-20,2024,11,november,5,Phoenix|United States,Phoenix,United States,US,PHX,SAT,Americas,Northern America,American Airlines Inc.,Economy,,0,0,0,1,2.89,0.0,0.8296,0.1704,7.71,48,12,"Phoenix, United States"
MED-2025-01-22,medusa,1,0,1,city,2025-01-22,2025-01-29,2025,1,january,7,Cancun|Mexico,Cancun,Mexico,MX,CUN,SAT,Americas,Central America,Sun Country Airlines d/b/a MN Airlines,Economy,beach_vacation,1,0,0,1,0.0,2.83,0.6899,0.3101,7.09,173,36,"Cancun, Mexico"
MED-2025-05-11,medusa,1,0,1,city,2025-05-11,2025-05-17,2025,5,may,6,Orlando|United States,Orlando,United States,US,MCO,SAT,Americas,Northern America,Southwest Airlines Co.,Economy,beach_vacation,1,0,0,1,0.0,6.53,0.8513,0.1487,7.2,158,26,"Orlando, United States"
MED-2025-08-18,medusa,1,0,1,city,2025-08-18,2025-08-22,2025,8,august,4,Queretaro|Mexico,Queretaro,Mexico,MX,QRO,SAT,Americas,Central America,"Aeroenlaces Nacionales, S.A. de C.V. d/b/a VivaAerobus",Economy,,0,0,0,1,4.58,0.0,0.405,0.595,7.31,5,2,"Queretaro, Mexico"
MED-2025-11-04,medusa,1,0,1,city,2025-11-04,2025-11-07,2025,11,november,3,Atlanta|United States,Atlanta,United States,US,ATL,SAT,Americas,Northern America,Delta Air Lines Inc.,Economy,,0,0,0,1,0.0,6.55,0.9297,0.0703,7.56,42,15,"Atlanta, United States"
OPM-2021-01-13,michel-ardan,1,0,1,city,2021-01-13,2021-01-20,2021,1,january,7,Paris|France,Paris,France,FR,CDG,DFW,Europe,Western Europe,American Airlines Inc.,Economy,,0,0,0,1,6.71,9.93,0.8396,0.1604,6.24,72,28,"Paris, France"
OPM-2021-03-03,michel-ardan,1,0,1,city,2021-03-03,2021-03-10,2021,3,march,7,Madrid|Spain,Madrid,Spain,ES,MAD,DFW,Europe,Southern Europe,American Airlines Inc.,Economy,,0,0,0,1,6.71,8.22,0.7462,0.2538,6.16,51,18,"Madrid, Spain"
OPM-2021-04-28,michel-ardan,1,0,1,city,2021-04-28,2021-05-05,2021,4,april,7,Amsterdam|Netherlands,Amsterdam,Netherlands,NL,AMS,DFW,Europe,Western Europe,Delta Air Lines Inc.,Economy,,0,0,0,1,7.47,8.19,0.7822,0.2178,7.82,50,16,"Amsterdam, Netherlands"
OPM-2021-08-25,michel-ardan,1,0,1,city,2021-08-25,2021-08-30,2021,8,august,5,Cancun|Mexico,Cancun,Mexico,MX,CUN,DFW,Americas,Central America,American Airlines Inc.,Economy,beach_vacation,1,0,0,1,0.0,2.83,0.6899,0.3101,6.97,173,36,"Cancun, Mexico"
OPM-2021-09-08,michel-ardan,1,0,1,city,2021-09-08,2021-09-15,2021,9,september,7,London|United Kingdom,London,United Kingdom,GB,LHR,DFW,Europe,Northern Europe,American Airlines Inc.,Economy,,0,0,0,1,6.71,9.54,0.8673,0.1327,7.28,135,33,"London, United Kingdom"
OPM-2022-01-12,michel-ardan,1,0,1,city,2022-01-12,2022-01-19,2022,1,january,7,Paris|France,Paris,France,FR,CDG,DFW,Europe,Western Europe,Compagnie Natl Air France,Economy,,0,0,0,1,6.71,9.93,0.8396,0.1604,6.24,72,28,"Paris, France"
OPM-2022-03-02,michel-ardan,1,0,1,city,2022-03-02,2022-03-09,2022,3,march,7,Madrid|Spain,Madrid,Spain,ES,MAD,DFW,Europe,Southern Europe,British Airways Plc,Economy,,0,0,0,1,6.71,8.22,0.7462,0.2538,6.16,51,18,"Madrid, Spain"
OPM-2022-04-27,michel-ardan,1,0,1,city,2022-04-27,2022-05-04,2022,4,april,7,Amsterdam|Netherlands,Amsterdam,Netherlands,NL,AMS,DFW,Europe,Western Europe,Klm Royal Dutch Airlines,Economy,,0,0,0,1,7.47,8.19,0.7822,0.2178,7.83,50,16,"Amsterdam, Netherlands"
OPM-2022-08-31,michel-ardan,1,0,1,city,2022-08-31,2022-09-05,2022,8,august,5,Cancun|Mexico,Cancun,Mexico,MX,CUN,DFW,Americas,Central America,Spirit Air Lines,Economy,beach_vacation,1,0,0,1,0.0,2.83,0.6899,0.3101,6.88,173,36,"Cancun, Mexico"
OPM-2022-09-14,michel-ardan,1,0,1,city,2022-09-14,2022-09-21,2022,9,september,7,London|United Kingdom,London,United Kingdom,GB,LHR,DFW,Europe,Northern Europe,British Airways Plc,Economy,,0,0,0,1,6.71,9.54,0.8673,0.1327,7.28,135,33,"London, United Kingdom"
OPM-2023-01-11,michel-ardan,1,0,1,city,2023-01-11,2023-01-18,2023,1,january,7,Paris|France,Paris,France,FR,CDG,DFW,Europe,Western Europe,British Airways Plc,Economy,,0,0,0,1,6.71,9.93,0.8396,0.1604,6.24,72,28,"Paris, France"
OPM-2023-03-01,michel-ardan,1,0,1,city,2023-03-01,2023-03-08,2023,3,march,7,Madrid|Spain,Madrid,Spain,ES,MAD,DFW,Europe,Southern Europe,Iberia Air Lines Of Spain,Economy,,0,0,0,1,6.71,8.22,0.7462,0.2538,6.16,51,18,"Madrid, Spain"
OPM-2023-04-26,michel-ardan,1,0,1,city,2023-04-26,2023-05-03,2023,4,april,7,Amsterdam|Netherlands,Amsterdam,Netherlands,NL,AMS,DFW,Europe,Western Europe,Delta Air Lines Inc.,Economy,,0,0,0,1,7.47,8.19,0.7822,0.2178,7.84,50,16,"Amsterdam, Netherlands"
OPM-2023-08-30,michel-ardan,1,0,1,city,2023-08-30,2023-09-04,2023,8,august,5,Cancun|Mexico,Cancun,Mexico,MX,CUN,DFW,Americas,Central America,American Airlines Inc.,Economy,beach_vacation,1,0,0,1,0.0,2.83,0.6899,0.3101,6.9,173,36,"Cancun, Mexico"
OPM-2023-09-13,michel-ardan,1,0,1,city,2023-09-13,2023-09-20,2023,9,september,7,London|United Kingdom,London,United Kingdom,GB,LHR,DFW,Europe,Northern Europe,Iberia Air Lines Of Spain,Economy,,0,0,0,1,6.71,9.54,0.8673,0.1327,7.28,135,33,"London, United Kingdom"
OPM-2024-01-10,michel-ardan,1,0,1,city,2024-01-10,2024-01-17,2024,1,january,7,Paris|France,Paris,France,FR,CDG,DFW,Europe,Western Europe,Iberia Air Lines Of Spain,Economy,,0,0,0,1,6.71,9.93,0.8396,0.1604,6.24,72,28,"Paris, France"
OPM-2024-03-06,michel-ardan,1,0,1,city,2024-03-06,2024-03-13,2024,3,march,7,Madrid|Spain,Madrid,Spain,ES,MAD,DFW,Europe,Southern Europe,American Airlines Inc.,Economy,,0,0,0,1,6.71,8.22,0.7462,0.2538,6.16,51,18,"Madrid, Spain"
OPM-2024-04-24,michel-ardan,1,0,1,city,2024-04-24,2024-05-01,2024,4,april,7,Amsterdam|Netherlands,Amsterdam,Netherlands,NL,AMS,DFW,Europe,Western Europe,Klm Royal Dutch Airlines,Economy,,0,0,0,1,7.47,8.19,0.7822,0.2178,7.85,50,16,"Amsterdam, Netherlands"
OPM-2024-08-28,michel-ardan,1,0,1,city,2024-08-28,2024-09-02,2024,8,august,5,Cancun|Mexico,Cancun,Mexico,MX,CUN,DFW,Americas,Central America,Spirit Air Lines,Economy,beach_vacation,1,0,0,1,0.0,2.83,0.6899,0.3101,6.93,173,36,"Cancun, Mexico"
OPM-2024-09-11,michel-ardan,1,0,1,city,2024-09-11,2024-09-18,2024,9,september,7,London|United Kingdom,London,United Kingdom,GB,LHR,DFW,Europe,Northern Europe,American Airlines Inc.,Economy,,0,0,0,1,6.71,9.54,0.8673,0.1327,7.28,135,33,"London, United Kingdom"
OPM-2025-01-08,michel-ardan,1,0,1,city,2025-01-08,2025-01-15,2025,1,january,7,Paris|France,Paris,France,FR,CDG,DFW,Europe,Western Europe,American Airlines Inc.,Economy,,0,0,0,1,6.71,9.93,0.8396,0.1604,6.24,72,28,"Paris, France"
OPM-2025-03-05,michel-ardan,1,0,1,city,2025-03-05,2025-03-12,2025,3,march,7,Madrid|Spain,Madrid,Spain,ES,MAD,DFW,Europe,Southern Europe,British Airways Plc,Economy,,0,0,0,1,6.71,8.22,0.7462,0.2538,6.16,51,18,"Madrid, Spain"
OPM-2025-04-30,michel-ardan,1,0,1,city,2025-04-30,2025-05-07,2025,4,april,7,Amsterdam|Netherlands,Amsterdam,Netherlands,NL,AMS,DFW,Europe,Western Europe,Delta Air Lines Inc.,Economy,,0,0,0,1,7.47,8.19,0.7822,0.2178,7.81,50,16,"Amsterdam, Netherlands"
OPM-2025-08-27,michel-ardan,1,0,1,city,2025-08-27,2025-09-01,2025,8,august,5,Cancun|Mexico,Cancun,Mexico,MX,CUN,DFW,Americas,Central America,American Airlines Inc.,Economy,beach_vacation,1,0,0,1,0.0,2.83,0.6899,0.3101,6.95,173,36,"Cancun, Mexico"
OPM-2025-09-10,michel-ardan,1,0,1,city,2025-09-10,2025-09-17,2025,9,september,7,London|United Kingdom,London,United Kingdom,GB,LHR,DFW,Europe,Northern Europe,British Airways Plc,Economy,,0,0,0,1,6.71,9.54,0.8673,0.1327,7.28,135,33,"London, United Kingdom"
CG-2024-05-15,miguel-de-cervantes,1,0,0,city,2024-05-15,2024-05-22,2024,5,may,7,Barcelona|Spain,Barcelona,Spain,ES,,,Europe,Southern Europe,,Economy,,0,0,0,1,5.78,7.69,0.7358,0.2642,7.76,38,20,"Barcelona, Spain"
HMC-2021-09-03,mike-campbell,1,0,1,city,2021-09-03,2021-09-06,2021,9,september,3,Charlotte|United States,Charlotte,United States,US,CLT,BOS,Americas,Northern America,American Airlines Inc.,Economy,,0,0,0,1,0.0,4.18,0.816,0.184,7.7,15,3,"Charlotte, United States"
HMC-2021-10-08,mike-campbell,1,0,1,city,2021-10-08,2021-10-11,2021,10,october,3,Miami|United States,Miami,United States,US,MIA,BOS,Americas,Northern America,American Airlines Inc.,Economy,beach_vacation,1,0,0,1,0.0,6.68,0.9,0.1,6.79,57,13,"Miami, United States"
HMC-2022-09-02,mike-campbell,1,0,1,city,2022-09-02,2022-09-05,2022,9,september,3,Charlotte|United States,Charlotte,United States,US,CLT,BOS,Americas,Northern America,American Airlines Inc.,Economy,,0,0,0,1,0.0,4.18,0.816,0.184,7.7,15,3,"Charlotte, United States"
HMC-2022-10-07,mike-campbell,1,0,1,city,2022-10-07,2022-10-10,2022,10,october,3,Miami|United States,Miami,United States,US,MIA,BOS,Americas,Northern America,American Airlines Inc.,Economy,beach_vacation,1,0,0,1,0.0,6.68,0.9,0.1,6.79,57,13,"Miami, United States"
HMC-2023-09-01,mike-campbell,1,0,1,city,2023-09-01,2023-09-04,2023,9,september,3,Charlotte|United States,Charlotte,United States,US,CLT,BOS,Americas,Northern America,American Airlines Inc.,Economy,,0,0,0,1,0.0,4.18,0.816,0.184,7.7,15,3,"Charlotte, United States"
HMC-2023-10-06,mike-campbell,1,0,1,city,2023-10-06,2023-10-09,2023,10,october,3,Miami|United States,Miami,United States,US,MIA,BOS,Americas,Northern America,American Airlines Inc.,Economy,beach_vacation,1,0,0,1,0.0,6.68,0.9,0.1,6.79,57,13,"Miami, United States"
HMC-2024-08-30,mike-campbell,1,0,1,city,2024-08-30,2024-09-02,2024,8,august,3,Charlotte|United States,Charlotte,United States,US,CLT,BOS,Americas,Northern America,American Airlines Inc.,Economy,,0,0,0,1,0.0,4.18,0.816,0.184,7.52,15,3,"Charlotte, United States"
HMC-2024-10-11,mike-campbell,1,0,1,city,2024-10-11,2024-10-14,2024,10,october,3,Miami|United States,Miami,United States,US,MIA,BOS,Americas,Northern America,American Airlines Inc.,Economy,beach_vacation,1,0,0,1,0.0,6.68,0.9,0.1,6.79,57,13,"Miami, United States"
HMC-2025-08-29,mike-campbell,1,0,1,city,2025-08-29,2025-09-01,2025,8,august,3,Charlotte|United States,Charlotte,United States,US,CLT,BOS,Americas,Northern America,American Airlines Inc.,Economy,,0,0,0,1,0.0,4.18,0.816,0.184,7.43,15,3,"Charlotte, United States"
HMC-2025-10-10,mike-campbell,1,0,1,city,2025-10-10,2025-10-13,2025,10,october,3,Miami|United States,Miami,United States,US,MIA,BOS,Americas,Northern America,American Airlines Inc.,Economy,beach_vacation,1,0,0,1,0.0,6.68,0.9,0.1,6.79,57,13,"Miami, United States"
MD-2020-03-14,miles-davis,1,0,1,city,2020-03-14,2020-03-20,2020,3,march,6,Amsterdam|Netherlands,Amsterdam,Netherlands,NL,AMS,BOS,Europe,Western Europe,Delta Air Lines Inc.,Economy,,0,0,0,1,7.47,8.19,0.7822,0.2178,8.01,50,16,"Amsterdam, Netherlands"
MD-2020-06-13,miles-davis,1,0,1,city,2020-06-13,2020-06-19,2020,6,june,6,Paris|France,Paris,France,FR,CDG,BOS,Europe,Western Europe,Delta Air Lines Inc.,Economy,,0,0,0,1,6.71,9.93,0.8396,0.1604,7.8,72,28,"Paris, France"
MD-2020-09-12,miles-davis,1,0,1,city,2020-09-12,2020-09-18,2020,9,september,6,London|United Kingdom,London,United Kingdom,GB,LHR,BOS,Europe,Northern Europe,Delta Air Lines Inc.,Economy,,0,0,0,1,6.71,9.54,0.8673,0.1327,7.28,135,33,"London, United Kingdom"
MD-2020-11-14,miles-davis,1,0,1,city,2020-11-14,2020-11-20,2020,11,november,6,Lisbon|Portugal,Lisbon,Portugal,PT,LIS,BOS,Europe,Southern Europe,Delta Air Lines Inc.,Economy,,0,0,0,1,5.78,6.42,0.6677,0.3323,6.87,48,16,"Lisbon, Portugal"
MD-2021-03-13,miles-davis,1,0,1,city,2021-03-13,2021-03-19,2021,3,march,6,Rome|Italy,Rome,Italy,IT,FCO,BOS,Europe,Southern Europe,Delta Air Lines Inc.,Economy,,0,0,0,1,8.67,7.27,0.7587,0.2413,7.03,49,25,"Rome, Italy"
MD-2021-06-12,miles-davis,1,0,1,city,2021-06-12,2021-06-18,2021,6,june,6,Dublin|Ireland,Dublin,Ireland,IE,DUB,BOS,Europe,Northern Europe,Delta Air Lines Inc.,Economy,,0,0,0,1,2.89,6.4,0.7288,0.2712,6.86,32,14,"Dublin, Ireland"
MD-2021-09-11,miles-davis,1,0,1,city,2021-09-11,2021-09-17,2021,9,september,6,Athens|Greece,Athens,Greece,GR,ATH,BOS,Europe,Southern Europe,Delta Air Lines Inc.,Economy,beach_vacation,1,0,0,1,4.58,5.62,0.6151,0.3849,8.18,12,6,"Athens, Greece"
MD-2021-11-13,miles-davis,1,0,1,city,2021-11-13,2021-11-19,2021,11,november,6,Madrid|Spain,Madrid,Spain,ES,MAD,BOS,Europe,Southern Europe,Delta Air Lines Inc.,Economy,,0,0,0,1,6.71,8.22,0.7462,0.2538,7.4,51,18,"Madrid, Spain"
MD-2022-03-12,miles-davis,1,0,1,city,2022-03-12,2022-03-18,2022,3,march,6,Barcelona|Spain,Barcelona,Spain,ES,BCN,BOS,Europe,Southern Europe,Delta Air Lines Inc.,Economy,,0,0,0,1,5.78,7.69,0.7358,0.2642,6.66,38,20,"Barcelona, Spain"
MD-2022-06-11,miles-davis,1,0,1,city,2022-06-11,2022-06-17,2022,6,june,6,Edinburgh|United Kingdom,Edinburgh,United Kingdom,GB,EDI,BOS,Europe,Northern Europe,Delta Air Lines Inc.,Economy,,0,0,0,1,5.78,6.22,0.6479,0.3521,7.09,7,6,"Edinburgh, United Kingdom"
MD-2022-09-10,miles-davis,1,0,1,city,2022-09-10,2022-09-16,2022,9,september,6,Milan|Italy,Milan,Italy,IT,MXP,BOS,Europe,Southern Europe,Delta Air Lines Inc.,Economy,,0,0,0,1,7.47,8.48,0.7152,0.2848,7.29,4,3,"Milan, Italy"
MD-2022-11-12,miles-davis,1,0,1,city,2022-11-12,2022-11-18,2022,11,november,6,Nice|France,Nice,France,FR,NCE,BOS,Europe,Western Europe,Delta Air Lines Inc.,Economy,,0,0,0,1,4.58,7.7,0.5467,0.4533,7.37,9,7,"Nice, France"
MD-2023-03-11,miles-davis,1,0,1,city,2023-03-11,2023-03-17,2023,3,march,6,Amsterdam|Netherlands,Amsterdam,Netherlands,NL,AMS,BOS,Europe,Western Europe,Delta Air Lines Inc.,Economy,,0,0,0,1,7.47,8.19,0.7822,0.2178,8.01,50,16,"Amsterdam, Netherlands"
MD-2023-06-10,miles-davis,1,0,1,city,2023-06-10,2023-06-16,2023,6,june,6,Paris|France,Paris,France,FR,CDG,BOS,Europe,Western Europe,Delta Air Lines Inc.,Economy,,0,0,0,1,6.71,9.93,0.8396,0.1604,7.8,72,28,"Paris, France"
MD-2023-09-09,miles-davis,1,0,1,city,2023-09-09,2023-09-15,2023,9,september,6,London|United Kingdom,London,United Kingdom,GB,LHR,BOS,Europe,Northern Europe,Delta Air Lines Inc.,Economy,,0,0,0,1,6.71,9.54,0.8673,0.1327,7.28,135,33,"London, United Kingdom"
MD-2023-11-11,miles-davis,1,0,1,city,2023-11-11,2023-11-17,2023,11,november,6,Lisbon|Portugal,Lisbon,Portugal,PT,LIS,BOS,Europe,Southern Europe,Delta Air Lines Inc.,Economy,,0,0,0,1,5.78,6.42,0.6677,0.3323,6.87,48,16,"Lisbon, Portugal"
MD-2024-03-09,miles-davis,1,0,1,city,2024-03-09,2024-03-15,2024,3,march,6,Rome|Italy,Rome,Italy,IT,FCO,BOS,Europe,Southern Europe,Delta Air Lines Inc.,Economy,,0,0,0,1,8.67,7.27,0.7587,0.2413,7.03,49,25,"Rome, Italy"
MD-2024-06-08,miles-davis,1,0,1,city,2024-06-08,2024-06-14,2024,6,june,6,Dublin|Ireland,Dublin,Ireland,IE,DUB,BOS,Europe,Northern Europe,Delta Air Lines Inc.,Economy,,0,0,0,1,2.89,6.4,0.7288,0.2712,6.86,32,14,"Dublin, Ireland"
MD-2024-09-14,miles-davis,1,0,1,city,2024-09-14,2024-09-20,2024,9,september,6,Athens|Greece,Athens,Greece,GR,ATH,BOS,Europe,Southern Europe,Delta Air Lines Inc.,Economy,beach_vacation,1,0,0,1,4.58,5.62,0.6151,0.3849,8.18,12,6,"Athens, Greece"
MD-2024-11-09,miles-davis,1,0,1,city,2024-11-09,2024-11-15,2024,11,november,6,Madrid|Spain,Madrid,Spain,ES,MAD,BOS,Europe,Southern Europe,Delta Air Lines Inc.,Economy,,0,0,0,1,6.71,8.22,0.7462,0.2538,7.4,51,18,"Madrid, Spain"
MD-2025-03-08,miles-davis,1,0,1,city,2025-03-08,2025-03-14,2025,3,march,6,Barcelona|Spain,Barcelona,Spain,ES,BCN,BOS,Europe,Southern Europe,Delta Air Lines Inc.,Economy,,0,0,0,1,5.78,7.69,0.7358,0.2642,6.66,38,20,"Barcelona, Spain"
MD-2025-06-14,miles-davis,1,0,1,city,2025-06-14,2025-06-20,2025,6,june,6,Edinburgh|United Kingdom,Edinburgh,United Kingdom,GB,EDI,BOS,Europe,Northern Europe,Delta Air Lines Inc.,Economy,,0,0,0,1,5.78,6.22,0.6479,0.3521,7.09,7,6,"Edinburgh, United Kingdom"
MD-2025-09-13,miles-davis,1,0,1,city,2025-09-13,2025-09-19,2025,9,september,6,Milan|Italy,Milan,Italy,IT,MXP,BOS,Europe,Southern Europe,Delta Air Lines Inc.,Economy,,0,0,0,1,7.47,8.48,0.7152,0.2848,7.29,4,3,"Milan, Italy"
MD-2025-11-08,miles-davis,1,0,1,city,2025-11-08,2025-11-14,2025,11,november,6,Nice|France,Nice,France,FR,NCE,BOS,Europe,Western Europe,Delta Air Lines Inc.,Economy,,0,0,0,1,4.58,7.7,0.5467,0.4533,7.37,9,7,"Nice, France"
ED2-2023-11-20,miles-franklin,1,0,0,city,2023-11-20,2023-11-30,2023,11,november,10,Sydney|Australia,Sydney,Australia,AU,,,Oceania,Australia and New Zealand,,Economy,,0,0,0,1,4.58,0.0,0.6762,0.3238,7.49,40,14,"Sydney, Australia"
WMP-2021-12-22,miriam-polly,1,0,1,city,2021-12-22,2021-12-27,2021,12,december,5,Pittsburgh|United States,Pittsburgh,United States,US,PIT,ORD,Americas,Northern America,United Air Lines Inc.,Economy,holiday_trip,0,0,1,1,0.0,0.0,0.7364,0.2636,5.35,33,7,"Pittsburgh, United States"
WMP-2022-12-22,miriam-polly,1,0,1,city,2022-12-22,2022-12-27,2022,12,december,5,Pittsburgh|United States,Pittsburgh,United States,US,PIT,ORD,Americas,Northern America,United Air Lines Inc.,Economy,holiday_trip,0,0,1,1,0.0,0.0,0.7364,0.2636,5.35,33,7,"Pittsburgh, United States"
WMP-2023-12-22,miriam-polly,1,0,1,city,2023-12-22,2023-12-27,2023,12,december,5,Pittsburgh|United States,Pittsburgh,United States,US,PIT,ORD,Americas,Northern America,United Air Lines Inc.,Economy,holiday_trip,0,0,1,1,0.0,0.0,0.7364,0.2636,5.35,33,7,"Pittsburgh, United States"
WMP-2024-12-22,miriam-polly,1,0,1,city,2024-12-22,2024-12-27,2024,12,december,5,Pittsburgh|United States,Pittsburgh,United States,US,PIT,ORD,Americas,Northern America,United Air Lines Inc.,Economy,holiday_trip,0,0,1,1,0.0,0.0,0.7364,0.2636,5.35,33,7,"Pittsburgh, United States"
WMP-2025-12-22,miriam-polly,1,0,1,city,2025-12-22,2025-12-27,2025,12,december,5,Pittsburgh|United States,Pittsburgh,United States,US,PIT,ORD,Americas,Northern America,United Air Lines Inc.,Economy,holiday_trip,0,0,1,1,0.0,0.0,0.7364,0.2636,5.35,33,7,"Pittsburgh, United States"
MGA-2018-02-10,miss-gage,1,0,1,city,2018-02-10,2018-02-17,2018,2,february,7,Cancun|Mexico,Cancun,Mexico,MX,CUN,MCI,Americas,Central America,Southwest Airlines Co.,Economy,beach_vacation,1,0,0,1,0.0,2.83,0.6899,0.3101,7.44,173,36,"Cancun, Mexico"
MGA-2018-05-12,miss-gage,1,0,1,city,2018-05-12,2018-05-16,2018,5,may,4,Las Vegas|United States,Las Vegas,United States,US,LAS,MCI,Americas,Northern America,Southwest Airlines Co.,Economy,,0,0,0,1,0.0,0.0,0.8469,0.1531,8.06,39,15,"Las Vegas, United States"
MGA-2018-09-08,miss-gage,1,0,1,city,2018-09-08,2018-09-13,2018,9,september,5,Tampa|United States,Tampa,United States,US,TPA,MCI,Americas,Northern America,Southwest Airlines Co.,Economy,beach_vacation,1,0,0,1,0.0,5.67,0.8098,0.1902,7.09,33,3,"Tampa, United States"
MGA-2019-02-09,miss-gage,1,0,1,city,2019-02-09,2019-02-16,2019,2,february,7,Cancun|Mexico,Cancun,Mexico,MX,CUN,MCI,Americas,Central America,Southwest Airlines Co.,Economy,beach_vacation,1,0,0,1,0.0,2.83,0.6899,0.3101,7.44,173,36,"Cancun, Mexico"
MGA-2019-05-11,miss-gage,1,0,1,city,2019-05-11,2019-05-15,2019,5,may,4,Las Vegas|United States,Las Vegas,United States,US,LAS,MCI,Americas,Northern America,Southwest Airlines Co.,Economy,,0,0,0,1,0.0,0.0,0.8469,0.1531,8.06,39,15,"Las Vegas, United States"
MGA-2019-09-14,miss-gage,1,0,1,city,2019-09-14,2019-09-19,2019,9,september,5,Tampa|United States,Tampa,United States,US,TPA,MCI,Americas,Northern America,Southwest Airlines Co.,Economy,beach_vacation,1,0,0,1,0.0,5.67,0.8098,0.1902,7.09,33,3,"Tampa, United States"
MGA-2020-02-08,miss-gage,1,0,1,city,2020-02-08,2020-02-15,2020,2,february,7,Cancun|Mexico,Cancun,Mexico,MX,CUN,MCI,Americas,Central America,Southwest Airlines Co.,Economy,beach_vacation,1,0,0,1,0.0,2.83,0.6899,0.3101,7.44,173,36,"Cancun, Mexico"
MGA-2020-05-09,miss-gage,1,0,1,city,2020-05-09,2020-05-13,2020,5,may,4,Las Vegas|United States,Las Vegas,United States,US,LAS,MCI,Americas,Northern America,Southwest Airlines Co.,Economy,,0,0,0,1,0.0,0.0,0.8469,0.1531,8.06,39,15,"Las Vegas, United States"
MGA-2020-09-12,miss-gage,1,0,1,city,2020-09-12,2020-09-17,2020,9,september,5,Tampa|United States,Tampa,United States,US,TPA,MCI,Americas,Northern America,Southwest Airlines Co.,Economy,beach_vacation,1,0,0,1,0.0,5.67,0.8098,0.1902,7.09,33,3,"Tampa, United States"
MGA-2021-02-13,miss-gage,1,0,1,city,2021-02-13,2021-02-20,2021,2,february,7,Cancun|Mexico,Cancun,Mexico,MX,CUN,MCI,Americas,Central America,Southwest Airlines Co.,Economy,beach_vacation,1,0,0,1,0.0,2.83,0.6899,0.3101,7.44,173,36,"Cancun, Mexico"
MGA-2021-05-08,miss-gage,1,0,1,city,2021-05-08,2021-05-12,2021,5,may,4,Las Vegas|United States,Las Vegas,United States,US,LAS,MCI,Americas,Northern America,Southwest Airlines Co.,Economy,,0,0,0,1,0.0,0.0,0.8469,0.1531,8.06,39,15,"Las Vegas, United States"
MGA-2021-09-11,miss-gage,1,0,1,city,2021-09-11,2021-09-16,2021,9,september,5,Tampa|United States,Tampa,United States,US,TPA,MCI,Americas,Northern America,Southwest Airlines Co.,Economy,beach_vacation,1,0,0,1,0.0,5.67,0.8098,0.1902,7.09,33,3,"Tampa, United States"
MGA-2022-02-12,miss-gage,1,0,1,city,2022-02-12,2022-02-19,2022,2,february,7,Cancun|Mexico,Cancun,Mexico,MX,CUN,MCI,Americas,Central America,Southwest Airlines Co.,Economy,beach_vacation,1,0,0,1,0.0,2.83,0.6899,0.3101,7.44,173,36,"Cancun, Mexico"
MGA-2022-05-14,miss-gage,1,0,1,city,2022-05-14,2022-05-18,2022,5,may,4,Las Vegas|United States,Las Vegas,United States,US,LAS,MCI,Americas,Northern America,Southwest Airlines Co.,Economy,,0,0,0,1,0.0,0.0,0.8469,0.1531,8.06,39,15,"Las Vegas, United States"
MGA-2022-09-10,miss-gage,1,0,1,city,2022-09-10,2022-09-15,2022,9,september,5,Tampa|United States,Tampa,United States,US,TPA,MCI,Americas,Northern America,Southwest Airlines Co.,Economy,beach_vacation,1,0,0,1,0.0,5.67,0.8098,0.1902,7.09,33,3,"Tampa, United States"
MGA-2023-02-11,miss-gage,1,0,1,city,2023-02-11,2023-02-18,2023,2,february,7,Cancun|Mexico,Cancun,Mexico,MX,CUN,MCI,Americas,Central America,Southwest Airlines Co.,Economy,beach_vacation,1,0,0,1,0.0,2.83,0.6899,0.3101,7.44,173,36,"Cancun, Mexico"
MGA-2023-05-13,miss-gage,1,0,1,city,2023-05-13,2023-05-17,2023,5,may,4,Las Vegas|United States,Las Vegas,United States,US,LAS,MCI,Americas,Northern America,Southwest Airlines Co.,Economy,,0,0,0,1,0.0,0.0,0.8469,0.1531,8.06,39,15,"Las Vegas, United States"
MGA-2023-09-09,miss-gage,1,0,1,city,2023-09-09,2023-09-14,2023,9,september,5,Tampa|United States,Tampa,United States,US,TPA,MCI,Americas,Northern America,Southwest Airlines Co.,Economy,beach_vacation,1,0,0,1,0.0,5.67,0.8098,0.1902,7.09,33,3,"Tampa, United States"
MGA-2024-02-10,miss-gage,1,0,1,city,2024-02-10,2024-02-17,2024,2,february,7,Cancun|Mexico,Cancun,Mexico,MX,CUN,MCI,Americas,Central America,Southwest Airlines Co.,Economy,beach_vacation,1,0,0,1,0.0,2.83,0.6899,0.3101,7.44,173,36,"Cancun, Mexico"
MGA-2024-05-11,miss-gage,1,0,1,city,2024-05-11,2024-05-15,2024,5,may,4,Las Vegas|United States,Las Vegas,United States,US,LAS,MCI,Americas,Northern America,Southwest Airlines Co.,Economy,,0,0,0,1,0.0,0.0,0.8469,0.1531,8.06,39,15,"Las Vegas, United States"
MGA-2024-09-14,miss-gage,1,0,1,city,2024-09-14,2024-09-19,2024,9,september,5,Tampa|United States,Tampa,United States,US,TPA,MCI,Americas,Northern America,Southwest Airlines Co.,Economy,beach_vacation,1,0,0,1,0.0,5.67,0.8098,0.1902,7.09,33,3,"Tampa, United States"
MGA-2025-02-08,miss-gage,1,0,1,city,2025-02-08,2025-02-15,2025,2,february,7,Cancun|Mexico,Cancun,Mexico,MX,CUN,MCI,Americas,Central America,Southwest Airlines Co.,Economy,beach_vacation,1,0,0,1,0.0,2.83,0.6899,0.3101,7.44,173,36,"Cancun, Mexico"
MGA-2025-05-10,miss-gage,1,0,1,city,2025-05-10,2025-05-14,2025,5,may,4,Las Vegas|United States,Las Vegas,United States,US,LAS,MCI,Americas,Northern America,Southwest Airlines Co.,Economy,,0,0,0,1,0.0,0.0,0.8469,0.1531,8.06,39,15,"Las Vegas, United States"
MGA-2025-09-13,miss-gage,1,0,1,city,2025-09-13,2025-09-18,2025,9,september,5,Tampa|United States,Tampa,United States,US,TPA,MCI,Americas,Northern America,Southwest Airlines Co.,Economy,beach_vacation,1,0,0,1,0.0,5.67,0.8098,0.1902,7.09,33,3,"Tampa, United States"
DMH-2021-07-06,miss-havisham,1,0,1,city,2021-07-06,2021-07-21,2021,7,july,15,Rome|Italy,Rome,Italy,IT,FCO,EWR,Europe,Southern Europe,United Air Lines Inc.,Economy,beach_vacation,1,0,0,1,8.67,7.27,0.7587,0.2413,8.2,49,25,"Rome, Italy"
DMH-2022-07-08,miss-havisham,1,0,1,city,2022-07-08,2022-07-21,2022,7,july,13,Milano|Italy,Milano,Italy,IT,MXP,EWR,Europe,Southern Europe,United Air Lines Inc.,Economy,,0,0,0,0,,,,,,5,5,"Milano, Italy"
DMH-2023-07-03,miss-havisham,1,0,1,city,2023-07-03,2023-07-17,2023,7,july,14,Venice|Italy,Venice,Italy,IT,VCE,EWR,Europe,Southern Europe,United Air Lines Inc.,Economy,beach_vacation,1,0,0,1,7.47,6.95,0.6157,0.3843,,5,5,"Venice, Italy"
DMH-2024-07-10,miss-havisham,1,0,1,city,2024-07-10,2024-07-22,2024,7,july,12,Zurich|Switzerland,Zurich,Switzerland,CH,ZRH,EWR,Europe,Western Europe,United Air Lines Inc.,Economy,,0,0,0,1,2.89,8.07,0.7171,0.2829,7.16,3,3,"Zurich, Switzerland"
DMH-2025-07-07,miss-havisham,1,0,1,city,2025-07-07,2025-07-22,2025,7,july,15,Geneva|Switzerland,Geneva,Switzerland,CH,GVA,EWR,Europe,Western Europe,United Air Lines Inc.,Economy,,0,0,0,1,4.58,7.66,0.5954,0.4046,,2,2,"Geneva, Switzerland"
MV-2017-03-11,miss-van-campen,1,0,1,city,2017-03-11,2017-03-17,2017,3,march,6,San Jose del Cabo|Mexico,San Jose del Cabo,Mexico,MX,SJD,PHX,Americas,Central America,Southwest Airlines Co.,Economy,beach_vacation,1,0,0,1,2.89,4.48,0.5778,0.4222,,69,12,"San Jose del Cabo, Mexico"
MV-2017-11-11,miss-van-campen,1,0,1,city,2017-11-11,2017-11-17,2017,11,november,6,San Jose del Cabo|Mexico,San Jose del Cabo,Mexico,MX,SJD,PHX,Americas,Central America,Southwest Airlines Co.,Economy,beach_vacation,1,0,0,1,2.89,4.48,0.5778,0.4222,,69,12,"San Jose del Cabo, Mexico"
MV-2018-03-10,miss-van-campen,1,0,1,city,2018-03-10,2018-03-16,2018,3,march,6,San Jose del Cabo|Mexico,San Jose del Cabo,Mexico,MX,SJD,PHX,Americas,Central America,Southwest Airlines Co.,Economy,beach_vacation,1,0,0,1,2.89,4.48,0.5778,0.4222,,69,12,"San Jose del Cabo, Mexico"
MV-2018-11-10,miss-van-campen,1,0,1,city,2018-11-10,2018-11-16,2018,11,november,6,San Jose del Cabo|Mexico,San Jose del Cabo,Mexico,MX,SJD,PHX,Americas,Central America,Southwest Airlines Co.,Economy,beach_vacation,1,0,0,1,2.89,4.48,0.5778,0.4222,,69,12,"San Jose del Cabo, Mexico"
MV-2019-03-09,miss-van-campen,1,0,1,city,2019-03-09,2019-03-15,2019,3,march,6,San Jose del Cabo|Mexico,San Jose del Cabo,Mexico,MX,SJD,PHX,Americas,Central America,Southwest Airlines Co.,Economy,beach_vacation,1,0,0,1,2.89,4.48,0.5778,0.4222,,69,12,"San Jose del Cabo, Mexico"
MV-2019-11-09,miss-van-campen,1,0,1,city,2019-11-09,2019-11-15,2019,11,november,6,San Jose del Cabo|Mexico,San Jose del Cabo,Mexico,MX,SJD,PHX,Americas,Central America,Southwest Airlines Co.,Economy,beach_vacation,1,0,0,1,2.89,4.48,0.5778,0.4222,,69,12,"San Jose del Cabo, Mexico"
MV-2020-03-14,miss-van-campen,1,0,1,city,2020-03-14,2020-03-20,2020,3,march,6,San Jose del Cabo|Mexico,San Jose del Cabo,Mexico,MX,SJD,PHX,Americas,Central America,Southwest Airlines Co.,Economy,beach_vacation,1,0,0,1,2.89,4.48,0.5778,0.4222,,69,12,"San Jose del Cabo, Mexico"
MV-2020-11-14,miss-van-campen,1,0,1,city,2020-11-14,2020-11-20,2020,11,november,6,San Jose del Cabo|Mexico,San Jose del Cabo,Mexico,MX,SJD,PHX,Americas,Central America,Southwest Airlines Co.,Economy,beach_vacation,1,0,0,1,2.89,4.48,0.5778,0.4222,,69,12,"San Jose del Cabo, Mexico"
MV-2021-03-13,miss-van-campen,1,0,1,city,2021-03-13,2021-03-19,2021,3,march,6,San Jose del Cabo|Mexico,San Jose del Cabo,Mexico,MX,SJD,PHX,Americas,Central America,Southwest Airlines Co.,Economy,beach_vacation,1,0,0,1,2.89,4.48,0.5778,0.4222,,69,12,"San Jose del Cabo, Mexico"
MV-2021-11-13,miss-van-campen,1,0,1,city,2021-11-13,2021-11-19,2021,11,november,6,San Jose del Cabo|Mexico,San Jose del Cabo,Mexico,MX,SJD,PHX,Americas,Central America,Southwest Airlines Co.,Economy,beach_vacation,1,0,0,1,2.89,4.48,0.5778,0.4222,,69,12,"San Jose del Cabo, Mexico"
MV-2022-03-12,miss-van-campen,1,0,1,city,2022-03-12,2022-03-18,2022,3,march,6,San Jose del Cabo|Mexico,San Jose del Cabo,Mexico,MX,SJD,PHX,Americas,Central America,Southwest Airlines Co.,Economy,beach_vacation,1,0,0,1,2.89,4.48,0.5778,0.4222,,69,12,"San Jose del Cabo, Mexico"
MV-2022-11-12,miss-van-campen,1,0,1,city,2022-11-12,2022-11-18,2022,11,november,6,San Jose del Cabo|Mexico,San Jose del Cabo,Mexico,MX,SJD,PHX,Americas,Central America,Southwest Airlines Co.,Economy,beach_vacation,1,0,0,1,2.89,4.48,0.5778,0.4222,,69,12,"San Jose del Cabo, Mexico"
MV-2023-03-11,miss-van-campen,1,0,1,city,2023-03-11,2023-03-17,2023,3,march,6,San Jose del Cabo|Mexico,San Jose del Cabo,Mexico,MX,SJD,PHX,Americas,Central America,Southwest Airlines Co.,Economy,beach_vacation,1,0,0,1,2.89,4.48,0.5778,0.4222,,69,12,"San Jose del Cabo, Mexico"
MV-2023-11-11,miss-van-campen,1,0,1,city,2023-11-11,2023-11-17,2023,11,november,6,San Jose del Cabo|Mexico,San Jose del Cabo,Mexico,MX,SJD,PHX,Americas,Central America,Southwest Airlines Co.,Economy,beach_vacation,1,0,0,1,2.89,4.48,0.5778,0.4222,,69,12,"San Jose del Cabo, Mexico"
MV-2024-03-09,miss-van-campen,1,0,1,city,2024-03-09,2024-03-15,2024,3,march,6,San Jose del Cabo|Mexico,San Jose del Cabo,Mexico,MX,SJD,PHX,Americas,Central America,Southwest Airlines Co.,Economy,beach_vacation,1,0,0,1,2.89,4.48,0.5778,0.4222,,69,12,"San Jose del Cabo, Mexico"
MV-2024-11-09,miss-van-campen,1,0,1,city,2024-11-09,2024-11-15,2024,11,november,6,San Jose del Cabo|Mexico,San Jose del Cabo,Mexico,MX,SJD,PHX,Americas,Central America,Southwest Airlines Co.,Economy,beach_vacation,1,0,0,1,2.89,4.48,0.5778,0.4222,,69,12,"San Jose del Cabo, Mexico"
MV-2025-03-08,miss-van-campen,1,0,1,city,2025-03-08,2025-03-14,2025,3,march,6,San Jose del Cabo|Mexico,San Jose del Cabo,Mexico,MX,SJD,PHX,Americas,Central America,Southwest Airlines Co.,Economy,beach_vacation,1,0,0,1,2.89,4.48,0.5778,0.4222,,69,12,"San Jose del Cabo, Mexico"
MV-2025-11-08,miss-van-campen,1,0,1,city,2025-11-08,2025-11-14,2025,11,november,6,San Jose del Cabo|Mexico,San Jose del Cabo,Mexico,MX,SJD,PHX,Americas,Central America,Southwest Airlines Co.,Economy,beach_vacation,1,0,0,1,2.89,4.48,0.5778,0.4222,,69,12,"San Jose del Cabo, Mexico"
WMG-2021-12-22,montgomery,1,0,1,city,2021-12-22,2021-12-27,2021,12,december,5,New Orleans|United States,New Orleans,United States,US,MSY,IAH,Americas,Northern America,United Air Lines Inc.,Economy,holiday_trip,0,0,1,1,0.0,5.48,0.808,0.192,7.03,38,6,"New Orleans, United States"
WMG-2022-12-22,montgomery,1,0,1,city,2022-12-22,2022-12-27,2022,12,december,5,New Orleans|United States,New Orleans,United States,US,MSY,IAH,Americas,Northern America,United Air Lines Inc.,Economy,holiday_trip,0,0,1,1,0.0,5.48,0.808,0.192,7.03,38,6,"New Orleans, United States"
WMG-2023-12-22,montgomery,1,0,1,city,2023-12-22,2023-12-27,2023,12,december,5,New Orleans|United States,New Orleans,United States,US,MSY,IAH,Americas,Northern America,United Air Lines Inc.,Economy,holiday_trip,0,0,1,1,0.0,5.48,0.808,0.192,7.03,38,6,"New Orleans, United States"
WMG-2024-12-22,montgomery,1,0,1,city,2024-12-22,2024-12-27,2024,12,december,5,New Orleans|United States,New Orleans,United States,US,MSY,IAH,Americas,Northern America,United Air Lines Inc.,Economy,holiday_trip,0,0,1,1,0.0,5.48,0.808,0.192,7.03,38,6,"New Orleans, United States"
WMG-2025-12-22,montgomery,1,0,1,city,2025-12-22,2025-12-27,2025,12,december,5,New Orleans|United States,New Orleans,United States,US,MSY,IAH,Americas,Northern America,United Air Lines Inc.,Economy,holiday_trip,0,0,1,1,0.0,5.48,0.808,0.192,7.03,38,6,"New Orleans, United States"
AL-2023-01-02,mordecai-richler,1,0,0,city,2023-01-02,2023-01-09,2023,1,january,7,Sydney|Australia,Sydney,Australia,AU,,,Oceania,Australia and New Zealand,,Economy,,0,0,0,1,4.58,0.0,0.6762,0.3238,6.68,40,14,"Sydney, Australia"
DMB-2021-06-20,mr-brownlow,1,0,1,city,2021-06-20,2021-07-05,2021,6,june,15,London|United Kingdom,London,United Kingdom,GB,LHR,JFK,Europe,Northern Europe,American Airlines Inc.,Economy,beach_vacation,1,0,0,1,6.71,9.54,0.8673,0.1327,7.84,135,33,"London, United Kingdom"
DMB-2022-06-22,mr-brownlow,1,0,1,city,2022-06-22,2022-07-02,2022,6,june,10,Dublin|Ireland,Dublin,Ireland,IE,DUB,JFK,Europe,Northern Europe,American Airlines Inc.,Economy,,0,0,0,1,2.89,6.4,0.7288,0.2712,6.88,32,14,"Dublin, Ireland"
DMB-2023-06-17,mr-brownlow,1,0,1,city,2023-06-17,2023-06-29,2023,6,june,12,Manchester|United Kingdom,Manchester,United Kingdom,GB,MAN,JFK,Europe,Northern Europe,American Airlines Inc.,Economy,,0,0,0,1,2.89,6.37,0.7533,0.2467,7.0,5,5,"Manchester, United Kingdom"
DMB-2024-06-24,mr-brownlow,1,0,1,city,2024-06-24,2024-07-08,2024,6,june,14,Zurich|Switzerland,Zurich,Switzerland,CH,ZRH,JFK,Europe,Western Europe,American Airlines Inc.,Economy,,0,0,0,1,2.89,8.07,0.7171,0.2829,7.45,3,3,"Zurich, Switzerland"
DMB-2025-06-21,mr-brownlow,1,0,1,city,2025-06-21,2025-07-02,2025,6,june,11,Paris|France,Paris,France,FR,CDG,JFK,Europe,Western Europe,American Airlines Inc.,Economy,,0,0,0,1,6.71,9.93,0.8396,0.1604,7.74,72,28,"Paris, France"
MG-2017-07-02,mr-guttingen,1,0,1,city,2017-07-02,2017-07-08,2017,7,july,6,San Diego|United States,San Diego,United States,US,SAN,DEN,Americas,Northern America,Southwest Airlines Co.,Economy,beach_vacation,1,0,0,1,0.0,6.12,0.7991,0.2009,8.44,55,7,"San Diego, United States"
MG-2017-11-21,mr-guttingen,1,0,1,city,2017-11-21,2017-11-26,2017,11,november,5,San Diego|United States,San Diego,United States,US,SAN,DEN,Americas,Northern America,Southwest Airlines Co.,Economy,holiday_trip,0,0,1,1,0.0,6.12,0.7991,0.2009,7.54,55,7,"San Diego, United States"
MG-2018-07-02,mr-guttingen,1,0,1,city,2018-07-02,2018-07-08,2018,7,july,6,San Diego|United States,San Diego,United States,US,SAN,DEN,Americas,Northern America,Southwest Airlines Co.,Economy,beach_vacation,1,0,0,1,0.0,6.12,0.7991,0.2009,8.44,55,7,"San Diego, United States"
MG-2018-11-20,mr-guttingen,1,0,1,city,2018-11-20,2018-11-25,2018,11,november,5,San Diego|United States,San Diego,United States,US,SAN,DEN,Americas,Northern America,Southwest Airlines Co.,Economy,holiday_trip,0,0,1,1,0.0,6.12,0.7991,0.2009,7.54,55,7,"San Diego, United States"
MG-2019-07-02,mr-guttingen,1,0,1,city,2019-07-02,2019-07-08,2019,7,july,6,San Diego|United States,San Diego,United States,US,SAN,DEN,Americas,Northern America,Southwest Airlines Co.,Economy,beach_vacation,1,0,0,1,0.0,6.12,0.7991,0.2009,8.44,55,7,"San Diego, United States"
MG-2019-11-26,mr-guttingen,1,0,1,city,2019-11-26,2019-12-01,2019,11,november,5,San Diego|United States,San Diego,United States,US,SAN,DEN,Americas,Northern America,Southwest Airlines Co.,Economy,holiday_trip,0,0,1,1,0.0,6.12,0.7991,0.2009,7.58,55,7,"San Diego, United States"
MG-2020-07-02,mr-guttingen,1,0,1,city,2020-07-02,2020-07-08,2020,7,july,6,San Diego|United States,San Diego,United States,US,SAN,DEN,Americas,Northern America,Southwest Airlines Co.,Economy,beach_vacation,1,0,0,1,0.0,6.12,0.7991,0.2009,8.44,55,7,"San Diego, United States"
MG-2020-11-24,mr-guttingen,1,0,1,city,2020-11-24,2020-11-29,2020,11,november,5,San Diego|United States,San Diego,United States,US,SAN,DEN,Americas,Northern America,Southwest Airlines Co.,Economy,holiday_trip,0,0,1,1,0.0,6.12,0.7991,0.2009,7.54,55,7,"San Diego, United States"
MG-2021-07-02,mr-guttingen,1,0,1,city,2021-07-02,2021-07-08,2021,7,july,6,San Diego|United States,San Diego,United States,US,SAN,DEN,Americas,Northern America,Southwest Airlines Co.,Economy,beach_vacation,1,0,0,1,0.0,6.12,0.7991,0.2009,8.44,55,7,"San Diego, United States"
MG-2021-11-23,mr-guttingen,1,0,1,city,2021-11-23,2021-11-28,2021,11,november,5,San Diego|United States,San Diego,United States,US,SAN,DEN,Americas,Northern America,Southwest Airlines Co.,Economy,holiday_trip,0,0,1,1,0.0,6.12,0.7991,0.2009,7.54,55,7,"San Diego, United States"
MG-2022-07-02,mr-guttingen,1,0,1,city,2022-07-02,2022-07-08,2022,7,july,6,San Diego|United States,San Diego,United States,US,SAN,DEN,Americas,Northern America,Southwest Airlines Co.,Economy,beach_vacation,1,0,0,1,0.0,6.12,0.7991,0.2009,8.44,55,7,"San Diego, United States"
MG-2022-11-22,mr-guttingen,1,0,1,city,2022-11-22,2022-11-27,2022,11,november,5,San Diego|United States,San Diego,United States,US,SAN,DEN,Americas,Northern America,Southwest Airlines Co.,Economy,holiday_trip,0,0,1,1,0.0,6.12,0.7991,0.2009,7.54,55,7,"San Diego, United States"
MG-2023-07-02,mr-guttingen,1,0,1,city,2023-07-02,2023-07-08,2023,7,july,6,San Diego|United States,San Diego,United States,US,SAN,DEN,Americas,Northern America,Southwest Airlines Co.,Economy,beach_vacation,1,0,0,1,0.0,6.12,0.7991,0.2009,8.44,55,7,"San Diego, United States"
MG-2023-11-21,mr-guttingen,1,0,1,city,2023-11-21,2023-11-26,2023,11,november,5,San Diego|United States,San Diego,United States,US,SAN,DEN,Americas,Northern America,Southwest Airlines Co.,Economy,holiday_trip,0,0,1,1,0.0,6.12,0.7991,0.2009,7.54,55,7,"San Diego, United States"
MG-2024-07-02,mr-guttingen,1,0,1,city,2024-07-02,2024-07-08,2024,7,july,6,San Diego|United States,San Diego,United States,US,SAN,DEN,Americas,Northern America,Southwest Airlines Co.,Economy,beach_vacation,1,0,0,1,0.0,6.12,0.7991,0.2009,8.44,55,7,"San Diego, United States"
MG-2024-11-26,mr-guttingen,1,0,1,city,2024-11-26,2024-12-01,2024,11,november,5,San Diego|United States,San Diego,United States,US,SAN,DEN,Americas,Northern America,Southwest Airlines Co.,Economy,holiday_trip,0,0,1,1,0.0,6.12,0.7991,0.2009,7.58,55,7,"San Diego, United States"
MG-2025-07-02,mr-guttingen,1,0,1,city,2025-07-02,2025-07-08,2025,7,july,6,San Diego|United States,San Diego,United States,US,SAN,DEN,Americas,Northern America,Southwest Airlines Co.,Economy,beach_vacation,1,0,0,1,0.0,6.12,0.7991,0.2009,8.44,55,7,"San Diego, United States"
MG-2025-11-25,mr-guttingen,1,0,1,city,2025-11-25,2025-11-30,2025,11,november,5,San Diego|United States,San Diego,United States,US,SAN,DEN,Americas,Northern America,Southwest Airlines Co.,Economy,holiday_trip,0,0,1,1,0.0,6.12,0.7991,0.2009,7.54,55,7,"San Diego, United States"
MM-2018-05-28,mr-meyers,1,0,1,city,2018-05-28,2018-06-01,2018,5,may,4,Sarasota|United States,Sarasota,United States,US,SRQ,BNA,Americas,Northern America,Southwest Airlines Co.,Economy,,0,0,0,0,,,,,,24,1,"Sarasota, United States"
MM-2018-07-02,mr-meyers,1,0,1,city,2018-07-02,2018-07-08,2018,7,july,6,Sarasota|United States,Sarasota,United States,US,SRQ,BNA,Americas,Northern America,Southwest Airlines Co.,Economy,,0,0,0,0,,,,,,24,1,"Sarasota, United States"
MM-2018-12-22,mr-meyers,1,0,1,city,2018-12-22,2018-12-30,2018,12,december,8,Sarasota|United States,Sarasota,United States,US,SRQ,BNA,Americas,Northern America,Southwest Airlines Co.,Economy,holiday_trip,0,0,1,0,,,,,,24,1,"Sarasota, United States"
MM-2019-05-27,mr-meyers,1,0,1,city,2019-05-27,2019-05-31,2019,5,may,4,Sarasota|United States,Sarasota,United States,US,SRQ,BNA,Americas,Northern America,Southwest Airlines Co.,Economy,,0,0,0,0,,,,,,24,1,"Sarasota, United States"
MM-2019-07-02,mr-meyers,1,0,1,city,2019-07-02,2019-07-08,2019,7,july,6,Sarasota|United States,Sarasota,United States,US,SRQ,BNA,Americas,Northern America,Southwest Airlines Co.,Economy,,0,0,0,0,,,,,,24,1,"Sarasota, United States"
MM-2019-12-22,mr-meyers,1,0,1,city,2019-12-22,2019-12-30,2019,12,december,8,Sarasota|United States,Sarasota,United States,US,SRQ,BNA,Americas,Northern America,Southwest Airlines Co.,Economy,holiday_trip,0,0,1,0,,,,,,24,1,"Sarasota, United States"
MM-2020-05-25,mr-meyers,1,0,1,city,2020-05-25,2020-05-29,2020,5,may,4,Sarasota|United States,Sarasota,United States,US,SRQ,BNA,Americas,Northern America,Southwest Airlines Co.,Economy,,0,0,0,0,,,,,,24,1,"Sarasota, United States"
MM-2020-07-02,mr-meyers,1,0,1,city,2020-07-02,2020-07-08,2020,7,july,6,Sarasota|United States,Sarasota,United States,US,SRQ,BNA,Americas,Northern America,Southwest Airlines Co.,Economy,,0,0,0,0,,,,,,24,1,"Sarasota, United States"
MM-2020-12-22,mr-meyers,1,0,1,city,2020-12-22,2020-12-30,2020,12,december,8,Sarasota|United States,Sarasota,United States,US,SRQ,BNA,Americas,Northern America,Southwest Airlines Co.,Economy,holiday_trip,0,0,1,0,,,,,,24,1,"Sarasota, United States"
MM-2021-05-31,mr-meyers,1,0,1,city,2021-05-31,2021-06-04,2021,5,may,4,Sarasota|United States,Sarasota,United States,US,SRQ,BNA,Americas,Northern America,Southwest Airlines Co.,Economy,,0,0,0,0,,,,,,24,1,"Sarasota, United States"
MM-2021-07-02,mr-meyers,1,0,1,city,2021-07-02,2021-07-08,2021,7,july,6,Sarasota|United States,Sarasota,United States,US,SRQ,BNA,Americas,Northern America,Southwest Airlines Co.,Economy,,0,0,0,0,,,,,,24,1,"Sarasota, United States"
MM-2021-12-22,mr-meyers,1,0,1,city,2021-12-22,2021-12-30,2021,12,december,8,Sarasota|United States,Sarasota,United States,US,SRQ,BNA,Americas,Northern America,Southwest Airlines Co.,Economy,holiday_trip,0,0,1,0,,,,,,24,1,"Sarasota, United States"
MM-2022-05-30,mr-meyers,1,0,1,city,2022-05-30,2022-06-03,2022,5,may,4,Sarasota|United States,Sarasota,United States,US,SRQ,BNA,Americas,Northern America,Southwest Airlines Co.,Economy,,0,0,0,0,,,,,,24,1,"Sarasota, United States"
MM-2022-07-02,mr-meyers,1,0,1,city,2022-07-02,2022-07-08,2022,7,july,6,Sarasota|United States,Sarasota,United States,US,SRQ,BNA,Americas,Northern America,Southwest Airlines Co.,Economy,,0,0,0,0,,,,,,24,1,"Sarasota, United States"
MM-2022-12-22,mr-meyers,1,0,1,city,2022-12-22,2022-12-30,2022,12,december,8,Sarasota|United States,Sarasota,United States,US,SRQ,BNA,Americas,Northern America,Southwest Airlines Co.,Economy,holiday_trip,0,0,1,0,,,,,,24,1,"Sarasota, United States"
MM-2023-05-29,mr-meyers,1,0,1,city,2023-05-29,2023-06-02,2023,5,may,4,Sarasota|United States,Sarasota,United States,US,SRQ,BNA,Americas,Northern America,Southwest Airlines Co.,Economy,,0,0,0,0,,,,,,24,1,"Sarasota, United States"
MM-2023-07-02,mr-meyers,1,0,1,city,2023-07-02,2023-07-08,2023,7,july,6,Sarasota|United States,Sarasota,United States,US,SRQ,BNA,Americas,Northern America,Southwest Airlines Co.,Economy,,0,0,0,0,,,,,,24,1,"Sarasota, United States"
MM-2023-12-22,mr-meyers,1,0,1,city,2023-12-22,2023-12-30,2023,12,december,8,Sarasota|United States,Sarasota,United States,US,SRQ,BNA,Americas,Northern America,Southwest Airlines Co.,Economy,holiday_trip,0,0,1,0,,,,,,24,1,"Sarasota, United States"
MM-2024-05-27,mr-meyers,1,0,1,city,2024-05-27,2024-05-31,2024,5,may,4,Sarasota|United States,Sarasota,United States,US,SRQ,BNA,Americas,Northern America,Southwest Airlines Co.,Economy,,0,0,0,0,,,,,,24,1,"Sarasota, United States"
MM-2024-07-02,mr-meyers,1,0,1,city,2024-07-02,2024-07-08,2024,7,july,6,Sarasota|United States,Sarasota,United States,US,SRQ,BNA,Americas,Northern America,Southwest Airlines Co.,Economy,,0,0,0,0,,,,,,24,1,"Sarasota, United States"
MM-2024-12-22,mr-meyers,1,0,1,city,2024-12-22,2024-12-30,2024,12,december,8,Sarasota|United States,Sarasota,United States,US,SRQ,BNA,Americas,Northern America,Southwest Airlines Co.,Economy,holiday_trip,0,0,1,0,,,,,,24,1,"Sarasota, United States"
MM-2025-05-26,mr-meyers,1,0,1,city,2025-05-26,2025-05-30,2025,5,may,4,Sarasota|United States,Sarasota,United States,US,SRQ,BNA,Americas,Northern America,Southwest Airlines Co.,Economy,,0,0,0,0,,,,,,24,1,"Sarasota, United States"
MM-2025-07-02,mr-meyers,1,0,1,city,2025-07-02,2025-07-08,2025,7,july,6,Sarasota|United States,Sarasota,United States,US,SRQ,BNA,Americas,Northern America,Southwest Airlines Co.,Economy,,0,0,0,0,,,,,,24,1,"Sarasota, United States"
MM-2025-12-22,mr-meyers,1,0,1,city,2025-12-22,2025-12-30,2025,12,december,8,Sarasota|United States,Sarasota,United States,US,SRQ,BNA,Americas,Northern America,Southwest Airlines Co.,Economy,holiday_trip,0,0,1,0,,,,,,24,1,"Sarasota, United States"
MT-2016-07-02,mr-turner,1,0,1,city,2016-07-02,2016-07-09,2016,7,july,7,Kahului|United States,Kahului,United States,US,OGG,SEA,Americas,Northern America,Alaska Airlines Inc.,Economy,,0,0,0,0,,,,,,21,2,"Kahului, United States"
MT-2016-12-22,mr-turner,1,0,1,city,2016-12-22,2016-12-31,2016,12,december,9,Kahului|United States,Kahului,United States,US,OGG,SEA,Americas,Northern America,Alaska Airlines Inc.,Economy,holiday_trip,0,0,1,0,,,,,,21,2,"Kahului, United States"
MT-2017-07-02,mr-turner,1,0,1,city,2017-07-02,2017-07-09,2017,7,july,7,Kahului|United States,Kahului,United States,US,OGG,SEA,Americas,Northern America,Alaska Airlines Inc.,Economy,,0,0,0,0,,,,,,21,2,"Kahului, United States"
MT-2017-12-22,mr-turner,1,0,1,city,2017-12-22,2017-12-31,2017,12,december,9,Kahului|United States,Kahului,United States,US,OGG,SEA,Americas,Northern America,Alaska Airlines Inc.,Economy,holiday_trip,0,0,1,0,,,,,,21,2,"Kahului, United States"
MT-2018-07-02,mr-turner,1,0,1,city,2018-07-02,2018-07-09,2018,7,july,7,Kahului|United States,Kahului,United States,US,OGG,SEA,Americas,Northern America,Alaska Airlines Inc.,Economy,,0,0,0,0,,,,,,21,2,"Kahului, United States"
MT-2018-12-22,mr-turner,1,0,1,city,2018-12-22,2018-12-31,2018,12,december,9,Kahului|United States,Kahului,United States,US,OGG,SEA,Americas,Northern America,Alaska Airlines Inc.,Economy,holiday_trip,0,0,1,0,,,,,,21,2,"Kahului, United States"
MT-2019-07-02,mr-turner,1,0,1,city,2019-07-02,2019-07-09,2019,7,july,7,Kahului|United States,Kahului,United States,US,OGG,SEA,Americas,Northern America,Alaska Airlines Inc.,Economy,,0,0,0,0,,,,,,21,2,"Kahului, United States"
MT-2019-12-22,mr-turner,1,0,1,city,2019-12-22,2019-12-31,2019,12,december,9,Kahului|United States,Kahului,United States,US,OGG,SEA,Americas,Northern America,Alaska Airlines Inc.,Economy,holiday_trip,0,0,1,0,,,,,,21,2,"Kahului, United States"
MT-2020-07-02,mr-turner,1,0,1,city,2020-07-02,2020-07-09,2020,7,july,7,Kahului|United States,Kahului,United States,US,OGG,SEA,Americas,Northern America,Alaska Airlines Inc.,Economy,,0,0,0,0,,,,,,21,2,"Kahului, United States"
MT-2020-12-22,mr-turner,1,0,1,city,2020-12-22,2020-12-31,2020,12,december,9,Kahului|United States,Kahului,United States,US,OGG,SEA,Americas,Northern America,Alaska Airlines Inc.,Economy,holiday_trip,0,0,1,0,,,,,,21,2,"Kahului, United States"
MT-2021-07-02,mr-turner,1,0,1,city,2021-07-02,2021-07-09,2021,7,july,7,Kahului|United States,Kahului,United States,US,OGG,SEA,Americas,Northern America,Alaska Airlines Inc.,Economy,,0,0,0,0,,,,,,21,2,"Kahului, United States"
MT-2021-12-22,mr-turner,1,0,1,city,2021-12-22,2021-12-31,2021,12,december,9,Kahului|United States,Kahului,United States,US,OGG,SEA,Americas,Northern America,Alaska Airlines Inc.,Economy,holiday_trip,0,0,1,0,,,,,,21,2,"Kahului, United States"
MT-2022-07-02,mr-turner,1,0,1,city,2022-07-02,2022-07-09,2022,7,july,7,Kahului|United States,Kahului,United States,US,OGG,SEA,Americas,Northern America,Alaska Airlines Inc.,Economy,,0,0,0,0,,,,,,21,2,"Kahului, United States"
MT-2022-12-22,mr-turner,1,0,1,city,2022-12-22,2022-12-31,2022,12,december,9,Kahului|United States,Kahului,United States,US,OGG,SEA,Americas,Northern America,Alaska Airlines Inc.,Economy,holiday_trip,0,0,1,0,,,,,,21,2,"Kahului, United States"
MT-2023-07-02,mr-turner,1,0,1,city,2023-07-02,2023-07-09,2023,7,july,7,Kahului|United States,Kahului,United States,US,OGG,SEA,Americas,Northern America,Alaska Airlines Inc.,Economy,,0,0,0,0,,,,,,21,2,"Kahului, United States"
MT-2023-12-22,mr-turner,1,0,1,city,2023-12-22,2023-12-31,2023,12,december,9,Kahului|United States,Kahului,United States,US,OGG,SEA,Americas,Northern America,Alaska Airlines Inc.,Economy,holiday_trip,0,0,1,0,,,,,,21,2,"Kahului, United States"
MT-2024-07-02,mr-turner,1,0,1,city,2024-07-02,2024-07-09,2024,7,july,7,Kahului|United States,Kahului,United States,US,OGG,SEA,Americas,Northern America,Alaska Airlines Inc.,Economy,,0,0,0,0,,,,,,21,2,"Kahului, United States"
MT-2024-12-22,mr-turner,1,0,1,city,2024-12-22,2024-12-31,2024,12,december,9,Kahului|United States,Kahului,United States,US,OGG,SEA,Americas,Northern America,Alaska Airlines Inc.,Economy,holiday_trip,0,0,1,0,,,,,,21,2,"Kahului, United States"
MT-2025-07-02,mr-turner,1,0,1,city,2025-07-02,2025-07-09,2025,7,july,7,Kahului|United States,Kahului,United States,US,OGG,SEA,Americas,Northern America,Alaska Airlines Inc.,Economy,,0,0,0,0,,,,,,21,2,"Kahului, United States"
MT-2025-12-22,mr-turner,1,0,1,city,2025-12-22,2025-12-31,2025,12,december,9,Kahului|United States,Kahului,United States,US,OGG,SEA,Americas,Northern America,Alaska Airlines Inc.,Economy,holiday_trip,0,0,1,0,,,,,,21,2,"Kahului, United States"
MB-2018-01-13,mrs-bell,1,0,1,city,2018-01-13,2018-01-20,2018,1,january,7,San Jose del Cabo|Mexico,San Jose del Cabo,Mexico,MX,SJD,SAN,Americas,Central America,Alaska Airlines Inc.,Economy,beach_vacation,1,0,0,1,2.89,4.48,0.5778,0.4222,,69,12,"San Jose del Cabo, Mexico"
MB-2018-04-14,mrs-bell,1,0,1,city,2018-04-14,2018-04-18,2018,4,april,4,Boise|United States,Boise,United States,US,BOI,SAN,Americas,Northern America,Alaska Airlines Inc.,Economy,,0,0,0,1,0.0,0.0,0.5997,0.4003,7.97,8,1,"Boise, United States"
MB-2018-07-14,mrs-bell,1,0,1,city,2018-07-14,2018-07-22,2018,7,july,8,Honolulu|United States,Honolulu,United States,US,HNL,SAN,Americas,Northern America,Alaska Airlines Inc.,Economy,beach_vacation,1,0,0,1,0.0,0.0,0.7157,0.2843,,16,5,"Honolulu, United States"
MB-2018-10-13,mrs-bell,1,0,1,city,2018-10-13,2018-10-19,2018,10,october,6,Puerto Vallarta|Mexico,Puerto Vallarta,Mexico,MX,PVR,SAN,Americas,Central America,Alaska Airlines Inc.,Economy,beach_vacation,1,0,0,1,2.89,1.74,0.5511,0.4489,,36,8,"Puerto Vallarta, Mexico"
MB-2019-01-12,mrs-bell,1,0,1,city,2019-01-12,2019-01-19,2019,1,january,7,San Jose del Cabo|Mexico,San Jose del Cabo,Mexico,MX,SJD,SAN,Americas,Central America,Alaska Airlines Inc.,Economy,beach_vacation,1,0,0,1,2.89,4.48,0.5778,0.4222,,69,12,"San Jose del Cabo, Mexico"
MB-2019-04-13,mrs-bell,1,0,1,city,2019-04-13,2019-04-17,2019,4,april,4,Boise|United States,Boise,United States,US,BOI,SAN,Americas,Northern America,Alaska Airlines Inc.,Economy,,0,0,0,1,0.0,0.0,0.5997,0.4003,7.97,8,1,"Boise, United States"
MB-2019-07-13,mrs-bell,1,0,1,city,2019-07-13,2019-07-21,2019,7,july,8,Honolulu|United States,Honolulu,United States,US,HNL,SAN,Americas,Northern America,Alaska Airlines Inc.,Economy,beach_vacation,1,0,0,1,0.0,0.0,0.7157,0.2843,,16,5,"Honolulu, United States"
MB-2019-10-12,mrs-bell,1,0,1,city,2019-10-12,2019-10-18,2019,10,october,6,Puerto Vallarta|Mexico,Puerto Vallarta,Mexico,MX,PVR,SAN,Americas,Central America,Alaska Airlines Inc.,Economy,beach_vacation,1,0,0,1,2.89,1.74,0.5511,0.4489,,36,8,"Puerto Vallarta, Mexico"
MB-2020-01-11,mrs-bell,1,0,1,city,2020-01-11,2020-01-18,2020,1,january,7,San Jose del Cabo|Mexico,San Jose del Cabo,Mexico,MX,SJD,SAN,Americas,Central America,Alaska Airlines Inc.,Economy,beach_vacation,1,0,0,1,2.89,4.48,0.5778,0.4222,,69,12,"San Jose del Cabo, Mexico"
MB-2020-04-11,mrs-bell,1,0,1,city,2020-04-11,2020-04-15,2020,4,april,4,Boise|United States,Boise,United States,US,BOI,SAN,Americas,Northern America,Alaska Airlines Inc.,Economy,,0,0,0,1,0.0,0.0,0.5997,0.4003,7.97,8,1,"Boise, United States"
MB-2020-07-11,mrs-bell,1,0,1,city,2020-07-11,2020-07-19,2020,7,july,8,Honolulu|United States,Honolulu,United States,US,HNL,SAN,Americas,Northern America,Alaska Airlines Inc.,Economy,beach_vacation,1,0,0,1,0.0,0.0,0.7157,0.2843,,16,5,"Honolulu, United States"
MB-2020-10-10,mrs-bell,1,0,1,city,2020-10-10,2020-10-16,2020,10,october,6,Puerto Vallarta|Mexico,Puerto Vallarta,Mexico,MX,PVR,SAN,Americas,Central America,Alaska Airlines Inc.,Economy,beach_vacation,1,0,0,1,2.89,1.74,0.5511,0.4489,,36,8,"Puerto Vallarta, Mexico"
MB-2021-01-09,mrs-bell,1,0,1,city,2021-01-09,2021-01-16,2021,1,january,7,San Jose del Cabo|Mexico,San Jose del Cabo,Mexico,MX,SJD,SAN,Americas,Central America,Alaska Airlines Inc.,Economy,beach_vacation,1,0,0,1,2.89,4.48,0.5778,0.4222,,69,12,"San Jose del Cabo, Mexico"
MB-2021-04-10,mrs-bell,1,0,1,city,2021-04-10,2021-04-14,2021,4,april,4,Boise|United States,Boise,United States,US,BOI,SAN,Americas,Northern America,Alaska Airlines Inc.,Economy,,0,0,0,1,0.0,0.0,0.5997,0.4003,7.97,8,1,"Boise, United States"
MB-2021-07-10,mrs-bell,1,0,1,city,2021-07-10,2021-07-18,2021,7,july,8,Honolulu|United States,Honolulu,United States,US,HNL,SAN,Americas,Northern America,Alaska Airlines Inc.,Economy,beach_vacation,1,0,0,1,0.0,0.0,0.7157,0.2843,,16,5,"Honolulu, United States"
MB-2021-10-09,mrs-bell,1,0,1,city,2021-10-09,2021-10-15,2021,10,october,6,Puerto Vallarta|Mexico,Puerto Vallarta,Mexico,MX,PVR,SAN,Americas,Central America,Alaska Airlines Inc.,Economy,beach_vacation,1,0,0,1,2.89,1.74,0.5511,0.4489,,36,8,"Puerto Vallarta, Mexico"
MB-2022-01-08,mrs-bell,1,0,1,city,2022-01-08,2022-01-15,2022,1,january,7,San Jose del Cabo|Mexico,San Jose del Cabo,Mexico,MX,SJD,SAN,Americas,Central America,Alaska Airlines Inc.,Economy,beach_vacation,1,0,0,1,2.89,4.48,0.5778,0.4222,,69,12,"San Jose del Cabo, Mexico"
MB-2022-04-09,mrs-bell,1,0,1,city,2022-04-09,2022-04-13,2022,4,april,4,Boise|United States,Boise,United States,US,BOI,SAN,Americas,Northern America,Alaska Airlines Inc.,Economy,,0,0,0,1,0.0,0.0,0.5997,0.4003,7.97,8,1,"Boise, United States"
MB-2022-07-09,mrs-bell,1,0,1,city,2022-07-09,2022-07-17,2022,7,july,8,Honolulu|United States,Honolulu,United States,US,HNL,SAN,Americas,Northern America,Alaska Airlines Inc.,Economy,beach_vacation,1,0,0,1,0.0,0.0,0.7157,0.2843,,16,5,"Honolulu, United States"
MB-2022-10-08,mrs-bell,1,0,1,city,2022-10-08,2022-10-14,2022,10,october,6,Puerto Vallarta|Mexico,Puerto Vallarta,Mexico,MX,PVR,SAN,Americas,Central America,Alaska Airlines Inc.,Economy,beach_vacation,1,0,0,1,2.89,1.74,0.5511,0.4489,,36,8,"Puerto Vallarta, Mexico"
MB-2023-01-14,mrs-bell,1,0,1,city,2023-01-14,2023-01-21,2023,1,january,7,San Jose del Cabo|Mexico,San Jose del Cabo,Mexico,MX,SJD,SAN,Americas,Central America,Alaska Airlines Inc.,Economy,beach_vacation,1,0,0,1,2.89,4.48,0.5778,0.4222,,69,12,"San Jose del Cabo, Mexico"
MB-2023-04-08,mrs-bell,1,0,1,city,2023-04-08,2023-04-12,2023,4,april,4,Boise|United States,Boise,United States,US,BOI,SAN,Americas,Northern America,Alaska Airlines Inc.,Economy,,0,0,0,1,0.0,0.0,0.5997,0.4003,7.97,8,1,"Boise, United States"
MB-2023-07-08,mrs-bell,1,0,1,city,2023-07-08,2023-07-16,2023,7,july,8,Honolulu|United States,Honolulu,United States,US,HNL,SAN,Americas,Northern America,Alaska Airlines Inc.,Economy,beach_vacation,1,0,0,1,0.0,0.0,0.7157,0.2843,,16,5,"Honolulu, United States"
MB-2023-10-14,mrs-bell,1,0,1,city,2023-10-14,2023-10-20,2023,10,october,6,Puerto Vallarta|Mexico,Puerto Vallarta,Mexico,MX,PVR,SAN,Americas,Central America,Alaska Airlines Inc.,Economy,beach_vacation,1,0,0,1,2.89,1.74,0.5511,0.4489,,36,8,"Puerto Vallarta, Mexico"
MB-2024-01-13,mrs-bell,1,0,1,city,2024-01-13,2024-01-20,2024,1,january,7,San Jose del Cabo|Mexico,San Jose del Cabo,Mexico,MX,SJD,SAN,Americas,Central America,Alaska Airlines Inc.,Economy,beach_vacation,1,0,0,1,2.89,4.48,0.5778,0.4222,,69,12,"San Jose del Cabo, Mexico"
MB-2024-04-13,mrs-bell,1,0,1,city,2024-04-13,2024-04-17,2024,4,april,4,Boise|United States,Boise,United States,US,BOI,SAN,Americas,Northern America,Alaska Airlines Inc.,Economy,,0,0,0,1,0.0,0.0,0.5997,0.4003,7.97,8,1,"Boise, United States"
MB-2024-07-13,mrs-bell,1,0,1,city,2024-07-13,2024-07-21,2024,7,july,8,Honolulu|United States,Honolulu,United States,US,HNL,SAN,Americas,Northern America,Alaska Airlines Inc.,Economy,beach_vacation,1,0,0,1,0.0,0.0,0.7157,0.2843,,16,5,"Honolulu, United States"
MB-2024-10-12,mrs-bell,1,0,1,city,2024-10-12,2024-10-18,2024,10,october,6,Puerto Vallarta|Mexico,Puerto Vallarta,Mexico,MX,PVR,SAN,Americas,Central America,Alaska Airlines Inc.,Economy,beach_vacation,1,0,0,1,2.89,1.74,0.5511,0.4489,,36,8,"Puerto Vallarta, Mexico"
MB-2025-01-11,mrs-bell,1,0,1,city,2025-01-11,2025-01-18,2025,1,january,7,San Jose del Cabo|Mexico,San Jose del Cabo,Mexico,MX,SJD,SAN,Americas,Central America,Alaska Airlines Inc.,Economy,beach_vacation,1,0,0,1,2.89,4.48,0.5778,0.4222,,69,12,"San Jose del Cabo, Mexico"
MB-2025-04-12,mrs-bell,1,0,1,city,2025-04-12,2025-04-16,2025,4,april,4,Boise|United States,Boise,United States,US,BOI,SAN,Americas,Northern America,Alaska Airlines Inc.,Economy,,0,0,0,1,0.0,0.0,0.5997,0.4003,7.97,8,1,"Boise, United States"
MB-2025-07-12,mrs-bell,1,0,1,city,2025-07-12,2025-07-20,2025,7,july,8,Honolulu|United States,Honolulu,United States,US,HNL,SAN,Americas,Northern America,Alaska Airlines Inc.,Economy,beach_vacation,1,0,0,1,0.0,0.0,0.7157,0.2843,,16,5,"Honolulu, United States"
MB-2025-10-11,mrs-bell,1,0,1,city,2025-10-11,2025-10-17,2025,10,october,6,Puerto Vallarta|Mexico,Puerto Vallarta,Mexico,MX,PVR,SAN,Americas,Central America,Alaska Airlines Inc.,Economy,beach_vacation,1,0,0,1,2.89,1.74,0.5511,0.4489,,36,8,"Puerto Vallarta, Mexico"
MBR-2021-10-08,mrs-braddocks,1,0,1,city,2021-10-08,2021-10-12,2021,10,october,4,Toronto|Canada,Toronto,Canada,CA,YYZ,MIA,Americas,Northern America,Air Canada,Economy,holiday_trip,0,0,1,1,0.0,7.17,0.8369,0.1631,7.34,56,10,"Toronto, Canada"
MBR-2022-10-07,mrs-braddocks,1,0,1,city,2022-10-07,2022-10-11,2022,10,october,4,Toronto|Canada,Toronto,Canada,CA,YYZ,MIA,Americas,Northern America,Air Canada,Economy,holiday_trip,0,0,1,1,0.0,7.17,0.8369,0.1631,7.34,56,10,"Toronto, Canada"
MBR-2023-10-06,mrs-braddocks,1,0,1,city,2023-10-06,2023-10-10,2023,10,october,4,Toronto|Canada,Toronto,Canada,CA,YYZ,MIA,Americas,Northern America,Air Canada,Economy,holiday_trip,0,0,1,1,0.0,7.17,0.8369,0.1631,7.34,56,10,"Toronto, Canada"
MBR-2024-10-11,mrs-braddocks,1,0,1,city,2024-10-11,2024-10-15,2024,10,october,4,Toronto|Canada,Toronto,Canada,CA,YYZ,MIA,Americas,Northern America,Air Canada,Economy,holiday_trip,0,0,1,1,0.0,7.17,0.8369,0.1631,7.34,56,10,"Toronto, Canada"
MBR-2025-10-10,mrs-braddocks,1,0,1,city,2025-10-10,2025-10-14,2025,10,october,4,Toronto|Canada,Toronto,Canada,CA,YYZ,MIA,Americas,Northern America,Air Canada,Economy,holiday_trip,0,0,1,1,0.0,7.17,0.8369,0.1631,7.34,56,10,"Toronto, Canada"
MGAR-2018-05-28,mrs-garner,1,0,1,city,2018-05-28,2018-06-01,2018,5,may,4,Orlando|United States,Orlando,United States,US,MCO,SFO,Americas,Northern America,Alaska Airlines Inc.,Economy,beach_vacation,1,0,0,1,0.0,6.53,0.8513,0.1487,7.13,158,26,"Orlando, United States"
MGAR-2018-12-22,mrs-garner,1,0,1,city,2018-12-22,2018-12-29,2018,12,december,7,Orlando|United States,Orlando,United States,US,MCO,SFO,Americas,Northern America,Alaska Airlines Inc.,Economy,beach_vacation|holiday_trip,1,0,1,1,0.0,6.53,0.8513,0.1487,7.67,158,26,"Orlando, United States"
MGAR-2019-05-27,mrs-garner,1,0,1,city,2019-05-27,2019-05-31,2019,5,may,4,Orlando|United States,Orlando,United States,US,MCO,SFO,Americas,Northern America,Alaska Airlines Inc.,Economy,beach_vacation,1,0,0,1,0.0,6.53,0.8513,0.1487,7.2,158,26,"Orlando, United States"
MGAR-2019-12-22,mrs-garner,1,0,1,city,2019-12-22,2019-12-29,2019,12,december,7,Orlando|United States,Orlando,United States,US,MCO,SFO,Americas,Northern America,Alaska Airlines Inc.,Economy,beach_vacation|holiday_trip,1,0,1,1,0.0,6.53,0.8513,0.1487,7.67,158,26,"Orlando, United States"
MGAR-2020-05-25,mrs-garner,1,0,1,city,2020-05-25,2020-05-29,2020,5,may,4,Orlando|United States,Orlando,United States,US,MCO,SFO,Americas,Northern America,Alaska Airlines Inc.,Economy,beach_vacation,1,0,0,1,0.0,6.53,0.8513,0.1487,7.2,158,26,"Orlando, United States"
MGAR-2020-12-22,mrs-garner,1,0,1,city,2020-12-22,2020-12-29,2020,12,december,7,Orlando|United States,Orlando,United States,US,MCO,SFO,Americas,Northern America,Alaska Airlines Inc.,Economy,beach_vacation|holiday_trip,1,0,1,1,0.0,6.53,0.8513,0.1487,7.67,158,26,"Orlando, United States"
MGAR-2021-05-31,mrs-garner,1,0,1,city,2021-05-31,2021-06-04,2021,5,may,4,Orlando|United States,Orlando,United States,US,MCO,SFO,Americas,Northern America,Alaska Airlines Inc.,Economy,beach_vacation,1,0,0,1,0.0,6.53,0.8513,0.1487,6.91,158,26,"Orlando, United States"
MGAR-2021-12-22,mrs-garner,1,0,1,city,2021-12-22,2021-12-29,2021,12,december,7,Orlando|United States,Orlando,United States,US,MCO,SFO,Americas,Northern America,Alaska Airlines Inc.,Economy,beach_vacation|holiday_trip,1,0,1,1,0.0,6.53,0.8513,0.1487,7.67,158,26,"Orlando, United States"
MGAR-2022-05-30,mrs-garner,1,0,1,city,2022-05-30,2022-06-03,2022,5,may,4,Orlando|United States,Orlando,United States,US,MCO,SFO,Americas,Northern America,Alaska Airlines Inc.,Economy,beach_vacation,1,0,0,1,0.0,6.53,0.8513,0.1487,6.98,158,26,"Orlando, United States"
MGAR-2022-12-22,mrs-garner,1,0,1,city,2022-12-22,2022-12-29,2022,12,december,7,Orlando|United States,Orlando,United States,US,MCO,SFO,Americas,Northern America,Alaska Airlines Inc.,Economy,beach_vacation|holiday_trip,1,0,1,1,0.0,6.53,0.8513,0.1487,7.67,158,26,"Orlando, United States"
MGAR-2023-05-29,mrs-garner,1,0,1,city,2023-05-29,2023-06-02,2023,5,may,4,Orlando|United States,Orlando,United States,US,MCO,SFO,Americas,Northern America,Alaska Airlines Inc.,Economy,beach_vacation,1,0,0,1,0.0,6.53,0.8513,0.1487,7.06,158,26,"Orlando, United States"
MGAR-2023-12-22,mrs-garner,1,0,1,city,2023-12-22,2023-12-29,2023,12,december,7,Orlando|United States,Orlando,United States,US,MCO,SFO,Americas,Northern America,Alaska Airlines Inc.,Economy,beach_vacation|holiday_trip,1,0,1,1,0.0,6.53,0.8513,0.1487,7.67,158,26,"Orlando, United States"
MGAR-2024-05-27,mrs-garner,1,0,1,city,2024-05-27,2024-05-31,2024,5,may,4,Orlando|United States,Orlando,United States,US,MCO,SFO,Americas,Northern America,Alaska Airlines Inc.,Economy,beach_vacation,1,0,0,1,0.0,6.53,0.8513,0.1487,7.2,158,26,"Orlando, United States"
MGAR-2024-12-22,mrs-garner,1,0,1,city,2024-12-22,2024-12-29,2024,12,december,7,Orlando|United States,Orlando,United States,US,MCO,SFO,Americas,Northern America,Alaska Airlines Inc.,Economy,beach_vacation|holiday_trip,1,0,1,1,0.0,6.53,0.8513,0.1487,7.67,158,26,"Orlando, United States"
MGAR-2025-05-26,mrs-garner,1,0,1,city,2025-05-26,2025-05-30,2025,5,may,4,Orlando|United States,Orlando,United States,US,MCO,SFO,Americas,Northern America,Alaska Airlines Inc.,Economy,beach_vacation,1,0,0,1,0.0,6.53,0.8513,0.1487,7.2,158,26,"Orlando, United States"
MGAR-2025-12-22,mrs-garner,1,0,1,city,2025-12-22,2025-12-29,2025,12,december,7,Orlando|United States,Orlando,United States,US,MCO,SFO,Americas,Northern America,Alaska Airlines Inc.,Economy,beach_vacation|holiday_trip,1,0,1,1,0.0,6.53,0.8513,0.1487,7.67,158,26,"Orlando, United States"
MGU-2017-01-14,mrs-guttingen,1,0,1,city,2017-01-14,2017-01-21,2017,1,january,7,San Jose del Cabo|Mexico,San Jose del Cabo,Mexico,MX,SJD,DEN,Americas,Central America,Southwest Airlines Co.,Economy,beach_vacation,1,0,0,1,2.89,4.48,0.5778,0.4222,,69,12,"San Jose del Cabo, Mexico"
MGU-2017-04-08,mrs-guttingen,1,0,1,city,2017-04-08,2017-04-12,2017,4,april,4,San Antonio|United States,San Antonio,United States,US,SAT,DEN,Americas,Northern America,Southwest Airlines Co.,Economy,,0,0,0,1,2.89,4.39,0.7068,0.2932,7.41,23,5,"San Antonio, United States"
MGU-2017-08-12,mrs-guttingen,1,0,1,city,2017-08-12,2017-08-17,2017,8,august,5,Seattle|United States,Seattle,United States,US,SEA,DEN,Americas,Northern America,Southwest Airlines Co.,Economy,beach_vacation,1,0,0,1,0.0,0.0,0.839,0.161,7.89,38,8,"Seattle, United States"
MGU-2017-10-14,mrs-guttingen,1,0,1,city,2017-10-14,2017-10-21,2017,10,october,7,Cancun|Mexico,Cancun,Mexico,MX,CUN,DEN,Americas,Central America,Southwest Airlines Co.,Economy,beach_vacation,1,0,0,1,0.0,2.83,0.6899,0.3101,6.81,173,36,"Cancun, Mexico"
MGU-2018-01-13,mrs-guttingen,1,0,1,city,2018-01-13,2018-01-20,2018,1,january,7,San Jose del Cabo|Mexico,San Jose del Cabo,Mexico,MX,SJD,DEN,Americas,Central America,Southwest Airlines Co.,Economy,beach_vacation,1,0,0,1,2.89,4.48,0.5778,0.4222,,69,12,"San Jose del Cabo, Mexico"
MGU-2018-04-14,mrs-guttingen,1,0,1,city,2018-04-14,2018-04-18,2018,4,april,4,San Antonio|United States,San Antonio,United States,US,SAT,DEN,Americas,Northern America,Southwest Airlines Co.,Economy,,0,0,0,1,2.89,4.39,0.7068,0.2932,7.41,23,5,"San Antonio, United States"
MGU-2018-08-11,mrs-guttingen,1,0,1,city,2018-08-11,2018-08-16,2018,8,august,5,Seattle|United States,Seattle,United States,US,SEA,DEN,Americas,Northern America,Southwest Airlines Co.,Economy,beach_vacation,1,0,0,1,0.0,0.0,0.839,0.161,7.89,38,8,"Seattle, United States"
MGU-2018-10-13,mrs-guttingen,1,0,1,city,2018-10-13,2018-10-20,2018,10,october,7,Cancun|Mexico,Cancun,Mexico,MX,CUN,DEN,Americas,Central America,Southwest Airlines Co.,Economy,beach_vacation,1,0,0,1,0.0,2.83,0.6899,0.3101,6.81,173,36,"Cancun, Mexico"
MGU-2019-01-12,mrs-guttingen,1,0,1,city,2019-01-12,2019-01-19,2019,1,january,7,San Jose del Cabo|Mexico,San Jose del Cabo,Mexico,MX,SJD,DEN,Americas,Central America,Southwest Airlines Co.,Economy,beach_vacation,1,0,0,1,2.89,4.48,0.5778,0.4222,,69,12,"San Jose del Cabo, Mexico"
MGU-2019-04-13,mrs-guttingen,1,0,1,city,2019-04-13,2019-04-17,2019,4,april,4,San Antonio|United States,San Antonio,United States,US,SAT,DEN,Americas,Northern America,Southwest Airlines Co.,Economy,,0,0,0,1,2.89,4.39,0.7068,0.2932,7.41,23,5,"San Antonio, United States"
MGU-2019-08-10,mrs-guttingen,1,0,1,city,2019-08-10,2019-08-15,2019,8,august,5,Seattle|United States,Seattle,United States,US,SEA,DEN,Americas,Northern America,Southwest Airlines Co.,Economy,beach_vacation,1,0,0,1,0.0,0.0,0.839,0.161,7.89,38,8,"Seattle, United States"
MGU-2019-10-12,mrs-guttingen,1,0,1,city,2019-10-12,2019-10-19,2019,10,october,7,Cancun|Mexico,Cancun,Mexico,MX,CUN,DEN,Americas,Central America,Southwest Airlines Co.,Economy,beach_vacation,1,0,0,1,0.0,2.83,0.6899,0.3101,6.81,173,36,"Cancun, Mexico"
MGU-2020-01-11,mrs-guttingen,1,0,1,city,2020-01-11,2020-01-18,2020,1,january,7,San Jose del Cabo|Mexico,San Jose del Cabo,Mexico,MX,SJD,DEN,Americas,Central America,Southwest Airlines Co.,Economy,beach_vacation,1,0,0,1,2.89,4.48,0.5778,0.4222,,69,12,"San Jose del Cabo, Mexico"
MGU-2020-04-11,mrs-guttingen,1,0,1,city,2020-04-11,2020-04-15,2020,4,april,4,San Antonio|United States,San Antonio,United States,US,SAT,DEN,Americas,Northern America,Southwest Airlines Co.,Economy,,0,0,0,1,2.89,4.39,0.7068,0.2932,7.41,23,5,"San Antonio, United States"
MGU-2020-08-08,mrs-guttingen,1,0,1,city,2020-08-08,2020-08-13,2020,8,august,5,Seattle|United States,Seattle,United States,US,SEA,DEN,Americas,Northern America,Southwest Airlines Co.,Economy,beach_vacation,1,0,0,1,0.0,0.0,0.839,0.161,7.89,38,8,"Seattle, United States"
MGU-2020-10-10,mrs-guttingen,1,0,1,city,2020-10-10,2020-10-17,2020,10,october,7,Cancun|Mexico,Cancun,Mexico,MX,CUN,DEN,Americas,Central America,Southwest Airlines Co.,Economy,beach_vacation,1,0,0,1,0.0,2.83,0.6899,0.3101,6.81,173,36,"Cancun, Mexico"
MGU-2021-01-09,mrs-guttingen,1,0,1,city,2021-01-09,2021-01-16,2021,1,january,7,San Jose del Cabo|Mexico,San Jose del Cabo,Mexico,MX,SJD,DEN,Americas,Central America,Southwest Airlines Co.,Economy,beach_vacation,1,0,0,1,2.89,4.48,0.5778,0.4222,,69,12,"San Jose del Cabo, Mexico"
MGU-2021-04-10,mrs-guttingen,1,0,1,city,2021-04-10,2021-04-14,2021,4,april,4,San Antonio|United States,San Antonio,United States,US,SAT,DEN,Americas,Northern America,Southwest Airlines Co.,Economy,,0,0,0,1,2.89,4.39,0.7068,0.2932,7.41,23,5,"San Antonio, United States"
MGU-2021-08-14,mrs-guttingen,1,0,1,city,2021-08-14,2021-08-19,2021,8,august,5,Seattle|United States,Seattle,United States,US,SEA,DEN,Americas,Northern America,Southwest Airlines Co.,Economy,beach_vacation,1,0,0,1,0.0,0.0,0.839,0.161,7.89,38,8,"Seattle, United States"
MGU-2021-10-09,mrs-guttingen,1,0,1,city,2021-10-09,2021-10-16,2021,10,october,7,Cancun|Mexico,Cancun,Mexico,MX,CUN,DEN,Americas,Central America,Southwest Airlines Co.,Economy,beach_vacation,1,0,0,1,0.0,2.83,0.6899,0.3101,6.81,173,36,"Cancun, Mexico"
MGU-2022-01-08,mrs-guttingen,1,0,1,city,2022-01-08,2022-01-15,2022,1,january,7,San Jose del Cabo|Mexico,San Jose del Cabo,Mexico,MX,SJD,DEN,Americas,Central America,Southwest Airlines Co.,Economy,beach_vacation,1,0,0,1,2.89,4.48,0.5778,0.4222,,69,12,"San Jose del Cabo, Mexico"
MGU-2022-04-09,mrs-guttingen,1,0,1,city,2022-04-09,2022-04-13,2022,4,april,4,San Antonio|United States,San Antonio,United States,US,SAT,DEN,Americas,Northern America,Southwest Airlines Co.,Economy,,0,0,0,1,2.89,4.39,0.7068,0.2932,7.41,23,5,"San Antonio, United States"
MGU-2022-08-13,mrs-guttingen,1,0,1,city,2022-08-13,2022-08-18,2022,8,august,5,Seattle|United States,Seattle,United States,US,SEA,DEN,Americas,Northern America,Southwest Airlines Co.,Economy,beach_vacation,1,0,0,1,0.0,0.0,0.839,0.161,7.89,38,8,"Seattle, United States"
MGU-2022-10-08,mrs-guttingen,1,0,1,city,2022-10-08,2022-10-15,2022,10,october,7,Cancun|Mexico,Cancun,Mexico,MX,CUN,DEN,Americas,Central America,Southwest Airlines Co.,Economy,beach_vacation,1,0,0,1,0.0,2.83,0.6899,0.3101,6.81,173,36,"Cancun, Mexico"
MGU-2023-01-14,mrs-guttingen,1,0,1,city,2023-01-14,2023-01-21,2023,1,january,7,San Jose del Cabo|Mexico,San Jose del Cabo,Mexico,MX,SJD,DEN,Americas,Central America,Southwest Airlines Co.,Economy,beach_vacation,1,0,0,1,2.89,4.48,0.5778,0.4222,,69,12,"San Jose del Cabo, Mexico"
MGU-2023-04-08,mrs-guttingen,1,0,1,city,2023-04-08,2023-04-12,2023,4,april,4,San Antonio|United States,San Antonio,United States,US,SAT,DEN,Americas,Northern America,Southwest Airlines Co.,Economy,,0,0,0,1,2.89,4.39,0.7068,0.2932,7.41,23,5,"San Antonio, United States"
MGU-2023-08-12,mrs-guttingen,1,0,1,city,2023-08-12,2023-08-17,2023,8,august,5,Seattle|United States,Seattle,United States,US,SEA,DEN,Americas,Northern America,Southwest Airlines Co.,Economy,beach_vacation,1,0,0,1,0.0,0.0,0.839,0.161,7.89,38,8,"Seattle, United States"
MGU-2023-10-14,mrs-guttingen,1,0,1,city,2023-10-14,2023-10-21,2023,10,october,7,Cancun|Mexico,Cancun,Mexico,MX,CUN,DEN,Americas,Central America,Southwest Airlines Co.,Economy,beach_vacation,1,0,0,1,0.0,2.83,0.6899,0.3101,6.81,173,36,"Cancun, Mexico"
MGU-2024-01-13,mrs-guttingen,1,0,1,city,2024-01-13,2024-01-20,2024,1,january,7,San Jose del Cabo|Mexico,San Jose del Cabo,Mexico,MX,SJD,DEN,Americas,Central America,Southwest Airlines Co.,Economy,beach_vacation,1,0,0,1,2.89,4.48,0.5778,0.4222,,69,12,"San Jose del Cabo, Mexico"
MGU-2024-04-13,mrs-guttingen,1,0,1,city,2024-04-13,2024-04-17,2024,4,april,4,San Antonio|United States,San Antonio,United States,US,SAT,DEN,Americas,Northern America,Southwest Airlines Co.,Economy,,0,0,0,1,2.89,4.39,0.7068,0.2932,7.41,23,5,"San Antonio, United States"
MGU-2024-08-10,mrs-guttingen,1,0,1,city,2024-08-10,2024-08-15,2024,8,august,5,Seattle|United States,Seattle,United States,US,SEA,DEN,Americas,Northern America,Southwest Airlines Co.,Economy,beach_vacation,1,0,0,1,0.0,0.0,0.839,0.161,7.89,38,8,"Seattle, United States"
MGU-2024-10-12,mrs-guttingen,1,0,1,city,2024-10-12,2024-10-19,2024,10,october,7,Cancun|Mexico,Cancun,Mexico,MX,CUN,DEN,Americas,Central America,Southwest Airlines Co.,Economy,beach_vacation,1,0,0,1,0.0,2.83,0.6899,0.3101,6.81,173,36,"Cancun, Mexico"
MGU-2025-01-11,mrs-guttingen,1,0,1,city,2025-01-11,2025-01-18,2025,1,january,7,San Jose del Cabo|Mexico,San Jose del Cabo,Mexico,MX,SJD,DEN,Americas,Central America,Southwest Airlines Co.,Economy,beach_vacation,1,0,0,1,2.89,4.48,0.5778,0.4222,,69,12,"San Jose del Cabo, Mexico"
MGU-2025-04-12,mrs-guttingen,1,0,1,city,2025-04-12,2025-04-16,2025,4,april,4,San Antonio|United States,San Antonio,United States,US,SAT,DEN,Americas,Northern America,Southwest Airlines Co.,Economy,,0,0,0,1,2.89,4.39,0.7068,0.2932,7.41,23,5,"San Antonio, United States"
MGU-2025-08-09,mrs-guttingen,1,0,1,city,2025-08-09,2025-08-14,2025,8,august,5,Seattle|United States,Seattle,United States,US,SEA,DEN,Americas,Northern America,Southwest Airlines Co.,Economy,beach_vacation,1,0,0,1,0.0,0.0,0.839,0.161,7.89,38,8,"Seattle, United States"
MGU-2025-10-11,mrs-guttingen,1,0,1,city,2025-10-11,2025-10-18,2025,10,october,7,Cancun|Mexico,Cancun,Mexico,MX,CUN,DEN,Americas,Central America,Southwest Airlines Co.,Economy,beach_vacation,1,0,0,1,0.0,2.83,0.6899,0.3101,6.81,173,36,"Cancun, Mexico"
MH-2019-02-09,mrs-hirsch,1,0,1,city,2019-02-09,2019-02-17,2019,2,february,8,Liberia|Costa Rica,Liberia,Costa Rica,CR,LIR,LAX,Americas,Central America,Alaska Airlines Inc.,Economy,,0,0,0,0,,,,,,8,2,"Liberia, Costa Rica"
MH-2019-05-11,mrs-hirsch,1,0,1,city,2019-05-11,2019-05-18,2019,5,may,7,Kailua-Kona|United States,Kailua-Kona,United States,US,KOA,LAX,Americas,Northern America,Alaska Airlines Inc.,Economy,,0,0,0,0,,,,,,8,2,"Kailua-Kona, United States"
MH-2019-09-14,mrs-hirsch,1,0,1,city,2019-09-14,2019-09-21,2019,9,september,7,Belize City|Belize,Belize City,Belize,BZ,BZE,LAX,Americas,Central America,Alaska Airlines Inc.,Economy,,0,0,0,0,,,,,,8,2,"Belize City, Belize"
MH-2019-11-09,mrs-hirsch,1,0,1,city,2019-11-09,2019-11-13,2019,11,november,4,Newark|United States,Newark,United States,US,EWR,LAX,Americas,Northern America,Alaska Airlines Inc.,Economy,,0,0,0,1,4.58,9.34,0.9263,0.0737,,18,5,"Newark, United States"
MH-2020-02-08,mrs-hirsch,1,0,1,city,2020-02-08,2020-02-16,2020,2,february,8,Liberia|Costa Rica,Liberia,Costa Rica,CR,LIR,LAX,Americas,Central America,Alaska Airlines Inc.,Economy,,0,0,0,0,,,,,,8,2,"Liberia, Costa Rica"
MH-2020-05-09,mrs-hirsch,1,0,1,city,2020-05-09,2020-05-16,2020,5,may,7,Kailua-Kona|United States,Kailua-Kona,United States,US,KOA,LAX,Americas,Northern America,Alaska Airlines Inc.,Economy,,0,0,0,0,,,,,,8,2,"Kailua-Kona, United States"
MH-2020-09-12,mrs-hirsch,1,0,1,city,2020-09-12,2020-09-19,2020,9,september,7,Belize City|Belize,Belize City,Belize,BZ,BZE,LAX,Americas,Central America,Alaska Airlines Inc.,Economy,,0,0,0,0,,,,,,8,2,"Belize City, Belize"
MH-2020-11-14,mrs-hirsch,1,0,1,city,2020-11-14,2020-11-18,2020,11,november,4,Newark|United States,Newark,United States,US,EWR,LAX,Americas,Northern America,Alaska Airlines Inc.,Economy,,0,0,0,1,4.58,9.34,0.9263,0.0737,,18,5,"Newark, United States"
MH-2021-02-13,mrs-hirsch,1,0,1,city,2021-02-13,2021-02-21,2021,2,february,8,Liberia|Costa Rica,Liberia,Costa Rica,CR,LIR,LAX,Americas,Central America,Alaska Airlines Inc.,Economy,,0,0,0,0,,,,,,8,2,"Liberia, Costa Rica"
MH-2021-05-08,mrs-hirsch,1,0,1,city,2021-05-08,2021-05-15,2021,5,may,7,Kailua-Kona|United States,Kailua-Kona,United States,US,KOA,LAX,Americas,Northern America,Alaska Airlines Inc.,Economy,,0,0,0,0,,,,,,8,2,"Kailua-Kona, United States"
MH-2021-09-11,mrs-hirsch,1,0,1,city,2021-09-11,2021-09-18,2021,9,september,7,Belize City|Belize,Belize City,Belize,BZ,BZE,LAX,Americas,Central America,Alaska Airlines Inc.,Economy,,0,0,0,0,,,,,,8,2,"Belize City, Belize"
MH-2021-11-13,mrs-hirsch,1,0,1,city,2021-11-13,2021-11-17,2021,11,november,4,Newark|United States,Newark,United States,US,EWR,LAX,Americas,Northern America,Alaska Airlines Inc.,Economy,,0,0,0,1,4.58,9.34,0.9263,0.0737,,18,5,"Newark, United States"
MH-2022-02-12,mrs-hirsch,1,0,1,city,2022-02-12,2022-02-20,2022,2,february,8,Liberia|Costa Rica,Liberia,Costa Rica,CR,LIR,LAX,Americas,Central America,Alaska Airlines Inc.,Economy,,0,0,0,0,,,,,,8,2,"Liberia, Costa Rica"
MH-2022-05-14,mrs-hirsch,1,0,1,city,2022-05-14,2022-05-21,2022,5,may,7,Kailua-Kona|United States,Kailua-Kona,United States,US,KOA,LAX,Americas,Northern America,Alaska Airlines Inc.,Economy,,0,0,0,0,,,,,,8,2,"Kailua-Kona, United States"
MH-2022-09-10,mrs-hirsch,1,0,1,city,2022-09-10,2022-09-17,2022,9,september,7,Belize City|Belize,Belize City,Belize,BZ,BZE,LAX,Americas,Central America,Alaska Airlines Inc.,Economy,,0,0,0,0,,,,,,8,2,"Belize City, Belize"
MH-2022-11-12,mrs-hirsch,1,0,1,city,2022-11-12,2022-11-16,2022,11,november,4,Newark|United States,Newark,United States,US,EWR,LAX,Americas,Northern America,Alaska Airlines Inc.,Economy,,0,0,0,1,4.58,9.34,0.9263,0.0737,,18,5,"Newark, United States"
MH-2023-02-11,mrs-hirsch,1,0,1,city,2023-02-11,2023-02-19,2023,2,february,8,Liberia|Costa Rica,Liberia,Costa Rica,CR,LIR,LAX,Americas,Central America,Alaska Airlines Inc.,Economy,,0,0,0,0,,,,,,8,2,"Liberia, Costa Rica"
MH-2023-05-13,mrs-hirsch,1,0,1,city,2023-05-13,2023-05-20,2023,5,may,7,Kailua-Kona|United States,Kailua-Kona,United States,US,KOA,LAX,Americas,Northern America,Alaska Airlines Inc.,Economy,,0,0,0,0,,,,,,8,2,"Kailua-Kona, United States"
MH-2023-09-09,mrs-hirsch,1,0,1,city,2023-09-09,2023-09-16,2023,9,september,7,Belize City|Belize,Belize City,Belize,BZ,BZE,LAX,Americas,Central America,Alaska Airlines Inc.,Economy,,0,0,0,0,,,,,,8,2,"Belize City, Belize"
MH-2023-11-11,mrs-hirsch,1,0,1,city,2023-11-11,2023-11-15,2023,11,november,4,Newark|United States,Newark,United States,US,EWR,LAX,Americas,Northern America,Alaska Airlines Inc.,Economy,,0,0,0,1,4.58,9.34,0.9263,0.0737,,18,5,"Newark, United States"
MH-2024-02-10,mrs-hirsch,1,0,1,city,2024-02-10,2024-02-18,2024,2,february,8,Liberia|Costa Rica,Liberia,Costa Rica,CR,LIR,LAX,Americas,Central America,Alaska Airlines Inc.,Economy,,0,0,0,0,,,,,,8,2,"Liberia, Costa Rica"
MH-2024-05-11,mrs-hirsch,1,0,1,city,2024-05-11,2024-05-18,2024,5,may,7,Kailua-Kona|United States,Kailua-Kona,United States,US,KOA,LAX,Americas,Northern America,Alaska Airlines Inc.,Economy,,0,0,0,0,,,,,,8,2,"Kailua-Kona, United States"
MH-2024-09-14,mrs-hirsch,1,0,1,city,2024-09-14,2024-09-21,2024,9,september,7,Belize City|Belize,Belize City,Belize,BZ,BZE,LAX,Americas,Central America,Alaska Airlines Inc.,Economy,,0,0,0,0,,,,,,8,2,"Belize City, Belize"
MH-2024-11-09,mrs-hirsch,1,0,1,city,2024-11-09,2024-11-13,2024,11,november,4,Newark|United States,Newark,United States,US,EWR,LAX,Americas,Northern America,Alaska Airlines Inc.,Economy,,0,0,0,1,4.58,9.34,0.9263,0.0737,,18,5,"Newark, United States"
MH-2025-02-08,mrs-hirsch,1,0,1,city,2025-02-08,2025-02-16,2025,2,february,8,Liberia|Costa Rica,Liberia,Costa Rica,CR,LIR,LAX,Americas,Central America,Alaska Airlines Inc.,Economy,,0,0,0,0,,,,,,8,2,"Liberia, Costa Rica"
MH-2025-05-10,mrs-hirsch,1,0,1,city,2025-05-10,2025-05-17,2025,5,may,7,Kailua-Kona|United States,Kailua-Kona,United States,US,KOA,LAX,Americas,Northern America,Alaska Airlines Inc.,Economy,,0,0,0,0,,,,,,8,2,"Kailua-Kona, United States"
MH-2025-09-13,mrs-hirsch,1,0,1,city,2025-09-13,2025-09-20,2025,9,september,7,Belize City|Belize,Belize City,Belize,BZ,BZE,LAX,Americas,Central America,Alaska Airlines Inc.,Economy,,0,0,0,0,,,,,,8,2,"Belize City, Belize"
MH-2025-11-08,mrs-hirsch,1,0,1,city,2025-11-08,2025-11-12,2025,11,november,4,Newark|United States,Newark,United States,US,EWR,LAX,Americas,Northern America,Alaska Airlines Inc.,Economy,,0,0,0,1,4.58,9.34,0.9263,0.0737,,18,5,"Newark, United States"
MME-2019-03-09,mrs-meyers,1,0,1,city,2019-03-09,2019-03-16,2019,3,march,7,Cancun|Mexico,Cancun,Mexico,MX,CUN,STL,Americas,Central America,Southwest Airlines Co.,Economy,beach_vacation,1,0,0,1,0.0,2.83,0.6899,0.3101,7.62,173,36,"Cancun, Mexico"
MME-2019-06-08,mrs-meyers,1,0,1,city,2019-06-08,2019-06-12,2019,6,june,4,Orlando|United States,Orlando,United States,US,MCO,STL,Americas,Northern America,Southwest Airlines Co.,Economy,beach_vacation,1,0,0,1,0.0,6.53,0.8513,0.1487,6.84,158,26,"Orlando, United States"
MME-2019-10-12,mrs-meyers,1,0,1,city,2019-10-12,2019-10-16,2019,10,october,4,Phoenix|United States,Phoenix,United States,US,PHX,STL,Americas,Northern America,Southwest Airlines Co.,Economy,,0,0,0,1,2.89,0.0,0.8296,0.1704,8.0,48,12,"Phoenix, United States"
MME-2020-03-14,mrs-meyers,1,0,1,city,2020-03-14,2020-03-21,2020,3,march,7,Cancun|Mexico,Cancun,Mexico,MX,CUN,STL,Americas,Central America,Southwest Airlines Co.,Economy,beach_vacation,1,0,0,1,0.0,2.83,0.6899,0.3101,7.62,173,36,"Cancun, Mexico"
MME-2020-06-13,mrs-meyers,1,0,1,city,2020-06-13,2020-06-17,2020,6,june,4,Orlando|United States,Orlando,United States,US,MCO,STL,Americas,Northern America,Southwest Airlines Co.,Economy,beach_vacation,1,0,0,1,0.0,6.53,0.8513,0.1487,6.84,158,26,"Orlando, United States"
MME-2020-10-10,mrs-meyers,1,0,1,city,2020-10-10,2020-10-14,2020,10,october,4,Phoenix|United States,Phoenix,United States,US,PHX,STL,Americas,Northern America,Southwest Airlines Co.,Economy,,0,0,0,1,2.89,0.0,0.8296,0.1704,8.0,48,12,"Phoenix, United States"
MME-2021-03-13,mrs-meyers,1,0,1,city,2021-03-13,2021-03-20,2021,3,march,7,Cancun|Mexico,Cancun,Mexico,MX,CUN,STL,Americas,Central America,Southwest Airlines Co.,Economy,beach_vacation,1,0,0,1,0.0,2.83,0.6899,0.3101,7.62,173,36,"Cancun, Mexico"
MME-2021-06-12,mrs-meyers,1,0,1,city,2021-06-12,2021-06-16,2021,6,june,4,Orlando|United States,Orlando,United States,US,MCO,STL,Americas,Northern America,Southwest Airlines Co.,Economy,beach_vacation,1,0,0,1,0.0,6.53,0.8513,0.1487,6.84,158,26,"Orlando, United States"
MME-2021-10-09,mrs-meyers,1,0,1,city,2021-10-09,2021-10-13,2021,10,october,4,Phoenix|United States,Phoenix,United States,US,PHX,STL,Americas,Northern America,Southwest Airlines Co.,Economy,,0,0,0,1,2.89,0.0,0.8296,0.1704,8.0,48,12,"Phoenix, United States"
MME-2022-03-12,mrs-meyers,1,0,1,city,2022-03-12,2022-03-19,2022,3,march,7,Cancun|Mexico,Cancun,Mexico,MX,CUN,STL,Americas,Central America,Southwest Airlines Co.,Economy,beach_vacation,1,0,0,1,0.0,2.83,0.6899,0.3101,7.62,173,36,"Cancun, Mexico"
MME-2022-06-11,mrs-meyers,1,0,1,city,2022-06-11,2022-06-15,2022,6,june,4,Orlando|United States,Orlando,United States,US,MCO,STL,Americas,Northern America,Southwest Airlines Co.,Economy,beach_vacation,1,0,0,1,0.0,6.53,0.8513,0.1487,6.84,158,26,"Orlando, United States"
MME-2022-10-08,mrs-meyers,1,0,1,city,2022-10-08,2022-10-12,2022,10,october,4,Phoenix|United States,Phoenix,United States,US,PHX,STL,Americas,Northern America,Southwest Airlines Co.,Economy,,0,0,0,1,2.89,0.0,0.8296,0.1704,8.0,48,12,"Phoenix, United States"
MME-2023-03-11,mrs-meyers,1,0,1,city,2023-03-11,2023-03-18,2023,3,march,7,Cancun|Mexico,Cancun,Mexico,MX,CUN,STL,Americas,Central America,Southwest Airlines Co.,Economy,beach_vacation,1,0,0,1,0.0,2.83,0.6899,0.3101,7.62,173,36,"Cancun, Mexico"
MME-2023-06-10,mrs-meyers,1,0,1,city,2023-06-10,2023-06-14,2023,6,june,4,Orlando|United States,Orlando,United States,US,MCO,STL,Americas,Northern America,Southwest Airlines Co.,Economy,beach_vacation,1,0,0,1,0.0,6.53,0.8513,0.1487,6.84,158,26,"Orlando, United States"
MME-2023-10-14,mrs-meyers,1,0,1,city,2023-10-14,2023-10-18,2023,10,october,4,Phoenix|United States,Phoenix,United States,US,PHX,STL,Americas,Northern America,Southwest Airlines Co.,Economy,,0,0,0,1,2.89,0.0,0.8296,0.1704,8.0,48,12,"Phoenix, United States"
MME-2024-03-09,mrs-meyers,1,0,1,city,2024-03-09,2024-03-16,2024,3,march,7,Cancun|Mexico,Cancun,Mexico,MX,CUN,STL,Americas,Central America,Southwest Airlines Co.,Economy,beach_vacation,1,0,0,1,0.0,2.83,0.6899,0.3101,7.62,173,36,"Cancun, Mexico"
MME-2024-06-08,mrs-meyers,1,0,1,city,2024-06-08,2024-06-12,2024,6,june,4,Orlando|United States,Orlando,United States,US,MCO,STL,Americas,Northern America,Southwest Airlines Co.,Economy,beach_vacation,1,0,0,1,0.0,6.53,0.8513,0.1487,6.84,158,26,"Orlando, United States"
MME-2024-10-12,mrs-meyers,1,0,1,city,2024-10-12,2024-10-16,2024,10,october,4,Phoenix|United States,Phoenix,United States,US,PHX,STL,Americas,Northern America,Southwest Airlines Co.,Economy,,0,0,0,1,2.89,0.0,0.8296,0.1704,8.0,48,12,"Phoenix, United States"
MME-2025-03-08,mrs-meyers,1,0,1,city,2025-03-08,2025-03-15,2025,3,march,7,Cancun|Mexico,Cancun,Mexico,MX,CUN,STL,Americas,Central America,Southwest Airlines Co.,Economy,beach_vacation,1,0,0,1,0.0,2.83,0.6899,0.3101,7.62,173,36,"Cancun, Mexico"
MME-2025-06-14,mrs-meyers,1,0,1,city,2025-06-14,2025-06-18,2025,6,june,4,Orlando|United States,Orlando,United States,US,MCO,STL,Americas,Northern America,Southwest Airlines Co.,Economy,beach_vacation,1,0,0,1,0.0,6.53,0.8513,0.1487,6.84,158,26,"Orlando, United States"
MME-2025-10-11,mrs-meyers,1,0,1,city,2025-10-11,2025-10-15,2025,10,october,4,Phoenix|United States,Phoenix,United States,US,PHX,STL,Americas,Northern America,Southwest Airlines Co.,Economy,,0,0,0,1,2.89,0.0,0.8296,0.1704,8.0,48,12,"Phoenix, United States"
SKMS-2024-01-27,mrs-smith,1,0,1,city,2024-01-27,2024-02-03,2024,1,january,7,Denver|United States,Denver,United States,US,DEN,ATL,Americas,Northern America,Delta Air Lines Inc.,Economy,ski_trip,0,1,0,1,0.0,5.91,0.8445,0.1555,6.25,105,24,"Denver, United States"
SKMS-2025-01-25,mrs-smith,1,0,1,city,2025-01-25,2025-02-01,2025,1,january,7,Denver|United States,Denver,United States,US,DEN,ATL,Americas,Northern America,Delta Air Lines Inc.,Economy,ski_trip,0,1,0,1,0.0,5.91,0.8445,0.1555,6.21,105,24,"Denver, United States"
SKMS-2026-01-24,mrs-smith,1,0,1,city,2026-01-24,2026-01-31,2026,1,january,7,Denver|United States,Denver,United States,US,DEN,ATL,Americas,Northern America,Delta Air Lines Inc.,Economy,ski_trip,0,1,0,1,0.0,5.91,0.8445,0.1555,6.19,105,24,"Denver, United States"
MW-2017-02-11,mrs-walker,1,0,1,city,2017-02-11,2017-02-16,2017,2,february,5,Nassau|Bahamas,Nassau,Bahamas,BS,NAS,MCO,Americas,Caribbean,Southwest Airlines Co.,Economy,beach_vacation,1,0,0,1,0.0,0.0,0.657,0.343,,14,2,"Nassau, Bahamas"
MW-2017-05-13,mrs-walker,1,0,1,city,2017-05-13,2017-05-17,2017,5,may,4,Baltimore|United States,Baltimore,United States,US,BWI,MCO,Americas,Northern America,Southwest Airlines Co.,Economy,,0,0,0,1,0.0,0.0,0.8833,0.1167,6.8,9,1,"Baltimore, United States"
MW-2017-09-09,mrs-walker,1,0,1,city,2017-09-09,2017-09-17,2017,9,september,8,San Jose|Costa Rica,San Jose,Costa Rica,CR,SJO,MCO,Americas,Central America,Southwest Airlines Co.,Economy,beach_vacation,1,0,0,1,0.0,0.0,0.6926,0.3074,6.22,14,2,"San Jose, Costa Rica"
MW-2017-11-11,mrs-walker,1,0,1,city,2017-11-11,2017-11-15,2017,11,november,4,St. Louis|United States,St. Louis,United States,US,STL,MCO,Americas,Northern America,Southwest Airlines Co.,Economy,,0,0,0,1,2.89,0.0,0.7539,0.2461,7.15,14,2,"St. Louis, United States"
MW-2018-02-10,mrs-walker,1,0,1,city,2018-02-10,2018-02-15,2018,2,february,5,Nassau|Bahamas,Nassau,Bahamas,BS,NAS,MCO,Americas,Caribbean,Southwest Airlines Co.,Economy,beach_vacation,1,0,0,1,0.0,0.0,0.657,0.343,,14,2,"Nassau, Bahamas"
MW-2018-05-12,mrs-walker,1,0,1,city,2018-05-12,2018-05-16,2018,5,may,4,Baltimore|United States,Baltimore,United States,US,BWI,MCO,Americas,Northern America,Southwest Airlines Co.,Economy,,0,0,0,1,0.0,0.0,0.8833,0.1167,6.8,9,1,"Baltimore, United States"
MW-2018-09-08,mrs-walker,1,0,1,city,2018-09-08,2018-09-16,2018,9,september,8,San Jose|Costa Rica,San Jose,Costa Rica,CR,SJO,MCO,Americas,Central America,Southwest Airlines Co.,Economy,beach_vacation,1,0,0,1,0.0,0.0,0.6926,0.3074,6.22,14,2,"San Jose, Costa Rica"
MW-2018-11-10,mrs-walker,1,0,1,city,2018-11-10,2018-11-14,2018,11,november,4,St. Louis|United States,St. Louis,United States,US,STL,MCO,Americas,Northern America,Southwest Airlines Co.,Economy,,0,0,0,1,2.89,0.0,0.7539,0.2461,7.15,14,2,"St. Louis, United States"
MW-2019-02-09,mrs-walker,1,0,1,city,2019-02-09,2019-02-14,2019,2,february,5,Nassau|Bahamas,Nassau,Bahamas,BS,NAS,MCO,Americas,Caribbean,Southwest Airlines Co.,Economy,beach_vacation,1,0,0,1,0.0,0.0,0.657,0.343,,14,2,"Nassau, Bahamas"
MW-2019-05-11,mrs-walker,1,0,1,city,2019-05-11,2019-05-15,2019,5,may,4,Baltimore|United States,Baltimore,United States,US,BWI,MCO,Americas,Northern America,Southwest Airlines Co.,Economy,,0,0,0,1,0.0,0.0,0.8833,0.1167,6.8,9,1,"Baltimore, United States"
MW-2019-09-14,mrs-walker,1,0,1,city,2019-09-14,2019-09-22,2019,9,september,8,San Jose|Costa Rica,San Jose,Costa Rica,CR,SJO,MCO,Americas,Central America,Southwest Airlines Co.,Economy,beach_vacation,1,0,0,1,0.0,0.0,0.6926,0.3074,6.22,14,2,"San Jose, Costa Rica"
MW-2019-11-09,mrs-walker,1,0,1,city,2019-11-09,2019-11-13,2019,11,november,4,St. Louis|United States,St. Louis,United States,US,STL,MCO,Americas,Northern America,Southwest Airlines Co.,Economy,,0,0,0,1,2.89,0.0,0.7539,0.2461,7.15,14,2,"St. Louis, United States"
MW-2020-02-08,mrs-walker,1,0,1,city,2020-02-08,2020-02-13,2020,2,february,5,Nassau|Bahamas,Nassau,Bahamas,BS,NAS,MCO,Americas,Caribbean,Southwest Airlines Co.,Economy,beach_vacation,1,0,0,1,0.0,0.0,0.657,0.343,,14,2,"Nassau, Bahamas"
MW-2020-05-09,mrs-walker,1,0,1,city,2020-05-09,2020-05-13,2020,5,may,4,Baltimore|United States,Baltimore,United States,US,BWI,MCO,Americas,Northern America,Southwest Airlines Co.,Economy,,0,0,0,1,0.0,0.0,0.8833,0.1167,6.8,9,1,"Baltimore, United States"
MW-2020-09-12,mrs-walker,1,0,1,city,2020-09-12,2020-09-20,2020,9,september,8,San Jose|Costa Rica,San Jose,Costa Rica,CR,SJO,MCO,Americas,Central America,Southwest Airlines Co.,Economy,beach_vacation,1,0,0,1,0.0,0.0,0.6926,0.3074,6.22,14,2,"San Jose, Costa Rica"
MW-2020-11-14,mrs-walker,1,0,1,city,2020-11-14,2020-11-18,2020,11,november,4,St. Louis|United States,St. Louis,United States,US,STL,MCO,Americas,Northern America,Southwest Airlines Co.,Economy,,0,0,0,1,2.89,0.0,0.7539,0.2461,7.15,14,2,"St. Louis, United States"
MW-2021-02-13,mrs-walker,1,0,1,city,2021-02-13,2021-02-18,2021,2,february,5,Nassau|Bahamas,Nassau,Bahamas,BS,NAS,MCO,Americas,Caribbean,Southwest Airlines Co.,Economy,beach_vacation,1,0,0,1,0.0,0.0,0.657,0.343,,14,2,"Nassau, Bahamas"
MW-2021-05-08,mrs-walker,1,0,1,city,2021-05-08,2021-05-12,2021,5,may,4,Baltimore|United States,Baltimore,United States,US,BWI,MCO,Americas,Northern America,Southwest Airlines Co.,Economy,,0,0,0,1,0.0,0.0,0.8833,0.1167,6.8,9,1,"Baltimore, United States"
MW-2021-09-11,mrs-walker,1,0,1,city,2021-09-11,2021-09-19,2021,9,september,8,San Jose|Costa Rica,San Jose,Costa Rica,CR,SJO,MCO,Americas,Central America,Southwest Airlines Co.,Economy,beach_vacation,1,0,0,1,0.0,0.0,0.6926,0.3074,6.22,14,2,"San Jose, Costa Rica"
MW-2021-11-13,mrs-walker,1,0,1,city,2021-11-13,2021-11-17,2021,11,november,4,St. Louis|United States,St. Louis,United States,US,STL,MCO,Americas,Northern America,Southwest Airlines Co.,Economy,,0,0,0,1,2.89,0.0,0.7539,0.2461,7.15,14,2,"St. Louis, United States"
MW-2022-02-12,mrs-walker,1,0,1,city,2022-02-12,2022-02-17,2022,2,february,5,Nassau|Bahamas,Nassau,Bahamas,BS,NAS,MCO,Americas,Caribbean,Southwest Airlines Co.,Economy,beach_vacation,1,0,0,1,0.0,0.0,0.657,0.343,,14,2,"Nassau, Bahamas"
MW-2022-05-14,mrs-walker,1,0,1,city,2022-05-14,2022-05-18,2022,5,may,4,Baltimore|United States,Baltimore,United States,US,BWI,MCO,Americas,Northern America,Southwest Airlines Co.,Economy,,0,0,0,1,0.0,0.0,0.8833,0.1167,6.8,9,1,"Baltimore, United States"
MW-2022-09-10,mrs-walker,1,0,1,city,2022-09-10,2022-09-18,2022,9,september,8,San Jose|Costa Rica,San Jose,Costa Rica,CR,SJO,MCO,Americas,Central America,Southwest Airlines Co.,Economy,beach_vacation,1,0,0,1,0.0,0.0,0.6926,0.3074,6.22,14,2,"San Jose, Costa Rica"
MW-2022-11-12,mrs-walker,1,0,1,city,2022-11-12,2022-11-16,2022,11,november,4,St. Louis|United States,St. Louis,United States,US,STL,MCO,Americas,Northern America,Southwest Airlines Co.,Economy,,0,0,0,1,2.89,0.0,0.7539,0.2461,7.15,14,2,"St. Louis, United States"
MW-2023-02-11,mrs-walker,1,0,1,city,2023-02-11,2023-02-16,2023,2,february,5,Nassau|Bahamas,Nassau,Bahamas,BS,NAS,MCO,Americas,Caribbean,Southwest Airlines Co.,Economy,beach_vacation,1,0,0,1,0.0,0.0,0.657,0.343,,14,2,"Nassau, Bahamas"
MW-2023-05-13,mrs-walker,1,0,1,city,2023-05-13,2023-05-17,2023,5,may,4,Baltimore|United States,Baltimore,United States,US,BWI,MCO,Americas,Northern America,Southwest Airlines Co.,Economy,,0,0,0,1,0.0,0.0,0.8833,0.1167,6.8,9,1,"Baltimore, United States"
MW-2023-09-09,mrs-walker,1,0,1,city,2023-09-09,2023-09-17,2023,9,september,8,San Jose|Costa Rica,San Jose,Costa Rica,CR,SJO,MCO,Americas,Central America,Southwest Airlines Co.,Economy,beach_vacation,1,0,0,1,0.0,0.0,0.6926,0.3074,6.22,14,2,"San Jose, Costa Rica"
MW-2023-11-11,mrs-walker,1,0,1,city,2023-11-11,2023-11-15,2023,11,november,4,St. Louis|United States,St. Louis,United States,US,STL,MCO,Americas,Northern America,Southwest Airlines Co.,Economy,,0,0,0,1,2.89,0.0,0.7539,0.2461,7.15,14,2,"St. Louis, United States"
MW-2024-02-10,mrs-walker,1,0,1,city,2024-02-10,2024-02-15,2024,2,february,5,Nassau|Bahamas,Nassau,Bahamas,BS,NAS,MCO,Americas,Caribbean,Southwest Airlines Co.,Economy,beach_vacation,1,0,0,1,0.0,0.0,0.657,0.343,,14,2,"Nassau, Bahamas"
MW-2024-05-11,mrs-walker,1,0,1,city,2024-05-11,2024-05-15,2024,5,may,4,Baltimore|United States,Baltimore,United States,US,BWI,MCO,Americas,Northern America,Southwest Airlines Co.,Economy,,0,0,0,1,0.0,0.0,0.8833,0.1167,6.8,9,1,"Baltimore, United States"
MW-2024-09-14,mrs-walker,1,0,1,city,2024-09-14,2024-09-22,2024,9,september,8,San Jose|Costa Rica,San Jose,Costa Rica,CR,SJO,MCO,Americas,Central America,Southwest Airlines Co.,Economy,beach_vacation,1,0,0,1,0.0,0.0,0.6926,0.3074,6.22,14,2,"San Jose, Costa Rica"
MW-2024-11-09,mrs-walker,1,0,1,city,2024-11-09,2024-11-13,2024,11,november,4,St. Louis|United States,St. Louis,United States,US,STL,MCO,Americas,Northern America,Southwest Airlines Co.,Economy,,0,0,0,1,2.89,0.0,0.7539,0.2461,7.15,14,2,"St. Louis, United States"
MW-2025-02-08,mrs-walker,1,0,1,city,2025-02-08,2025-02-13,2025,2,february,5,Nassau|Bahamas,Nassau,Bahamas,BS,NAS,MCO,Americas,Caribbean,Southwest Airlines Co.,Economy,beach_vacation,1,0,0,1,0.0,0.0,0.657,0.343,,14,2,"Nassau, Bahamas"
MW-2025-05-10,mrs-walker,1,0,1,city,2025-05-10,2025-05-14,2025,5,may,4,Baltimore|United States,Baltimore,United States,US,BWI,MCO,Americas,Northern America,Southwest Airlines Co.,Economy,,0,0,0,1,0.0,0.0,0.8833,0.1167,6.8,9,1,"Baltimore, United States"
MW-2025-09-13,mrs-walker,1,0,1,city,2025-09-13,2025-09-21,2025,9,september,8,San Jose|Costa Rica,San Jose,Costa Rica,CR,SJO,MCO,Americas,Central America,Southwest Airlines Co.,Economy,beach_vacation,1,0,0,1,0.0,0.0,0.6926,0.3074,6.22,14,2,"San Jose, Costa Rica"
MW-2025-11-08,mrs-walker,1,0,1,city,2025-11-08,2025-11-12,2025,11,november,4,St. Louis|United States,St. Louis,United States,US,STL,MCO,Americas,Northern America,Southwest Airlines Co.,Economy,,0,0,0,1,2.89,0.0,0.7539,0.2461,7.15,14,2,"St. Louis, United States"
OK-2024-07-22,na-hye-sok,1,0,0,region,2024-07-22,2024-07-28,2024,7,july,6,Bali|Indonesia,Bali,Indonesia,ID,,,Asia,South-eastern Asia,,Economy,,0,0,0,1,2.89,0.0,0.3416,0.6584,6.9,12,12,Bali
OPD-2021-01-13,nadia-fedor,1,0,1,city,2021-01-13,2021-01-20,2021,1,january,7,London|United Kingdom,London,United Kingdom,GB,LHR,DEN,Europe,Northern Europe,American Airlines Inc.,Economy,,0,0,0,1,6.71,9.54,0.8673,0.1327,6.65,135,33,"London, United Kingdom"
OPD-2021-04-28,nadia-fedor,1,0,1,city,2021-04-28,2021-05-05,2021,4,april,7,Keflavik|Iceland,Keflavik,Iceland,IS,KEF,DEN,Europe,Northern Europe,Icelandair,Economy,,0,0,0,0,,,,,,11,3,"Keflavik, Iceland"
OPD-2021-06-09,nadia-fedor,1,0,1,city,2021-06-09,2021-06-14,2021,6,june,5,Mexico City|Mexico,Mexico City,Mexico,MX,MEX,DEN,Americas,Central America,United Air Lines Inc.,Economy,,0,0,0,1,8.12,6.87,0.7046,0.2954,6.69,43,13,"Mexico City, Mexico"
OPD-2021-07-14,nadia-fedor,1,0,1,city,2021-07-14,2021-07-19,2021,7,july,5,Cancun|Mexico,Cancun,Mexico,MX,CUN,DEN,Americas,Central America,Frontier Airlines Inc.,Economy,beach_vacation,1,0,0,1,0.0,2.83,0.6899,0.3101,7.2,173,36,"Cancun, Mexico"
OPD-2021-08-25,nadia-fedor,1,0,1,city,2021-08-25,2021-08-30,2021,8,august,5,Orlando|United States,Orlando,United States,US,MCO,DEN,Americas,Northern America,Frontier Airlines Inc.,Economy,beach_vacation,1,0,0,1,0.0,6.53,0.8513,0.1487,6.84,158,26,"Orlando, United States"
OPD-2022-01-12,nadia-fedor,1,0,1,city,2022-01-12,2022-01-19,2022,1,january,7,London|United Kingdom,London,United Kingdom,GB,LHR,DEN,Europe,Northern Europe,British Airways Plc,Economy,,0,0,0,1,6.71,9.54,0.8673,0.1327,6.65,135,33,"London, United Kingdom"
OPD-2022-04-27,nadia-fedor,1,0,1,city,2022-04-27,2022-05-04,2022,4,april,7,Keflavik|Iceland,Keflavik,Iceland,IS,KEF,DEN,Europe,Northern Europe,Icelandair,Economy,,0,0,0,0,,,,,,11,3,"Keflavik, Iceland"
OPD-2022-06-08,nadia-fedor,1,0,1,city,2022-06-08,2022-06-13,2022,6,june,5,Mexico City|Mexico,Mexico City,Mexico,MX,MEX,DEN,Americas,Central America,United Air Lines Inc.,Economy,,0,0,0,1,8.12,6.87,0.7046,0.2954,6.69,43,13,"Mexico City, Mexico"
OPD-2022-07-13,nadia-fedor,1,0,1,city,2022-07-13,2022-07-18,2022,7,july,5,Cancun|Mexico,Cancun,Mexico,MX,CUN,DEN,Americas,Central America,United Air Lines Inc.,Economy,beach_vacation,1,0,0,1,0.0,2.83,0.6899,0.3101,7.2,173,36,"Cancun, Mexico"
OPD-2022-08-31,nadia-fedor,1,0,1,city,2022-08-31,2022-09-05,2022,8,august,5,Orlando|United States,Orlando,United States,US,MCO,DEN,Americas,Northern America,Spirit Air Lines,Economy,beach_vacation,1,0,0,1,0.0,6.53,0.8513,0.1487,6.81,158,26,"Orlando, United States"
OPD-2023-01-11,nadia-fedor,1,0,1,city,2023-01-11,2023-01-18,2023,1,january,7,London|United Kingdom,London,United Kingdom,GB,LHR,DEN,Europe,Northern Europe,Iberia Air Lines Of Spain,Economy,,0,0,0,1,6.71,9.54,0.8673,0.1327,6.65,135,33,"London, United Kingdom"
OPD-2023-04-26,nadia-fedor,1,0,1,city,2023-04-26,2023-05-03,2023,4,april,7,Keflavik|Iceland,Keflavik,Iceland,IS,KEF,DEN,Europe,Northern Europe,Icelandair,Economy,,0,0,0,0,,,,,,11,3,"Keflavik, Iceland"
OPD-2023-06-14,nadia-fedor,1,0,1,city,2023-06-14,2023-06-19,2023,6,june,5,Mexico City|Mexico,Mexico City,Mexico,MX,MEX,DEN,Americas,Central America,United Air Lines Inc.,Economy,,0,0,0,1,8.12,6.87,0.7046,0.2954,6.69,43,13,"Mexico City, Mexico"
OPD-2023-07-12,nadia-fedor,1,0,1,city,2023-07-12,2023-07-17,2023,7,july,5,Cancun|Mexico,Cancun,Mexico,MX,CUN,DEN,Americas,Central America,Southwest Airlines Co.,Economy,beach_vacation,1,0,0,1,0.0,2.83,0.6899,0.3101,7.2,173,36,"Cancun, Mexico"
OPD-2023-08-30,nadia-fedor,1,0,1,city,2023-08-30,2023-09-04,2023,8,august,5,Orlando|United States,Orlando,United States,US,MCO,DEN,Americas,Northern America,United Air Lines Inc.,Economy,beach_vacation,1,0,0,1,0.0,6.53,0.8513,0.1487,6.82,158,26,"Orlando, United States"
OPD-2024-01-10,nadia-fedor,1,0,1,city,2024-01-10,2024-01-17,2024,1,january,7,London|United Kingdom,London,United Kingdom,GB,LHR,DEN,Europe,Northern Europe,United Air Lines Inc.,Economy,,0,0,0,1,6.71,9.54,0.8673,0.1327,6.65,135,33,"London, United Kingdom"
OPD-2024-04-24,nadia-fedor,1,0,1,city,2024-04-24,2024-05-01,2024,4,april,7,Keflavik|Iceland,Keflavik,Iceland,IS,KEF,DEN,Europe,Northern Europe,Icelandair,Economy,,0,0,0,0,,,,,,11,3,"Keflavik, Iceland"
OPD-2024-06-12,nadia-fedor,1,0,1,city,2024-06-12,2024-06-17,2024,6,june,5,Mexico City|Mexico,Mexico City,Mexico,MX,MEX,DEN,Americas,Central America,United Air Lines Inc.,Economy,,0,0,0,1,8.12,6.87,0.7046,0.2954,6.69,43,13,"Mexico City, Mexico"
OPD-2024-07-10,nadia-fedor,1,0,1,city,2024-07-10,2024-07-15,2024,7,july,5,Cancun|Mexico,Cancun,Mexico,MX,CUN,DEN,Americas,Central America,Frontier Airlines Inc.,Economy,beach_vacation,1,0,0,1,0.0,2.83,0.6899,0.3101,7.2,173,36,"Cancun, Mexico"
OPD-2024-08-28,nadia-fedor,1,0,1,city,2024-08-28,2024-09-02,2024,8,august,5,Orlando|United States,Orlando,United States,US,MCO,DEN,Americas,Northern America,Southwest Airlines Co.,Economy,beach_vacation,1,0,0,1,0.0,6.53,0.8513,0.1487,6.83,158,26,"Orlando, United States"
OPD-2025-01-08,nadia-fedor,1,0,1,city,2025-01-08,2025-01-15,2025,1,january,7,London|United Kingdom,London,United Kingdom,GB,LHR,DEN,Europe,Northern Europe,American Airlines Inc.,Economy,,0,0,0,1,6.71,9.54,0.8673,0.1327,6.65,135,33,"London, United Kingdom"
OPD-2025-04-30,nadia-fedor,1,0,1,city,2025-04-30,2025-05-07,2025,4,april,7,Keflavik|Iceland,Keflavik,Iceland,IS,KEF,DEN,Europe,Northern Europe,Icelandair,Economy,,0,0,0,0,,,,,,11,3,"Keflavik, Iceland"
OPD-2025-06-11,nadia-fedor,1,0,1,city,2025-06-11,2025-06-16,2025,6,june,5,Mexico City|Mexico,Mexico City,Mexico,MX,MEX,DEN,Americas,Central America,United Air Lines Inc.,Economy,,0,0,0,1,8.12,6.87,0.7046,0.2954,6.69,43,13,"Mexico City, Mexico"
OPD-2025-07-09,nadia-fedor,1,0,1,city,2025-07-09,2025-07-14,2025,7,july,5,Cancun|Mexico,Cancun,Mexico,MX,CUN,DEN,Americas,Central America,United Air Lines Inc.,Economy,beach_vacation,1,0,0,1,0.0,2.83,0.6899,0.3101,7.2,173,36,"Cancun, Mexico"
OPD-2025-08-27,nadia-fedor,1,0,1,city,2025-08-27,2025-09-01,2025,8,august,5,Orlando|United States,Orlando,United States,US,MCO,DEN,Americas,Northern America,Frontier Airlines Inc.,Economy,beach_vacation,1,0,0,1,0.0,6.53,0.8513,0.1487,6.83,158,26,"Orlando, United States"
DNS-2021-08-08,nancy-sikes,1,0,1,city,2021-08-08,2021-08-20,2021,8,august,12,Nice|France,Nice,France,FR,NCE,JFK,Europe,Western Europe,Delta Air Lines Inc.,Economy,beach_vacation,1,0,0,1,4.58,7.7,0.5467,0.4533,8.17,9,7,"Nice, France"
DNS-2022-08-10,nancy-sikes,1,0,1,city,2022-08-10,2022-08-24,2022,8,august,14,Barcelona|Spain,Barcelona,Spain,ES,BCN,JFK,Europe,Southern Europe,Delta Air Lines Inc.,Economy,beach_vacation,1,0,0,1,5.78,7.69,0.7358,0.2642,7.99,38,20,"Barcelona, Spain"
DNS-2023-08-05,nancy-sikes,1,0,1,city,2023-08-05,2023-08-15,2023,8,august,10,Lisbon|Portugal,Lisbon,Portugal,PT,LIS,JFK,Europe,Southern Europe,Delta Air Lines Inc.,Economy,beach_vacation,1,0,0,1,5.78,6.42,0.6677,0.3323,8.3,48,16,"Lisbon, Portugal"
DNS-2024-08-12,nancy-sikes,1,0,1,city,2024-08-12,2024-08-25,2024,8,august,13,Venice|Italy,Venice,Italy,IT,VCE,JFK,Europe,Southern Europe,Delta Air Lines Inc.,Economy,beach_vacation,1,0,0,1,7.47,6.95,0.6157,0.3843,,5,5,"Venice, Italy"
DNS-2025-08-09,nancy-sikes,1,0,1,city,2025-08-09,2025-08-20,2025,8,august,11,Madrid|Spain,Madrid,Spain,ES,MAD,JFK,Europe,Southern Europe,Delta Air Lines Inc.,Economy,,0,0,0,1,6.71,8.22,0.7462,0.2538,7.07,51,18,"Madrid, Spain"
NAR-2019-03-07,narcissus,1,0,1,city,2019-03-07,2019-03-16,2019,3,march,9,Lisbon|Portugal,Lisbon,Portugal,PT,LIS,EWR,Europe,Southern Europe,TAP-TAP Air Portugal,Economy,,0,0,0,1,5.78,6.42,0.6677,0.3323,6.48,48,16,"Lisbon, Portugal"
NAR-2019-07-15,narcissus,1,0,1,city,2019-07-15,2019-07-21,2019,7,july,6,Orlando|United States,Orlando,United States,US,MCO,EWR,Americas,Northern America,United Air Lines Inc.,Economy,beach_vacation,1,0,0,1,0.0,6.53,0.8513,0.1487,7.03,158,26,"Orlando, United States"
NAR-2019-10-22,narcissus,1,0,1,city,2019-10-22,2019-10-29,2019,10,october,7,Dublin|Ireland,Dublin,Ireland,IE,DUB,EWR,Europe,Northern Europe,United Air Lines Inc.,Economy,,0,0,0,1,2.89,6.4,0.7288,0.2712,6.52,32,14,"Dublin, Ireland"
NAR-2020-03-11,narcissus,1,0,1,city,2020-03-11,2020-03-14,2020,3,march,3,Charlotte|United States,Charlotte,United States,US,CLT,EWR,Americas,Northern America,American Airlines Inc.,Economy,,0,0,0,1,0.0,4.18,0.816,0.184,7.51,15,3,"Charlotte, United States"
NAR-2020-07-18,narcissus,1,0,1,city,2020-07-18,2020-07-25,2020,7,july,7,Cancun|Mexico,Cancun,Mexico,MX,CUN,EWR,Americas,Central America,United Air Lines Inc.,Economy,beach_vacation,1,0,0,1,0.0,2.83,0.6899,0.3101,7.2,173,36,"Cancun, Mexico"
NAR-2020-10-04,narcissus,1,0,1,city,2020-10-04,2020-10-09,2020,10,october,5,San Francisco|United States,San Francisco,United States,US,SFO,EWR,Americas,Northern America,United Air Lines Inc.,Economy,,0,0,0,1,0.0,8.13,0.8552,0.1448,7.66,40,9,"San Francisco, United States"
NAR-2021-03-07,narcissus,1,0,1,city,2021-03-07,2021-03-16,2021,3,march,9,Lisbon|Portugal,Lisbon,Portugal,PT,LIS,EWR,Europe,Southern Europe,United Air Lines Inc.,Economy,,0,0,0,1,5.78,6.42,0.6677,0.3323,6.48,48,16,"Lisbon, Portugal"
NAR-2021-07-15,narcissus,1,0,1,city,2021-07-15,2021-07-21,2021,7,july,6,Orlando|United States,Orlando,United States,US,MCO,EWR,Americas,Northern America,Spirit Air Lines,Economy,beach_vacation,1,0,0,1,0.0,6.53,0.8513,0.1487,7.03,158,26,"Orlando, United States"
NAR-2021-10-22,narcissus,1,0,1,city,2021-10-22,2021-10-29,2021,10,october,7,Dublin|Ireland,Dublin,Ireland,IE,DUB,EWR,Europe,Northern Europe,Aer Lingus Plc,Economy,,0,0,0,1,2.89,6.4,0.7288,0.2712,6.52,32,14,"Dublin, Ireland"
NAR-2022-03-11,narcissus,1,0,1,city,2022-03-11,2022-03-14,2022,3,march,3,Charlotte|United States,Charlotte,United States,US,CLT,EWR,Americas,Northern America,United Air Lines Inc.,Economy,,0,0,0,1,0.0,4.18,0.816,0.184,7.51,15,3,"Charlotte, United States"
NAR-2022-07-18,narcissus,1,0,1,city,2022-07-18,2022-07-25,2022,7,july,7,Cancun|Mexico,Cancun,Mexico,MX,CUN,EWR,Americas,Central America,JetBlue Airways,Economy,beach_vacation,1,0,0,1,0.0,2.83,0.6899,0.3101,7.2,173,36,"Cancun, Mexico"
NAR-2022-10-04,narcissus,1,0,1,city,2022-10-04,2022-10-09,2022,10,october,5,San Francisco|United States,San Francisco,United States,US,SFO,EWR,Americas,Northern America,Alaska Airlines Inc.,Economy,,0,0,0,1,0.0,8.13,0.8552,0.1448,7.66,40,9,"San Francisco, United States"
NAR-2023-03-07,narcissus,1,0,1,city,2023-03-07,2023-03-16,2023,3,march,9,Lisbon|Portugal,Lisbon,Portugal,PT,LIS,EWR,Europe,Southern Europe,TAP-TAP Air Portugal,Economy,,0,0,0,1,5.78,6.42,0.6677,0.3323,6.48,48,16,"Lisbon, Portugal"
NAR-2023-07-15,narcissus,1,0,1,city,2023-07-15,2023-07-21,2023,7,july,6,Orlando|United States,Orlando,United States,US,MCO,EWR,Americas,Northern America,JetBlue Airways,Economy,beach_vacation,1,0,0,1,0.0,6.53,0.8513,0.1487,7.03,158,26,"Orlando, United States"
NAR-2023-10-22,narcissus,1,0,1,city,2023-10-22,2023-10-29,2023,10,october,7,Dublin|Ireland,Dublin,Ireland,IE,DUB,EWR,Europe,Northern Europe,United Air Lines Inc.,Economy,,0,0,0,1,2.89,6.4,0.7288,0.2712,6.52,32,14,"Dublin, Ireland"
NAR-2024-03-11,narcissus,1,0,1,city,2024-03-11,2024-03-14,2024,3,march,3,Charlotte|United States,Charlotte,United States,US,CLT,EWR,Americas,Northern America,Spirit Air Lines,Economy,,0,0,0,1,0.0,4.18,0.816,0.184,7.51,15,3,"Charlotte, United States"
NAR-2024-07-18,narcissus,1,0,1,city,2024-07-18,2024-07-25,2024,7,july,7,Cancun|Mexico,Cancun,Mexico,MX,CUN,EWR,Americas,Central America,United Air Lines Inc.,Economy,beach_vacation,1,0,0,1,0.0,2.83,0.6899,0.3101,7.2,173,36,"Cancun, Mexico"
NAR-2024-10-04,narcissus,1,0,1,city,2024-10-04,2024-10-09,2024,10,october,5,San Francisco|United States,San Francisco,United States,US,SFO,EWR,Americas,Northern America,United Air Lines Inc.,Economy,,0,0,0,1,0.0,8.13,0.8552,0.1448,7.66,40,9,"San Francisco, United States"
NAR-2025-03-07,narcissus,1,0,1,city,2025-03-07,2025-03-16,2025,3,march,9,Lisbon|Portugal,Lisbon,Portugal,PT,LIS,EWR,Europe,Southern Europe,United Air Lines Inc.,Economy,,0,0,0,1,5.78,6.42,0.6677,0.3323,6.48,48,16,"Lisbon, Portugal"
NAR-2025-07-15,narcissus,1,0,1,city,2025-07-15,2025-07-21,2025,7,july,6,Orlando|United States,Orlando,United States,US,MCO,EWR,Americas,Northern America,Frontier Airlines Inc.,Economy,beach_vacation,1,0,0,1,0.0,6.53,0.8513,0.1487,7.03,158,26,"Orlando, United States"
NAR-2025-10-22,narcissus,1,0,1,city,2025-10-22,2025-10-29,2025,10,october,7,Dublin|Ireland,Dublin,Ireland,IE,DUB,EWR,Europe,Northern Europe,Aer Lingus Plc,Economy,,0,0,0,1,2.89,6.4,0.7288,0.2712,6.52,32,14,"Dublin, Ireland"
SR2-2024-07-15,natalia-ginzburg,1,0,0,city,2024-07-15,2024-07-23,2024,7,july,8,Rome|Italy,Rome,Italy,IT,,,Europe,Southern Europe,,Economy,,0,0,0,1,8.67,7.27,0.7587,0.2413,8.2,49,25,"Rome, Italy"
OPL-2021-01-13,ned-land,1,0,1,city,2021-01-13,2021-01-20,2021,1,january,7,Paris|France,Paris,France,FR,CDG,SFO,Europe,Western Europe,Compagnie Natl Air France,Economy,,0,0,0,1,6.71,9.93,0.8396,0.1604,6.24,72,28,"Paris, France"
OPL-2021-03-03,ned-land,1,0,1,city,2021-03-03,2021-03-10,2021,3,march,7,Tokyo|Japan,Tokyo,Japan,JP,NRT,SFO,Asia,Eastern Asia,United Air Lines Inc.,Economy,,0,0,0,1,2.89,9.99,0.7993,0.2007,6.78,80,22,"Tokyo, Japan"
OPL-2021-04-28,ned-land,1,0,1,city,2021-04-28,2021-05-05,2021,4,april,7,Barcelona|Spain,Barcelona,Spain,ES,BCN,SFO,Europe,Southern Europe,Iberia Air Lines Of Spain,Economy,,0,0,0,1,5.78,7.69,0.7358,0.2642,7.8,38,20,"Barcelona, Spain"
OPL-2021-05-26,ned-land,1,0,1,city,2021-05-26,2021-06-02,2021,5,may,7,Lisbon|Portugal,Lisbon,Portugal,PT,LIS,SFO,Europe,Southern Europe,TAP-TAP Air Portugal,Economy,beach_vacation,1,0,0,1,5.78,6.42,0.6677,0.3323,8.08,48,16,"Lisbon, Portugal"
OPL-2021-08-25,ned-land,1,0,1,city,2021-08-25,2021-08-30,2021,8,august,5,Cancun|Mexico,Cancun,Mexico,MX,CUN,SFO,Americas,Central America,United Air Lines Inc.,Economy,beach_vacation,1,0,0,1,0.0,2.83,0.6899,0.3101,6.97,173,36,"Cancun, Mexico"
OPL-2022-01-12,ned-land,1,0,1,city,2022-01-12,2022-01-19,2022,1,january,7,Paris|France,Paris,France,FR,CDG,SFO,Europe,Western Europe,Delta Air Lines Inc.,Economy,,0,0,0,1,6.71,9.93,0.8396,0.1604,6.24,72,28,"Paris, France"
OPL-2022-03-02,ned-land,1,0,1,city,2022-03-02,2022-03-09,2022,3,march,7,Tokyo|Japan,Tokyo,Japan,JP,NRT,SFO,Asia,Eastern Asia,United Air Lines Inc.,Economy,,0,0,0,1,2.89,9.99,0.7993,0.2007,6.78,80,22,"Tokyo, Japan"
OPL-2022-04-27,ned-land,1,0,1,city,2022-04-27,2022-05-04,2022,4,april,7,Barcelona|Spain,Barcelona,Spain,ES,BCN,SFO,Europe,Southern Europe,Iberia Air Lines Of Spain,Economy,,0,0,0,1,5.78,7.69,0.7358,0.2642,7.81,38,20,"Barcelona, Spain"
OPL-2022-05-25,ned-land,1,0,1,city,2022-05-25,2022-06-01,2022,5,may,7,Lisbon|Portugal,Lisbon,Portugal,PT,LIS,SFO,Europe,Southern Europe,TAP-TAP Air Portugal,Economy,beach_vacation,1,0,0,1,5.78,6.42,0.6677,0.3323,8.04,48,16,"Lisbon, Portugal"
OPL-2022-08-31,ned-land,1,0,1,city,2022-08-31,2022-09-05,2022,8,august,5,Cancun|Mexico,Cancun,Mexico,MX,CUN,SFO,Americas,Central America,United Air Lines Inc.,Economy,beach_vacation,1,0,0,1,0.0,2.83,0.6899,0.3101,6.88,173,36,"Cancun, Mexico"
OPL-2023-01-11,ned-land,1,0,1,city,2023-01-11,2023-01-18,2023,1,january,7,Paris|France,Paris,France,FR,CDG,SFO,Europe,Western Europe,United Air Lines Inc.,Economy,,0,0,0,1,6.71,9.93,0.8396,0.1604,6.24,72,28,"Paris, France"
OPL-2023-03-01,ned-land,1,0,1,city,2023-03-01,2023-03-08,2023,3,march,7,Tokyo|Japan,Tokyo,Japan,JP,NRT,SFO,Asia,Eastern Asia,United Air Lines Inc.,Economy,,0,0,0,1,2.89,9.99,0.7993,0.2007,6.78,80,22,"Tokyo, Japan"
OPL-2023-04-26,ned-land,1,0,1,city,2023-04-26,2023-05-03,2023,4,april,7,Barcelona|Spain,Barcelona,Spain,ES,BCN,SFO,Europe,Southern Europe,Iberia Air Lines Of Spain,Economy,,0,0,0,1,5.78,7.69,0.7358,0.2642,7.82,38,20,"Barcelona, Spain"
OPL-2023-05-31,ned-land,1,0,1,city,2023-05-31,2023-06-07,2023,5,may,7,Lisbon|Portugal,Lisbon,Portugal,PT,LIS,SFO,Europe,Southern Europe,TAP-TAP Air Portugal,Economy,beach_vacation,1,0,0,1,5.78,6.42,0.6677,0.3323,8.3,48,16,"Lisbon, Portugal"
OPL-2023-08-30,ned-land,1,0,1,city,2023-08-30,2023-09-04,2023,8,august,5,Cancun|Mexico,Cancun,Mexico,MX,CUN,SFO,Americas,Central America,United Air Lines Inc.,Economy,beach_vacation,1,0,0,1,0.0,2.83,0.6899,0.3101,6.9,173,36,"Cancun, Mexico"
OPL-2024-01-10,ned-land,1,0,1,city,2024-01-10,2024-01-17,2024,1,january,7,Paris|France,Paris,France,FR,CDG,SFO,Europe,Western Europe,Compagnie Natl Air France,Economy,,0,0,0,1,6.71,9.93,0.8396,0.1604,6.24,72,28,"Paris, France"
OPL-2024-03-06,ned-land,1,0,1,city,2024-03-06,2024-03-13,2024,3,march,7,Tokyo|Japan,Tokyo,Japan,JP,NRT,SFO,Asia,Eastern Asia,United Air Lines Inc.,Economy,,0,0,0,1,2.89,9.99,0.7993,0.2007,6.78,80,22,"Tokyo, Japan"
OPL-2024-04-24,ned-land,1,0,1,city,2024-04-24,2024-05-01,2024,4,april,7,Barcelona|Spain,Barcelona,Spain,ES,BCN,SFO,Europe,Southern Europe,Iberia Air Lines Of Spain,Economy,,0,0,0,1,5.78,7.69,0.7358,0.2642,7.85,38,20,"Barcelona, Spain"
OPL-2024-05-29,ned-land,1,0,1,city,2024-05-29,2024-06-05,2024,5,may,7,Lisbon|Portugal,Lisbon,Portugal,PT,LIS,SFO,Europe,Southern Europe,TAP-TAP Air Portugal,Economy,beach_vacation,1,0,0,1,5.78,6.42,0.6677,0.3323,8.21,48,16,"Lisbon, Portugal"
OPL-2024-08-28,ned-land,1,0,1,city,2024-08-28,2024-09-02,2024,8,august,5,Cancun|Mexico,Cancun,Mexico,MX,CUN,SFO,Americas,Central America,United Air Lines Inc.,Economy,beach_vacation,1,0,0,1,0.0,2.83,0.6899,0.3101,6.93,173,36,"Cancun, Mexico"
OPL-2025-01-08,ned-land,1,0,1,city,2025-01-08,2025-01-15,2025,1,january,7,Paris|France,Paris,France,FR,CDG,SFO,Europe,Western Europe,Delta Air Lines Inc.,Economy,,0,0,0,1,6.71,9.93,0.8396,0.1604,6.24,72,28,"Paris, France"
OPL-2025-03-05,ned-land,1,0,1,city,2025-03-05,2025-03-12,2025,3,march,7,Tokyo|Japan,Tokyo,Japan,JP,NRT,SFO,Asia,Eastern Asia,United Air Lines Inc.,Economy,,0,0,0,1,2.89,9.99,0.7993,0.2007,6.78,80,22,"Tokyo, Japan"
OPL-2025-04-30,ned-land,1,0,1,city,2025-04-30,2025-05-07,2025,4,april,7,Barcelona|Spain,Barcelona,Spain,ES,BCN,SFO,Europe,Southern Europe,Iberia Air Lines Of Spain,Economy,,0,0,0,1,5.78,7.69,0.7358,0.2642,7.77,38,20,"Barcelona, Spain"
OPL-2025-05-28,ned-land,1,0,1,city,2025-05-28,2025-06-04,2025,5,may,7,Lisbon|Portugal,Lisbon,Portugal,PT,LIS,SFO,Europe,Southern Europe,TAP-TAP Air Portugal,Economy,beach_vacation,1,0,0,1,5.78,6.42,0.6677,0.3323,8.17,48,16,"Lisbon, Portugal"
OPL-2025-08-27,ned-land,1,0,1,city,2025-08-27,2025-09-01,2025,8,august,5,Cancun|Mexico,Cancun,Mexico,MX,CUN,SFO,Americas,Central America,United Air Lines Inc.,Economy,beach_vacation,1,0,0,1,0.0,2.83,0.6899,0.3101,6.95,173,36,"Cancun, Mexico"
LN1-2022-02-14,nguyen-du,1,0,0,city,2022-02-14,2022-02-20,2022,2,february,7,Bangkok|Thailand,Bangkok,Thailand,TH,,,Asia,South-eastern Asia,,Economy,,0,0,0,1,0.0,8.47,0.4205,0.5795,7.59,10,9,Bangkok
AN-2022-09-10,nhok-them,1,0,0,city,2022-09-10,2022-09-15,2022,9,september,5,Phnom Penh|Cambodia,Phnom Penh,Cambodia,KH,,,Asia,South-eastern Asia,,Economy,,0,0,0,1,2.89,0.0,0.3177,0.6823,6.03,3,2,Phnom Penh
HNA-2021-06-18,nick-adams,1,0,1,city,2021-06-18,2021-06-20,2021,6,june,2,Traverse City|United States,Traverse City,United States,US,TVC,ORD,Americas,Northern America,United Air Lines Inc.,Economy,,0,0,0,0,,,,,,25,2,"Traverse City, United States"
HNA-2021-09-03,nick-adams,1,0,1,city,2021-09-03,2021-09-06,2021,9,september,3,Traverse City|United States,Traverse City,United States,US,TVC,ORD,Americas,Northern America,United Air Lines Inc.,Economy,,0,0,0,0,,,,,,25,2,"Traverse City, United States"
HNA-2021-10-08,nick-adams,1,0,1,city,2021-10-08,2021-10-11,2021,10,october,3,Traverse City|United States,Traverse City,United States,US,TVC,ORD,Americas,Northern America,United Air Lines Inc.,Economy,,0,0,0,0,,,,,,25,2,"Traverse City, United States"
HNA-2022-06-17,nick-adams,1,0,1,city,2022-06-17,2022-06-19,2022,6,june,2,Traverse City|United States,Traverse City,United States,US,TVC,ORD,Americas,Northern America,United Air Lines Inc.,Economy,,0,0,0,0,,,,,,25,2,"Traverse City, United States"
HNA-2022-09-02,nick-adams,1,0,1,city,2022-09-02,2022-09-05,2022,9,september,3,Traverse City|United States,Traverse City,United States,US,TVC,ORD,Americas,Northern America,United Air Lines Inc.,Economy,,0,0,0,0,,,,,,25,2,"Traverse City, United States"
HNA-2022-10-07,nick-adams,1,0,1,city,2022-10-07,2022-10-10,2022,10,october,3,Traverse City|United States,Traverse City,United States,US,TVC,ORD,Americas,Northern America,United Air Lines Inc.,Economy,,0,0,0,0,,,,,,25,2,"Traverse City, United States"
HNA-2023-06-16,nick-adams,1,0,1,city,2023-06-16,2023-06-18,2023,6,june,2,Traverse City|United States,Traverse City,United States,US,TVC,ORD,Americas,Northern America,United Air Lines Inc.,Economy,,0,0,0,0,,,,,,25,2,"Traverse City, United States"
HNA-2023-09-01,nick-adams,1,0,1,city,2023-09-01,2023-09-04,2023,9,september,3,Traverse City|United States,Traverse City,United States,US,TVC,ORD,Americas,Northern America,United Air Lines Inc.,Economy,,0,0,0,0,,,,,,25,2,"Traverse City, United States"
HNA-2023-10-06,nick-adams,1,0,1,city,2023-10-06,2023-10-09,2023,10,october,3,Traverse City|United States,Traverse City,United States,US,TVC,ORD,Americas,Northern America,United Air Lines Inc.,Economy,,0,0,0,0,,,,,,25,2,"Traverse City, United States"
HNA-2024-06-14,nick-adams,1,0,1,city,2024-06-14,2024-06-16,2024,6,june,2,Traverse City|United States,Traverse City,United States,US,TVC,ORD,Americas,Northern America,United Air Lines Inc.,Economy,,0,0,0,0,,,,,,25,2,"Traverse City, United States"
HNA-2024-08-30,nick-adams,1,0,1,city,2024-08-30,2024-09-02,2024,8,august,3,Traverse City|United States,Traverse City,United States,US,TVC,ORD,Americas,Northern America,United Air Lines Inc.,Economy,,0,0,0,0,,,,,,25,2,"Traverse City, United States"
HNA-2024-10-11,nick-adams,1,0,1,city,2024-10-11,2024-10-14,2024,10,october,3,Traverse City|United States,Traverse City,United States,US,TVC,ORD,Americas,Northern America,United Air Lines Inc.,Economy,,0,0,0,0,,,,,,25,2,"Traverse City, United States"
HNA-2025-06-13,nick-adams,1,0,1,city,2025-06-13,2025-06-15,2025,6,june,2,Traverse City|United States,Traverse City,United States,US,TVC,ORD,Americas,Northern America,United Air Lines Inc.,Economy,,0,0,0,0,,,,,,25,2,"Traverse City, United States"
HNA-2025-08-29,nick-adams,1,0,1,city,2025-08-29,2025-09-01,2025,8,august,3,Traverse City|United States,Traverse City,United States,US,TVC,ORD,Americas,Northern America,United Air Lines Inc.,Economy,,0,0,0,0,,,,,,25,2,"Traverse City, United States"
HNA-2025-10-10,nick-adams,1,0,1,city,2025-10-10,2025-10-13,2025,10,october,3,Traverse City|United States,Traverse City,United States,US,TVC,ORD,Americas,Northern America,United Air Lines Inc.,Economy,,0,0,0,0,,,,,,25,2,"Traverse City, United States"
LC-2022-08-12,nieh-hualing,1,0,0,region,2022-08-12,2022-08-20,2022,8,august,8,Bali|Indonesia,Bali,Indonesia,ID,,,Asia,South-eastern Asia,,Economy,,0,0,0,1,2.89,0.0,0.3416,0.6584,7.14,12,12,Bali
NB-2016-06-11,niels-bohr,1,0,1,city,2016-06-11,2016-06-21,2016,6,june,10,Lisbon|Portugal,Lisbon,Portugal,PT,LIS,PHL,Europe,Southern Europe,American Airlines Inc.,Economy,beach_vacation,1,0,0,1,5.78,6.42,0.6677,0.3323,8.35,48,16,"Lisbon, Portugal"
NB-2017-06-10,niels-bohr,1,0,1,city,2017-06-10,2017-06-20,2017,6,june,10,Lisbon|Portugal,Lisbon,Portugal,PT,LIS,PHL,Europe,Southern Europe,American Airlines Inc.,Economy,beach_vacation,1,0,0,1,5.78,6.42,0.6677,0.3323,8.35,48,16,"Lisbon, Portugal"
NB-2018-06-09,niels-bohr,1,0,1,city,2018-06-09,2018-06-19,2018,6,june,10,Lisbon|Portugal,Lisbon,Portugal,PT,LIS,PHL,Europe,Southern Europe,American Airlines Inc.,Economy,beach_vacation,1,0,0,1,5.78,6.42,0.6677,0.3323,8.35,48,16,"Lisbon, Portugal"
NB-2019-06-08,niels-bohr,1,0,1,city,2019-06-08,2019-06-18,2019,6,june,10,Lisbon|Portugal,Lisbon,Portugal,PT,LIS,PHL,Europe,Southern Europe,American Airlines Inc.,Economy,beach_vacation,1,0,0,1,5.78,6.42,0.6677,0.3323,8.35,48,16,"Lisbon, Portugal"
NB-2020-06-13,niels-bohr,1,0,1,city,2020-06-13,2020-06-23,2020,6,june,10,Lisbon|Portugal,Lisbon,Portugal,PT,LIS,PHL,Europe,Southern Europe,American Airlines Inc.,Economy,beach_vacation,1,0,0,1,5.78,6.42,0.6677,0.3323,8.35,48,16,"Lisbon, Portugal"
NB-2021-06-12,niels-bohr,1,0,1,city,2021-06-12,2021-06-22,2021,6,june,10,Lisbon|Portugal,Lisbon,Portugal,PT,LIS,PHL,Europe,Southern Europe,American Airlines Inc.,Economy,beach_vacation,1,0,0,1,5.78,6.42,0.6677,0.3323,8.35,48,16,"Lisbon, Portugal"
NB-2022-06-11,niels-bohr,1,0,1,city,2022-06-11,2022-06-21,2022,6,june,10,Lisbon|Portugal,Lisbon,Portugal,PT,LIS,PHL,Europe,Southern Europe,American Airlines Inc.,Economy,beach_vacation,1,0,0,1,5.78,6.42,0.6677,0.3323,8.35,48,16,"Lisbon, Portugal"
NB-2023-06-10,niels-bohr,1,0,1,city,2023-06-10,2023-06-20,2023,6,june,10,Lisbon|Portugal,Lisbon,Portugal,PT,LIS,PHL,Europe,Southern Europe,American Airlines Inc.,Economy,beach_vacation,1,0,0,1,5.78,6.42,0.6677,0.3323,8.35,48,16,"Lisbon, Portugal"
NB-2024-06-08,niels-bohr,1,0,1,city,2024-06-08,2024-06-18,2024,6,june,10,Lisbon|Portugal,Lisbon,Portugal,PT,LIS,PHL,Europe,Southern Europe,American Airlines Inc.,Economy,beach_vacation,1,0,0,1,5.78,6.42,0.6677,0.3323,8.35,48,16,"Lisbon, Portugal"
NB-2025-06-14,niels-bohr,1,0,1,city,2025-06-14,2025-06-24,2025,6,june,10,Lisbon|Portugal,Lisbon,Portugal,PT,LIS,PHL,Europe,Southern Europe,American Airlines Inc.,Economy,beach_vacation,1,0,0,1,5.78,6.42,0.6677,0.3323,8.35,48,16,"Lisbon, Portugal"
NT-2017-02-11,nikola-tesla,1,0,1,city,2017-02-11,2017-02-18,2017,2,february,7,Cancun|Mexico,Cancun,Mexico,MX,CUN,DFW,Americas,Central America,American Airlines Inc.,Economy,beach_vacation,1,0,0,1,0.0,2.83,0.6899,0.3101,7.44,173,36,"Cancun, Mexico"
NT-2017-04-08,nikola-tesla,1,0,1,city,2017-04-08,2017-04-12,2017,4,april,4,San Antonio|United States,San Antonio,United States,US,SAT,DFW,Americas,Northern America,American Airlines Inc.,Economy,,0,0,0,1,2.89,4.39,0.7068,0.2932,7.41,23,5,"San Antonio, United States"
NT-2017-07-08,nikola-tesla,1,0,1,city,2017-07-08,2017-07-17,2017,7,july,9,London|United Kingdom,London,United Kingdom,GB,LHR,DFW,Europe,Northern Europe,American Airlines Inc.,Economy,beach_vacation,1,0,0,1,6.71,9.54,0.8673,0.1327,7.7,135,33,"London, United Kingdom"
NT-2017-10-14,nikola-tesla,1,0,1,city,2017-10-14,2017-10-18,2017,10,october,4,Nashville|United States,Nashville,United States,US,BNA,DFW,Americas,Northern America,American Airlines Inc.,Economy,,0,0,0,1,0.0,4.96,0.7552,0.2448,7.42,14,3,"Nashville, United States"
NT-2018-02-10,nikola-tesla,1,0,1,city,2018-02-10,2018-02-17,2018,2,february,7,Cancun|Mexico,Cancun,Mexico,MX,CUN,DFW,Americas,Central America,American Airlines Inc.,Economy,beach_vacation,1,0,0,1,0.0,2.83,0.6899,0.3101,7.44,173,36,"Cancun, Mexico"
NT-2018-04-14,nikola-tesla,1,0,1,city,2018-04-14,2018-04-18,2018,4,april,4,San Antonio|United States,San Antonio,United States,US,SAT,DFW,Americas,Northern America,American Airlines Inc.,Economy,,0,0,0,1,2.89,4.39,0.7068,0.2932,7.41,23,5,"San Antonio, United States"
NT-2018-07-14,nikola-tesla,1,0,1,city,2018-07-14,2018-07-23,2018,7,july,9,London|United Kingdom,London,United Kingdom,GB,LHR,DFW,Europe,Northern Europe,American Airlines Inc.,Economy,beach_vacation,1,0,0,1,6.71,9.54,0.8673,0.1327,7.7,135,33,"London, United Kingdom"
NT-2018-10-13,nikola-tesla,1,0,1,city,2018-10-13,2018-10-17,2018,10,october,4,Nashville|United States,Nashville,United States,US,BNA,DFW,Americas,Northern America,American Airlines Inc.,Economy,,0,0,0,1,0.0,4.96,0.7552,0.2448,7.42,14,3,"Nashville, United States"
NT-2019-02-09,nikola-tesla,1,0,1,city,2019-02-09,2019-02-16,2019,2,february,7,Cancun|Mexico,Cancun,Mexico,MX,CUN,DFW,Americas,Central America,American Airlines Inc.,Economy,beach_vacation,1,0,0,1,0.0,2.83,0.6899,0.3101,7.44,173,36,"Cancun, Mexico"
NT-2019-04-13,nikola-tesla,1,0,1,city,2019-04-13,2019-04-17,2019,4,april,4,San Antonio|United States,San Antonio,United States,US,SAT,DFW,Americas,Northern America,American Airlines Inc.,Economy,,0,0,0,1,2.89,4.39,0.7068,0.2932,7.41,23,5,"San Antonio, United States"
NT-2019-07-13,nikola-tesla,1,0,1,city,2019-07-13,2019-07-22,2019,7,july,9,London|United Kingdom,London,United Kingdom,GB,LHR,DFW,Europe,Northern Europe,American Airlines Inc.,Economy,beach_vacation,1,0,0,1,6.71,9.54,0.8673,0.1327,7.7,135,33,"London, United Kingdom"
NT-2019-10-12,nikola-tesla,1,0,1,city,2019-10-12,2019-10-16,2019,10,october,4,Nashville|United States,Nashville,United States,US,BNA,DFW,Americas,Northern America,American Airlines Inc.,Economy,,0,0,0,1,0.0,4.96,0.7552,0.2448,7.42,14,3,"Nashville, United States"
NT-2020-02-08,nikola-tesla,1,0,1,city,2020-02-08,2020-02-15,2020,2,february,7,Cancun|Mexico,Cancun,Mexico,MX,CUN,DFW,Americas,Central America,American Airlines Inc.,Economy,beach_vacation,1,0,0,1,0.0,2.83,0.6899,0.3101,7.44,173,36,"Cancun, Mexico"
NT-2020-04-11,nikola-tesla,1,0,1,city,2020-04-11,2020-04-15,2020,4,april,4,San Antonio|United States,San Antonio,United States,US,SAT,DFW,Americas,Northern America,American Airlines Inc.,Economy,,0,0,0,1,2.89,4.39,0.7068,0.2932,7.41,23,5,"San Antonio, United States"
NT-2020-07-11,nikola-tesla,1,0,1,city,2020-07-11,2020-07-20,2020,7,july,9,London|United Kingdom,London,United Kingdom,GB,LHR,DFW,Europe,Northern Europe,American Airlines Inc.,Economy,beach_vacation,1,0,0,1,6.71,9.54,0.8673,0.1327,7.7,135,33,"London, United Kingdom"
NT-2020-10-10,nikola-tesla,1,0,1,city,2020-10-10,2020-10-14,2020,10,october,4,Nashville|United States,Nashville,United States,US,BNA,DFW,Americas,Northern America,American Airlines Inc.,Economy,,0,0,0,1,0.0,4.96,0.7552,0.2448,7.42,14,3,"Nashville, United States"
NT-2021-02-13,nikola-tesla,1,0,1,city,2021-02-13,2021-02-20,2021,2,february,7,Cancun|Mexico,Cancun,Mexico,MX,CUN,DFW,Americas,Central America,American Airlines Inc.,Economy,beach_vacation,1,0,0,1,0.0,2.83,0.6899,0.3101,7.44,173,36,"Cancun, Mexico"
NT-2021-04-10,nikola-tesla,1,0,1,city,2021-04-10,2021-04-14,2021,4,april,4,San Antonio|United States,San Antonio,United States,US,SAT,DFW,Americas,Northern America,American Airlines Inc.,Economy,,0,0,0,1,2.89,4.39,0.7068,0.2932,7.41,23,5,"San Antonio, United States"
NT-2021-07-10,nikola-tesla,1,0,1,city,2021-07-10,2021-07-19,2021,7,july,9,London|United Kingdom,London,United Kingdom,GB,LHR,DFW,Europe,Northern Europe,American Airlines Inc.,Economy,beach_vacation,1,0,0,1,6.71,9.54,0.8673,0.1327,7.7,135,33,"London, United Kingdom"
NT-2021-10-09,nikola-tesla,1,0,1,city,2021-10-09,2021-10-13,2021,10,october,4,Nashville|United States,Nashville,United States,US,BNA,DFW,Americas,Northern America,American Airlines Inc.,Economy,,0,0,0,1,0.0,4.96,0.7552,0.2448,7.42,14,3,"Nashville, United States"
NT-2022-02-12,nikola-tesla,1,0,1,city,2022-02-12,2022-02-19,2022,2,february,7,Cancun|Mexico,Cancun,Mexico,MX,CUN,DFW,Americas,Central America,American Airlines Inc.,Economy,beach_vacation,1,0,0,1,0.0,2.83,0.6899,0.3101,7.44,173,36,"Cancun, Mexico"
NT-2022-04-09,nikola-tesla,1,0,1,city,2022-04-09,2022-04-13,2022,4,april,4,San Antonio|United States,San Antonio,United States,US,SAT,DFW,Americas,Northern America,American Airlines Inc.,Economy,,0,0,0,1,2.89,4.39,0.7068,0.2932,7.41,23,5,"San Antonio, United States"
NT-2022-07-09,nikola-tesla,1,0,1,city,2022-07-09,2022-07-18,2022,7,july,9,London|United Kingdom,London,United Kingdom,GB,LHR,DFW,Europe,Northern Europe,American Airlines Inc.,Economy,beach_vacation,1,0,0,1,6.71,9.54,0.8673,0.1327,7.7,135,33,"London, United Kingdom"
NT-2022-10-08,nikola-tesla,1,0,1,city,2022-10-08,2022-10-12,2022,10,october,4,Nashville|United States,Nashville,United States,US,BNA,DFW,Americas,Northern America,American Airlines Inc.,Economy,,0,0,0,1,0.0,4.96,0.7552,0.2448,7.42,14,3,"Nashville, United States"
NT-2023-02-11,nikola-tesla,1,0,1,city,2023-02-11,2023-02-18,2023,2,february,7,Cancun|Mexico,Cancun,Mexico,MX,CUN,DFW,Americas,Central America,American Airlines Inc.,Economy,beach_vacation,1,0,0,1,0.0,2.83,0.6899,0.3101,7.44,173,36,"Cancun, Mexico"
NT-2023-04-08,nikola-tesla,1,0,1,city,2023-04-08,2023-04-12,2023,4,april,4,San Antonio|United States,San Antonio,United States,US,SAT,DFW,Americas,Northern America,American Airlines Inc.,Economy,,0,0,0,1,2.89,4.39,0.7068,0.2932,7.41,23,5,"San Antonio, United States"
NT-2023-07-08,nikola-tesla,1,0,1,city,2023-07-08,2023-07-17,2023,7,july,9,London|United Kingdom,London,United Kingdom,GB,LHR,DFW,Europe,Northern Europe,American Airlines Inc.,Economy,beach_vacation,1,0,0,1,6.71,9.54,0.8673,0.1327,7.7,135,33,"London, United Kingdom"
NT-2023-10-14,nikola-tesla,1,0,1,city,2023-10-14,2023-10-18,2023,10,october,4,Nashville|United States,Nashville,United States,US,BNA,DFW,Americas,Northern America,American Airlines Inc.,Economy,,0,0,0,1,0.0,4.96,0.7552,0.2448,7.42,14,3,"Nashville, United States"
NT-2024-02-10,nikola-tesla,1,0,1,city,2024-02-10,2024-02-17,2024,2,february,7,Cancun|Mexico,Cancun,Mexico,MX,CUN,DFW,Americas,Central America,American Airlines Inc.,Economy,beach_vacation,1,0,0,1,0.0,2.83,0.6899,0.3101,7.44,173,36,"Cancun, Mexico"
NT-2024-04-13,nikola-tesla,1,0,1,city,2024-04-13,2024-04-17,2024,4,april,4,San Antonio|United States,San Antonio,United States,US,SAT,DFW,Americas,Northern America,American Airlines Inc.,Economy,,0,0,0,1,2.89,4.39,0.7068,0.2932,7.41,23,5,"San Antonio, United States"
NT-2024-07-13,nikola-tesla,1,0,1,city,2024-07-13,2024-07-22,2024,7,july,9,London|United Kingdom,London,United Kingdom,GB,LHR,DFW,Europe,Northern Europe,American Airlines Inc.,Economy,beach_vacation,1,0,0,1,6.71,9.54,0.8673,0.1327,7.7,135,33,"London, United Kingdom"
NT-2024-10-12,nikola-tesla,1,0,1,city,2024-10-12,2024-10-16,2024,10,october,4,Nashville|United States,Nashville,United States,US,BNA,DFW,Americas,Northern America,American Airlines Inc.,Economy,,0,0,0,1,0.0,4.96,0.7552,0.2448,7.42,14,3,"Nashville, United States"
NT-2025-02-08,nikola-tesla,1,0,1,city,2025-02-08,2025-02-15,2025,2,february,7,Cancun|Mexico,Cancun,Mexico,MX,CUN,DFW,Americas,Central America,American Airlines Inc.,Economy,beach_vacation,1,0,0,1,0.0,2.83,0.6899,0.3101,7.44,173,36,"Cancun, Mexico"
NT-2025-04-12,nikola-tesla,1,0,1,city,2025-04-12,2025-04-16,2025,4,april,4,San Antonio|United States,San Antonio,United States,US,SAT,DFW,Americas,Northern America,American Airlines Inc.,Economy,,0,0,0,1,2.89,4.39,0.7068,0.2932,7.41,23,5,"San Antonio, United States"
NT-2025-07-12,nikola-tesla,1,0,1,city,2025-07-12,2025-07-21,2025,7,july,9,London|United Kingdom,London,United Kingdom,GB,LHR,DFW,Europe,Northern Europe,American Airlines Inc.,Economy,beach_vacation,1,0,0,1,6.71,9.54,0.8673,0.1327,7.7,135,33,"London, United Kingdom"
NT-2025-10-11,nikola-tesla,1,0,1,city,2025-10-11,2025-10-15,2025,10,october,4,Nashville|United States,Nashville,United States,US,BNA,DFW,Americas,Northern America,American Airlines Inc.,Economy,,0,0,0,1,0.0,4.96,0.7552,0.2448,7.42,14,3,"Nashville, United States"
GC-2022-07-15,nikos-kazantzakis,1,0,0,region,2022-07-15,2022-07-22,2022,7,july,7,Santorini|Greece,Santorini,Greece,GR,,,Europe,Southern Europe,,Economy,,0,0,0,0,,,,,,1,1,Santorini
SL3-2022-09-01,no-cheon-myeong,1,0,0,city,2022-09-01,2022-09-10,2022,9,september,9,Tokyo|Japan,Tokyo,Japan,JP,,,Asia,Eastern Asia,,Economy,,0,0,0,1,2.89,9.99,0.7993,0.2007,6.99,80,22,Tokyo
ODY-2018-03-07,odysseus,1,0,1,city,2018-03-07,2018-03-16,2018,3,march,9,Rome|Italy,Rome,Italy,IT,FCO,PHL,Europe,Southern Europe,American Airlines Inc.,Economy,,0,0,0,1,8.67,7.27,0.7587,0.2413,7.03,49,25,"Rome, Italy"
ODY-2018-06-15,odysseus,1,0,1,city,2018-06-15,2018-06-20,2018,6,june,5,Miami|United States,Miami,United States,US,MIA,PHL,Americas,Northern America,American Airlines Inc.,Economy,beach_vacation,1,0,0,1,0.0,6.68,0.9,0.1,7.11,57,13,"Miami, United States"
ODY-2018-09-22,odysseus,1,0,1,city,2018-09-22,2018-09-30,2018,9,september,8,Barcelona|Spain,Barcelona,Spain,ES,BCN,PHL,Europe,Southern Europe,American Airlines Inc.,Economy,beach_vacation,1,0,0,1,5.78,7.69,0.7358,0.2642,7.52,38,20,"Barcelona, Spain"
ODY-2018-11-11,odysseus,1,0,1,city,2018-11-11,2018-11-15,2018,11,november,4,Chicago|United States,Chicago,United States,US,ORD,PHL,Americas,Northern America,United Air Lines Inc.,Economy,,0,0,0,1,2.89,7.33,0.9501,0.0499,6.89,57,21,"Chicago, United States"
ODY-2019-03-18,odysseus,1,0,1,city,2019-03-18,2019-03-25,2019,3,march,7,Punta Cana|Dominican Republic,Punta Cana,Dominican Republic,DO,PUJ,PHL,Americas,Caribbean,American Airlines Inc.,Economy,,0,0,0,0,,,,,,11,3,"Punta Cana, Dominican Republic"
ODY-2019-06-04,odysseus,1,0,1,city,2019-06-04,2019-06-08,2019,6,june,4,Boston|United States,Boston,United States,US,BOS,PHL,Americas,Northern America,American Airlines Inc.,Economy,beach_vacation,1,0,0,1,0.0,5.21,0.8383,0.1617,7.54,53,12,"Boston, United States"
ODY-2019-09-07,odysseus,1,0,1,city,2019-09-07,2019-09-16,2019,9,september,9,Rome|Italy,Rome,Italy,IT,FCO,PHL,Europe,Southern Europe,American Airlines Inc.,Economy,beach_vacation,1,0,0,1,8.67,7.27,0.7587,0.2413,7.89,49,25,"Rome, Italy"
ODY-2019-11-15,odysseus,1,0,1,city,2019-11-15,2019-11-20,2019,11,november,5,Miami|United States,Miami,United States,US,MIA,PHL,Americas,Northern America,Frontier Airlines Inc.,Economy,beach_vacation,1,0,0,1,0.0,6.68,0.9,0.1,7.34,57,13,"Miami, United States"
ODY-2020-03-22,odysseus,1,0,1,city,2020-03-22,2020-03-30,2020,3,march,8,Barcelona|Spain,Barcelona,Spain,ES,BCN,PHL,Europe,Southern Europe,American Airlines Inc.,Economy,,0,0,0,1,5.78,7.69,0.7358,0.2642,6.66,38,20,"Barcelona, Spain"
ODY-2020-06-11,odysseus,1,0,1,city,2020-06-11,2020-06-15,2020,6,june,4,Chicago|United States,Chicago,United States,US,ORD,PHL,Americas,Northern America,American Airlines Inc.,Economy,,0,0,0,1,2.89,7.33,0.9501,0.0499,7.59,57,21,"Chicago, United States"
ODY-2020-09-18,odysseus,1,0,1,city,2020-09-18,2020-09-25,2020,9,september,7,Punta Cana|Dominican Republic,Punta Cana,Dominican Republic,DO,PUJ,PHL,Americas,Caribbean,Frontier Airlines Inc.,Economy,,0,0,0,0,,,,,,11,3,"Punta Cana, Dominican Republic"
ODY-2020-11-04,odysseus,1,0,1,city,2020-11-04,2020-11-08,2020,11,november,4,Boston|United States,Boston,United States,US,BOS,PHL,Americas,Northern America,Delta Air Lines Inc.,Economy,,0,0,0,1,0.0,5.21,0.8383,0.1617,6.96,53,12,"Boston, United States"
ODY-2021-03-07,odysseus,1,0,1,city,2021-03-07,2021-03-16,2021,3,march,9,Rome|Italy,Rome,Italy,IT,FCO,PHL,Europe,Southern Europe,American Airlines Inc.,Economy,,0,0,0,1,8.67,7.27,0.7587,0.2413,7.03,49,25,"Rome, Italy"
ODY-2021-06-15,odysseus,1,0,1,city,2021-06-15,2021-06-20,2021,6,june,5,Miami|United States,Miami,United States,US,MIA,PHL,Americas,Northern America,Spirit Air Lines,Economy,beach_vacation,1,0,0,1,0.0,6.68,0.9,0.1,7.11,57,13,"Miami, United States"
ODY-2021-09-22,odysseus,1,0,1,city,2021-09-22,2021-09-30,2021,9,september,8,Barcelona|Spain,Barcelona,Spain,ES,BCN,PHL,Europe,Southern Europe,American Airlines Inc.,Economy,beach_vacation,1,0,0,1,5.78,7.69,0.7358,0.2642,7.52,38,20,"Barcelona, Spain"
ODY-2021-11-11,odysseus,1,0,1,city,2021-11-11,2021-11-15,2021,11,november,4,Chicago|United States,Chicago,United States,US,ORD,PHL,Americas,Northern America,Frontier Airlines Inc.,Economy,,0,0,0,1,2.89,7.33,0.9501,0.0499,6.89,57,21,"Chicago, United States"
ODY-2022-03-18,odysseus,1,0,1,city,2022-03-18,2022-03-25,2022,3,march,7,Punta Cana|Dominican Republic,Punta Cana,Dominican Republic,DO,PUJ,PHL,Americas,Caribbean,American Airlines Inc.,Economy,,0,0,0,0,,,,,,11,3,"Punta Cana, Dominican Republic"
ODY-2022-06-04,odysseus,1,0,1,city,2022-06-04,2022-06-08,2022,6,june,4,Boston|United States,Boston,United States,US,BOS,PHL,Americas,Northern America,JetBlue Airways,Economy,beach_vacation,1,0,0,1,0.0,5.21,0.8383,0.1617,7.54,53,12,"Boston, United States"
ODY-2022-09-07,odysseus,1,0,1,city,2022-09-07,2022-09-16,2022,9,september,9,Rome|Italy,Rome,Italy,IT,FCO,PHL,Europe,Southern Europe,American Airlines Inc.,Economy,beach_vacation,1,0,0,1,8.67,7.27,0.7587,0.2413,7.89,49,25,"Rome, Italy"
ODY-2022-11-15,odysseus,1,0,1,city,2022-11-15,2022-11-20,2022,11,november,5,Miami|United States,Miami,United States,US,MIA,PHL,Americas,Northern America,American Airlines Inc.,Economy,beach_vacation,1,0,0,1,0.0,6.68,0.9,0.1,7.34,57,13,"Miami, United States"
ODY-2023-03-22,odysseus,1,0,1,city,2023-03-22,2023-03-30,2023,3,march,8,Barcelona|Spain,Barcelona,Spain,ES,BCN,PHL,Europe,Southern Europe,American Airlines Inc.,Economy,,0,0,0,1,5.78,7.69,0.7358,0.2642,6.66,38,20,"Barcelona, Spain"
ODY-2023-06-11,odysseus,1,0,1,city,2023-06-11,2023-06-15,2023,6,june,4,Chicago|United States,Chicago,United States,US,ORD,PHL,Americas,Northern America,United Air Lines Inc.,Economy,,0,0,0,1,2.89,7.33,0.9501,0.0499,7.59,57,21,"Chicago, United States"
ODY-2023-09-18,odysseus,1,0,1,city,2023-09-18,2023-09-25,2023,9,september,7,Punta Cana|Dominican Republic,Punta Cana,Dominican Republic,DO,PUJ,PHL,Americas,Caribbean,Frontier Airlines Inc.,Economy,,0,0,0,0,,,,,,11,3,"Punta Cana, Dominican Republic"
ODY-2023-11-04,odysseus,1,0,1,city,2023-11-04,2023-11-08,2023,11,november,4,Boston|United States,Boston,United States,US,BOS,PHL,Americas,Northern America,Republic Airline,Economy,,0,0,0,1,0.0,5.21,0.8383,0.1617,6.96,53,12,"Boston, United States"
ODY-2024-03-07,odysseus,1,0,1,city,2024-03-07,2024-03-16,2024,3,march,9,Rome|Italy,Rome,Italy,IT,FCO,PHL,Europe,Southern Europe,American Airlines Inc.,Economy,,0,0,0,1,8.67,7.27,0.7587,0.2413,7.03,49,25,"Rome, Italy"
ODY-2024-06-15,odysseus,1,0,1,city,2024-06-15,2024-06-20,2024,6,june,5,Miami|United States,Miami,United States,US,MIA,PHL,Americas,Northern America,Frontier Airlines Inc.,Economy,beach_vacation,1,0,0,1,0.0,6.68,0.9,0.1,7.11,57,13,"Miami, United States"
ODY-2024-09-22,odysseus,1,0,1,city,2024-09-22,2024-09-30,2024,9,september,8,Barcelona|Spain,Barcelona,Spain,ES,BCN,PHL,Europe,Southern Europe,American Airlines Inc.,Economy,beach_vacation,1,0,0,1,5.78,7.69,0.7358,0.2642,7.52,38,20,"Barcelona, Spain"
ODY-2024-11-11,odysseus,1,0,1,city,2024-11-11,2024-11-15,2024,11,november,4,Chicago|United States,Chicago,United States,US,ORD,PHL,Americas,Northern America,American Airlines Inc.,Economy,,0,0,0,1,2.89,7.33,0.9501,0.0499,6.89,57,21,"Chicago, United States"
ODY-2025-03-18,odysseus,1,0,1,city,2025-03-18,2025-03-25,2025,3,march,7,Punta Cana|Dominican Republic,Punta Cana,Dominican Republic,DO,PUJ,PHL,Americas,Caribbean,American Airlines Inc.,Economy,,0,0,0,0,,,,,,11,3,"Punta Cana, Dominican Republic"
ODY-2025-06-04,odysseus,1,0,1,city,2025-06-04,2025-06-08,2025,6,june,4,Boston|United States,Boston,United States,US,BOS,PHL,Americas,Northern America,American Airlines Inc.,Economy,beach_vacation,1,0,0,1,0.0,5.21,0.8383,0.1617,7.54,53,12,"Boston, United States"
ODY-2025-09-07,odysseus,1,0,1,city,2025-09-07,2025-09-16,2025,9,september,9,Rome|Italy,Rome,Italy,IT,FCO,PHL,Europe,Southern Europe,American Airlines Inc.,Economy,beach_vacation,1,0,0,1,8.67,7.27,0.7587,0.2413,7.89,49,25,"Rome, Italy"
ODY-2025-11-15,odysseus,1,0,1,city,2025-11-15,2025-11-20,2025,11,november,5,Miami|United States,Miami,United States,US,MIA,PHL,Americas,Northern America,Spirit Air Lines,Economy,beach_vacation,1,0,0,1,0.0,6.68,0.9,0.1,7.34,57,13,"Miami, United States"
HOA-2021-06-18,ole-andreson,1,0,1,city,2021-06-18,2021-06-21,2021,6,june,3,Milwaukee|United States,Milwaukee,United States,US,MKE,ORD,Americas,Northern America,United Air Lines Inc.,Economy,,0,0,0,1,0.0,0.0,0.6848,0.3152,7.61,5,1,"Milwaukee, United States"
HOA-2021-10-08,ole-andreson,1,0,1,city,2021-10-08,2021-10-11,2021,10,october,3,St. Louis|United States,St. Louis,United States,US,STL,ORD,Americas,Northern America,United Air Lines Inc.,Economy,,0,0,0,1,2.89,0.0,0.7539,0.2461,7.49,14,2,"St. Louis, United States"
HOA-2022-06-18,ole-andreson,1,0,1,city,2022-06-18,2022-06-21,2022,6,june,3,Milwaukee|United States,Milwaukee,United States,US,MKE,ORD,Americas,Northern America,United Air Lines Inc.,Economy,,0,0,0,1,0.0,0.0,0.6848,0.3152,7.61,5,1,"Milwaukee, United States"
HOA-2022-10-07,ole-andreson,1,0,1,city,2022-10-07,2022-10-10,2022,10,october,3,St. Louis|United States,St. Louis,United States,US,STL,ORD,Americas,Northern America,United Air Lines Inc.,Economy,,0,0,0,1,2.89,0.0,0.7539,0.2461,7.49,14,2,"St. Louis, United States"
HOA-2023-06-18,ole-andreson,1,0,1,city,2023-06-18,2023-06-21,2023,6,june,3,Milwaukee|United States,Milwaukee,United States,US,MKE,ORD,Americas,Northern America,United Air Lines Inc.,Economy,,0,0,0,1,0.0,0.0,0.6848,0.3152,7.61,5,1,"Milwaukee, United States"
HOA-2023-10-06,ole-andreson,1,0,1,city,2023-10-06,2023-10-09,2023,10,october,3,St. Louis|United States,St. Louis,United States,US,STL,ORD,Americas,Northern America,United Air Lines Inc.,Economy,,0,0,0,1,2.89,0.0,0.7539,0.2461,7.49,14,2,"St. Louis, United States"
HOA-2024-06-18,ole-andreson,1,0,1,city,2024-06-18,2024-06-21,2024,6,june,3,Milwaukee|United States,Milwaukee,United States,US,MKE,ORD,Americas,Northern America,United Air Lines Inc.,Economy,,0,0,0,1,0.0,0.0,0.6848,0.3152,7.61,5,1,"Milwaukee, United States"
HOA-2024-10-11,ole-andreson,1,0,1,city,2024-10-11,2024-10-14,2024,10,october,3,St. Louis|United States,St. Louis,United States,US,STL,ORD,Americas,Northern America,United Air Lines Inc.,Economy,,0,0,0,1,2.89,0.0,0.7539,0.2461,7.49,14,2,"St. Louis, United States"
HOA-2025-06-18,ole-andreson,1,0,1,city,2025-06-18,2025-06-21,2025,6,june,3,Milwaukee|United States,Milwaukee,United States,US,MKE,ORD,Americas,Northern America,United Air Lines Inc.,Economy,,0,0,0,1,0.0,0.0,0.6848,0.3152,7.61,5,1,"Milwaukee, United States"
HOA-2025-10-10,ole-andreson,1,0,1,city,2025-10-10,2025-10-13,2025,10,october,3,St. Louis|United States,St. Louis,United States,US,STL,ORD,Americas,Northern America,United Air Lines Inc.,Economy,,0,0,0,1,2.89,0.0,0.7539,0.2461,7.49,14,2,"St. Louis, United States"
DOT-2021-06-12,oliver-twist,1,0,1,city,2021-06-12,2021-06-24,2021,6,june,12,London|United Kingdom,London,United Kingdom,GB,LHR,JFK,Europe,Northern Europe,Delta Air Lines Inc.,Economy,beach_vacation,1,0,0,1,6.71,9.54,0.8673,0.1327,7.9,135,33,"London, United Kingdom"
DOT-2022-06-14,oliver-twist,1,0,1,city,2022-06-14,2022-06-28,2022,6,june,14,Paris|France,Paris,France,FR,CDG,JFK,Europe,Western Europe,Delta Air Lines Inc.,Economy,,0,0,0,1,6.71,9.93,0.8396,0.1604,7.8,72,28,"Paris, France"
DOT-2023-06-09,oliver-twist,1,0,1,city,2023-06-09,2023-06-20,2023,6,june,11,Rome|Italy,Rome,Italy,IT,FCO,JFK,Europe,Southern Europe,Delta Air Lines Inc.,Economy,beach_vacation,1,0,0,1,8.67,7.27,0.7587,0.2413,8.34,49,25,"Rome, Italy"
DOT-2024-06-16,oliver-twist,1,0,1,city,2024-06-16,2024-06-29,2024,6,june,13,Barcelona|Spain,Barcelona,Spain,ES,BCN,JFK,Europe,Southern Europe,Delta Air Lines Inc.,Economy,beach_vacation,1,0,0,1,5.78,7.69,0.7358,0.2642,8.39,38,20,"Barcelona, Spain"
DOT-2025-06-13,oliver-twist,1,0,1,city,2025-06-13,2025-06-28,2025,6,june,15,Amsterdam|Netherlands,Amsterdam,Netherlands,NL,AMS,JFK,Europe,Western Europe,Delta Air Lines Inc.,Economy,,0,0,0,1,7.47,8.19,0.7822,0.2178,7.72,50,16,"Amsterdam, Netherlands"
SR3-2023-11-01,oriana-fallaci,1,0,0,city,2023-11-01,2023-11-08,2023,11,november,7,Rome|Italy,Rome,Italy,IT,,,Europe,Southern Europe,,Economy,,0,0,0,1,8.67,7.27,0.7587,0.2413,7.4,49,25,Rome
ORP-2017-03-07,orpheus,1,0,1,city,2017-03-07,2017-03-11,2017,3,march,4,Toronto|Canada,Toronto,Canada,CA,YYZ,CMH,Americas,Northern America,Jazz Aviation LP,Economy,,0,0,0,1,0.0,7.17,0.8369,0.1631,5.71,56,10,"Toronto, Canada"
ORP-2017-07-15,orpheus,1,0,1,city,2017-07-15,2017-07-21,2017,7,july,6,Orlando|United States,Orlando,United States,US,MCO,CMH,Americas,Northern America,Frontier Airlines Inc.,Economy,beach_vacation,1,0,0,1,0.0,6.53,0.8513,0.1487,7.03,158,26,"Orlando, United States"
ORP-2017-11-22,orpheus,1,0,1,city,2017-11-22,2017-11-29,2017,11,november,7,Cancun|Mexico,Cancun,Mexico,MX,CUN,CMH,Americas,Central America,Southwest Airlines Co.,Economy,beach_vacation,1,0,0,1,0.0,2.83,0.6899,0.3101,6.96,173,36,"Cancun, Mexico"
ORP-2018-03-11,orpheus,1,0,1,city,2018-03-11,2018-03-16,2018,3,march,5,Denver|United States,Denver,United States,US,DEN,CMH,Americas,Northern America,United Air Lines Inc.,Economy,ski_trip,0,1,0,1,0.0,5.91,0.8445,0.1555,7.67,105,24,"Denver, United States"
ORP-2018-07-18,orpheus,1,0,1,city,2018-07-18,2018-07-21,2018,7,july,3,Atlanta|United States,Atlanta,United States,US,ATL,CMH,Americas,Northern America,Delta Air Lines Inc.,Economy,,0,0,0,1,0.0,6.55,0.9297,0.0703,7.57,42,15,"Atlanta, United States"
ORP-2018-11-04,orpheus,1,0,1,city,2018-11-04,2018-11-08,2018,11,november,4,Dallas|United States,Dallas,United States,US,DFW,CMH,Americas,Northern America,American Airlines Inc.,Economy,,0,0,0,1,0.0,5.27,0.9038,0.0962,7.55,17,5,"Dallas, United States"
ORP-2019-03-07,orpheus,1,0,1,city,2019-03-07,2019-03-11,2019,3,march,4,Toronto|Canada,Toronto,Canada,CA,YYZ,CMH,Americas,Northern America,Jazz Aviation LP,Economy,,0,0,0,1,0.0,7.17,0.8369,0.1631,5.71,56,10,"Toronto, Canada"
ORP-2019-07-15,orpheus,1,0,1,city,2019-07-15,2019-07-21,2019,7,july,6,Orlando|United States,Orlando,United States,US,MCO,CMH,Americas,Northern America,Southwest Airlines Co.,Economy,beach_vacation,1,0,0,1,0.0,6.53,0.8513,0.1487,7.03,158,26,"Orlando, United States"
ORP-2019-11-22,orpheus,1,0,1,city,2019-11-22,2019-11-29,2019,11,november,7,Cancun|Mexico,Cancun,Mexico,MX,CUN,CMH,Americas,Central America,American Airlines Inc.,Economy,beach_vacation,1,0,0,1,0.0,2.83,0.6899,0.3101,6.96,173,36,"Cancun, Mexico"
ORP-2020-03-11,orpheus,1,0,1,city,2020-03-11,2020-03-16,2020,3,march,5,Denver|United States,Denver,United States,US,DEN,CMH,Americas,Northern America,Southwest Airlines Co.,Economy,ski_trip,0,1,0,1,0.0,5.91,0.8445,0.1555,7.67,105,24,"Denver, United States"
ORP-2020-07-18,orpheus,1,0,1,city,2020-07-18,2020-07-21,2020,7,july,3,Atlanta|United States,Atlanta,United States,US,ATL,CMH,Americas,Northern America,Frontier Airlines Inc.,Economy,,0,0,0,1,0.0,6.55,0.9297,0.0703,7.57,42,15,"Atlanta, United States"
ORP-2020-11-04,orpheus,1,0,1,city,2020-11-04,2020-11-08,2020,11,november,4,Dallas|United States,Dallas,United States,US,DFW,CMH,Americas,Northern America,Envoy Air,Economy,,0,0,0,1,0.0,5.27,0.9038,0.0962,7.55,17,5,"Dallas, United States"
ORP-2021-03-07,orpheus,1,0,1,city,2021-03-07,2021-03-11,2021,3,march,4,Toronto|Canada,Toronto,Canada,CA,YYZ,CMH,Americas,Northern America,Jazz Aviation LP,Economy,,0,0,0,1,0.0,7.17,0.8369,0.1631,5.71,56,10,"Toronto, Canada"
ORP-2021-07-15,orpheus,1,0,1,city,2021-07-15,2021-07-21,2021,7,july,6,Orlando|United States,Orlando,United States,US,MCO,CMH,Americas,Northern America,Spirit Air Lines,Economy,beach_vacation,1,0,0,1,0.0,6.53,0.8513,0.1487,7.03,158,26,"Orlando, United States"
ORP-2021-11-22,orpheus,1,0,1,city,2021-11-22,2021-11-29,2021,11,november,7,Cancun|Mexico,Cancun,Mexico,MX,CUN,CMH,Americas,Central America,Southwest Airlines Co.,Economy,beach_vacation,1,0,0,1,0.0,2.83,0.6899,0.3101,6.96,173,36,"Cancun, Mexico"
ORP-2022-03-11,orpheus,1,0,1,city,2022-03-11,2022-03-16,2022,3,march,5,Denver|United States,Denver,United States,US,DEN,CMH,Americas,Northern America,Frontier Airlines Inc.,Economy,ski_trip,0,1,0,1,0.0,5.91,0.8445,0.1555,7.67,105,24,"Denver, United States"
ORP-2022-07-18,orpheus,1,0,1,city,2022-07-18,2022-07-21,2022,7,july,3,Atlanta|United States,Atlanta,United States,US,ATL,CMH,Americas,Northern America,Southwest Airlines Co.,Economy,,0,0,0,1,0.0,6.55,0.9297,0.0703,7.57,42,15,"Atlanta, United States"
ORP-2022-11-04,orpheus,1,0,1,city,2022-11-04,2022-11-08,2022,11,november,4,Dallas|United States,Dallas,United States,US,DFW,CMH,Americas,Northern America,American Airlines Inc.,Economy,,0,0,0,1,0.0,5.27,0.9038,0.0962,7.55,17,5,"Dallas, United States"
ORP-2023-03-07,orpheus,1,0,1,city,2023-03-07,2023-03-11,2023,3,march,4,Toronto|Canada,Toronto,Canada,CA,YYZ,CMH,Americas,Northern America,Jazz Aviation LP,Economy,,0,0,0,1,0.0,7.17,0.8369,0.1631,5.71,56,10,"Toronto, Canada"
ORP-2023-07-15,orpheus,1,0,1,city,2023-07-15,2023-07-21,2023,7,july,6,Orlando|United States,Orlando,United States,US,MCO,CMH,Americas,Northern America,Frontier Airlines Inc.,Economy,beach_vacation,1,0,0,1,0.0,6.53,0.8513,0.1487,7.03,158,26,"Orlando, United States"
ORP-2023-11-22,orpheus,1,0,1,city,2023-11-22,2023-11-29,2023,11,november,7,Cancun|Mexico,Cancun,Mexico,MX,CUN,CMH,Americas,Central America,American Airlines Inc.,Economy,beach_vacation,1,0,0,1,0.0,2.83,0.6899,0.3101,6.96,173,36,"Cancun, Mexico"
ORP-2024-03-11,orpheus,1,0,1,city,2024-03-11,2024-03-16,2024,3,march,5,Denver|United States,Denver,United States,US,DEN,CMH,Americas,Northern America,United Air Lines Inc.,Economy,ski_trip,0,1,0,1,0.0,5.91,0.8445,0.1555,7.67,105,24,"Denver, United States"
ORP-2024-07-18,orpheus,1,0,1,city,2024-07-18,2024-07-21,2024,7,july,3,Atlanta|United States,Atlanta,United States,US,ATL,CMH,Americas,Northern America,Delta Air Lines Inc.,Economy,,0,0,0,1,0.0,6.55,0.9297,0.0703,7.57,42,15,"Atlanta, United States"
ORP-2024-11-04,orpheus,1,0,1,city,2024-11-04,2024-11-08,2024,11,november,4,Dallas|United States,Dallas,United States,US,DFW,CMH,Americas,Northern America,Envoy Air,Economy,,0,0,0,1,0.0,5.27,0.9038,0.0962,7.55,17,5,"Dallas, United States"
ORP-2025-03-07,orpheus,1,0,1,city,2025-03-07,2025-03-11,2025,3,march,4,Toronto|Canada,Toronto,Canada,CA,YYZ,CMH,Americas,Northern America,Jazz Aviation LP,Economy,,0,0,0,1,0.0,7.17,0.8369,0.1631,5.71,56,10,"Toronto, Canada"
ORP-2025-07-15,orpheus,1,0,1,city,2025-07-15,2025-07-21,2025,7,july,6,Orlando|United States,Orlando,United States,US,MCO,CMH,Americas,Northern America,Southwest Airlines Co.,Economy,beach_vacation,1,0,0,1,0.0,6.53,0.8513,0.1487,7.03,158,26,"Orlando, United States"
ORP-2025-11-22,orpheus,1,0,1,city,2025-11-22,2025-11-29,2025,11,november,7,Cancun|Mexico,Cancun,Mexico,MX,CUN,CMH,Americas,Central America,Southwest Airlines Co.,Economy,beach_vacation,1,0,0,1,0.0,2.83,0.6899,0.3101,6.96,173,36,"Cancun, Mexico"
OPO-2021-01-13,otto-lidenbrock,1,0,1,city,2021-01-13,2021-01-20,2021,1,january,7,Copenhagen|Denmark,Copenhagen,Denmark,DK,CPH,ORD,Europe,Northern Europe,Scandinavian Airlines Sys.,Economy,,0,0,0,1,7.47,7.03,0.6366,0.3634,6.35,13,5,"Copenhagen, Denmark"
OPO-2021-03-03,otto-lidenbrock,1,0,1,city,2021-03-03,2021-03-10,2021,3,march,7,London|United Kingdom,London,United Kingdom,GB,LHR,ORD,Europe,Northern Europe,American Airlines Inc.,Economy,,0,0,0,1,6.71,9.54,0.8673,0.1327,7.85,135,33,"London, United Kingdom"
OPO-2021-04-28,otto-lidenbrock,1,0,1,city,2021-04-28,2021-05-05,2021,4,april,7,Amsterdam|Netherlands,Amsterdam,Netherlands,NL,AMS,ORD,Europe,Western Europe,Delta Air Lines Inc.,Economy,,0,0,0,1,7.47,8.19,0.7822,0.2178,7.82,50,16,"Amsterdam, Netherlands"
OPO-2021-07-14,otto-lidenbrock,1,0,1,city,2021-07-14,2021-07-19,2021,7,july,5,Cancun|Mexico,Cancun,Mexico,MX,CUN,ORD,Americas,Central America,American Airlines Inc.,Economy,beach_vacation,1,0,0,1,0.0,2.83,0.6899,0.3101,7.2,173,36,"Cancun, Mexico"
OPO-2021-09-08,otto-lidenbrock,1,0,1,city,2021-09-08,2021-09-15,2021,9,september,7,Rome|Italy,Rome,Italy,IT,FCO,ORD,Europe,Southern Europe,American Airlines Inc.,Economy,beach_vacation,1,0,0,1,8.67,7.27,0.7587,0.2413,7.89,49,25,"Rome, Italy"
OPO-2022-01-12,otto-lidenbrock,1,0,1,city,2022-01-12,2022-01-19,2022,1,january,7,Copenhagen|Denmark,Copenhagen,Denmark,DK,CPH,ORD,Europe,Northern Europe,Scandinavian Airlines Sys.,Economy,,0,0,0,1,7.47,7.03,0.6366,0.3634,6.35,13,5,"Copenhagen, Denmark"
OPO-2022-03-02,otto-lidenbrock,1,0,1,city,2022-03-02,2022-03-09,2022,3,march,7,London|United Kingdom,London,United Kingdom,GB,LHR,ORD,Europe,Northern Europe,British Airways Plc,Economy,,0,0,0,1,6.71,9.54,0.8673,0.1327,7.85,135,33,"London, United Kingdom"
OPO-2022-04-27,otto-lidenbrock,1,0,1,city,2022-04-27,2022-05-04,2022,4,april,7,Amsterdam|Netherlands,Amsterdam,Netherlands,NL,AMS,ORD,Europe,Western Europe,Klm Royal Dutch Airlines,Economy,,0,0,0,1,7.47,8.19,0.7822,0.2178,7.83,50,16,"Amsterdam, Netherlands"
OPO-2022-07-13,otto-lidenbrock,1,0,1,city,2022-07-13,2022-07-18,2022,7,july,5,Cancun|Mexico,Cancun,Mexico,MX,CUN,ORD,Americas,Central America,Frontier Airlines Inc.,Economy,beach_vacation,1,0,0,1,0.0,2.83,0.6899,0.3101,7.2,173,36,"Cancun, Mexico"
OPO-2022-09-14,otto-lidenbrock,1,0,1,city,2022-09-14,2022-09-21,2022,9,september,7,Rome|Italy,Rome,Italy,IT,FCO,ORD,Europe,Southern Europe,British Airways Plc,Economy,beach_vacation,1,0,0,1,8.67,7.27,0.7587,0.2413,7.89,49,25,"Rome, Italy"
OPO-2023-01-11,otto-lidenbrock,1,0,1,city,2023-01-11,2023-01-18,2023,1,january,7,Copenhagen|Denmark,Copenhagen,Denmark,DK,CPH,ORD,Europe,Northern Europe,Scandinavian Airlines Sys.,Economy,,0,0,0,1,7.47,7.03,0.6366,0.3634,6.35,13,5,"Copenhagen, Denmark"
OPO-2023-03-01,otto-lidenbrock,1,0,1,city,2023-03-01,2023-03-08,2023,3,march,7,London|United Kingdom,London,United Kingdom,GB,LHR,ORD,Europe,Northern Europe,Delta Air Lines Inc.,Economy,,0,0,0,1,6.71,9.54,0.8673,0.1327,7.85,135,33,"London, United Kingdom"
OPO-2023-04-26,otto-lidenbrock,1,0,1,city,2023-04-26,2023-05-03,2023,4,april,7,Amsterdam|Netherlands,Amsterdam,Netherlands,NL,AMS,ORD,Europe,Western Europe,Lufthansa German Airlines,Economy,,0,0,0,1,7.47,8.19,0.7822,0.2178,7.84,50,16,"Amsterdam, Netherlands"
OPO-2023-07-12,otto-lidenbrock,1,0,1,city,2023-07-12,2023-07-17,2023,7,july,5,Cancun|Mexico,Cancun,Mexico,MX,CUN,ORD,Americas,Central America,Spirit Air Lines,Economy,beach_vacation,1,0,0,1,0.0,2.83,0.6899,0.3101,7.2,173,36,"Cancun, Mexico"
OPO-2023-09-13,otto-lidenbrock,1,0,1,city,2023-09-13,2023-09-20,2023,9,september,7,Rome|Italy,Rome,Italy,IT,FCO,ORD,Europe,Southern Europe,Delta Air Lines Inc.,Economy,beach_vacation,1,0,0,1,8.67,7.27,0.7587,0.2413,7.89,49,25,"Rome, Italy"
OPO-2024-01-10,otto-lidenbrock,1,0,1,city,2024-01-10,2024-01-17,2024,1,january,7,Copenhagen|Denmark,Copenhagen,Denmark,DK,CPH,ORD,Europe,Northern Europe,Scandinavian Airlines Sys.,Economy,,0,0,0,1,7.47,7.03,0.6366,0.3634,6.35,13,5,"Copenhagen, Denmark"
OPO-2024-03-06,otto-lidenbrock,1,0,1,city,2024-03-06,2024-03-13,2024,3,march,7,London|United Kingdom,London,United Kingdom,GB,LHR,ORD,Europe,Northern Europe,Iberia Air Lines Of Spain,Economy,,0,0,0,1,6.71,9.54,0.8673,0.1327,7.85,135,33,"London, United Kingdom"
OPO-2024-04-24,otto-lidenbrock,1,0,1,city,2024-04-24,2024-05-01,2024,4,april,7,Amsterdam|Netherlands,Amsterdam,Netherlands,NL,AMS,ORD,Europe,Western Europe,United Air Lines Inc.,Economy,,0,0,0,1,7.47,8.19,0.7822,0.2178,7.85,50,16,"Amsterdam, Netherlands"
OPO-2024-07-10,otto-lidenbrock,1,0,1,city,2024-07-10,2024-07-15,2024,7,july,5,Cancun|Mexico,Cancun,Mexico,MX,CUN,ORD,Americas,Central America,United Air Lines Inc.,Economy,beach_vacation,1,0,0,1,0.0,2.83,0.6899,0.3101,7.2,173,36,"Cancun, Mexico"
OPO-2024-09-11,otto-lidenbrock,1,0,1,city,2024-09-11,2024-09-18,2024,9,september,7,Rome|Italy,Rome,Italy,IT,FCO,ORD,Europe,Southern Europe,Iberia Air Lines Of Spain,Economy,beach_vacation,1,0,0,1,8.67,7.27,0.7587,0.2413,7.89,49,25,"Rome, Italy"
OPO-2025-01-08,otto-lidenbrock,1,0,1,city,2025-01-08,2025-01-15,2025,1,january,7,Copenhagen|Denmark,Copenhagen,Denmark,DK,CPH,ORD,Europe,Northern Europe,Scandinavian Airlines Sys.,Economy,,0,0,0,1,7.47,7.03,0.6366,0.3634,6.35,13,5,"Copenhagen, Denmark"
OPO-2025-03-05,otto-lidenbrock,1,0,1,city,2025-03-05,2025-03-12,2025,3,march,7,London|United Kingdom,London,United Kingdom,GB,LHR,ORD,Europe,Northern Europe,Lufthansa German Airlines,Economy,,0,0,0,1,6.71,9.54,0.8673,0.1327,7.85,135,33,"London, United Kingdom"
OPO-2025-04-30,otto-lidenbrock,1,0,1,city,2025-04-30,2025-05-07,2025,4,april,7,Amsterdam|Netherlands,Amsterdam,Netherlands,NL,AMS,ORD,Europe,Western Europe,Delta Air Lines Inc.,Economy,,0,0,0,1,7.47,8.19,0.7822,0.2178,7.81,50,16,"Amsterdam, Netherlands"
OPO-2025-07-09,otto-lidenbrock,1,0,1,city,2025-07-09,2025-07-14,2025,7,july,5,Cancun|Mexico,Cancun,Mexico,MX,CUN,ORD,Americas,Central America,American Airlines Inc.,Economy,beach_vacation,1,0,0,1,0.0,2.83,0.6899,0.3101,7.2,173,36,"Cancun, Mexico"
OPO-2025-09-10,otto-lidenbrock,1,0,1,city,2025-09-10,2025-09-17,2025,9,september,7,Rome|Italy,Rome,Italy,IT,FCO,ORD,Europe,Southern Europe,American Airlines Inc.,Economy,beach_vacation,1,0,0,1,8.67,7.27,0.7587,0.2413,7.89,49,25,"Rome, Italy"
FA1-2022-01-01,ousha-bint-khalifa-al-suwaidi,1,0,0,city,2022-01-01,2022-01-08,2022,1,january,8,Dubai|United Arab Emirates,Dubai,United Arab Emirates,AE,,,Asia,Western Asia,,Economy,,0,0,0,1,0.0,7.48,0.7049,0.2951,8.01,4,4,Dubai
SL5-2022-11-08,p-k-page,0,0,0,country,2022-11-08,2022-11-15,2022,11,november,7,,,Egypt,EG,,,Africa,Northern Africa,,Economy,,0,0,0,0,,,,,,,,Egypt
PP-2021-08-14,pablo-picasso,1,0,1,city,2021-08-14,2021-08-21,2021,8,august,7,New York|United States,New York,United States,US,EWR,BCN,Americas,Northern America,United Air Lines Inc.,Economy,beach_vacation,1,0,0,1,4.58,9.36,0.95,0.05,7.8,69,13,"New York, United States"
PP-2022-08-13,pablo-picasso,1,0,1,city,2022-08-13,2022-08-20,2022,8,august,7,"Washington, D.C.|United States","Washington, D.C.",United States,US,IAD,BCN,Americas,Northern America,United Air Lines Inc.,Economy,beach_vacation,1,0,0,1,0.0,7.41,0.8856,0.1144,7.72,3,3,"Washington, D.C., United States"
PP-2023-08-12,pablo-picasso,1,0,1,city,2023-08-12,2023-08-19,2023,8,august,7,Chicago|United States,Chicago,United States,US,ORD,BCN,Americas,Northern America,American Airlines Inc.,Economy,,0,0,0,1,2.89,7.33,0.9501,0.0499,8.0,57,21,"Chicago, United States"
PP-2024-08-10,pablo-picasso,1,0,1,city,2024-08-10,2024-08-17,2024,8,august,7,San Francisco|United States,San Francisco,United States,US,SFO,BCN,Americas,Northern America,United Air Lines Inc.,Economy,,0,0,0,1,0.0,8.13,0.8552,0.1448,8.12,40,9,"San Francisco, United States"
PAN-2019-02-07,pandora,1,0,1,city,2019-02-07,2019-02-12,2019,2,february,5,Mexico City|Mexico,Mexico City,Mexico,MX,MEX,LAX,Americas,Central America,Aeromexico,Economy,,0,0,0,1,8.12,6.87,0.7046,0.2954,7.99,43,13,"Mexico City, Mexico"
PAN-2019-06-15,pandora,1,0,1,city,2019-06-15,2019-06-20,2019,6,june,5,San Francisco|United States,San Francisco,United States,US,SFO,LAX,Americas,Northern America,United Air Lines Inc.,Economy,,0,0,0,1,0.0,8.13,0.8552,0.1448,8.13,40,9,"San Francisco, United States"
PAN-2019-09-22,pandora,1,0,1,city,2019-09-22,2019-10-03,2019,9,september,11,Seoul|South Korea,Seoul,South Korea,KR,ICN,LAX,Asia,Eastern Asia,Korean Air Lines Co. Ltd.,Economy,beach_vacation,1,0,0,1,8.12,8.2,0.7671,0.2329,7.1,29,9,"Seoul, South Korea"
PAN-2019-12-11,pandora,1,0,1,city,2019-12-11,2019-12-16,2019,12,december,5,Phoenix|United States,Phoenix,United States,US,PHX,LAX,Americas,Northern America,American Airlines Inc.,Economy,,0,0,0,1,2.89,0.0,0.8296,0.1704,8.12,48,12,"Phoenix, United States"
PAN-2020-02-18,pandora,1,0,1,city,2020-02-18,2020-02-25,2020,2,february,7,Cancun|Mexico,Cancun,Mexico,MX,CUN,LAX,Americas,Central America,United Air Lines Inc.,Economy,beach_vacation,1,0,0,1,0.0,2.83,0.6899,0.3101,7.44,173,36,"Cancun, Mexico"
PAN-2020-06-04,pandora,1,0,1,city,2020-06-04,2020-06-09,2020,6,june,5,Portland|United States,Portland,United States,US,PDX,LAX,Americas,Northern America,Delta Air Lines Inc.,Economy,,0,0,0,1,0.0,0.0,0.7713,0.2287,8.12,36,7,"Portland, United States"
PAN-2020-09-07,pandora,1,0,1,city,2020-09-07,2020-09-12,2020,9,september,5,Mexico City|Mexico,Mexico City,Mexico,MX,MEX,LAX,Americas,Central America,Concesionaria Vuela Compania De Aviacion SA de CV (Volaris),Economy,,0,0,0,1,8.12,6.87,0.7046,0.2954,6.5,43,13,"Mexico City, Mexico"
PAN-2020-12-15,pandora,1,0,1,city,2020-12-15,2020-12-20,2020,12,december,5,San Francisco|United States,San Francisco,United States,US,SFO,LAX,Americas,Northern America,Delta Air Lines Inc.,Economy,,0,0,0,1,0.0,8.13,0.8552,0.1448,7.01,40,9,"San Francisco, United States"
PAN-2021-02-22,pandora,1,0,1,city,2021-02-22,2021-03-05,2021,2,february,11,Seoul|South Korea,Seoul,South Korea,KR,ICN,LAX,Asia,Eastern Asia,Asiana Airlines Inc.,Economy,,0,0,0,1,8.12,8.2,0.7671,0.2329,6.97,29,9,"Seoul, South Korea"
PAN-2021-06-11,pandora,1,0,1,city,2021-06-11,2021-06-16,2021,6,june,5,Phoenix|United States,Phoenix,United States,US,PHX,LAX,Americas,Northern America,Southwest Airlines Co.,Economy,,0,0,0,1,2.89,0.0,0.8296,0.1704,7.03,48,12,"Phoenix, United States"
PAN-2021-09-18,pandora,1,0,1,city,2021-09-18,2021-09-25,2021,9,september,7,Cancun|Mexico,Cancun,Mexico,MX,CUN,LAX,Americas,Central America,Delta Air Lines Inc.,Economy,beach_vacation,1,0,0,1,0.0,2.83,0.6899,0.3101,6.86,173,36,"Cancun, Mexico"
PAN-2021-12-04,pandora,1,0,1,city,2021-12-04,2021-12-09,2021,12,december,5,Portland|United States,Portland,United States,US,PDX,LAX,Americas,Northern America,Alaska Airlines Inc.,Economy,,0,0,0,1,0.0,0.0,0.7713,0.2287,6.04,36,7,"Portland, United States"
PAN-2022-02-07,pandora,1,0,1,city,2022-02-07,2022-02-12,2022,2,february,5,Mexico City|Mexico,Mexico City,Mexico,MX,MEX,LAX,Americas,Central America,"Aeroenlaces Nacionales, S.A. de C.V. d/b/a VivaAerobus",Economy,,0,0,0,1,8.12,6.87,0.7046,0.2954,7.99,43,13,"Mexico City, Mexico"
PAN-2022-06-15,pandora,1,0,1,city,2022-06-15,2022-06-20,2022,6,june,5,San Francisco|United States,San Francisco,United States,US,SFO,LAX,Americas,Northern America,Alaska Airlines Inc.,Economy,,0,0,0,1,0.0,8.13,0.8552,0.1448,8.13,40,9,"San Francisco, United States"
PAN-2022-09-22,pandora,1,0,1,city,2022-09-22,2022-10-03,2022,9,september,11,Seoul|South Korea,Seoul,South Korea,KR,ICN,LAX,Asia,Eastern Asia,Korean Air Lines Co. Ltd.,Economy,beach_vacation,1,0,0,1,8.12,8.2,0.7671,0.2329,7.1,29,9,"Seoul, South Korea"
PAN-2022-12-11,pandora,1,0,1,city,2022-12-11,2022-12-16,2022,12,december,5,Phoenix|United States,Phoenix,United States,US,PHX,LAX,Americas,Northern America,Frontier Airlines Inc.,Economy,,0,0,0,1,2.89,0.0,0.8296,0.1704,8.12,48,12,"Phoenix, United States"
PAN-2023-02-18,pandora,1,0,1,city,2023-02-18,2023-02-25,2023,2,february,7,Cancun|Mexico,Cancun,Mexico,MX,CUN,LAX,Americas,Central America,Alaska Airlines Inc.,Economy,beach_vacation,1,0,0,1,0.0,2.83,0.6899,0.3101,7.44,173,36,"Cancun, Mexico"
PAN-2023-06-04,pandora,1,0,1,city,2023-06-04,2023-06-09,2023,6,june,5,Portland|United States,Portland,United States,US,PDX,LAX,Americas,Northern America,Frontier Airlines Inc.,Economy,,0,0,0,1,0.0,0.0,0.7713,0.2287,8.12,36,7,"Portland, United States"
PAN-2023-09-07,pandora,1,0,1,city,2023-09-07,2023-09-12,2023,9,september,5,Mexico City|Mexico,Mexico City,Mexico,MX,MEX,LAX,Americas,Central America,American Airlines Inc.,Economy,,0,0,0,1,8.12,6.87,0.7046,0.2954,6.5,43,13,"Mexico City, Mexico"
PAN-2023-12-15,pandora,1,0,1,city,2023-12-15,2023-12-20,2023,12,december,5,San Francisco|United States,San Francisco,United States,US,SFO,LAX,Americas,Northern America,Frontier Airlines Inc.,Economy,,0,0,0,1,0.0,8.13,0.8552,0.1448,7.01,40,9,"San Francisco, United States"
PAN-2024-02-22,pandora,1,0,1,city,2024-02-22,2024-03-04,2024,2,february,11,Seoul|South Korea,Seoul,South Korea,KR,ICN,LAX,Asia,Eastern Asia,Asiana Airlines Inc.,Economy,,0,0,0,1,8.12,8.2,0.7671,0.2329,6.89,29,9,"Seoul, South Korea"
PAN-2024-06-11,pandora,1,0,1,city,2024-06-11,2024-06-16,2024,6,june,5,Phoenix|United States,Phoenix,United States,US,PHX,LAX,Americas,Northern America,United Air Lines Inc.,Economy,,0,0,0,1,2.89,0.0,0.8296,0.1704,7.03,48,12,"Phoenix, United States"
PAN-2024-09-18,pandora,1,0,1,city,2024-09-18,2024-09-25,2024,9,september,7,Cancun|Mexico,Cancun,Mexico,MX,CUN,LAX,Americas,Central America,American Airlines Inc.,Economy,beach_vacation,1,0,0,1,0.0,2.83,0.6899,0.3101,6.86,173,36,"Cancun, Mexico"
PAN-2024-12-04,pandora,1,0,1,city,2024-12-04,2024-12-09,2024,12,december,5,Portland|United States,Portland,United States,US,PDX,LAX,Americas,Northern America,SkyWest Airlines Inc.,Economy,,0,0,0,1,0.0,0.0,0.7713,0.2287,6.04,36,7,"Portland, United States"
PAN-2025-02-07,pandora,1,0,1,city,2025-02-07,2025-02-12,2025,2,february,5,Mexico City|Mexico,Mexico City,Mexico,MX,MEX,LAX,Americas,Central America,Delta Air Lines Inc.,Economy,,0,0,0,1,8.12,6.87,0.7046,0.2954,7.99,43,13,"Mexico City, Mexico"
PAN-2025-06-15,pandora,1,0,1,city,2025-06-15,2025-06-20,2025,6,june,5,San Francisco|United States,San Francisco,United States,US,SFO,LAX,Americas,Northern America,Southwest Airlines Co.,Economy,,0,0,0,1,0.0,8.13,0.8552,0.1448,8.13,40,9,"San Francisco, United States"
PAN-2025-09-22,pandora,1,0,1,city,2025-09-22,2025-10-03,2025,9,september,11,Seoul|South Korea,Seoul,South Korea,KR,ICN,LAX,Asia,Eastern Asia,Korean Air Lines Co. Ltd.,Economy,beach_vacation,1,0,0,1,8.12,8.2,0.7671,0.2329,7.1,29,9,"Seoul, South Korea"
PAN-2025-12-11,pandora,1,0,1,city,2025-12-11,2025-12-16,2025,12,december,5,Phoenix|United States,Phoenix,United States,US,PHX,LAX,Americas,Northern America,Delta Air Lines Inc.,Economy,,0,0,0,1,2.89,0.0,0.8296,0.1704,8.12,48,12,"Phoenix, United States"
EK-2022-07-20,park-kyong-ni,1,0,0,region,2022-07-20,2022-07-30,2022,7,july,10,Bali|Indonesia,Bali,Indonesia,ID,,,Asia,South-eastern Asia,,Economy,,0,0,0,1,2.89,0.0,0.3416,0.6584,6.9,12,12,"Bali, Indonesia"
GL-2022-09-20,park-wan-suh,1,0,0,city,2022-09-20,2022-09-30,2022,9,september,10,Athens|Greece,Athens,Greece,GR,,,Europe,Southern Europe,,Economy,,0,0,0,1,4.58,5.62,0.6151,0.3849,8.18,12,6,"Athens, Greece"
DL1-2021-09-01,patrick-white,1,0,0,city,2021-09-01,2021-09-10,2021,9,september,9,Sydney|Australia,Sydney,Australia,AU,,,Oceania,Australia and New Zealand,,Economy,,0,0,0,1,4.58,0.0,0.6762,0.3238,7.75,40,14,Sydney
DL1-2023-06-23,patrick-white,1,0,0,city,2023-06-23,2023-06-29,2023,6,june,6,Sydney|Australia,Sydney,Australia,AU,,,Oceania,Australia and New Zealand,,Economy,,0,0,0,1,4.58,0.0,0.6762,0.3238,7.73,40,14,Sydney
DL1-2024-02-05,patrick-white,1,0,0,city,2024-02-05,2024-02-12,2024,2,february,7,Sydney|Australia,Sydney,Australia,AU,,,Oceania,Australia and New Zealand,,Economy,,0,0,0,1,4.58,0.0,0.6762,0.3238,7.08,40,14,Sydney
ED1-2021-10-15,pearl-s-buck,1,0,0,city,2021-10-15,2021-10-20,2021,10,october,6,New York|United States,New York,United States,US,,,Americas,Northern America,,Economy,,0,0,0,1,4.58,9.36,0.95,0.05,7.38,69,13,New York
ED1-2023-07-15,pearl-s-buck,1,0,0,city,2023-07-15,2023-07-22,2023,7,july,7,New York|United States,New York,United States,US,,,Americas,Northern America,,Economy,,0,0,0,1,4.58,9.36,0.95,0.05,7.47,69,13,"New York City, USA"
HPR-2021-06-18,pedro-romero,1,0,1,city,2021-06-18,2021-06-21,2021,6,june,3,Phoenix|United States,Phoenix,United States,US,PHX,SAT,Americas,Northern America,American Airlines Inc.,Economy,,0,0,0,1,2.89,0.0,0.8296,0.1704,7.03,48,12,"Phoenix, United States"
HPR-2021-07-02,pedro-romero,1,0,1,city,2021-07-02,2021-07-06,2021,7,july,4,Denver|United States,Denver,United States,US,DEN,SAT,Americas,Northern America,United Air Lines Inc.,Economy,,0,0,0,1,0.0,5.91,0.8445,0.1555,7.97,105,24,"Denver, United States"
HPR-2022-06-18,pedro-romero,1,0,1,city,2022-06-18,2022-06-21,2022,6,june,3,Phoenix|United States,Phoenix,United States,US,PHX,SAT,Americas,Northern America,American Airlines Inc.,Economy,,0,0,0,1,2.89,0.0,0.8296,0.1704,7.03,48,12,"Phoenix, United States"
HPR-2022-07-02,pedro-romero,1,0,1,city,2022-07-02,2022-07-06,2022,7,july,4,Denver|United States,Denver,United States,US,DEN,SAT,Americas,Northern America,United Air Lines Inc.,Economy,,0,0,0,1,0.0,5.91,0.8445,0.1555,7.97,105,24,"Denver, United States"
HPR-2023-06-18,pedro-romero,1,0,1,city,2023-06-18,2023-06-21,2023,6,june,3,Phoenix|United States,Phoenix,United States,US,PHX,SAT,Americas,Northern America,American Airlines Inc.,Economy,,0,0,0,1,2.89,0.0,0.8296,0.1704,7.03,48,12,"Phoenix, United States"
HPR-2023-07-02,pedro-romero,1,0,1,city,2023-07-02,2023-07-06,2023,7,july,4,Denver|United States,Denver,United States,US,DEN,SAT,Americas,Northern America,United Air Lines Inc.,Economy,,0,0,0,1,0.0,5.91,0.8445,0.1555,7.97,105,24,"Denver, United States"
HPR-2024-06-18,pedro-romero,1,0,1,city,2024-06-18,2024-06-21,2024,6,june,3,Phoenix|United States,Phoenix,United States,US,PHX,SAT,Americas,Northern America,American Airlines Inc.,Economy,,0,0,0,1,2.89,0.0,0.8296,0.1704,7.03,48,12,"Phoenix, United States"
HPR-2024-07-02,pedro-romero,1,0,1,city,2024-07-02,2024-07-06,2024,7,july,4,Denver|United States,Denver,United States,US,DEN,SAT,Americas,Northern America,United Air Lines Inc.,Economy,,0,0,0,1,0.0,5.91,0.8445,0.1555,7.97,105,24,"Denver, United States"
HPR-2025-06-18,pedro-romero,1,0,1,city,2025-06-18,2025-06-21,2025,6,june,3,Phoenix|United States,Phoenix,United States,US,PHX,SAT,Americas,Northern America,American Airlines Inc.,Economy,,0,0,0,1,2.89,0.0,0.8296,0.1704,7.03,48,12,"Phoenix, United States"
HPR-2025-07-02,pedro-romero,1,0,1,city,2025-07-02,2025-07-06,2025,7,july,4,Denver|United States,Denver,United States,US,DEN,SAT,Americas,Northern America,United Air Lines Inc.,Economy,,0,0,0,1,0.0,5.91,0.8445,0.1555,7.97,105,24,"Denver, United States"
PSE-2020-02-07,persephone,1,0,1,city,2020-02-07,2020-02-14,2020,2,february,7,Cancun|Mexico,Cancun,Mexico,MX,CUN,PHX,Americas,Central America,American Airlines Inc.,Economy,beach_vacation,1,0,0,1,0.0,2.83,0.6899,0.3101,7.44,173,36,"Cancun, Mexico"
PSE-2020-05-15,persephone,1,0,1,city,2020-05-15,2020-05-21,2020,5,may,6,Los Angeles|United States,Los Angeles,United States,US,LAX,PHX,Americas,Northern America,American Airlines Inc.,Economy,beach_vacation,1,0,0,1,2.89,8.2,0.9115,0.0885,8.34,44,11,"Los Angeles, United States"
PSE-2020-09-22,persephone,1,0,1,city,2020-09-22,2020-09-27,2020,9,september,5,Vancouver|Canada,Vancouver,Canada,CA,YVR,PHX,Americas,Northern America,Westjet,Economy,,0,0,0,1,0.0,6.85,0.7561,0.2439,7.6,13,6,"Vancouver, Canada"
PSE-2020-12-11,persephone,1,0,1,city,2020-12-11,2020-12-15,2020,12,december,4,Minneapolis|United States,Minneapolis,United States,US,MSP,PHX,Americas,Northern America,Delta Air Lines Inc.,Economy,,0,0,0,1,0.0,0.0,0.8175,0.1825,5.39,10,3,"Minneapolis, United States"
PSE-2021-02-18,persephone,1,0,1,city,2021-02-18,2021-02-23,2021,2,february,5,Mexico City|Mexico,Mexico City,Mexico,MX,MEX,PHX,Americas,Central America,American Airlines Inc.,Economy,,0,0,0,1,8.12,6.87,0.7046,0.2954,7.99,43,13,"Mexico City, Mexico"
PSE-2021-05-04,persephone,1,0,1,city,2021-05-04,2021-05-09,2021,5,may,5,Portland|United States,Portland,United States,US,PDX,PHX,Americas,Northern America,Alaska Airlines Inc.,Economy,,0,0,0,1,0.0,0.0,0.7713,0.2287,7.49,36,7,"Portland, United States"
PSE-2021-09-07,persephone,1,0,1,city,2021-09-07,2021-09-14,2021,9,september,7,Cancun|Mexico,Cancun,Mexico,MX,CUN,PHX,Americas,Central America,Southwest Airlines Co.,Economy,beach_vacation,1,0,0,1,0.0,2.83,0.6899,0.3101,6.86,173,36,"Cancun, Mexico"
PSE-2021-12-15,persephone,1,0,1,city,2021-12-15,2021-12-21,2021,12,december,6,Los Angeles|United States,Los Angeles,United States,US,LAX,PHX,Americas,Northern America,Southwest Airlines Co.,Economy,,0,0,0,1,2.89,8.2,0.9115,0.0885,7.68,44,11,"Los Angeles, United States"
PSE-2022-02-22,persephone,1,0,1,city,2022-02-22,2022-02-27,2022,2,february,5,Vancouver|Canada,Vancouver,Canada,CA,YVR,PHX,Americas,Northern America,Air Canada,Economy,,0,0,0,1,0.0,6.85,0.7561,0.2439,5.24,13,6,"Vancouver, Canada"
PSE-2022-05-11,persephone,1,0,1,city,2022-05-11,2022-05-15,2022,5,may,4,Minneapolis|United States,Minneapolis,United States,US,MSP,PHX,Americas,Northern America,American Airlines Inc.,Economy,,0,0,0,1,0.0,0.0,0.8175,0.1825,7.39,10,3,"Minneapolis, United States"
PSE-2022-09-18,persephone,1,0,1,city,2022-09-18,2022-09-23,2022,9,september,5,Mexico City|Mexico,Mexico City,Mexico,MX,MEX,PHX,Americas,Central America,Aeromexico,Economy,,0,0,0,1,8.12,6.87,0.7046,0.2954,6.5,43,13,"Mexico City, Mexico"
PSE-2022-12-04,persephone,1,0,1,city,2022-12-04,2022-12-09,2022,12,december,5,Portland|United States,Portland,United States,US,PDX,PHX,Americas,Northern America,American Airlines Inc.,Economy,,0,0,0,1,0.0,0.0,0.7713,0.2287,6.04,36,7,"Portland, United States"
PSE-2023-02-07,persephone,1,0,1,city,2023-02-07,2023-02-14,2023,2,february,7,Cancun|Mexico,Cancun,Mexico,MX,CUN,PHX,Americas,Central America,American Airlines Inc.,Economy,beach_vacation,1,0,0,1,0.0,2.83,0.6899,0.3101,7.44,173,36,"Cancun, Mexico"
PSE-2023-05-15,persephone,1,0,1,city,2023-05-15,2023-05-21,2023,5,may,6,Los Angeles|United States,Los Angeles,United States,US,LAX,PHX,Americas,Northern America,United Air Lines Inc.,Economy,beach_vacation,1,0,0,1,2.89,8.2,0.9115,0.0885,8.34,44,11,"Los Angeles, United States"
PSE-2023-09-22,persephone,1,0,1,city,2023-09-22,2023-09-27,2023,9,september,5,Vancouver|Canada,Vancouver,Canada,CA,YVR,PHX,Americas,Northern America,Porter Airlines Limited (PACL),Economy,,0,0,0,1,0.0,6.85,0.7561,0.2439,7.6,13,6,"Vancouver, Canada"
PSE-2023-12-11,persephone,1,0,1,city,2023-12-11,2023-12-15,2023,12,december,4,Minneapolis|United States,Minneapolis,United States,US,MSP,PHX,Americas,Northern America,Southwest Airlines Co.,Economy,,0,0,0,1,0.0,0.0,0.8175,0.1825,5.39,10,3,"Minneapolis, United States"
PSE-2024-02-18,persephone,1,0,1,city,2024-02-18,2024-02-23,2024,2,february,5,Mexico City|Mexico,Mexico City,Mexico,MX,MEX,PHX,Americas,Central America,American Airlines Inc.,Economy,,0,0,0,1,8.12,6.87,0.7046,0.2954,7.99,43,13,"Mexico City, Mexico"
PSE-2024-05-04,persephone,1,0,1,city,2024-05-04,2024-05-09,2024,5,may,5,Portland|United States,Portland,United States,US,PDX,PHX,Americas,Northern America,Southwest Airlines Co.,Economy,,0,0,0,1,0.0,0.0,0.7713,0.2287,7.49,36,7,"Portland, United States"
PSE-2024-09-07,persephone,1,0,1,city,2024-09-07,2024-09-14,2024,9,september,7,Cancun|Mexico,Cancun,Mexico,MX,CUN,PHX,Americas,Central America,Southwest Airlines Co.,Economy,beach_vacation,1,0,0,1,0.0,2.83,0.6899,0.3101,6.86,173,36,"Cancun, Mexico"
PSE-2024-12-15,persephone,1,0,1,city,2024-12-15,2024-12-21,2024,12,december,6,Los Angeles|United States,Los Angeles,United States,US,LAX,PHX,Americas,Northern America,Frontier Airlines Inc.,Economy,,0,0,0,1,2.89,8.2,0.9115,0.0885,7.68,44,11,"Los Angeles, United States"
PSE-2025-02-22,persephone,1,0,1,city,2025-02-22,2025-02-27,2025,2,february,5,Vancouver|Canada,Vancouver,Canada,CA,YVR,PHX,Americas,Northern America,Air Canada rouge LP,Economy,,0,0,0,1,0.0,6.85,0.7561,0.2439,5.24,13,6,"Vancouver, Canada"
PSE-2025-05-11,persephone,1,0,1,city,2025-05-11,2025-05-15,2025,5,may,4,Minneapolis|United States,Minneapolis,United States,US,MSP,PHX,Americas,Northern America,Sun Country Airlines d/b/a MN Airlines,Economy,,0,0,0,1,0.0,0.0,0.8175,0.1825,7.39,10,3,"Minneapolis, United States"
PSE-2025-09-18,persephone,1,0,1,city,2025-09-18,2025-09-23,2025,9,september,5,Mexico City|Mexico,Mexico City,Mexico,MX,MEX,PHX,Americas,Central America,Aeromexico,Economy,,0,0,0,1,8.12,6.87,0.7046,0.2954,6.5,43,13,"Mexico City, Mexico"
PSE-2025-12-04,persephone,1,0,1,city,2025-12-04,2025-12-09,2025,12,december,5,Portland|United States,Portland,United States,US,PDX,PHX,Americas,Northern America,Frontier Airlines Inc.,Economy,,0,0,0,1,0.0,0.0,0.7713,0.2287,6.04,36,7,"Portland, United States"
PER-2018-03-07,perseus,1,0,1,city,2018-03-07,2018-03-10,2018,3,march,3,Atlanta|United States,Atlanta,United States,US,ATL,JAX,Americas,Northern America,Delta Air Lines Inc.,Economy,,0,0,0,1,0.0,6.55,0.9297,0.0703,7.4,42,15,"Atlanta, United States"
PER-2018-07-15,perseus,1,0,1,city,2018-07-15,2018-07-19,2018,7,july,4,Chicago|United States,Chicago,United States,US,ORD,JAX,Americas,Northern America,United Air Lines Inc.,Economy,,0,0,0,1,2.89,7.33,0.9501,0.0499,7.41,57,21,"Chicago, United States"
PER-2018-10-22,perseus,1,0,1,city,2018-10-22,2018-10-28,2018,10,october,6,Orlando|United States,Orlando,United States,US,MCO,JAX,Americas,Northern America,Southwest Airlines Co.,Economy,beach_vacation,1,0,0,1,0.0,6.53,0.8513,0.1487,7.45,158,26,"Orlando, United States"
PER-2019-03-11,perseus,1,0,1,city,2019-03-11,2019-03-16,2019,3,march,5,Denver|United States,Denver,United States,US,DEN,JAX,Americas,Northern America,United Air Lines Inc.,Economy,ski_trip,0,1,0,1,0.0,5.91,0.8445,0.1555,7.67,105,24,"Denver, United States"
PER-2019-07-18,perseus,1,0,1,city,2019-07-18,2019-07-23,2019,7,july,5,New York City|United States,New York City,United States,US,JFK,JAX,Americas,Northern America,JetBlue Airways,Economy,beach_vacation,1,0,0,1,4.58,9.36,0.95,0.05,7.47,24,4,"New York City, United States"
PER-2019-10-04,perseus,1,0,1,city,2019-10-04,2019-10-08,2019,10,october,4,Washington|United States,Washington,United States,US,IAD,JAX,Americas,Northern America,United Air Lines Inc.,Economy,,0,0,0,1,0.0,7.41,0.8856,0.1144,7.33,22,7,"Washington, United States"
PER-2020-03-07,perseus,1,0,1,city,2020-03-07,2020-03-10,2020,3,march,3,Atlanta|United States,Atlanta,United States,US,ATL,JAX,Americas,Northern America,Frontier Airlines Inc.,Economy,,0,0,0,1,0.0,6.55,0.9297,0.0703,7.4,42,15,"Atlanta, United States"
PER-2020-07-15,perseus,1,0,1,city,2020-07-15,2020-07-19,2020,7,july,4,Chicago|United States,Chicago,United States,US,ORD,JAX,Americas,Northern America,American Airlines Inc.,Economy,,0,0,0,1,2.89,7.33,0.9501,0.0499,7.41,57,21,"Chicago, United States"
PER-2020-10-22,perseus,1,0,1,city,2020-10-22,2020-10-28,2020,10,october,6,Orlando|United States,Orlando,United States,US,MCO,JAX,Americas,Northern America,Delta Air Lines Inc.,Economy,beach_vacation,1,0,0,1,0.0,6.53,0.8513,0.1487,7.45,158,26,"Orlando, United States"
PER-2021-03-11,perseus,1,0,1,city,2021-03-11,2021-03-16,2021,3,march,5,Denver|United States,Denver,United States,US,DEN,JAX,Americas,Northern America,Southwest Airlines Co.,Economy,ski_trip,0,1,0,1,0.0,5.91,0.8445,0.1555,7.67,105,24,"Denver, United States"
PER-2021-07-18,perseus,1,0,1,city,2021-07-18,2021-07-23,2021,7,july,5,New York City|United States,New York City,United States,US,JFK,JAX,Americas,Northern America,Delta Air Lines Inc.,Economy,beach_vacation,1,0,0,1,4.58,9.36,0.95,0.05,7.47,24,4,"New York City, United States"
PER-2021-10-04,perseus,1,0,1,city,2021-10-04,2021-10-08,2021,10,october,4,Washington|United States,Washington,United States,US,IAD,JAX,Americas,Northern America,United Air Lines Inc.,Economy,,0,0,0,1,0.0,7.41,0.8856,0.1144,7.33,22,7,"Washington, United States"
PER-2022-03-07,perseus,1,0,1,city,2022-03-07,2022-03-10,2022,3,march,3,Atlanta|United States,Atlanta,United States,US,ATL,JAX,Americas,Northern America,Delta Air Lines Inc.,Economy,,0,0,0,1,0.0,6.55,0.9297,0.0703,7.4,42,15,"Atlanta, United States"
PER-2022-07-15,perseus,1,0,1,city,2022-07-15,2022-07-19,2022,7,july,4,Chicago|United States,Chicago,United States,US,ORD,JAX,Americas,Northern America,Envoy Air,Economy,,0,0,0,1,2.89,7.33,0.9501,0.0499,7.41,57,21,"Chicago, United States"
PER-2022-10-22,perseus,1,0,1,city,2022-10-22,2022-10-28,2022,10,october,6,Orlando|United States,Orlando,United States,US,MCO,JAX,Americas,Northern America,JetBlue Airways,Economy,beach_vacation,1,0,0,1,0.0,6.53,0.8513,0.1487,7.45,158,26,"Orlando, United States"
PER-2023-03-11,perseus,1,0,1,city,2023-03-11,2023-03-16,2023,3,march,5,Denver|United States,Denver,United States,US,DEN,JAX,Americas,Northern America,United Air Lines Inc.,Economy,ski_trip,0,1,0,1,0.0,5.91,0.8445,0.1555,7.67,105,24,"Denver, United States"
PER-2023-07-18,perseus,1,0,1,city,2023-07-18,2023-07-23,2023,7,july,5,New York City|United States,New York City,United States,US,JFK,JAX,Americas,Northern America,Endeavor Air Inc.,Economy,beach_vacation,1,0,0,1,4.58,9.36,0.95,0.05,7.47,24,4,"New York City, United States"
PER-2023-10-04,perseus,1,0,1,city,2023-10-04,2023-10-08,2023,10,october,4,Washington|United States,Washington,United States,US,IAD,JAX,Americas,Northern America,United Air Lines Inc.,Economy,,0,0,0,1,0.0,7.41,0.8856,0.1144,7.33,22,7,"Washington, United States"
PER-2024-03-07,perseus,1,0,1,city,2024-03-07,2024-03-10,2024,3,march,3,Atlanta|United States,Atlanta,United States,US,ATL,JAX,Americas,Northern America,Frontier Airlines Inc.,Economy,,0,0,0,1,0.0,6.55,0.9297,0.0703,7.4,42,15,"Atlanta, United States"
PER-2024-07-15,perseus,1,0,1,city,2024-07-15,2024-07-19,2024,7,july,4,Chicago|United States,Chicago,United States,US,ORD,JAX,Americas,Northern America,Republic Airline,Economy,,0,0,0,1,2.89,7.33,0.9501,0.0499,7.41,57,21,"Chicago, United States"
PER-2024-10-22,perseus,1,0,1,city,2024-10-22,2024-10-28,2024,10,october,6,Orlando|United States,Orlando,United States,US,MCO,JAX,Americas,Northern America,United Air Lines Inc.,Economy,beach_vacation,1,0,0,1,0.0,6.53,0.8513,0.1487,7.45,158,26,"Orlando, United States"
PER-2025-03-11,perseus,1,0,1,city,2025-03-11,2025-03-16,2025,3,march,5,Denver|United States,Denver,United States,US,DEN,JAX,Americas,Northern America,Southwest Airlines Co.,Economy,ski_trip,0,1,0,1,0.0,5.91,0.8445,0.1555,7.67,105,24,"Denver, United States"
PER-2025-07-18,perseus,1,0,1,city,2025-07-18,2025-07-23,2025,7,july,5,New York City|United States,New York City,United States,US,JFK,JAX,Americas,Northern America,JetBlue Airways,Economy,beach_vacation,1,0,0,1,4.58,9.36,0.95,0.05,7.47,24,4,"New York City, United States"
PER-2025-10-04,perseus,1,0,1,city,2025-10-04,2025-10-08,2025,10,october,4,Washington|United States,Washington,United States,US,IAD,JAX,Americas,Northern America,United Air Lines Inc.,Economy,,0,0,0,1,0.0,7.41,0.8856,0.1144,7.33,22,7,"Washington, United States"
OPF-2021-01-13,phileas-fogg,1,0,1,city,2021-01-13,2021-01-20,2021,1,january,7,London|United Kingdom,London,United Kingdom,GB,LHR,JFK,Europe,Northern Europe,American Airlines Inc.,Economy,,0,0,0,1,6.71,9.54,0.8673,0.1327,6.65,135,33,"London, United Kingdom"
OPF-2021-03-03,phileas-fogg,1,0,1,city,2021-03-03,2021-03-10,2021,3,march,7,Rome|Italy,Rome,Italy,IT,FCO,JFK,Europe,Southern Europe,American Airlines Inc.,Economy,,0,0,0,1,8.67,7.27,0.7587,0.2413,7.03,49,25,"Rome, Italy"
OPF-2021-04-28,phileas-fogg,1,0,1,city,2021-04-28,2021-05-05,2021,4,april,7,Paris|France,Paris,France,FR,CDG,JFK,Europe,Western Europe,American Airlines Inc.,Economy,,0,0,0,1,6.71,9.93,0.8396,0.1604,7.71,72,28,"Paris, France"
OPF-2021-08-25,phileas-fogg,1,0,1,city,2021-08-25,2021-08-30,2021,8,august,5,Orlando|United States,Orlando,United States,US,MCO,JFK,Americas,Northern America,American Airlines Inc.,Economy,beach_vacation,1,0,0,1,0.0,6.53,0.8513,0.1487,6.84,158,26,"Orlando, United States"
OPF-2021-09-08,phileas-fogg,1,0,1,city,2021-09-08,2021-09-15,2021,9,september,7,Athens|Greece,Athens,Greece,GR,ATH,JFK,Europe,Southern Europe,Delta Air Lines Inc.,Economy,beach_vacation,1,0,0,1,4.58,5.62,0.6151,0.3849,8.18,12,6,"Athens, Greece"
OPF-2022-01-12,phileas-fogg,1,0,1,city,2022-01-12,2022-01-19,2022,1,january,7,London|United Kingdom,London,United Kingdom,GB,LHR,JFK,Europe,Northern Europe,Compagnie Natl Air France,Economy,,0,0,0,1,6.71,9.54,0.8673,0.1327,6.65,135,33,"London, United Kingdom"
OPF-2022-03-02,phileas-fogg,1,0,1,city,2022-03-02,2022-03-09,2022,3,march,7,Rome|Italy,Rome,Italy,IT,FCO,JFK,Europe,Southern Europe,British Airways Plc,Economy,,0,0,0,1,8.67,7.27,0.7587,0.2413,7.03,49,25,"Rome, Italy"
OPF-2022-04-27,phileas-fogg,1,0,1,city,2022-04-27,2022-05-04,2022,4,april,7,Paris|France,Paris,France,FR,CDG,JFK,Europe,Western Europe,Compagnie Natl Air France,Economy,,0,0,0,1,6.71,9.93,0.8396,0.1604,7.72,72,28,"Paris, France"
OPF-2022-08-31,phileas-fogg,1,0,1,city,2022-08-31,2022-09-05,2022,8,august,5,Orlando|United States,Orlando,United States,US,MCO,JFK,Americas,Northern America,JetBlue Airways,Economy,beach_vacation,1,0,0,1,0.0,6.53,0.8513,0.1487,6.81,158,26,"Orlando, United States"
OPF-2022-09-14,phileas-fogg,1,0,1,city,2022-09-14,2022-09-21,2022,9,september,7,Athens|Greece,Athens,Greece,GR,ATH,JFK,Europe,Southern Europe,Delta Air Lines Inc.,Economy,beach_vacation,1,0,0,1,4.58,5.62,0.6151,0.3849,8.18,12,6,"Athens, Greece"
OPF-2023-01-11,phileas-fogg,1,0,1,city,2023-01-11,2023-01-18,2023,1,january,7,London|United Kingdom,London,United Kingdom,GB,LHR,JFK,Europe,Northern Europe,British Airways Plc,Economy,,0,0,0,1,6.71,9.54,0.8673,0.1327,6.65,135,33,"London, United Kingdom"
OPF-2023-03-01,phileas-fogg,1,0,1,city,2023-03-01,2023-03-08,2023,3,march,7,Rome|Italy,Rome,Italy,IT,FCO,JFK,Europe,Southern Europe,Delta Air Lines Inc.,Economy,,0,0,0,1,8.67,7.27,0.7587,0.2413,7.03,49,25,"Rome, Italy"
OPF-2023-04-26,phileas-fogg,1,0,1,city,2023-04-26,2023-05-03,2023,4,april,7,Paris|France,Paris,France,FR,CDG,JFK,Europe,Western Europe,British Airways Plc,Economy,,0,0,0,1,6.71,9.93,0.8396,0.1604,7.73,72,28,"Paris, France"
OPF-2023-08-30,phileas-fogg,1,0,1,city,2023-08-30,2023-09-04,2023,8,august,5,Orlando|United States,Orlando,United States,US,MCO,JFK,Americas,Northern America,Delta Air Lines Inc.,Economy,beach_vacation,1,0,0,1,0.0,6.53,0.8513,0.1487,6.82,158,26,"Orlando, United States"
OPF-2023-09-13,phileas-fogg,1,0,1,city,2023-09-13,2023-09-20,2023,9,september,7,Athens|Greece,Athens,Greece,GR,ATH,JFK,Europe,Southern Europe,Delta Air Lines Inc.,Economy,beach_vacation,1,0,0,1,4.58,5.62,0.6151,0.3849,8.18,12,6,"Athens, Greece"
OPF-2024-01-10,phileas-fogg,1,0,1,city,2024-01-10,2024-01-17,2024,1,january,7,London|United Kingdom,London,United Kingdom,GB,LHR,JFK,Europe,Northern Europe,Delta Air Lines Inc.,Economy,,0,0,0,1,6.71,9.54,0.8673,0.1327,6.65,135,33,"London, United Kingdom"
OPF-2024-03-06,phileas-fogg,1,0,1,city,2024-03-06,2024-03-13,2024,3,march,7,Rome|Italy,Rome,Italy,IT,FCO,JFK,Europe,Southern Europe,Iberia Air Lines Of Spain,Economy,,0,0,0,1,8.67,7.27,0.7587,0.2413,7.03,49,25,"Rome, Italy"
OPF-2024-04-24,phileas-fogg,1,0,1,city,2024-04-24,2024-05-01,2024,4,april,7,Paris|France,Paris,France,FR,CDG,JFK,Europe,Western Europe,Delta Air Lines Inc.,Economy,,0,0,0,1,6.71,9.93,0.8396,0.1604,7.77,72,28,"Paris, France"
OPF-2024-08-28,phileas-fogg,1,0,1,city,2024-08-28,2024-09-02,2024,8,august,5,Orlando|United States,Orlando,United States,US,MCO,JFK,Americas,Northern America,American Airlines Inc.,Economy,beach_vacation,1,0,0,1,0.0,6.53,0.8513,0.1487,6.83,158,26,"Orlando, United States"
OPF-2024-09-11,phileas-fogg,1,0,1,city,2024-09-11,2024-09-18,2024,9,september,7,Athens|Greece,Athens,Greece,GR,ATH,JFK,Europe,Southern Europe,Delta Air Lines Inc.,Economy,beach_vacation,1,0,0,1,4.58,5.62,0.6151,0.3849,8.18,12,6,"Athens, Greece"
OPF-2025-01-08,phileas-fogg,1,0,1,city,2025-01-08,2025-01-15,2025,1,january,7,London|United Kingdom,London,United Kingdom,GB,LHR,JFK,Europe,Northern Europe,Iberia Air Lines Of Spain,Economy,,0,0,0,1,6.71,9.54,0.8673,0.1327,6.65,135,33,"London, United Kingdom"
OPF-2025-03-05,phileas-fogg,1,0,1,city,2025-03-05,2025-03-12,2025,3,march,7,Rome|Italy,Rome,Italy,IT,FCO,JFK,Europe,Southern Europe,American Airlines Inc.,Economy,,0,0,0,1,8.67,7.27,0.7587,0.2413,7.03,49,25,"Rome, Italy"
OPF-2025-04-30,phileas-fogg,1,0,1,city,2025-04-30,2025-05-07,2025,4,april,7,Paris|France,Paris,France,FR,CDG,JFK,Europe,Western Europe,Iberia Air Lines Of Spain,Economy,,0,0,0,1,6.71,9.93,0.8396,0.1604,7.68,72,28,"Paris, France"
OPF-2025-08-27,phileas-fogg,1,0,1,city,2025-08-27,2025-09-01,2025,8,august,5,Orlando|United States,Orlando,United States,US,MCO,JFK,Americas,Northern America,JetBlue Airways,Economy,beach_vacation,1,0,0,1,0.0,6.53,0.8513,0.1487,6.83,158,26,"Orlando, United States"
OPF-2025-09-10,phileas-fogg,1,0,1,city,2025-09-10,2025-09-17,2025,9,september,7,Athens|Greece,Athens,Greece,GR,ATH,JFK,Europe,Southern Europe,Delta Air Lines Inc.,Economy,beach_vacation,1,0,0,1,4.58,5.62,0.6151,0.3849,8.18,12,6,"Athens, Greece"
OPR-2021-01-13,pierre-aronnax,1,0,1,city,2021-01-13,2021-01-20,2021,1,january,7,Copenhagen|Denmark,Copenhagen,Denmark,DK,CPH,BOS,Europe,Northern Europe,Scandinavian Airlines Sys.,Economy,,0,0,0,1,7.47,7.03,0.6366,0.3634,6.35,13,5,"Copenhagen, Denmark"
OPR-2021-03-03,pierre-aronnax,1,0,1,city,2021-03-03,2021-03-10,2021,3,march,7,Keflavik|Iceland,Keflavik,Iceland,IS,KEF,BOS,Europe,Northern Europe,Icelandair,Economy,,0,0,0,0,,,,,,11,3,"Keflavik, Iceland"
OPR-2021-05-26,pierre-aronnax,1,0,1,city,2021-05-26,2021-06-02,2021,5,may,7,Madrid|Spain,Madrid,Spain,ES,MAD,BOS,Europe,Southern Europe,American Airlines Inc.,Economy,,0,0,0,1,6.71,8.22,0.7462,0.2538,7.96,51,18,"Madrid, Spain"
OPR-2021-07-14,pierre-aronnax,1,0,1,city,2021-07-14,2021-07-19,2021,7,july,5,Cancun|Mexico,Cancun,Mexico,MX,CUN,BOS,Americas,Central America,American Airlines Inc.,Economy,beach_vacation,1,0,0,1,0.0,2.83,0.6899,0.3101,7.2,173,36,"Cancun, Mexico"
OPR-2021-08-25,pierre-aronnax,1,0,1,city,2021-08-25,2021-08-30,2021,8,august,5,Orlando|United States,Orlando,United States,US,MCO,BOS,Americas,Northern America,JetBlue Airways,Economy,beach_vacation,1,0,0,1,0.0,6.53,0.8513,0.1487,6.84,158,26,"Orlando, United States"
OPR-2022-01-12,pierre-aronnax,1,0,1,city,2022-01-12,2022-01-19,2022,1,january,7,Copenhagen|Denmark,Copenhagen,Denmark,DK,CPH,BOS,Europe,Northern Europe,Scandinavian Airlines Sys.,Economy,,0,0,0,1,7.47,7.03,0.6366,0.3634,6.35,13,5,"Copenhagen, Denmark"
OPR-2022-03-02,pierre-aronnax,1,0,1,city,2022-03-02,2022-03-09,2022,3,march,7,Keflavik|Iceland,Keflavik,Iceland,IS,KEF,BOS,Europe,Northern Europe,Icelandair,Economy,,0,0,0,0,,,,,,11,3,"Keflavik, Iceland"
OPR-2022-05-25,pierre-aronnax,1,0,1,city,2022-05-25,2022-06-01,2022,5,may,7,Madrid|Spain,Madrid,Spain,ES,MAD,BOS,Europe,Southern Europe,British Airways Plc,Economy,,0,0,0,1,6.71,8.22,0.7462,0.2538,7.9,51,18,"Madrid, Spain"
OPR-2022-07-13,pierre-aronnax,1,0,1,city,2022-07-13,2022-07-18,2022,7,july,5,Cancun|Mexico,Cancun,Mexico,MX,CUN,BOS,Americas,Central America,JetBlue Airways,Economy,beach_vacation,1,0,0,1,0.0,2.83,0.6899,0.3101,7.2,173,36,"Cancun, Mexico"
OPR-2022-08-31,pierre-aronnax,1,0,1,city,2022-08-31,2022-09-05,2022,8,august,5,Orlando|United States,Orlando,United States,US,MCO,BOS,Americas,Northern America,Delta Air Lines Inc.,Economy,beach_vacation,1,0,0,1,0.0,6.53,0.8513,0.1487,6.81,158,26,"Orlando, United States"
OPR-2023-01-11,pierre-aronnax,1,0,1,city,2023-01-11,2023-01-18,2023,1,january,7,Copenhagen|Denmark,Copenhagen,Denmark,DK,CPH,BOS,Europe,Northern Europe,Scandinavian Airlines Sys.,Economy,,0,0,0,1,7.47,7.03,0.6366,0.3634,6.35,13,5,"Copenhagen, Denmark"
OPR-2023-03-01,pierre-aronnax,1,0,1,city,2023-03-01,2023-03-08,2023,3,march,7,Keflavik|Iceland,Keflavik,Iceland,IS,KEF,BOS,Europe,Northern Europe,Icelandair,Economy,,0,0,0,0,,,,,,11,3,"Keflavik, Iceland"
OPR-2023-05-31,pierre-aronnax,1,0,1,city,2023-05-31,2023-06-07,2023,5,may,7,Madrid|Spain,Madrid,Spain,ES,MAD,BOS,Europe,Southern Europe,Iberia Air Lines Of Spain,Economy,,0,0,0,1,6.71,8.22,0.7462,0.2538,8.23,51,18,"Madrid, Spain"
OPR-2023-07-12,pierre-aronnax,1,0,1,city,2023-07-12,2023-07-17,2023,7,july,5,Cancun|Mexico,Cancun,Mexico,MX,CUN,BOS,Americas,Central America,Delta Air Lines Inc.,Economy,beach_vacation,1,0,0,1,0.0,2.83,0.6899,0.3101,7.2,173,36,"Cancun, Mexico"
OPR-2023-08-30,pierre-aronnax,1,0,1,city,2023-08-30,2023-09-04,2023,8,august,5,Orlando|United States,Orlando,United States,US,MCO,BOS,Americas,Northern America,Southwest Airlines Co.,Economy,beach_vacation,1,0,0,1,0.0,6.53,0.8513,0.1487,6.82,158,26,"Orlando, United States"
OPR-2024-01-10,pierre-aronnax,1,0,1,city,2024-01-10,2024-01-17,2024,1,january,7,Copenhagen|Denmark,Copenhagen,Denmark,DK,CPH,BOS,Europe,Northern Europe,Scandinavian Airlines Sys.,Economy,,0,0,0,1,7.47,7.03,0.6366,0.3634,6.35,13,5,"Copenhagen, Denmark"
OPR-2024-03-06,pierre-aronnax,1,0,1,city,2024-03-06,2024-03-13,2024,3,march,7,Keflavik|Iceland,Keflavik,Iceland,IS,KEF,BOS,Europe,Northern Europe,Icelandair,Economy,,0,0,0,0,,,,,,11,3,"Keflavik, Iceland"
OPR-2024-05-29,pierre-aronnax,1,0,1,city,2024-05-29,2024-06-05,2024,5,may,7,Madrid|Spain,Madrid,Spain,ES,MAD,BOS,Europe,Southern Europe,American Airlines Inc.,Economy,,0,0,0,1,6.71,8.22,0.7462,0.2538,8.12,51,18,"Madrid, Spain"
OPR-2024-07-10,pierre-aronnax,1,0,1,city,2024-07-10,2024-07-15,2024,7,july,5,Cancun|Mexico,Cancun,Mexico,MX,CUN,BOS,Americas,Central America,American Airlines Inc.,Economy,beach_vacation,1,0,0,1,0.0,2.83,0.6899,0.3101,7.2,173,36,"Cancun, Mexico"
OPR-2024-08-28,pierre-aronnax,1,0,1,city,2024-08-28,2024-09-02,2024,8,august,5,Orlando|United States,Orlando,United States,US,MCO,BOS,Americas,Northern America,JetBlue Airways,Economy,beach_vacation,1,0,0,1,0.0,6.53,0.8513,0.1487,6.83,158,26,"Orlando, United States"
OPR-2025-01-08,pierre-aronnax,1,0,1,city,2025-01-08,2025-01-15,2025,1,january,7,Copenhagen|Denmark,Copenhagen,Denmark,DK,CPH,BOS,Europe,Northern Europe,Scandinavian Airlines Sys.,Economy,,0,0,0,1,7.47,7.03,0.6366,0.3634,6.35,13,5,"Copenhagen, Denmark"
OPR-2025-03-05,pierre-aronnax,1,0,1,city,2025-03-05,2025-03-12,2025,3,march,7,Keflavik|Iceland,Keflavik,Iceland,IS,KEF,BOS,Europe,Northern Europe,Icelandair,Economy,,0,0,0,0,,,,,,11,3,"Keflavik, Iceland"
OPR-2025-05-28,pierre-aronnax,1,0,1,city,2025-05-28,2025-06-04,2025,5,may,7,Madrid|Spain,Madrid,Spain,ES,MAD,BOS,Europe,Southern Europe,British Airways Plc,Economy,,0,0,0,1,6.71,8.22,0.7462,0.2538,8.06,51,18,"Madrid, Spain"
OPR-2025-07-09,pierre-aronnax,1,0,1,city,2025-07-09,2025-07-14,2025,7,july,5,Cancun|Mexico,Cancun,Mexico,MX,CUN,BOS,Americas,Central America,JetBlue Airways,Economy,beach_vacation,1,0,0,1,0.0,2.83,0.6899,0.3101,7.2,173,36,"Cancun, Mexico"
OPR-2025-08-27,pierre-aronnax,1,0,1,city,2025-08-27,2025-09-01,2025,8,august,5,Orlando|United States,Orlando,United States,US,MCO,BOS,Americas,Northern America,Delta Air Lines Inc.,Economy,beach_vacation,1,0,0,1,0.0,6.53,0.8513,0.1487,6.83,158,26,"Orlando, United States"
PAR-2018-04-14,pierre-auguste-renoir,1,0,1,city,2018-04-14,2018-04-18,2018,4,april,4,San Diego|United States,San Diego,United States,US,SAN,SFO,Americas,Northern America,United Air Lines Inc.,Economy,,0,0,0,1,0.0,6.12,0.7991,0.2009,7.87,55,7,"San Diego, United States"
PAR-2018-08-11,pierre-auguste-renoir,1,0,1,city,2018-08-11,2018-08-16,2018,8,august,5,San Diego|United States,San Diego,United States,US,SAN,SFO,Americas,Northern America,United Air Lines Inc.,Economy,beach_vacation,1,0,0,1,0.0,6.12,0.7991,0.2009,8.33,55,7,"San Diego, United States"
PAR-2018-12-20,pierre-auguste-renoir,1,0,1,city,2018-12-20,2018-12-26,2018,12,december,6,San Diego|United States,San Diego,United States,US,SAN,SFO,Americas,Northern America,United Air Lines Inc.,Economy,holiday_trip,0,0,1,1,0.0,6.12,0.7991,0.2009,7.76,55,7,"San Diego, United States"
PAR-2019-04-13,pierre-auguste-renoir,1,0,1,city,2019-04-13,2019-04-17,2019,4,april,4,San Diego|United States,San Diego,United States,US,SAN,SFO,Americas,Northern America,United Air Lines Inc.,Economy,,0,0,0,1,0.0,6.12,0.7991,0.2009,7.87,55,7,"San Diego, United States"
PAR-2019-08-10,pierre-auguste-renoir,1,0,1,city,2019-08-10,2019-08-15,2019,8,august,5,San Diego|United States,San Diego,United States,US,SAN,SFO,Americas,Northern America,United Air Lines Inc.,Economy,beach_vacation,1,0,0,1,0.0,6.12,0.7991,0.2009,8.33,55,7,"San Diego, United States"
PAR-2019-12-20,pierre-auguste-renoir,1,0,1,city,2019-12-20,2019-12-26,2019,12,december,6,San Diego|United States,San Diego,United States,US,SAN,SFO,Americas,Northern America,United Air Lines Inc.,Economy,holiday_trip,0,0,1,1,0.0,6.12,0.7991,0.2009,7.76,55,7,"San Diego, United States"
PAR-2020-04-11,pierre-auguste-renoir,1,0,1,city,2020-04-11,2020-04-15,2020,4,april,4,San Diego|United States,San Diego,United States,US,SAN,SFO,Americas,Northern America,United Air Lines Inc.,Economy,,0,0,0,1,0.0,6.12,0.7991,0.2009,7.87,55,7,"San Diego, United States"
PAR-2020-08-08,pierre-auguste-renoir,1,0,1,city,2020-08-08,2020-08-13,2020,8,august,5,San Diego|United States,San Diego,United States,US,SAN,SFO,Americas,Northern America,United Air Lines Inc.,Economy,beach_vacation,1,0,0,1,0.0,6.12,0.7991,0.2009,8.33,55,7,"San Diego, United States"
PAR-2020-12-20,pierre-auguste-renoir,1,0,1,city,2020-12-20,2020-12-26,2020,12,december,6,San Diego|United States,San Diego,United States,US,SAN,SFO,Americas,Northern America,United Air Lines Inc.,Economy,holiday_trip,0,0,1,1,0.0,6.12,0.7991,0.2009,7.76,55,7,"San Diego, United States"
PAR-2021-04-10,pierre-auguste-renoir,1,0,1,city,2021-04-10,2021-04-14,2021,4,april,4,San Diego|United States,San Diego,United States,US,SAN,SFO,Americas,Northern America,United Air Lines Inc.,Economy,,0,0,0,1,0.0,6.12,0.7991,0.2009,7.87,55,7,"San Diego, United States"
PAR-2021-08-14,pierre-auguste-renoir,1,0,1,city,2021-08-14,2021-08-19,2021,8,august,5,San Diego|United States,San Diego,United States,US,SAN,SFO,Americas,Northern America,United Air Lines Inc.,Economy,beach_vacation,1,0,0,1,0.0,6.12,0.7991,0.2009,8.33,55,7,"San Diego, United States"
PAR-2021-12-20,pierre-auguste-renoir,1,0,1,city,2021-12-20,2021-12-26,2021,12,december,6,San Diego|United States,San Diego,United States,US,SAN,SFO,Americas,Northern America,United Air Lines Inc.,Economy,holiday_trip,0,0,1,1,0.0,6.12,0.7991,0.2009,7.76,55,7,"San Diego, United States"
PAR-2022-04-09,pierre-auguste-renoir,1,0,1,city,2022-04-09,2022-04-13,2022,4,april,4,San Diego|United States,San Diego,United States,US,SAN,SFO,Americas,Northern America,United Air Lines Inc.,Economy,,0,0,0,1,0.0,6.12,0.7991,0.2009,7.87,55,7,"San Diego, United States"
PAR-2022-08-13,pierre-auguste-renoir,1,0,1,city,2022-08-13,2022-08-18,2022,8,august,5,San Diego|United States,San Diego,United States,US,SAN,SFO,Americas,Northern America,United Air Lines Inc.,Economy,beach_vacation,1,0,0,1,0.0,6.12,0.7991,0.2009,8.33,55,7,"San Diego, United States"
PAR-2022-12-20,pierre-auguste-renoir,1,0,1,city,2022-12-20,2022-12-26,2022,12,december,6,San Diego|United States,San Diego,United States,US,SAN,SFO,Americas,Northern America,United Air Lines Inc.,Economy,holiday_trip,0,0,1,1,0.0,6.12,0.7991,0.2009,7.76,55,7,"San Diego, United States"
PAR-2023-04-08,pierre-auguste-renoir,1,0,1,city,2023-04-08,2023-04-12,2023,4,april,4,San Diego|United States,San Diego,United States,US,SAN,SFO,Americas,Northern America,United Air Lines Inc.,Economy,,0,0,0,1,0.0,6.12,0.7991,0.2009,7.87,55,7,"San Diego, United States"
PAR-2023-08-12,pierre-auguste-renoir,1,0,1,city,2023-08-12,2023-08-17,2023,8,august,5,San Diego|United States,San Diego,United States,US,SAN,SFO,Americas,Northern America,United Air Lines Inc.,Economy,beach_vacation,1,0,0,1,0.0,6.12,0.7991,0.2009,8.33,55,7,"San Diego, United States"
PAR-2023-12-20,pierre-auguste-renoir,1,0,1,city,2023-12-20,2023-12-26,2023,12,december,6,San Diego|United States,San Diego,United States,US,SAN,SFO,Americas,Northern America,United Air Lines Inc.,Economy,holiday_trip,0,0,1,1,0.0,6.12,0.7991,0.2009,7.76,55,7,"San Diego, United States"
PAR-2024-04-13,pierre-auguste-renoir,1,0,1,city,2024-04-13,2024-04-17,2024,4,april,4,San Diego|United States,San Diego,United States,US,SAN,SFO,Americas,Northern America,United Air Lines Inc.,Economy,,0,0,0,1,0.0,6.12,0.7991,0.2009,7.87,55,7,"San Diego, United States"
PAR-2024-08-10,pierre-auguste-renoir,1,0,1,city,2024-08-10,2024-08-15,2024,8,august,5,San Diego|United States,San Diego,United States,US,SAN,SFO,Americas,Northern America,United Air Lines Inc.,Economy,beach_vacation,1,0,0,1,0.0,6.12,0.7991,0.2009,8.33,55,7,"San Diego, United States"
PAR-2024-12-20,pierre-auguste-renoir,1,0,1,city,2024-12-20,2024-12-26,2024,12,december,6,San Diego|United States,San Diego,United States,US,SAN,SFO,Americas,Northern America,United Air Lines Inc.,Economy,holiday_trip,0,0,1,1,0.0,6.12,0.7991,0.2009,7.76,55,7,"San Diego, United States"
PAR-2025-04-12,pierre-auguste-renoir,1,0,1,city,2025-04-12,2025-04-16,2025,4,april,4,San Diego|United States,San Diego,United States,US,SAN,SFO,Americas,Northern America,United Air Lines Inc.,Economy,,0,0,0,1,0.0,6.12,0.7991,0.2009,7.87,55,7,"San Diego, United States"
PAR-2025-08-09,pierre-auguste-renoir,1,0,1,city,2025-08-09,2025-08-14,2025,8,august,5,San Diego|United States,San Diego,United States,US,SAN,SFO,Americas,Northern America,United Air Lines Inc.,Economy,beach_vacation,1,0,0,1,0.0,6.12,0.7991,0.2009,8.33,55,7,"San Diego, United States"
PAR-2025-12-20,pierre-auguste-renoir,1,0,1,city,2025-12-20,2025-12-26,2025,12,december,6,San Diego|United States,San Diego,United States,US,SAN,SFO,Americas,Northern America,United Air Lines Inc.,Economy,holiday_trip,0,0,1,1,0.0,6.12,0.7991,0.2009,7.76,55,7,"San Diego, United States"
POS-2016-02-07,poseidon,1,0,1,city,2016-02-07,2016-02-12,2016,2,february,5,Mexico City|Mexico,Mexico City,Mexico,MX,MEX,IAH,Americas,Central America,United Air Lines Inc.,Economy,,0,0,0,1,8.12,6.87,0.7046,0.2954,7.99,43,13,"Mexico City, Mexico"
POS-2016-06-15,poseidon,1,0,1,city,2016-06-15,2016-06-20,2016,6,june,5,Denver|United States,Denver,United States,US,DEN,IAH,Americas,Northern America,United Air Lines Inc.,Economy,,0,0,0,1,0.0,5.91,0.8445,0.1555,7.85,105,24,"Denver, United States"
POS-2016-10-22,poseidon,1,0,1,city,2016-10-22,2016-10-30,2016,10,october,8,San Jose|Costa Rica,San Jose,Costa Rica,CR,SJO,IAH,Americas,Central America,United Air Lines Inc.,Economy,beach_vacation,1,0,0,1,0.0,0.0,0.6926,0.3074,6.11,14,2,"San Jose, Costa Rica"
POS-2017-02-11,poseidon,1,0,1,city,2017-02-11,2017-02-17,2017,2,february,6,Los Angeles|United States,Los Angeles,United States,US,LAX,IAH,Americas,Northern America,United Air Lines Inc.,Economy,,0,0,0,1,2.89,8.2,0.9115,0.0885,7.69,44,11,"Los Angeles, United States"
POS-2017-06-18,poseidon,1,0,1,city,2017-06-18,2017-06-25,2017,6,june,7,Amsterdam|Netherlands,Amsterdam,Netherlands,NL,AMS,IAH,Europe,Western Europe,Klm Royal Dutch Airlines,Economy,,0,0,0,1,7.47,8.19,0.7822,0.2178,7.72,50,16,"Amsterdam, Netherlands"
POS-2017-10-04,poseidon,1,0,1,city,2017-10-04,2017-10-09,2017,10,october,5,Miami|United States,Miami,United States,US,MIA,IAH,Americas,Northern America,United Air Lines Inc.,Economy,beach_vacation,1,0,0,1,0.0,6.68,0.9,0.1,6.79,57,13,"Miami, United States"
POS-2018-02-07,poseidon,1,0,1,city,2018-02-07,2018-02-12,2018,2,february,5,Mexico City|Mexico,Mexico City,Mexico,MX,MEX,IAH,Americas,Central America,Concesionaria Vuela Compania De Aviacion SA de CV (Volaris),Economy,,0,0,0,1,8.12,6.87,0.7046,0.2954,7.99,43,13,"Mexico City, Mexico"
POS-2018-06-15,poseidon,1,0,1,city,2018-06-15,2018-06-20,2018,6,june,5,Denver|United States,Denver,United States,US,DEN,IAH,Americas,Northern America,Frontier Airlines Inc.,Economy,,0,0,0,1,0.0,5.91,0.8445,0.1555,7.85,105,24,"Denver, United States"
POS-2018-10-22,poseidon,1,0,1,city,2018-10-22,2018-10-30,2018,10,october,8,San Jose|Costa Rica,San Jose,Costa Rica,CR,SJO,IAH,Americas,Central America,United Air Lines Inc.,Economy,beach_vacation,1,0,0,1,0.0,0.0,0.6926,0.3074,6.11,14,2,"San Jose, Costa Rica"
POS-2019-02-11,poseidon,1,0,1,city,2019-02-11,2019-02-17,2019,2,february,6,Los Angeles|United States,Los Angeles,United States,US,LAX,IAH,Americas,Northern America,Frontier Airlines Inc.,Economy,,0,0,0,1,2.89,8.2,0.9115,0.0885,7.69,44,11,"Los Angeles, United States"
POS-2019-06-18,poseidon,1,0,1,city,2019-06-18,2019-06-25,2019,6,june,7,Amsterdam|Netherlands,Amsterdam,Netherlands,NL,AMS,IAH,Europe,Western Europe,United Air Lines Inc.,Economy,,0,0,0,1,7.47,8.19,0.7822,0.2178,7.72,50,16,"Amsterdam, Netherlands"
POS-2019-10-04,poseidon,1,0,1,city,2019-10-04,2019-10-09,2019,10,october,5,Miami|United States,Miami,United States,US,MIA,IAH,Americas,Northern America,American Airlines Inc.,Economy,beach_vacation,1,0,0,1,0.0,6.68,0.9,0.1,6.79,57,13,"Miami, United States"
POS-2020-02-07,poseidon,1,0,1,city,2020-02-07,2020-02-12,2020,2,february,5,Mexico City|Mexico,Mexico City,Mexico,MX,MEX,IAH,Americas,Central America,"Aeroenlaces Nacionales, S.A. de C.V. d/b/a VivaAerobus",Economy,,0,0,0,1,8.12,6.87,0.7046,0.2954,7.99,43,13,"Mexico City, Mexico"
POS-2020-06-15,poseidon,1,0,1,city,2020-06-15,2020-06-20,2020,6,june,5,Denver|United States,Denver,United States,US,DEN,IAH,Americas,Northern America,SkyWest Airlines Inc.,Economy,,0,0,0,1,0.0,5.91,0.8445,0.1555,7.85,105,24,"Denver, United States"
POS-2020-10-22,poseidon,1,0,1,city,2020-10-22,2020-10-30,2020,10,october,8,San Jose|Costa Rica,San Jose,Costa Rica,CR,SJO,IAH,Americas,Central America,United Air Lines Inc.,Economy,beach_vacation,1,0,0,1,0.0,0.0,0.6926,0.3074,6.11,14,2,"San Jose, Costa Rica"
POS-2021-02-11,poseidon,1,0,1,city,2021-02-11,2021-02-17,2021,2,february,6,Los Angeles|United States,Los Angeles,United States,US,LAX,IAH,Americas,Northern America,Spirit Air Lines,Economy,,0,0,0,1,2.89,8.2,0.9115,0.0885,7.69,44,11,"Los Angeles, United States"
POS-2021-06-18,poseidon,1,0,1,city,2021-06-18,2021-06-25,2021,6,june,7,Amsterdam|Netherlands,Amsterdam,Netherlands,NL,AMS,IAH,Europe,Western Europe,Klm Royal Dutch Airlines,Economy,,0,0,0,1,7.47,8.19,0.7822,0.2178,7.72,50,16,"Amsterdam, Netherlands"
POS-2021-10-04,poseidon,1,0,1,city,2021-10-04,2021-10-09,2021,10,october,5,Miami|United States,Miami,United States,US,MIA,IAH,Americas,Northern America,Frontier Airlines Inc.,Economy,beach_vacation,1,0,0,1,0.0,6.68,0.9,0.1,6.79,57,13,"Miami, United States"
POS-2022-02-07,poseidon,1,0,1,city,2022-02-07,2022-02-12,2022,2,february,5,Mexico City|Mexico,Mexico City,Mexico,MX,MEX,IAH,Americas,Central America,Aeromexico,Economy,,0,0,0,1,8.12,6.87,0.7046,0.2954,7.99,43,13,"Mexico City, Mexico"
POS-2022-06-15,poseidon,1,0,1,city,2022-06-15,2022-06-20,2022,6,june,5,Denver|United States,Denver,United States,US,DEN,IAH,Americas,Northern America,United Air Lines Inc.,Economy,,0,0,0,1,0.0,5.91,0.8445,0.1555,7.85,105,24,"Denver, United States"
POS-2022-10-22,poseidon,1,0,1,city,2022-10-22,2022-10-30,2022,10,october,8,San Jose|Costa Rica,San Jose,Costa Rica,CR,SJO,IAH,Americas,Central America,United Air Lines Inc.,Economy,beach_vacation,1,0,0,1,0.0,0.0,0.6926,0.3074,6.11,14,2,"San Jose, Costa Rica"
POS-2023-02-11,poseidon,1,0,1,city,2023-02-11,2023-02-17,2023,2,february,6,Los Angeles|United States,Los Angeles,United States,US,LAX,IAH,Americas,Northern America,Delta Air Lines Inc.,Economy,,0,0,0,1,2.89,8.2,0.9115,0.0885,7.69,44,11,"Los Angeles, United States"
POS-2023-06-18,poseidon,1,0,1,city,2023-06-18,2023-06-25,2023,6,june,7,Amsterdam|Netherlands,Amsterdam,Netherlands,NL,AMS,IAH,Europe,Western Europe,United Air Lines Inc.,Economy,,0,0,0,1,7.47,8.19,0.7822,0.2178,7.72,50,16,"Amsterdam, Netherlands"
POS-2023-10-04,poseidon,1,0,1,city,2023-10-04,2023-10-09,2023,10,october,5,Miami|United States,Miami,United States,US,MIA,IAH,Americas,Northern America,Spirit Air Lines,Economy,beach_vacation,1,0,0,1,0.0,6.68,0.9,0.1,6.79,57,13,"Miami, United States"
POS-2024-02-07,poseidon,1,0,1,city,2024-02-07,2024-02-12,2024,2,february,5,Mexico City|Mexico,Mexico City,Mexico,MX,MEX,IAH,Americas,Central America,Aerolitoral,Economy,,0,0,0,1,8.12,6.87,0.7046,0.2954,7.99,43,13,"Mexico City, Mexico"
POS-2024-06-15,poseidon,1,0,1,city,2024-06-15,2024-06-20,2024,6,june,5,Denver|United States,Denver,United States,US,DEN,IAH,Americas,Northern America,Frontier Airlines Inc.,Economy,,0,0,0,1,0.0,5.91,0.8445,0.1555,7.85,105,24,"Denver, United States"
POS-2024-10-22,poseidon,1,0,1,city,2024-10-22,2024-10-30,2024,10,october,8,San Jose|Costa Rica,San Jose,Costa Rica,CR,SJO,IAH,Americas,Central America,United Air Lines Inc.,Economy,beach_vacation,1,0,0,1,0.0,0.0,0.6926,0.3074,6.11,14,2,"San Jose, Costa Rica"
POS-2025-02-11,poseidon,1,0,1,city,2025-02-11,2025-02-17,2025,2,february,6,Los Angeles|United States,Los Angeles,United States,US,LAX,IAH,Americas,Northern America,SkyWest Airlines Inc.,Economy,,0,0,0,1,2.89,8.2,0.9115,0.0885,7.69,44,11,"Los Angeles, United States"
POS-2025-06-18,poseidon,1,0,1,city,2025-06-18,2025-06-25,2025,6,june,7,Amsterdam|Netherlands,Amsterdam,Netherlands,NL,AMS,IAH,Europe,Western Europe,Klm Royal Dutch Airlines,Economy,,0,0,0,1,7.47,8.19,0.7822,0.2178,7.72,50,16,"Amsterdam, Netherlands"
POS-2025-10-04,poseidon,1,0,1,city,2025-10-04,2025-10-09,2025,10,october,5,Miami|United States,Miami,United States,US,MIA,IAH,Americas,Northern America,Envoy Air,Economy,beach_vacation,1,0,0,1,0.0,6.68,0.9,0.1,6.79,57,13,"Miami, United States"
PW1-2022-04-15,pramoedya-ananta-toer,1,0,0,region,2022-04-15,2022-04-25,2022,4,april,11,Bali|Indonesia,Bali,Indonesia,ID,,,Asia,South-eastern Asia,,Economy,,0,0,0,1,2.89,0.0,0.3416,0.6584,7.41,12,12,Bali
PRO-2017-03-07,prometheus,1,0,1,city,2017-03-07,2017-03-14,2017,3,march,7,San Jose del Cabo|Mexico,San Jose del Cabo,Mexico,MX,SJD,PHX,Americas,Central America,American Airlines Inc.,Economy,beach_vacation,1,0,0,1,2.89,4.48,0.5778,0.4222,,69,12,"San Jose del Cabo, Mexico"
PRO-2017-07-15,prometheus,1,0,1,city,2017-07-15,2017-07-20,2017,7,july,5,Denver|United States,Denver,United States,US,DEN,PHX,Americas,Northern America,United Air Lines Inc.,Economy,,0,0,0,1,0.0,5.91,0.8445,0.1555,7.97,105,24,"Denver, United States"
PRO-2017-10-22,prometheus,1,0,1,city,2017-10-22,2017-10-29,2017,10,october,7,London|United Kingdom,London,United Kingdom,GB,LHR,PHX,Europe,Northern Europe,British Airways Plc,Economy,,0,0,0,1,6.71,9.54,0.8673,0.1327,6.98,135,33,"London, United Kingdom"
PRO-2018-03-11,prometheus,1,0,1,city,2018-03-11,2018-03-16,2018,3,march,5,Seattle|United States,Seattle,United States,US,SEA,PHX,Americas,Northern America,Alaska Airlines Inc.,Economy,,0,0,0,1,0.0,0.0,0.839,0.161,6.28,38,8,"Seattle, United States"
PRO-2018-07-18,prometheus,1,0,1,city,2018-07-18,2018-07-24,2018,7,july,6,Puerto Vallarta|Mexico,Puerto Vallarta,Mexico,MX,PVR,PHX,Americas,Central America,American Airlines Inc.,Economy,beach_vacation,1,0,0,1,2.89,1.74,0.5511,0.4489,,36,8,"Puerto Vallarta, Mexico"
PRO-2018-10-04,prometheus,1,0,1,city,2018-10-04,2018-10-09,2018,10,october,5,San Francisco|United States,San Francisco,United States,US,SFO,PHX,Americas,Northern America,American Airlines Inc.,Economy,,0,0,0,1,0.0,8.13,0.8552,0.1448,7.66,40,9,"San Francisco, United States"
PRO-2019-03-07,prometheus,1,0,1,city,2019-03-07,2019-03-14,2019,3,march,7,San Jose del Cabo|Mexico,San Jose del Cabo,Mexico,MX,SJD,PHX,Americas,Central America,Southwest Airlines Co.,Economy,beach_vacation,1,0,0,1,2.89,4.48,0.5778,0.4222,,69,12,"San Jose del Cabo, Mexico"
PRO-2019-07-15,prometheus,1,0,1,city,2019-07-15,2019-07-20,2019,7,july,5,Denver|United States,Denver,United States,US,DEN,PHX,Americas,Northern America,American Airlines Inc.,Economy,,0,0,0,1,0.0,5.91,0.8445,0.1555,7.97,105,24,"Denver, United States"
PRO-2019-10-22,prometheus,1,0,1,city,2019-10-22,2019-10-29,2019,10,october,7,London|United Kingdom,London,United Kingdom,GB,LHR,PHX,Europe,Northern Europe,American Airlines Inc.,Economy,,0,0,0,1,6.71,9.54,0.8673,0.1327,6.98,135,33,"London, United Kingdom"
PRO-2020-03-11,prometheus,1,0,1,city,2020-03-11,2020-03-16,2020,3,march,5,Seattle|United States,Seattle,United States,US,SEA,PHX,Americas,Northern America,Delta Air Lines Inc.,Economy,,0,0,0,1,0.0,0.0,0.839,0.161,6.28,38,8,"Seattle, United States"
PRO-2020-07-18,prometheus,1,0,1,city,2020-07-18,2020-07-24,2020,7,july,6,Puerto Vallarta|Mexico,Puerto Vallarta,Mexico,MX,PVR,PHX,Americas,Central America,Southwest Airlines Co.,Economy,beach_vacation,1,0,0,1,2.89,1.74,0.5511,0.4489,,36,8,"Puerto Vallarta, Mexico"
PRO-2020-10-04,prometheus,1,0,1,city,2020-10-04,2020-10-09,2020,10,october,5,San Francisco|United States,San Francisco,United States,US,SFO,PHX,Americas,Northern America,United Air Lines Inc.,Economy,,0,0,0,1,0.0,8.13,0.8552,0.1448,7.66,40,9,"San Francisco, United States"
PRO-2021-03-07,prometheus,1,0,1,city,2021-03-07,2021-03-14,2021,3,march,7,San Jose del Cabo|Mexico,San Jose del Cabo,Mexico,MX,SJD,PHX,Americas,Central America,American Airlines Inc.,Economy,beach_vacation,1,0,0,1,2.89,4.48,0.5778,0.4222,,69,12,"San Jose del Cabo, Mexico"
PRO-2021-07-15,prometheus,1,0,1,city,2021-07-15,2021-07-20,2021,7,july,5,Denver|United States,Denver,United States,US,DEN,PHX,Americas,Northern America,Frontier Airlines Inc.,Economy,,0,0,0,1,0.0,5.91,0.8445,0.1555,7.97,105,24,"Denver, United States"
PRO-2021-10-22,prometheus,1,0,1,city,2021-10-22,2021-10-29,2021,10,october,7,London|United Kingdom,London,United Kingdom,GB,LHR,PHX,Europe,Northern Europe,British Airways Plc,Economy,,0,0,0,1,6.71,9.54,0.8673,0.1327,6.98,135,33,"London, United Kingdom"
PRO-2022-03-11,prometheus,1,0,1,city,2022-03-11,2022-03-16,2022,3,march,5,Seattle|United States,Seattle,United States,US,SEA,PHX,Americas,Northern America,Southwest Airlines Co.,Economy,,0,0,0,1,0.0,0.0,0.839,0.161,6.28,38,8,"Seattle, United States"
PRO-2022-07-18,prometheus,1,0,1,city,2022-07-18,2022-07-24,2022,7,july,6,Puerto Vallarta|Mexico,Puerto Vallarta,Mexico,MX,PVR,PHX,Americas,Central America,American Airlines Inc.,Economy,beach_vacation,1,0,0,1,2.89,1.74,0.5511,0.4489,,36,8,"Puerto Vallarta, Mexico"
PRO-2022-10-04,prometheus,1,0,1,city,2022-10-04,2022-10-09,2022,10,october,5,San Francisco|United States,San Francisco,United States,US,SFO,PHX,Americas,Northern America,Southwest Airlines Co.,Economy,,0,0,0,1,0.0,8.13,0.8552,0.1448,7.66,40,9,"San Francisco, United States"
PRO-2023-03-07,prometheus,1,0,1,city,2023-03-07,2023-03-14,2023,3,march,7,San Jose del Cabo|Mexico,San Jose del Cabo,Mexico,MX,SJD,PHX,Americas,Central America,Southwest Airlines Co.,Economy,beach_vacation,1,0,0,1,2.89,4.48,0.5778,0.4222,,69,12,"San Jose del Cabo, Mexico"
PRO-2023-07-15,prometheus,1,0,1,city,2023-07-15,2023-07-20,2023,7,july,5,Denver|United States,Denver,United States,US,DEN,PHX,Americas,Northern America,Southwest Airlines Co.,Economy,,0,0,0,1,0.0,5.91,0.8445,0.1555,7.97,105,24,"Denver, United States"
PRO-2023-10-22,prometheus,1,0,1,city,2023-10-22,2023-10-29,2023,10,october,7,London|United Kingdom,London,United Kingdom,GB,LHR,PHX,Europe,Northern Europe,American Airlines Inc.,Economy,,0,0,0,1,6.71,9.54,0.8673,0.1327,6.98,135,33,"London, United Kingdom"
PRO-2024-03-11,prometheus,1,0,1,city,2024-03-11,2024-03-16,2024,3,march,5,Seattle|United States,Seattle,United States,US,SEA,PHX,Americas,Northern America,American Airlines Inc.,Economy,,0,0,0,1,0.0,0.0,0.839,0.161,6.28,38,8,"Seattle, United States"
PRO-2024-07-18,prometheus,1,0,1,city,2024-07-18,2024-07-24,2024,7,july,6,Puerto Vallarta|Mexico,Puerto Vallarta,Mexico,MX,PVR,PHX,Americas,Central America,Southwest Airlines Co.,Economy,beach_vacation,1,0,0,1,2.89,1.74,0.5511,0.4489,,36,8,"Puerto Vallarta, Mexico"
PRO-2024-10-04,prometheus,1,0,1,city,2024-10-04,2024-10-09,2024,10,october,5,San Francisco|United States,San Francisco,United States,US,SFO,PHX,Americas,Northern America,Frontier Airlines Inc.,Economy,,0,0,0,1,0.0,8.13,0.8552,0.1448,7.66,40,9,"San Francisco, United States"
PRO-2025-03-07,prometheus,1,0,1,city,2025-03-07,2025-03-14,2025,3,march,7,San Jose del Cabo|Mexico,San Jose del Cabo,Mexico,MX,SJD,PHX,Americas,Central America,American Airlines Inc.,Economy,beach_vacation,1,0,0,1,2.89,4.48,0.5778,0.4222,,69,12,"San Jose del Cabo, Mexico"
PRO-2025-07-15,prometheus,1,0,1,city,2025-07-15,2025-07-20,2025,7,july,5,Denver|United States,Denver,United States,US,DEN,PHX,Americas,Northern America,Envoy Air,Economy,,0,0,0,1,0.0,5.91,0.8445,0.1555,7.97,105,24,"Denver, United States"
PRO-2025-10-22,prometheus,1,0,1,city,2025-10-22,2025-10-29,2025,10,october,7,London|United Kingdom,London,United Kingdom,GB,LHR,PHX,Europe,Northern Europe,British Airways Plc,Economy,,0,0,0,1,6.71,9.54,0.8673,0.1327,6.98,135,33,"London, United Kingdom"
RP-2023-09-15,rabindranath-tagore,1,0,0,city,2023-09-15,2023-09-23,2023,9,september,8,Bangkok|Thailand,Bangkok,Thailand,TH,,,Asia,South-eastern Asia,,Economy,,0,0,0,1,0.0,8.47,0.4205,0.5795,6.25,10,9,Bangkok
SKRS-2024-01-20,ralph-simmons,1,0,1,city,2024-01-20,2024-01-27,2024,1,january,7,Salt Lake City|United States,Salt Lake City,United States,US,SLC,CLT,Americas,Northern America,American Airlines Inc.,Economy,ski_trip,0,1,0,1,0.0,0.0,0.7596,0.2404,6.26,26,7,"Salt Lake City, United States"
SKRS-2024-03-16,ralph-simmons,1,0,1,city,2024-03-16,2024-03-23,2024,3,march,7,Salt Lake City|United States,Salt Lake City,United States,US,SLC,CLT,Americas,Northern America,American Airlines Inc.,Economy,ski_trip,0,1,0,1,0.0,0.0,0.7596,0.2404,7.24,26,7,"Salt Lake City, United States"
SKRS-2025-01-18,ralph-simmons,1,0,1,city,2025-01-18,2025-01-25,2025,1,january,7,Salt Lake City|United States,Salt Lake City,United States,US,SLC,CLT,Americas,Northern America,American Airlines Inc.,Economy,ski_trip,0,1,0,1,0.0,0.0,0.7596,0.2404,6.26,26,7,"Salt Lake City, United States"
SKRS-2025-03-15,ralph-simmons,1,0,1,city,2025-03-15,2025-03-22,2025,3,march,7,Salt Lake City|United States,Salt Lake City,United States,US,SLC,CLT,Americas,Northern America,American Airlines Inc.,Economy,ski_trip,0,1,0,1,0.0,0.0,0.7596,0.2404,7.24,26,7,"Salt Lake City, United States"
SKRS-2026-01-17,ralph-simmons,1,0,1,city,2026-01-17,2026-01-24,2026,1,january,7,Salt Lake City|United States,Salt Lake City,United States,US,SLC,CLT,Americas,Northern America,American Airlines Inc.,Economy,ski_trip,0,1,0,1,0.0,0.0,0.7596,0.2404,6.26,26,7,"Salt Lake City, United States"
SKRS-2026-03-14,ralph-simmons,1,0,1,city,2026-03-14,2026-03-21,2026,3,march,7,Salt Lake City|United States,Salt Lake City,United States,US,SLC,CLT,Americas,Northern America,American Airlines Inc.,Economy,ski_trip,0,1,0,1,0.0,0.0,0.7596,0.2404,7.24,26,7,"Salt Lake City, United States"
RF-2019-04-13,richard-feynman,1,0,1,city,2019-04-13,2019-04-17,2019,4,april,4,New Orleans|United States,New Orleans,United States,US,MSY,CLT,Americas,Northern America,American Airlines Inc.,Economy,,0,0,0,1,0.0,5.48,0.808,0.192,7.23,38,6,"New Orleans, United States"
RF-2019-06-08,richard-feynman,1,0,1,city,2019-06-08,2019-06-17,2019,6,june,9,Madrid|Spain,Madrid,Spain,ES,MAD,CLT,Europe,Southern Europe,American Airlines Inc.,Economy,,0,0,0,1,6.71,8.22,0.7462,0.2538,8.28,51,18,"Madrid, Spain"
RF-2019-10-12,richard-feynman,1,0,1,city,2019-10-12,2019-10-16,2019,10,october,4,Pittsburgh|United States,Pittsburgh,United States,US,PIT,CLT,Americas,Northern America,American Airlines Inc.,Economy,,0,0,0,1,0.0,0.0,0.7364,0.2636,7.34,33,7,"Pittsburgh, United States"
RF-2020-04-11,richard-feynman,1,0,1,city,2020-04-11,2020-04-15,2020,4,april,4,New Orleans|United States,New Orleans,United States,US,MSY,CLT,Americas,Northern America,American Airlines Inc.,Economy,,0,0,0,1,0.0,5.48,0.808,0.192,7.23,38,6,"New Orleans, United States"
RF-2020-06-13,richard-feynman,1,0,1,city,2020-06-13,2020-06-22,2020,6,june,9,Madrid|Spain,Madrid,Spain,ES,MAD,CLT,Europe,Southern Europe,American Airlines Inc.,Economy,,0,0,0,1,6.71,8.22,0.7462,0.2538,8.28,51,18,"Madrid, Spain"
RF-2020-10-10,richard-feynman,1,0,1,city,2020-10-10,2020-10-14,2020,10,october,4,Pittsburgh|United States,Pittsburgh,United States,US,PIT,CLT,Americas,Northern America,American Airlines Inc.,Economy,,0,0,0,1,0.0,0.0,0.7364,0.2636,7.34,33,7,"Pittsburgh, United States"
RF-2021-04-10,richard-feynman,1,0,1,city,2021-04-10,2021-04-14,2021,4,april,4,New Orleans|United States,New Orleans,United States,US,MSY,CLT,Americas,Northern America,American Airlines Inc.,Economy,,0,0,0,1,0.0,5.48,0.808,0.192,7.23,38,6,"New Orleans, United States"
RF-2021-06-12,richard-feynman,1,0,1,city,2021-06-12,2021-06-21,2021,6,june,9,Madrid|Spain,Madrid,Spain,ES,MAD,CLT,Europe,Southern Europe,American Airlines Inc.,Economy,,0,0,0,1,6.71,8.22,0.7462,0.2538,8.28,51,18,"Madrid, Spain"
RF-2021-10-09,richard-feynman,1,0,1,city,2021-10-09,2021-10-13,2021,10,october,4,Pittsburgh|United States,Pittsburgh,United States,US,PIT,CLT,Americas,Northern America,American Airlines Inc.,Economy,,0,0,0,1,0.0,0.0,0.7364,0.2636,7.34,33,7,"Pittsburgh, United States"
RF-2022-04-09,richard-feynman,1,0,1,city,2022-04-09,2022-04-13,2022,4,april,4,New Orleans|United States,New Orleans,United States,US,MSY,CLT,Americas,Northern America,American Airlines Inc.,Economy,,0,0,0,1,0.0,5.48,0.808,0.192,7.23,38,6,"New Orleans, United States"
RF-2022-06-11,richard-feynman,1,0,1,city,2022-06-11,2022-06-20,2022,6,june,9,Madrid|Spain,Madrid,Spain,ES,MAD,CLT,Europe,Southern Europe,American Airlines Inc.,Economy,,0,0,0,1,6.71,8.22,0.7462,0.2538,8.28,51,18,"Madrid, Spain"
RF-2022-10-08,richard-feynman,1,0,1,city,2022-10-08,2022-10-12,2022,10,october,4,Pittsburgh|United States,Pittsburgh,United States,US,PIT,CLT,Americas,Northern America,American Airlines Inc.,Economy,,0,0,0,1,0.0,0.0,0.7364,0.2636,7.34,33,7,"Pittsburgh, United States"
RF-2023-04-08,richard-feynman,1,0,1,city,2023-04-08,2023-04-12,2023,4,april,4,New Orleans|United States,New Orleans,United States,US,MSY,CLT,Americas,Northern America,American Airlines Inc.,Economy,,0,0,0,1,0.0,5.48,0.808,0.192,7.23,38,6,"New Orleans, United States"
RF-2023-06-10,richard-feynman,1,0,1,city,2023-06-10,2023-06-19,2023,6,june,9,Madrid|Spain,Madrid,Spain,ES,MAD,CLT,Europe,Southern Europe,American Airlines Inc.,Economy,,0,0,0,1,6.71,8.22,0.7462,0.2538,8.28,51,18,"Madrid, Spain"
RF-2023-10-14,richard-feynman,1,0,1,city,2023-10-14,2023-10-18,2023,10,october,4,Pittsburgh|United States,Pittsburgh,United States,US,PIT,CLT,Americas,Northern America,American Airlines Inc.,Economy,,0,0,0,1,0.0,0.0,0.7364,0.2636,7.34,33,7,"Pittsburgh, United States"
RF-2024-04-13,richard-feynman,1,0,1,city,2024-04-13,2024-04-17,2024,4,april,4,New Orleans|United States,New Orleans,United States,US,MSY,CLT,Americas,Northern America,American Airlines Inc.,Economy,,0,0,0,1,0.0,5.48,0.808,0.192,7.23,38,6,"New Orleans, United States"
RF-2024-06-08,richard-feynman,1,0,1,city,2024-06-08,2024-06-17,2024,6,june,9,Madrid|Spain,Madrid,Spain,ES,MAD,CLT,Europe,Southern Europe,American Airlines Inc.,Economy,,0,0,0,1,6.71,8.22,0.7462,0.2538,8.28,51,18,"Madrid, Spain"
RF-2024-10-12,richard-feynman,1,0,1,city,2024-10-12,2024-10-16,2024,10,october,4,Pittsburgh|United States,Pittsburgh,United States,US,PIT,CLT,Americas,Northern America,American Airlines Inc.,Economy,,0,0,0,1,0.0,0.0,0.7364,0.2636,7.34,33,7,"Pittsburgh, United States"
RF-2025-04-12,richard-feynman,1,0,1,city,2025-04-12,2025-04-16,2025,4,april,4,New Orleans|United States,New Orleans,United States,US,MSY,CLT,Americas,Northern America,American Airlines Inc.,Economy,,0,0,0,1,0.0,5.48,0.808,0.192,7.23,38,6,"New Orleans, United States"
RF-2025-06-14,richard-feynman,1,0,1,city,2025-06-14,2025-06-23,2025,6,june,9,Madrid|Spain,Madrid,Spain,ES,MAD,CLT,Europe,Southern Europe,American Airlines Inc.,Economy,,0,0,0,1,6.71,8.22,0.7462,0.2538,8.28,51,18,"Madrid, Spain"
RF-2025-10-11,richard-feynman,1,0,1,city,2025-10-11,2025-10-15,2025,10,october,4,Pittsburgh|United States,Pittsburgh,United States,US,PIT,CLT,Americas,Northern America,American Airlines Inc.,Economy,,0,0,0,1,0.0,0.0,0.7364,0.2636,7.34,33,7,"Pittsburgh, United States"
RS-2000-09-10,rick-steves,1,0,1,city,2000-09-10,2000-09-15,2000,9,september,5,Paris|France,Paris,France,FR,CDG,SEA,Europe,Western Europe,Delta Air Lines Inc.,First,,0,0,0,1,6.71,9.93,0.8396,0.1604,7.23,72,28,"Paris, France"
RS-2000-09-17,rick-steves,1,0,1,city,2000-09-17,2000-09-22,2000,9,september,5,London|United Kingdom,London,United Kingdom,GB,LHR,SEA,Europe,Northern Europe,Delta Air Lines Inc.,First,,0,0,0,1,6.71,9.54,0.8673,0.1327,7.28,135,33,"London, United Kingdom"
RS-2000-09-24,rick-steves,1,0,1,city,2000-09-24,2000-09-29,2000,9,september,5,London|United Kingdom,London,United Kingdom,GB,LHR,SEA,Europe,Northern Europe,Delta Air Lines Inc.,First,,0,0,0,1,6.71,9.54,0.8673,0.1327,7.28,135,33,"London, United Kingdom"
RS-2000-10-08,rick-steves,1,0,1,city,2000-10-08,2000-10-13,2000,10,october,5,Frankfurt|Germany,Frankfurt,Germany,DE,FRA,SEA,Europe,Western Europe,United Air Lines Inc.,First,,0,0,0,1,6.71,6.53,0.8265,0.1735,6.9,17,5,"Frankfurt, Germany"
RS-2000-10-15,rick-steves,1,0,1,city,2000-10-15,2000-10-20,2000,10,october,5,London|United Kingdom,London,United Kingdom,GB,LHR,SEA,Europe,Northern Europe,Delta Air Lines Inc.,First,,0,0,0,1,6.71,9.54,0.8673,0.1327,6.98,135,33,"London, United Kingdom"
RS-2000-11-12,rick-steves,1,0,1,city,2000-11-12,2000-11-17,2000,11,november,5,London|United Kingdom,London,United Kingdom,GB,LHR,SEA,Europe,Northern Europe,Delta Air Lines Inc.,First,,0,0,0,1,6.71,9.54,0.8673,0.1327,6.55,135,33,"London, United Kingdom"
RS-2002-10-12,rick-steves,1,0,1,city,2002-10-12,2002-10-17,2002,10,october,5,Amsterdam|Netherlands,Amsterdam,Netherlands,NL,AMS,SEA,Europe,Western Europe,Delta Air Lines Inc.,First,,0,0,0,1,7.47,8.19,0.7822,0.2178,6.33,50,16,"Amsterdam, Netherlands"
RS-2002-10-26,rick-steves,1,0,1,city,2002-10-26,2002-10-31,2002,10,october,5,Dublin|Ireland,Dublin,Ireland,IE,DUB,SEA,Europe,Northern Europe,Aer Lingus Plc,First,,0,0,0,1,2.89,6.4,0.7288,0.2712,6.52,32,14,"Dublin, Ireland"
RS-2002-11-02,rick-steves,1,0,1,city,2002-11-02,2002-11-07,2002,11,november,5,Dublin|Ireland,Dublin,Ireland,IE,DUB,SEA,Europe,Northern Europe,Aer Lingus Plc,First,,0,0,0,1,2.89,6.4,0.7288,0.2712,5.96,32,14,"Dublin, Ireland"
RS-2002-11-09,rick-steves,1,0,1,city,2002-11-09,2002-11-14,2002,11,november,5,Dublin|Ireland,Dublin,Ireland,IE,DUB,SEA,Europe,Northern Europe,Aer Lingus Plc,First,,0,0,0,1,2.89,6.4,0.7288,0.2712,5.96,32,14,"Dublin, Ireland"
RS-2002-11-16,rick-steves,1,0,1,city,2002-11-16,2002-11-21,2002,11,november,5,Frankfurt|Germany,Frankfurt,Germany,DE,FRA,SEA,Europe,Western Europe,United Air Lines Inc.,First,,0,0,0,1,6.71,6.53,0.8265,0.1735,6.99,17,5,"Frankfurt, Germany"
RS-2002-11-23,rick-steves,1,0,1,city,2002-11-23,2002-11-28,2002,11,november,5,Rhine and Rothenburg|Germany,Rhine and Rothenburg,Germany,DE,FRA,SEA,Europe,Western Europe,United Air Lines Inc.,First,,0,0,0,0,,,,,,1,1,"Rhine and Rothenburg, Germany"
RS-2002-11-30,rick-steves,1,0,1,city,2002-11-30,2002-12-05,2002,11,november,5,Frankfurt|Germany,Frankfurt,Germany,DE,FRA,SEA,Europe,Western Europe,United Air Lines Inc.,First,,0,0,0,1,6.71,6.53,0.8265,0.1735,7.18,17,5,"Frankfurt, Germany"
RS-2004-09-18,rick-steves,1,0,1,city,2004-09-18,2004-09-23,2004,9,september,5,Paris|France,Paris,France,FR,CDG,SEA,Europe,Western Europe,Delta Air Lines Inc.,First,,0,0,0,1,6.71,9.93,0.8396,0.1604,7.23,72,28,"Paris, France"
RS-2004-09-25,rick-steves,1,0,1,city,2004-09-25,2004-09-30,2004,9,september,5,London|United Kingdom,London,United Kingdom,GB,LHR,SEA,Europe,Northern Europe,Delta Air Lines Inc.,First,,0,0,0,1,6.71,9.54,0.8673,0.1327,7.28,135,33,"London, United Kingdom"
RS-2004-10-02,rick-steves,1,0,1,city,2004-10-02,2004-10-07,2004,10,october,5,London|United Kingdom,London,United Kingdom,GB,LHR,SEA,Europe,Northern Europe,Delta Air Lines Inc.,First,,0,0,0,1,6.71,9.54,0.8673,0.1327,6.98,135,33,"London, United Kingdom"
RS-2004-10-09,rick-steves,1,0,1,city,2004-10-09,2004-10-14,2004,10,october,5,Paris|France,Paris,France,FR,CDG,SEA,Europe,Western Europe,Delta Air Lines Inc.,First,,0,0,0,1,6.71,9.93,0.8396,0.1604,7.12,72,28,"Paris, France"
RS-2004-10-23,rick-steves,1,0,1,city,2004-10-23,2004-10-28,2004,10,october,5,Paris|France,Paris,France,FR,CDG,SEA,Europe,Western Europe,Delta Air Lines Inc.,First,,0,0,0,1,6.71,9.93,0.8396,0.1604,7.12,72,28,"Paris, France"
RS-2004-10-30,rick-steves,1,0,1,city,2004-10-30,2004-11-04,2004,10,october,5,Paris|France,Paris,France,FR,CDG,SEA,Europe,Western Europe,Delta Air Lines Inc.,First,,0,0,0,1,6.71,9.93,0.8396,0.1604,6.86,72,28,"Paris, France"
RS-2006-10-07,rick-steves,1,0,1,city,2006-10-07,2006-10-12,2006,10,october,5,London|United Kingdom,London,United Kingdom,GB,LHR,SEA,Europe,Northern Europe,Delta Air Lines Inc.,First,,0,0,0,1,6.71,9.54,0.8673,0.1327,6.98,135,33,"London, United Kingdom"
RS-2006-10-14,rick-steves,1,0,1,city,2006-10-14,2006-10-19,2006,10,october,5,London|United Kingdom,London,United Kingdom,GB,LHR,SEA,Europe,Northern Europe,Delta Air Lines Inc.,First,,0,0,0,1,6.71,9.54,0.8673,0.1327,6.98,135,33,"London, United Kingdom"
RS-2006-10-21,rick-steves,1,0,1,city,2006-10-21,2006-10-26,2006,10,october,5,London|United Kingdom,London,United Kingdom,GB,LHR,SEA,Europe,Northern Europe,Delta Air Lines Inc.,First,,0,0,0,1,6.71,9.54,0.8673,0.1327,6.98,135,33,"London, United Kingdom"
RS-2008-10-04,rick-steves,1,0,1,city,2008-10-04,2008-10-09,2008,10,october,5,Paris|France,Paris,France,FR,CDG,SEA,Europe,Western Europe,Delta Air Lines Inc.,First,,0,0,0,1,6.71,9.93,0.8396,0.1604,7.12,72,28,"Paris, France"
RS-2008-10-11,rick-steves,1,0,1,city,2008-10-11,2008-10-16,2008,10,october,5,Paris|France,Paris,France,FR,CDG,SEA,Europe,Western Europe,Delta Air Lines Inc.,First,,0,0,0,1,6.71,9.93,0.8396,0.1604,7.12,72,28,"Paris, France"
RS-2012-11-10,rick-steves,1,0,1,city,2012-11-10,2012-11-15,2012,11,november,5,Paris|France,Paris,France,FR,CDG,SEA,Europe,Western Europe,Delta Air Lines Inc.,First,,0,0,0,1,6.71,9.93,0.8396,0.1604,6.73,72,28,"Paris, France"
RS-2012-11-17,rick-steves,1,0,1,city,2012-11-17,2012-11-22,2012,11,november,5,Paris|France,Paris,France,FR,CDG,SEA,Europe,Western Europe,Delta Air Lines Inc.,First,,0,0,0,1,6.71,9.93,0.8396,0.1604,6.73,72,28,"Paris, France"
RS-2012-11-24,rick-steves,1,0,1,city,2012-11-24,2012-11-29,2012,11,november,5,London|United Kingdom,London,United Kingdom,GB,LHR,SEA,Europe,Northern Europe,Delta Air Lines Inc.,First,,0,0,0,1,6.71,9.54,0.8673,0.1327,6.55,135,33,"London, United Kingdom"
RS-2012-12-01,rick-steves,1,0,1,city,2012-12-01,2012-12-06,2012,12,december,5,London|United Kingdom,London,United Kingdom,GB,LHR,SEA,Europe,Northern Europe,Delta Air Lines Inc.,First,,0,0,0,1,6.71,9.54,0.8673,0.1327,6.66,135,33,"London, United Kingdom"
RS-2014-10-18,rick-steves,1,0,1,city,2014-10-18,2014-10-23,2014,10,october,5,Paris|France,Paris,France,FR,CDG,SEA,Europe,Western Europe,Delta Air Lines Inc.,First,,0,0,0,1,6.71,9.93,0.8396,0.1604,7.12,72,28,"Paris, France"
RS-2014-10-25,rick-steves,1,0,1,city,2014-10-25,2014-10-30,2014,10,october,5,Paris|France,Paris,France,FR,CDG,SEA,Europe,Western Europe,Delta Air Lines Inc.,First,,0,0,0,1,6.71,9.93,0.8396,0.1604,7.12,72,28,"Paris, France"
RS-2014-11-29,rick-steves,1,0,1,city,2014-11-29,2014-12-04,2014,11,november,5,Amsterdam|Netherlands,Amsterdam,Netherlands,NL,AMS,SEA,Europe,Western Europe,Delta Air Lines Inc.,First,,0,0,0,1,7.47,8.19,0.7822,0.2178,6.82,50,16,"Amsterdam, Netherlands"
RS-2014-12-06,rick-steves,1,0,1,city,2014-12-06,2014-12-11,2014,12,december,5,Amsterdam|Netherlands,Amsterdam,Netherlands,NL,AMS,SEA,Europe,Western Europe,Delta Air Lines Inc.,First,,0,0,0,1,7.47,8.19,0.7822,0.2178,6.89,50,16,"Amsterdam, Netherlands"
RS-2014-12-20,rick-steves,1,0,1,city,2014-12-20,2014-12-25,2014,12,december,5,Frankfurt|Germany,Frankfurt,Germany,DE,FRA,SEA,Europe,Western Europe,United Air Lines Inc.,First,holiday_trip,0,0,1,1,6.71,6.53,0.8265,0.1735,7.22,17,5,"Frankfurt, Germany"
RS-2016-10-08,rick-steves,1,0,1,city,2016-10-08,2016-10-13,2016,10,october,5,Frankfurt|Germany,Frankfurt,Germany,DE,FRA,SEA,Europe,Western Europe,United Air Lines Inc.,First,,0,0,0,1,6.71,6.53,0.8265,0.1735,6.9,17,5,"Frankfurt, Germany"
RS-2016-10-15,rick-steves,1,0,1,city,2016-10-15,2016-10-20,2016,10,october,5,Frankfurt|Germany,Frankfurt,Germany,DE,FRA,SEA,Europe,Western Europe,United Air Lines Inc.,First,,0,0,0,1,6.71,6.53,0.8265,0.1735,6.9,17,5,"Frankfurt, Germany"
RS-2016-10-22,rick-steves,1,0,1,city,2016-10-22,2016-10-27,2016,10,october,5,Frankfurt|Germany,Frankfurt,Germany,DE,FRA,SEA,Europe,Western Europe,United Air Lines Inc.,First,,0,0,0,1,6.71,6.53,0.8265,0.1735,6.9,17,5,"Frankfurt, Germany"
RS-2016-11-26,rick-steves,1,0,1,city,2016-11-26,2016-12-01,2016,11,november,5,London|United Kingdom,London,United Kingdom,GB,LHR,SEA,Europe,Northern Europe,Delta Air Lines Inc.,First,,0,0,0,1,6.71,9.54,0.8673,0.1327,6.57,135,33,"London, United Kingdom"
RS-2016-12-03,rick-steves,1,0,1,city,2016-12-03,2016-12-08,2016,12,december,5,London|United Kingdom,London,United Kingdom,GB,LHR,SEA,Europe,Northern Europe,Delta Air Lines Inc.,First,,0,0,0,1,6.71,9.54,0.8673,0.1327,6.66,135,33,"London, United Kingdom"
RS-2016-12-10,rick-steves,1,0,1,city,2016-12-10,2016-12-15,2016,12,december,5,London|United Kingdom,London,United Kingdom,GB,LHR,SEA,Europe,Northern Europe,Delta Air Lines Inc.,First,,0,0,0,1,6.71,9.54,0.8673,0.1327,6.66,135,33,"London, United Kingdom"
RS-2020-10-29,rick-steves,1,0,1,city,2020-10-29,2020-11-03,2020,10,october,5,Paris|France,Paris,France,FR,CDG,SEA,Europe,Western Europe,Delta Air Lines Inc.,First,,0,0,0,1,6.71,9.93,0.8396,0.1604,6.93,72,28,"Paris, France"
RS-2020-11-05,rick-steves,1,0,1,city,2020-11-05,2020-11-10,2020,11,november,5,Frankfurt|Germany,Frankfurt,Germany,DE,FRA,SEA,Europe,Western Europe,United Air Lines Inc.,First,,0,0,0,1,6.71,6.53,0.8265,0.1735,6.99,17,5,"Frankfurt, Germany"
RS-2025-10-04,rick-steves,1,0,1,city,2025-10-04,2025-10-09,2025,10,october,5,Reykjavík|Iceland,Reykjavík,Iceland,IS,KEF,SEA,Europe,Northern Europe,Icelandair,First,,0,0,0,1,2.89,3.64,0.5342,0.4658,,1,1,"Reykjavík, Iceland"
RS-2025-10-11,rick-steves,1,0,1,city,2025-10-11,2025-10-16,2025,10,october,5,Iceland's Ring Road|Iceland,Iceland's Ring Road,Iceland,IS,KEF,SEA,Europe,Northern Europe,Icelandair,First,,0,0,0,0,,,,,,1,1,"Iceland's Ring Road, Iceland"
RS-2025-11-05,rick-steves,1,0,1,city,2025-11-05,2025-11-10,2025,11,november,5,Paris|France,Paris,France,FR,CDG,SEA,Europe,Western Europe,Delta Air Lines Inc.,First,,0,0,0,1,6.71,9.93,0.8396,0.1604,6.73,72,28,"Paris, France"
RS-2025-11-12,rick-steves,1,0,1,city,2025-11-12,2025-11-17,2025,11,november,5,Paris|France,Paris,France,FR,CDG,SEA,Europe,Western Europe,Delta Air Lines Inc.,First,,0,0,0,1,6.71,9.93,0.8396,0.1604,6.73,72,28,"Paris, France"
RS-2025-11-26,rick-steves,1,0,1,city,2025-11-26,2025-12-01,2025,11,november,5,London|United Kingdom,London,United Kingdom,GB,LHR,SEA,Europe,Northern Europe,Delta Air Lines Inc.,First,,0,0,0,1,6.71,9.54,0.8673,0.1327,6.57,135,33,"London, United Kingdom"
RS-2025-12-03,rick-steves,1,0,1,city,2025-12-03,2025-12-08,2025,12,december,5,London|United Kingdom,London,United Kingdom,GB,LHR,SEA,Europe,Northern Europe,Delta Air Lines Inc.,First,,0,0,0,1,6.71,9.54,0.8673,0.1327,6.66,135,33,"London, United Kingdom"
HRI-2021-06-18,rinaldi,1,0,1,city,2021-06-18,2021-06-20,2021,6,june,2,Pittsburgh|United States,Pittsburgh,United States,US,PIT,PHL,Americas,Northern America,American Airlines Inc.,Economy,,0,0,0,1,0.0,0.0,0.7364,0.2636,7.16,33,7,"Pittsburgh, United States"
HRI-2021-10-08,rinaldi,1,0,1,city,2021-10-08,2021-10-11,2021,10,october,3,Raleigh-durham|United States,Raleigh-durham,United States,US,RDU,PHL,Americas,Northern America,American Airlines Inc.,Economy,,0,0,0,0,,,,,,10,2,"Raleigh-durham, United States"
HRI-2022-06-17,rinaldi,1,0,1,city,2022-06-17,2022-06-19,2022,6,june,2,Pittsburgh|United States,Pittsburgh,United States,US,PIT,PHL,Americas,Northern America,American Airlines Inc.,Economy,,0,0,0,1,0.0,0.0,0.7364,0.2636,7.16,33,7,"Pittsburgh, United States"
HRI-2022-10-07,rinaldi,1,0,1,city,2022-10-07,2022-10-10,2022,10,october,3,Raleigh-durham|United States,Raleigh-durham,United States,US,RDU,PHL,Americas,Northern America,American Airlines Inc.,Economy,,0,0,0,0,,,,,,10,2,"Raleigh-durham, United States"
HRI-2023-06-16,rinaldi,1,0,1,city,2023-06-16,2023-06-18,2023,6,june,2,Pittsburgh|United States,Pittsburgh,United States,US,PIT,PHL,Americas,Northern America,American Airlines Inc.,Economy,,0,0,0,1,0.0,0.0,0.7364,0.2636,7.16,33,7,"Pittsburgh, United States"
HRI-2023-10-06,rinaldi,1,0,1,city,2023-10-06,2023-10-09,2023,10,october,3,Raleigh-durham|United States,Raleigh-durham,United States,US,RDU,PHL,Americas,Northern America,American Airlines Inc.,Economy,,0,0,0,0,,,,,,10,2,"Raleigh-durham, United States"
HRI-2024-06-14,rinaldi,1,0,1,city,2024-06-14,2024-06-16,2024,6,june,2,Pittsburgh|United States,Pittsburgh,United States,US,PIT,PHL,Americas,Northern America,American Airlines Inc.,Economy,,0,0,0,1,0.0,0.0,0.7364,0.2636,7.16,33,7,"Pittsburgh, United States"
HRI-2024-10-11,rinaldi,1,0,1,city,2024-10-11,2024-10-14,2024,10,october,3,Raleigh-durham|United States,Raleigh-durham,United States,US,RDU,PHL,Americas,Northern America,American Airlines Inc.,Economy,,0,0,0,0,,,,,,10,2,"Raleigh-durham, United States"
HRI-2025-06-13,rinaldi,1,0,1,city,2025-06-13,2025-06-15,2025,6,june,2,Pittsburgh|United States,Pittsburgh,United States,US,PIT,PHL,Americas,Northern America,American Airlines Inc.,Economy,,0,0,0,1,0.0,0.0,0.7364,0.2636,7.16,33,7,"Pittsburgh, United States"
HRI-2025-10-10,rinaldi,1,0,1,city,2025-10-10,2025-10-13,2025,10,october,3,Raleigh-durham|United States,Raleigh-durham,United States,US,RDU,PHL,Americas,Northern America,American Airlines Inc.,Economy,,0,0,0,0,,,,,,10,2,"Raleigh-durham, United States"
HRC-2021-07-02,robert-cohn,1,0,1,city,2021-07-02,2021-07-06,2021,7,july,4,Boston|United States,Boston,United States,US,BOS,EWR,Americas,Northern America,United Air Lines Inc.,Economy,beach_vacation,1,0,0,1,0.0,5.21,0.8383,0.1617,7.39,53,12,"Boston, United States"
HRC-2021-09-03,robert-cohn,1,0,1,city,2021-09-03,2021-09-06,2021,9,september,3,Portland|United States,Portland,United States,US,PWM,EWR,Americas,Northern America,United Air Lines Inc.,Economy,beach_vacation,1,0,0,1,0.0,0.0,0.7713,0.2287,7.84,36,7,"Portland, United States"
HRC-2022-07-02,robert-cohn,1,0,1,city,2022-07-02,2022-07-06,2022,7,july,4,Boston|United States,Boston,United States,US,BOS,EWR,Americas,Northern America,United Air Lines Inc.,Economy,beach_vacation,1,0,0,1,0.0,5.21,0.8383,0.1617,7.39,53,12,"Boston, United States"
HRC-2022-09-02,robert-cohn,1,0,1,city,2022-09-02,2022-09-05,2022,9,september,3,Portland|United States,Portland,United States,US,PWM,EWR,Americas,Northern America,United Air Lines Inc.,Economy,beach_vacation,1,0,0,1,0.0,0.0,0.7713,0.2287,7.84,36,7,"Portland, United States"
HRC-2023-07-02,robert-cohn,1,0,1,city,2023-07-02,2023-07-06,2023,7,july,4,Boston|United States,Boston,United States,US,BOS,EWR,Americas,Northern America,United Air Lines Inc.,Economy,beach_vacation,1,0,0,1,0.0,5.21,0.8383,0.1617,7.39,53,12,"Boston, United States"
HRC-2023-09-01,robert-cohn,1,0,1,city,2023-09-01,2023-09-04,2023,9,september,3,Portland|United States,Portland,United States,US,PWM,EWR,Americas,Northern America,United Air Lines Inc.,Economy,beach_vacation,1,0,0,1,0.0,0.0,0.7713,0.2287,7.84,36,7,"Portland, United States"
HRC-2024-07-02,robert-cohn,1,0,1,city,2024-07-02,2024-07-06,2024,7,july,4,Boston|United States,Boston,United States,US,BOS,EWR,Americas,Northern America,United Air Lines Inc.,Economy,beach_vacation,1,0,0,1,0.0,5.21,0.8383,0.1617,7.39,53,12,"Boston, United States"
HRC-2024-08-30,robert-cohn,1,0,1,city,2024-08-30,2024-09-02,2024,8,august,3,Portland|United States,Portland,United States,US,PWM,EWR,Americas,Northern America,United Air Lines Inc.,Economy,beach_vacation,1,0,0,1,0.0,0.0,0.7713,0.2287,7.96,36,7,"Portland, United States"
HRC-2025-07-02,robert-cohn,1,0,1,city,2025-07-02,2025-07-06,2025,7,july,4,Boston|United States,Boston,United States,US,BOS,EWR,Americas,Northern America,United Air Lines Inc.,Economy,beach_vacation,1,0,0,1,0.0,5.21,0.8383,0.1617,7.39,53,12,"Boston, United States"
HRC-2025-08-29,robert-cohn,1,0,1,city,2025-08-29,2025-09-01,2025,8,august,3,Portland|United States,Portland,United States,US,PWM,EWR,Americas,Northern America,United Air Lines Inc.,Economy,beach_vacation,1,0,0,1,0.0,0.0,0.7713,0.2287,8.01,36,7,"Portland, United States"
TH-2024-08-20,robert-frost,1,0,0,city,2024-08-20,2024-08-27,2024,8,august,7,New York|United States,New York,United States,US,,,Americas,Northern America,,Economy,,0,0,0,1,4.58,9.36,0.95,0.05,7.8,69,13,"New York, USA"
JM-2024-09-05,robert-louis-stevenson,1,0,0,city,2024-09-05,2024-09-12,2024,9,september,7,Edinburgh|United Kingdom,Edinburgh,United Kingdom,GB,,,Europe,Northern Europe,,Economy,,0,0,0,1,5.78,6.22,0.6479,0.3521,6.85,7,6,"Edinburgh, Scotland"
BJ-2022-03-15,robertson-davies,1,0,0,city,2022-03-15,2022-03-22,2022,3,march,7,Paris|France,Paris,France,FR,,,Europe,Western Europe,,Economy,,0,0,0,1,6.71,9.93,0.8396,0.1604,7.58,72,28,"Paris, France"
BJ-2022-06-15,robertson-davies,0,0,0,country,2022-06-15,2022-06-22,2022,6,june,7,,,Thailand,TH,,,Asia,South-eastern Asia,,Economy,,0,0,0,0,,,,,,,,Thailand
AR-2023-08-18,rosalia-de-castro,1,0,0,city,2023-08-18,2023-08-25,2023,8,august,7,Barcelona|Spain,Barcelona,Spain,ES,,,Europe,Southern Europe,,Economy,,0,0,0,1,5.78,7.69,0.7358,0.2642,7.99,38,20,Barcelona
MH-2023-04-15,rosario-castellanos,1,0,0,city,2023-04-15,2023-04-22,2023,4,april,7,Cancun|Mexico,Cancun,Mexico,MX,,,Americas,Central America,,Economy,,0,0,0,1,0.0,2.83,0.6899,0.3101,7.75,173,36,"Cancun, Mexico"
DRM-2021-07-10,rose-maylie,1,0,1,city,2021-07-10,2021-07-23,2021,7,july,13,London|United Kingdom,London,United Kingdom,GB,LHR,JFK,Europe,Northern Europe,British Airways Plc,Economy,beach_vacation,1,0,0,1,6.71,9.54,0.8673,0.1327,7.7,135,33,"London, United Kingdom"
DRM-2022-07-12,rose-maylie,1,0,1,city,2022-07-12,2022-07-27,2022,7,july,15,London|United Kingdom,London,United Kingdom,GB,LCY,JFK,Europe,Northern Europe,British Airways Plc,Economy,beach_vacation,1,0,0,1,6.71,9.54,0.8673,0.1327,7.7,135,33,"London, United Kingdom"
DRM-2023-07-07,rose-maylie,1,0,1,city,2023-07-07,2023-07-18,2023,7,july,11,Manchester|United Kingdom,Manchester,United Kingdom,GB,MAN,JFK,Europe,Northern Europe,British Airways Plc,Economy,,0,0,0,1,2.89,6.37,0.7533,0.2467,6.97,5,5,"Manchester, United Kingdom"
DRM-2024-07-14,rose-maylie,1,0,1,city,2024-07-14,2024-07-24,2024,7,july,10,Paris|France,Paris,France,FR,CDG,JFK,Europe,Western Europe,British Airways Plc,Economy,,0,0,0,1,6.71,9.93,0.8396,0.1604,7.42,72,28,"Paris, France"
DRM-2025-07-11,rose-maylie,1,0,1,city,2025-07-11,2025-07-23,2025,7,july,12,Rome|Italy,Rome,Italy,IT,FCO,JFK,Europe,Southern Europe,British Airways Plc,Economy,beach_vacation,1,0,0,1,8.67,7.27,0.7587,0.2413,8.2,49,25,"Rome, Italy"
JS4-2023-06-07,rudyard-kipling,1,0,0,city,2023-06-07,2023-06-14,2023,6,june,7,Paris|France,Paris,France,FR,,,Europe,Western Europe,,Economy,,0,0,0,1,6.71,9.93,0.8396,0.1604,7.8,72,28,"Paris, France"
AC-2023-11-12,sanmao,1,0,0,region,2023-11-12,2023-11-19,2023,11,november,7,Bali|Indonesia,Bali,Indonesia,ID,,,Asia,South-eastern Asia,,Economy,,0,0,0,1,2.89,0.0,0.3416,0.6584,6.73,12,12,"Bali, Indonesia"
SV-2018-05-12,sarah-vaughan,1,0,1,city,2018-05-12,2018-05-17,2018,5,may,5,New Orleans|United States,New Orleans,United States,US,MSY,LGA,Americas,Northern America,Delta Air Lines Inc.,Economy,,0,0,0,1,0.0,5.48,0.808,0.192,6.97,38,6,"New Orleans, United States"
SV-2018-11-10,sarah-vaughan,1,0,1,city,2018-11-10,2018-11-15,2018,11,november,5,New Orleans|United States,New Orleans,United States,US,MSY,LGA,Americas,Northern America,Delta Air Lines Inc.,Economy,,0,0,0,1,0.0,5.48,0.808,0.192,7.74,38,6,"New Orleans, United States"
SV-2019-05-11,sarah-vaughan,1,0,1,city,2019-05-11,2019-05-16,2019,5,may,5,New Orleans|United States,New Orleans,United States,US,MSY,LGA,Americas,Northern America,Delta Air Lines Inc.,Economy,,0,0,0,1,0.0,5.48,0.808,0.192,6.97,38,6,"New Orleans, United States"
SV-2019-11-09,sarah-vaughan,1,0,1,city,2019-11-09,2019-11-14,2019,11,november,5,New Orleans|United States,New Orleans,United States,US,MSY,LGA,Americas,Northern America,Delta Air Lines Inc.,Economy,,0,0,0,1,0.0,5.48,0.808,0.192,7.74,38,6,"New Orleans, United States"
SV-2020-05-09,sarah-vaughan,1,0,1,city,2020-05-09,2020-05-14,2020,5,may,5,New Orleans|United States,New Orleans,United States,US,MSY,LGA,Americas,Northern America,Delta Air Lines Inc.,Economy,,0,0,0,1,0.0,5.48,0.808,0.192,6.97,38,6,"New Orleans, United States"
SV-2020-11-14,sarah-vaughan,1,0,1,city,2020-11-14,2020-11-19,2020,11,november,5,New Orleans|United States,New Orleans,United States,US,MSY,LGA,Americas,Northern America,Delta Air Lines Inc.,Economy,,0,0,0,1,0.0,5.48,0.808,0.192,7.74,38,6,"New Orleans, United States"
SV-2021-05-08,sarah-vaughan,1,0,1,city,2021-05-08,2021-05-13,2021,5,may,5,New Orleans|United States,New Orleans,United States,US,MSY,LGA,Americas,Northern America,Delta Air Lines Inc.,Economy,,0,0,0,1,0.0,5.48,0.808,0.192,6.97,38,6,"New Orleans, United States"
SV-2021-11-13,sarah-vaughan,1,0,1,city,2021-11-13,2021-11-18,2021,11,november,5,New Orleans|United States,New Orleans,United States,US,MSY,LGA,Americas,Northern America,Delta Air Lines Inc.,Economy,,0,0,0,1,0.0,5.48,0.808,0.192,7.74,38,6,"New Orleans, United States"
SV-2022-05-14,sarah-vaughan,1,0,1,city,2022-05-14,2022-05-19,2022,5,may,5,New Orleans|United States,New Orleans,United States,US,MSY,LGA,Americas,Northern America,Delta Air Lines Inc.,Economy,,0,0,0,1,0.0,5.48,0.808,0.192,6.97,38,6,"New Orleans, United States"
SV-2022-11-12,sarah-vaughan,1,0,1,city,2022-11-12,2022-11-17,2022,11,november,5,New Orleans|United States,New Orleans,United States,US,MSY,LGA,Americas,Northern America,Delta Air Lines Inc.,Economy,,0,0,0,1,0.0,5.48,0.808,0.192,7.74,38,6,"New Orleans, United States"
SV-2023-05-13,sarah-vaughan,1,0,1,city,2023-05-13,2023-05-18,2023,5,may,5,New Orleans|United States,New Orleans,United States,US,MSY,LGA,Americas,Northern America,Delta Air Lines Inc.,Economy,,0,0,0,1,0.0,5.48,0.808,0.192,6.97,38,6,"New Orleans, United States"
SV-2023-11-11,sarah-vaughan,1,0,1,city,2023-11-11,2023-11-16,2023,11,november,5,New Orleans|United States,New Orleans,United States,US,MSY,LGA,Americas,Northern America,Delta Air Lines Inc.,Economy,,0,0,0,1,0.0,5.48,0.808,0.192,7.74,38,6,"New Orleans, United States"
SV-2024-05-11,sarah-vaughan,1,0,1,city,2024-05-11,2024-05-16,2024,5,may,5,New Orleans|United States,New Orleans,United States,US,MSY,LGA,Americas,Northern America,Delta Air Lines Inc.,Economy,,0,0,0,1,0.0,5.48,0.808,0.192,6.97,38,6,"New Orleans, United States"
SV-2024-11-09,sarah-vaughan,1,0,1,city,2024-11-09,2024-11-14,2024,11,november,5,New Orleans|United States,New Orleans,United States,US,MSY,LGA,Americas,Northern America,Delta Air Lines Inc.,Economy,,0,0,0,1,0.0,5.48,0.808,0.192,7.74,38,6,"New Orleans, United States"
SV-2025-05-10,sarah-vaughan,1,0,1,city,2025-05-10,2025-05-15,2025,5,may,5,New Orleans|United States,New Orleans,United States,US,MSY,LGA,Americas,Northern America,Delta Air Lines Inc.,Economy,,0,0,0,1,0.0,5.48,0.808,0.192,6.97,38,6,"New Orleans, United States"
SV-2025-11-08,sarah-vaughan,1,0,1,city,2025-11-08,2025-11-13,2025,11,november,5,New Orleans|United States,New Orleans,United States,US,MSY,LGA,Americas,Northern America,Delta Air Lines Inc.,Economy,,0,0,0,1,0.0,5.48,0.808,0.192,7.74,38,6,"New Orleans, United States"
JC1-2024-07-20,saul-bellow,1,0,0,city,2024-07-20,2024-07-26,2024,7,july,6,New York|United States,New York,United States,US,,,Americas,Northern America,,Economy,,0,0,0,1,4.58,9.36,0.95,0.05,7.47,69,13,New York
RC-2023-09-01,shen-congwen,1,0,0,city,2023-09-01,2023-09-08,2023,9,september,7,Bangkok|Thailand,Bangkok,Thailand,TH,,,Asia,South-eastern Asia,,Economy,,0,0,0,1,0.0,8.47,0.4205,0.5795,6.25,10,9,"Bangkok, Thailand"
SL2-2021-07-01,shin-saimdang,1,0,0,city,2021-07-01,2021-07-10,2021,7,july,10,Tokyo|Japan,Tokyo,Japan,JP,,,Asia,Eastern Asia,,Economy,,0,0,0,1,2.89,9.99,0.7993,0.2007,7.57,80,22,Tokyo
OG-2024-05-06,simone-de-beauvoir,1,0,0,city,2024-05-06,2024-05-12,2024,5,may,6,Paris|France,Paris,France,FR,,,Europe,Western Europe,,Economy,,0,0,0,1,6.71,9.93,0.8396,0.1604,7.66,72,28,Paris
JK-2025-04-15,sinclair-lewis,1,0,0,city,2025-04-15,2025-04-22,2025,4,april,7,Rome|Italy,Rome,Italy,IT,,,Europe,Southern Europe,,Economy,,0,0,0,1,8.67,7.27,0.7587,0.2413,7.52,49,25,"Rome, Italy"
SIS-2018-02-07,sisyphus,1,0,1,city,2018-02-07,2018-02-12,2018,2,february,5,San Francisco|United States,San Francisco,United States,US,SFO,SAN,Americas,Northern America,United Air Lines Inc.,Economy,,0,0,0,1,0.0,8.13,0.8552,0.1448,6.85,40,9,"San Francisco, United States"
SIS-2018-06-15,sisyphus,1,0,1,city,2018-06-15,2018-06-20,2018,6,june,5,Phoenix|United States,Phoenix,United States,US,PHX,SAN,Americas,Northern America,American Airlines Inc.,Economy,,0,0,0,1,2.89,0.0,0.8296,0.1704,7.03,48,12,"Phoenix, United States"
SIS-2018-09-22,sisyphus,1,0,1,city,2018-09-22,2018-10-04,2018,9,september,12,Tokyo|Japan,Tokyo,Japan,JP,NRT,SAN,Asia,Eastern Asia,Japan Air Lines Co. Ltd.,Economy,beach_vacation,1,0,0,1,2.89,9.99,0.7993,0.2007,6.92,80,22,"Tokyo, Japan"
SIS-2018-12-11,sisyphus,1,0,1,city,2018-12-11,2018-12-15,2018,12,december,4,Salt Lake City|United States,Salt Lake City,United States,US,SLC,SAN,Americas,Northern America,Delta Air Lines Inc.,Economy,ski_trip,0,1,0,1,0.0,0.0,0.7596,0.2404,7.21,26,7,"Salt Lake City, United States"
SIS-2019-02-18,sisyphus,1,0,1,city,2019-02-18,2019-02-23,2019,2,february,5,Vancouver|Canada,Vancouver,Canada,CA,YVR,SAN,Americas,Northern America,Jazz Aviation LP,Economy,,0,0,0,1,0.0,6.85,0.7561,0.2439,5.24,13,6,"Vancouver, Canada"
SIS-2019-06-04,sisyphus,1,0,1,city,2019-06-04,2019-06-08,2019,6,june,4,Chicago|United States,Chicago,United States,US,ORD,SAN,Americas,Northern America,United Air Lines Inc.,Economy,,0,0,0,1,2.89,7.33,0.9501,0.0499,7.59,57,21,"Chicago, United States"
SIS-2019-09-07,sisyphus,1,0,1,city,2019-09-07,2019-09-12,2019,9,september,5,San Francisco|United States,San Francisco,United States,US,SFO,SAN,Americas,Northern America,Alaska Airlines Inc.,Economy,,0,0,0,1,0.0,8.13,0.8552,0.1448,7.86,40,9,"San Francisco, United States"
SIS-2019-12-15,sisyphus,1,0,1,city,2019-12-15,2019-12-20,2019,12,december,5,Phoenix|United States,Phoenix,United States,US,PHX,SAN,Americas,Northern America,Southwest Airlines Co.,Economy,,0,0,0,1,2.89,0.0,0.8296,0.1704,8.12,48,12,"Phoenix, United States"
SIS-2020-02-22,sisyphus,1,0,1,city,2020-02-22,2020-03-05,2020,2,february,12,Tokyo|Japan,Tokyo,Japan,JP,NRT,SAN,Asia,Eastern Asia,Japan Air Lines Co. Ltd.,Economy,,0,0,0,1,2.89,9.99,0.7993,0.2007,7.39,80,22,"Tokyo, Japan"
SIS-2020-06-11,sisyphus,1,0,1,city,2020-06-11,2020-06-15,2020,6,june,4,Salt Lake City|United States,Salt Lake City,United States,US,SLC,SAN,Americas,Northern America,Southwest Airlines Co.,Economy,,0,0,0,1,0.0,0.0,0.7596,0.2404,8.49,26,7,"Salt Lake City, United States"
SIS-2020-09-18,sisyphus,1,0,1,city,2020-09-18,2020-09-23,2020,9,september,5,Vancouver|Canada,Vancouver,Canada,CA,YVR,SAN,Americas,Northern America,Jazz Aviation LP,Economy,,0,0,0,1,0.0,6.85,0.7561,0.2439,7.6,13,6,"Vancouver, Canada"
SIS-2020-12-04,sisyphus,1,0,1,city,2020-12-04,2020-12-08,2020,12,december,4,Chicago|United States,Chicago,United States,US,ORD,SAN,Americas,Northern America,Alaska Airlines Inc.,Economy,,0,0,0,1,2.89,7.33,0.9501,0.0499,5.3,57,21,"Chicago, United States"
SIS-2021-02-07,sisyphus,1,0,1,city,2021-02-07,2021-02-12,2021,2,february,5,San Francisco|United States,San Francisco,United States,US,SFO,SAN,Americas,Northern America,Southwest Airlines Co.,Economy,,0,0,0,1,0.0,8.13,0.8552,0.1448,6.85,40,9,"San Francisco, United States"
SIS-2021-06-15,sisyphus,1,0,1,city,2021-06-15,2021-06-20,2021,6,june,5,Phoenix|United States,Phoenix,United States,US,PHX,SAN,Americas,Northern America,Frontier Airlines Inc.,Economy,,0,0,0,1,2.89,0.0,0.8296,0.1704,7.03,48,12,"Phoenix, United States"
SIS-2021-09-22,sisyphus,1,0,1,city,2021-09-22,2021-10-04,2021,9,september,12,Tokyo|Japan,Tokyo,Japan,JP,NRT,SAN,Asia,Eastern Asia,Japan Air Lines Co. Ltd.,Economy,beach_vacation,1,0,0,1,2.89,9.99,0.7993,0.2007,6.92,80,22,"Tokyo, Japan"
SIS-2021-12-11,sisyphus,1,0,1,city,2021-12-11,2021-12-15,2021,12,december,4,Salt Lake City|United States,Salt Lake City,United States,US,SLC,SAN,Americas,Northern America,Frontier Airlines Inc.,Economy,ski_trip,0,1,0,1,0.0,0.0,0.7596,0.2404,7.21,26,7,"Salt Lake City, United States"
SIS-2022-02-18,sisyphus,1,0,1,city,2022-02-18,2022-02-23,2022,2,february,5,Vancouver|Canada,Vancouver,Canada,CA,YVR,SAN,Americas,Northern America,Jazz Aviation LP,Economy,,0,0,0,1,0.0,6.85,0.7561,0.2439,5.24,13,6,"Vancouver, Canada"
SIS-2022-06-04,sisyphus,1,0,1,city,2022-06-04,2022-06-08,2022,6,june,4,Chicago|United States,Chicago,United States,US,ORD,SAN,Americas,Northern America,American Airlines Inc.,Economy,,0,0,0,1,2.89,7.33,0.9501,0.0499,7.59,57,21,"Chicago, United States"
SIS-2022-09-07,sisyphus,1,0,1,city,2022-09-07,2022-09-12,2022,9,september,5,San Francisco|United States,San Francisco,United States,US,SFO,SAN,Americas,Northern America,Frontier Airlines Inc.,Economy,,0,0,0,1,0.0,8.13,0.8552,0.1448,7.86,40,9,"San Francisco, United States"
SIS-2022-12-15,sisyphus,1,0,1,city,2022-12-15,2022-12-20,2022,12,december,5,Phoenix|United States,Phoenix,United States,US,PHX,SAN,Americas,Northern America,Horizon Air,Economy,,0,0,0,1,2.89,0.0,0.8296,0.1704,8.12,48,12,"Phoenix, United States"
SIS-2023-02-22,sisyphus,1,0,1,city,2023-02-22,2023-03-06,2023,2,february,12,Tokyo|Japan,Tokyo,Japan,JP,NRT,SAN,Asia,Eastern Asia,Japan Air Lines Co. Ltd.,Economy,,0,0,0,1,2.89,9.99,0.7993,0.2007,7.31,80,22,"Tokyo, Japan"
SIS-2023-06-11,sisyphus,1,0,1,city,2023-06-11,2023-06-15,2023,6,june,4,Salt Lake City|United States,Salt Lake City,United States,US,SLC,SAN,Americas,Northern America,SkyWest Airlines Inc.,Economy,,0,0,0,1,0.0,0.0,0.7596,0.2404,8.49,26,7,"Salt Lake City, United States"
SIS-2023-09-18,sisyphus,1,0,1,city,2023-09-18,2023-09-23,2023,9,september,5,Vancouver|Canada,Vancouver,Canada,CA,YVR,SAN,Americas,Northern America,Jazz Aviation LP,Economy,,0,0,0,1,0.0,6.85,0.7561,0.2439,7.6,13,6,"Vancouver, Canada"
SIS-2023-12-04,sisyphus,1,0,1,city,2023-12-04,2023-12-08,2023,12,december,4,Chicago|United States,Chicago,United States,US,ORD,SAN,Americas,Northern America,United Air Lines Inc.,Economy,,0,0,0,1,2.89,7.33,0.9501,0.0499,5.3,57,21,"Chicago, United States"
SIS-2024-02-07,sisyphus,1,0,1,city,2024-02-07,2024-02-12,2024,2,february,5,San Francisco|United States,San Francisco,United States,US,SFO,SAN,Americas,Northern America,SkyWest Airlines Inc.,Economy,,0,0,0,1,0.0,8.13,0.8552,0.1448,6.85,40,9,"San Francisco, United States"
SIS-2024-06-15,sisyphus,1,0,1,city,2024-06-15,2024-06-20,2024,6,june,5,Phoenix|United States,Phoenix,United States,US,PHX,SAN,Americas,Northern America,SkyWest Airlines Inc.,Economy,,0,0,0,1,2.89,0.0,0.8296,0.1704,7.03,48,12,"Phoenix, United States"
SIS-2024-09-22,sisyphus,1,0,1,city,2024-09-22,2024-10-04,2024,9,september,12,Tokyo|Japan,Tokyo,Japan,JP,NRT,SAN,Asia,Eastern Asia,Japan Air Lines Co. Ltd.,Economy,beach_vacation,1,0,0,1,2.89,9.99,0.7993,0.2007,6.92,80,22,"Tokyo, Japan"
SIS-2024-12-11,sisyphus,1,0,1,city,2024-12-11,2024-12-15,2024,12,december,4,Salt Lake City|United States,Salt Lake City,United States,US,SLC,SAN,Americas,Northern America,Delta Air Lines Inc.,Economy,ski_trip,0,1,0,1,0.0,0.0,0.7596,0.2404,7.21,26,7,"Salt Lake City, United States"
SIS-2025-02-18,sisyphus,1,0,1,city,2025-02-18,2025-02-23,2025,2,february,5,Vancouver|Canada,Vancouver,Canada,CA,YVR,SAN,Americas,Northern America,Jazz Aviation LP,Economy,,0,0,0,1,0.0,6.85,0.7561,0.2439,5.24,13,6,"Vancouver, Canada"
SIS-2025-06-04,sisyphus,1,0,1,city,2025-06-04,2025-06-08,2025,6,june,4,Chicago|United States,Chicago,United States,US,ORD,SAN,Americas,Northern America,Alaska Airlines Inc.,Economy,,0,0,0,1,2.89,7.33,0.9501,0.0499,7.59,57,21,"Chicago, United States"
SIS-2025-09-07,sisyphus,1,0,1,city,2025-09-07,2025-09-12,2025,9,september,5,San Francisco|United States,San Francisco,United States,US,SFO,SAN,Americas,Northern America,Horizon Air,Economy,,0,0,0,1,0.0,8.13,0.8552,0.1448,7.86,40,9,"San Francisco, United States"
SIS-2025-12-15,sisyphus,1,0,1,city,2025-12-15,2025-12-20,2025,12,december,5,Phoenix|United States,Phoenix,United States,US,PHX,SAN,Americas,Northern America,American Airlines Inc.,Economy,,0,0,0,1,2.89,0.0,0.8296,0.1704,8.12,48,12,"Phoenix, United States"
SF-2016-02-13,solly-freedman,1,0,1,city,2016-02-13,2016-02-27,2016,2,february,14,Sydney|Australia,Sydney,Australia,AU,SYD,HNL,Oceania,Australia and New Zealand,Alaska Airlines Inc.,Economy,beach_vacation,1,0,0,1,4.58,0.0,0.6762,0.3238,7.08,40,14,"Sydney, Australia"
SF-2017-02-11,solly-freedman,1,0,1,city,2017-02-11,2017-02-25,2017,2,february,14,Sydney|Australia,Sydney,Australia,AU,SYD,HNL,Oceania,Australia and New Zealand,Alaska Airlines Inc.,Economy,beach_vacation,1,0,0,1,4.58,0.0,0.6762,0.3238,7.08,40,14,"Sydney, Australia"
SF-2018-02-10,solly-freedman,1,0,1,city,2018-02-10,2018-02-24,2018,2,february,14,Sydney|Australia,Sydney,Australia,AU,SYD,HNL,Oceania,Australia and New Zealand,Alaska Airlines Inc.,Economy,beach_vacation,1,0,0,1,4.58,0.0,0.6762,0.3238,7.08,40,14,"Sydney, Australia"
SF-2019-02-09,solly-freedman,1,0,1,city,2019-02-09,2019-02-23,2019,2,february,14,Sydney|Australia,Sydney,Australia,AU,SYD,HNL,Oceania,Australia and New Zealand,Alaska Airlines Inc.,Economy,beach_vacation,1,0,0,1,4.58,0.0,0.6762,0.3238,7.08,40,14,"Sydney, Australia"
SF-2020-02-08,solly-freedman,1,0,1,city,2020-02-08,2020-02-22,2020,2,february,14,Sydney|Australia,Sydney,Australia,AU,SYD,HNL,Oceania,Australia and New Zealand,Alaska Airlines Inc.,Economy,beach_vacation,1,0,0,1,4.58,0.0,0.6762,0.3238,7.08,40,14,"Sydney, Australia"
SF-2021-02-13,solly-freedman,1,0,1,city,2021-02-13,2021-02-27,2021,2,february,14,Sydney|Australia,Sydney,Australia,AU,SYD,HNL,Oceania,Australia and New Zealand,Alaska Airlines Inc.,Economy,beach_vacation,1,0,0,1,4.58,0.0,0.6762,0.3238,7.08,40,14,"Sydney, Australia"
SF-2022-02-12,solly-freedman,1,0,1,city,2022-02-12,2022-02-26,2022,2,february,14,Sydney|Australia,Sydney,Australia,AU,SYD,HNL,Oceania,Australia and New Zealand,Alaska Airlines Inc.,Economy,beach_vacation,1,0,0,1,4.58,0.0,0.6762,0.3238,7.08,40,14,"Sydney, Australia"
SF-2023-02-11,solly-freedman,1,0,1,city,2023-02-11,2023-02-25,2023,2,february,14,Sydney|Australia,Sydney,Australia,AU,SYD,HNL,Oceania,Australia and New Zealand,Alaska Airlines Inc.,Economy,beach_vacation,1,0,0,1,4.58,0.0,0.6762,0.3238,7.08,40,14,"Sydney, Australia"
SF-2024-02-10,solly-freedman,1,0,1,city,2024-02-10,2024-02-24,2024,2,february,14,Sydney|Australia,Sydney,Australia,AU,SYD,HNL,Oceania,Australia and New Zealand,Alaska Airlines Inc.,Economy,beach_vacation,1,0,0,1,4.58,0.0,0.6762,0.3238,7.08,40,14,"Sydney, Australia"
SF-2025-02-08,solly-freedman,1,0,1,city,2025-02-08,2025-02-22,2025,2,february,14,Sydney|Australia,Sydney,Australia,AU,SYD,HNL,Oceania,Australia and New Zealand,Alaska Airlines Inc.,Economy,beach_vacation,1,0,0,1,4.58,0.0,0.6762,0.3238,7.08,40,14,"Sydney, Australia"
AH-2024-04-01,sor-juana-ines-de-la-cruz,1,0,0,city,2024-04-01,2024-04-08,2024,4,april,7,Cancun|Mexico,Cancun,Mexico,MX,,,Americas,Central America,,Economy,,0,0,0,1,0.0,2.83,0.6899,0.3101,7.75,173,36,"Cancun, Mexico"
SG-2020-02-08,stan-getz,1,0,1,city,2020-02-08,2020-02-14,2020,2,february,6,Paris|France,Paris,France,FR,CDG,JFK,Europe,Western Europe,Delta Air Lines Inc.,Economy,,0,0,0,1,6.71,9.93,0.8396,0.1604,7.08,72,28,"Paris, France"
SG-2020-05-09,stan-getz,1,0,1,city,2020-05-09,2020-05-15,2020,5,may,6,London|United Kingdom,London,United Kingdom,GB,LHR,JFK,Europe,Northern Europe,Delta Air Lines Inc.,Economy,,0,0,0,1,6.71,9.54,0.8673,0.1327,7.69,135,33,"London, United Kingdom"
SG-2020-07-11,stan-getz,1,0,1,city,2020-07-11,2020-07-18,2020,7,july,7,Cancun|Mexico,Cancun,Mexico,MX,CUN,JFK,Americas,Central America,Delta Air Lines Inc.,Economy,beach_vacation,1,0,0,1,0.0,2.83,0.6899,0.3101,7.2,173,36,"Cancun, Mexico"
SG-2020-09-12,stan-getz,1,0,1,city,2020-09-12,2020-09-18,2020,9,september,6,Amsterdam|Netherlands,Amsterdam,Netherlands,NL,AMS,JFK,Europe,Western Europe,Delta Air Lines Inc.,Economy,,0,0,0,1,7.47,8.19,0.7822,0.2178,7.05,50,16,"Amsterdam, Netherlands"
SG-2020-11-14,stan-getz,1,0,1,city,2020-11-14,2020-11-20,2020,11,november,6,Rome|Italy,Rome,Italy,IT,FCO,JFK,Europe,Southern Europe,Delta Air Lines Inc.,Economy,,0,0,0,1,8.67,7.27,0.7587,0.2413,7.4,49,25,"Rome, Italy"
SG-2021-02-13,stan-getz,1,0,1,city,2021-02-13,2021-02-19,2021,2,february,6,Milan|Italy,Milan,Italy,IT,MXP,JFK,Europe,Southern Europe,Delta Air Lines Inc.,Economy,,0,0,0,1,7.47,8.48,0.7152,0.2848,7.08,4,3,"Milan, Italy"
SG-2021-05-08,stan-getz,1,0,1,city,2021-05-08,2021-05-14,2021,5,may,6,Madrid|Spain,Madrid,Spain,ES,MAD,JFK,Europe,Southern Europe,Delta Air Lines Inc.,Economy,,0,0,0,1,6.71,8.22,0.7462,0.2538,7.85,51,18,"Madrid, Spain"
SG-2021-07-10,stan-getz,1,0,1,city,2021-07-10,2021-07-17,2021,7,july,7,Cancun|Mexico,Cancun,Mexico,MX,CUN,JFK,Americas,Central America,Delta Air Lines Inc.,Economy,beach_vacation,1,0,0,1,0.0,2.83,0.6899,0.3101,7.2,173,36,"Cancun, Mexico"
SG-2021-09-11,stan-getz,1,0,1,city,2021-09-11,2021-09-17,2021,9,september,6,Barcelona|Spain,Barcelona,Spain,ES,BCN,JFK,Europe,Southern Europe,Delta Air Lines Inc.,Economy,beach_vacation,1,0,0,1,5.78,7.69,0.7358,0.2642,7.52,38,20,"Barcelona, Spain"
SG-2021-11-13,stan-getz,1,0,1,city,2021-11-13,2021-11-19,2021,11,november,6,Lisbon|Portugal,Lisbon,Portugal,PT,LIS,JFK,Europe,Southern Europe,Delta Air Lines Inc.,Economy,,0,0,0,1,5.78,6.42,0.6677,0.3323,6.87,48,16,"Lisbon, Portugal"
SG-2022-02-12,stan-getz,1,0,1,city,2022-02-12,2022-02-18,2022,2,february,6,Dublin|Ireland,Dublin,Ireland,IE,DUB,JFK,Europe,Northern Europe,Delta Air Lines Inc.,Economy,,0,0,0,1,2.89,6.4,0.7288,0.2712,6.16,32,14,"Dublin, Ireland"
SG-2022-05-14,stan-getz,1,0,1,city,2022-05-14,2022-05-20,2022,5,may,6,Athens|Greece,Athens,Greece,GR,ATH,JFK,Europe,Southern Europe,Delta Air Lines Inc.,Economy,beach_vacation,1,0,0,1,4.58,5.62,0.6151,0.3849,8.02,12,6,"Athens, Greece"
SG-2022-07-09,stan-getz,1,0,1,city,2022-07-09,2022-07-16,2022,7,july,7,Cancun|Mexico,Cancun,Mexico,MX,CUN,JFK,Americas,Central America,Delta Air Lines Inc.,Economy,beach_vacation,1,0,0,1,0.0,2.83,0.6899,0.3101,7.2,173,36,"Cancun, Mexico"
SG-2022-09-10,stan-getz,1,0,1,city,2022-09-10,2022-09-16,2022,9,september,6,Zurich|Switzerland,Zurich,Switzerland,CH,ZRH,JFK,Europe,Western Europe,Delta Air Lines Inc.,Economy,,0,0,0,1,2.89,8.07,0.7171,0.2829,6.85,3,3,"Zurich, Switzerland"
SG-2022-11-12,stan-getz,1,0,1,city,2022-11-12,2022-11-18,2022,11,november,6,Venice|Italy,Venice,Italy,IT,VCE,JFK,Europe,Southern Europe,Delta Air Lines Inc.,Economy,,0,0,0,1,7.47,6.95,0.6157,0.3843,,5,5,"Venice, Italy"
SG-2023-02-11,stan-getz,1,0,1,city,2023-02-11,2023-02-17,2023,2,february,6,Frankfurt|Germany,Frankfurt,Germany,DE,FRA,JFK,Europe,Western Europe,Delta Air Lines Inc.,Economy,,0,0,0,1,6.71,6.53,0.8265,0.1735,5.87,17,5,"Frankfurt, Germany"
SG-2023-05-13,stan-getz,1,0,1,city,2023-05-13,2023-05-19,2023,5,may,6,Edinburgh|United Kingdom,Edinburgh,United Kingdom,GB,EDI,JFK,Europe,Northern Europe,Delta Air Lines Inc.,Economy,,0,0,0,1,5.78,6.22,0.6479,0.3521,7.71,7,6,"Edinburgh, United Kingdom"
SG-2023-07-08,stan-getz,1,0,1,city,2023-07-08,2023-07-15,2023,7,july,7,Cancun|Mexico,Cancun,Mexico,MX,CUN,JFK,Americas,Central America,Delta Air Lines Inc.,Economy,beach_vacation,1,0,0,1,0.0,2.83,0.6899,0.3101,7.2,173,36,"Cancun, Mexico"
SG-2023-09-09,stan-getz,1,0,1,city,2023-09-09,2023-09-15,2023,9,september,6,Nice|France,Nice,France,FR,NCE,JFK,Europe,Western Europe,Delta Air Lines Inc.,Economy,beach_vacation,1,0,0,1,4.58,7.7,0.5467,0.4533,8.06,9,7,"Nice, France"
SG-2023-11-11,stan-getz,1,0,1,city,2023-11-11,2023-11-17,2023,11,november,6,Naples|Italy,Naples,Italy,IT,NAP,JFK,Europe,Southern Europe,Delta Air Lines Inc.,Economy,,0,0,0,1,7.47,7.68,0.4325,0.5675,7.01,2,2,"Naples, Italy"
SG-2024-02-10,stan-getz,1,0,1,city,2024-02-10,2024-02-16,2024,2,february,6,Reykjavik|Iceland,Reykjavik,Iceland,IS,KEF,JFK,Europe,Northern Europe,Delta Air Lines Inc.,Economy,,0,0,0,1,2.89,3.64,0.5342,0.4658,,2,2,"Reykjavik, Iceland"
SG-2024-05-11,stan-getz,1,0,1,city,2024-05-11,2024-05-17,2024,5,may,6,Copenhagen|Denmark,Copenhagen,Denmark,DK,CPH,JFK,Europe,Northern Europe,Delta Air Lines Inc.,Economy,,0,0,0,1,7.47,7.03,0.6366,0.3634,7.39,13,5,"Copenhagen, Denmark"
SG-2024-07-13,stan-getz,1,0,1,city,2024-07-13,2024-07-20,2024,7,july,7,Cancun|Mexico,Cancun,Mexico,MX,CUN,JFK,Americas,Central America,Delta Air Lines Inc.,Economy,beach_vacation,1,0,0,1,0.0,2.83,0.6899,0.3101,7.2,173,36,"Cancun, Mexico"
SG-2024-09-14,stan-getz,1,0,1,city,2024-09-14,2024-09-20,2024,9,september,6,Berlin|Germany,Berlin,Germany,DE,BER,JFK,Europe,Western Europe,Delta Air Lines Inc.,Economy,,0,0,0,1,6.71,6.95,0.6483,0.3517,7.58,6,5,"Berlin, Germany"
SG-2024-11-09,stan-getz,1,0,1,city,2024-11-09,2024-11-15,2024,11,november,6,Stockholm|Sweden,Stockholm,Sweden,SE,ARN,JFK,Europe,Northern Europe,Delta Air Lines Inc.,Economy,,0,0,0,1,5.78,5.99,0.6352,0.3648,6.7,2,2,"Stockholm, Sweden"
SG-2025-02-08,stan-getz,1,0,1,city,2025-02-08,2025-02-14,2025,2,february,6,Prague|Czech Republic,Prague,Czech Republic,CZ,PRG,JFK,Europe,Eastern Europe,Delta Air Lines Inc.,Economy,,0,0,0,1,2.89,6.09,0.538,0.462,6.44,2,2,"Prague, Czech Republic"
SG-2025-05-10,stan-getz,1,0,1,city,2025-05-10,2025-05-16,2025,5,may,6,Porto|Portugal,Porto,Portugal,PT,OPO,JFK,Europe,Southern Europe,Delta Air Lines Inc.,Economy,,0,0,0,1,5.78,6.34,0.5195,0.4805,7.74,6,4,"Porto, Portugal"
SG-2025-07-12,stan-getz,1,0,1,city,2025-07-12,2025-07-19,2025,7,july,7,Cancun|Mexico,Cancun,Mexico,MX,CUN,JFK,Americas,Central America,Delta Air Lines Inc.,Economy,beach_vacation,1,0,0,1,0.0,2.83,0.6899,0.3101,7.2,173,36,"Cancun, Mexico"
SG-2025-09-13,stan-getz,1,0,1,city,2025-09-13,2025-09-19,2025,9,september,6,Shannon|Ireland,Shannon,Ireland,IE,SNN,JFK,Europe,Northern Europe,Delta Air Lines Inc.,Economy,,0,0,0,0,,,,,,1,1,"Shannon, Ireland"
SG-2025-11-08,stan-getz,1,0,1,city,2025-11-08,2025-11-14,2025,11,november,6,Brussels|Belgium,Brussels,Belgium,BE,BRU,JFK,Europe,Western Europe,Delta Air Lines Inc.,Economy,,0,0,0,1,10.0,9.25,0.7617,0.2383,6.54,2,2,"Brussels, Belgium"
SH-2018-03-10,stephen-hawking,1,0,1,city,2018-03-10,2018-03-15,2018,3,march,5,New York City|United States,New York City,United States,US,JFK,LAX,Americas,Northern America,American Airlines Inc.,Economy,,0,0,0,1,4.58,9.36,0.95,0.05,7.31,24,4,"New York City, United States"
SH-2018-06-09,stephen-hawking,1,0,1,city,2018-06-09,2018-06-23,2018,6,june,14,Sydney|Australia,Sydney,Australia,AU,SYD,LAX,Oceania,Australia and New Zealand,American Airlines Inc.,Economy,,0,0,0,1,4.58,0.0,0.6762,0.3238,7.73,40,14,"Sydney, Australia"
SH-2018-09-08,stephen-hawking,1,0,1,city,2018-09-08,2018-09-12,2018,9,september,4,Miami|United States,Miami,United States,US,MIA,LAX,Americas,Northern America,American Airlines Inc.,Economy,beach_vacation,1,0,0,1,0.0,6.68,0.9,0.1,6.48,57,13,"Miami, United States"
SH-2018-11-10,stephen-hawking,1,0,1,city,2018-11-10,2018-11-24,2018,11,november,14,Tokyo|Japan,Tokyo,Japan,JP,HND,LAX,Asia,Eastern Asia,American Airlines Inc.,Economy,,0,0,0,1,2.89,9.99,0.7993,0.2007,7.56,80,22,"Tokyo, Japan"
SH-2019-03-09,stephen-hawking,1,0,1,city,2019-03-09,2019-03-14,2019,3,march,5,New York City|United States,New York City,United States,US,JFK,LAX,Americas,Northern America,American Airlines Inc.,Economy,,0,0,0,1,4.58,9.36,0.95,0.05,7.31,24,4,"New York City, United States"
SH-2019-06-08,stephen-hawking,1,0,1,city,2019-06-08,2019-06-22,2019,6,june,14,Sydney|Australia,Sydney,Australia,AU,SYD,LAX,Oceania,Australia and New Zealand,American Airlines Inc.,Economy,,0,0,0,1,4.58,0.0,0.6762,0.3238,7.73,40,14,"Sydney, Australia"
SH-2019-09-14,stephen-hawking,1,0,1,city,2019-09-14,2019-09-18,2019,9,september,4,Miami|United States,Miami,United States,US,MIA,LAX,Americas,Northern America,American Airlines Inc.,Economy,beach_vacation,1,0,0,1,0.0,6.68,0.9,0.1,6.48,57,13,"Miami, United States"
SH-2019-11-09,stephen-hawking,1,0,1,city,2019-11-09,2019-11-23,2019,11,november,14,Tokyo|Japan,Tokyo,Japan,JP,HND,LAX,Asia,Eastern Asia,American Airlines Inc.,Economy,,0,0,0,1,2.89,9.99,0.7993,0.2007,7.56,80,22,"Tokyo, Japan"
SH-2020-03-14,stephen-hawking,1,0,1,city,2020-03-14,2020-03-19,2020,3,march,5,New York City|United States,New York City,United States,US,JFK,LAX,Americas,Northern America,American Airlines Inc.,Economy,,0,0,0,1,4.58,9.36,0.95,0.05,7.31,24,4,"New York City, United States"
SH-2020-06-13,stephen-hawking,1,0,1,city,2020-06-13,2020-06-27,2020,6,june,14,Sydney|Australia,Sydney,Australia,AU,SYD,LAX,Oceania,Australia and New Zealand,American Airlines Inc.,Economy,,0,0,0,1,4.58,0.0,0.6762,0.3238,7.73,40,14,"Sydney, Australia"
SH-2020-09-12,stephen-hawking,1,0,1,city,2020-09-12,2020-09-16,2020,9,september,4,Miami|United States,Miami,United States,US,MIA,LAX,Americas,Northern America,American Airlines Inc.,Economy,beach_vacation,1,0,0,1,0.0,6.68,0.9,0.1,6.48,57,13,"Miami, United States"
SH-2020-11-14,stephen-hawking,1,0,1,city,2020-11-14,2020-11-28,2020,11,november,14,Tokyo|Japan,Tokyo,Japan,JP,HND,LAX,Asia,Eastern Asia,American Airlines Inc.,Economy,,0,0,0,1,2.89,9.99,0.7993,0.2007,7.56,80,22,"Tokyo, Japan"
SH-2021-03-13,stephen-hawking,1,0,1,city,2021-03-13,2021-03-18,2021,3,march,5,New York City|United States,New York City,United States,US,JFK,LAX,Americas,Northern America,American Airlines Inc.,Economy,,0,0,0,1,4.58,9.36,0.95,0.05,7.31,24,4,"New York City, United States"
SH-2021-06-12,stephen-hawking,1,0,1,city,2021-06-12,2021-06-26,2021,6,june,14,Sydney|Australia,Sydney,Australia,AU,SYD,LAX,Oceania,Australia and New Zealand,American Airlines Inc.,Economy,,0,0,0,1,4.58,0.0,0.6762,0.3238,7.73,40,14,"Sydney, Australia"
SH-2021-09-11,stephen-hawking,1,0,1,city,2021-09-11,2021-09-15,2021,9,september,4,Miami|United States,Miami,United States,US,MIA,LAX,Americas,Northern America,American Airlines Inc.,Economy,beach_vacation,1,0,0,1,0.0,6.68,0.9,0.1,6.48,57,13,"Miami, United States"
SH-2021-11-13,stephen-hawking,1,0,1,city,2021-11-13,2021-11-27,2021,11,november,14,Tokyo|Japan,Tokyo,Japan,JP,HND,LAX,Asia,Eastern Asia,American Airlines Inc.,Economy,,0,0,0,1,2.89,9.99,0.7993,0.2007,7.56,80,22,"Tokyo, Japan"
SH-2022-03-12,stephen-hawking,1,0,1,city,2022-03-12,2022-03-17,2022,3,march,5,New York City|United States,New York City,United States,US,JFK,LAX,Americas,Northern America,American Airlines Inc.,Economy,,0,0,0,1,4.58,9.36,0.95,0.05,7.31,24,4,"New York City, United States"
SH-2022-06-11,stephen-hawking,1,0,1,city,2022-06-11,2022-06-25,2022,6,june,14,Sydney|Australia,Sydney,Australia,AU,SYD,LAX,Oceania,Australia and New Zealand,American Airlines Inc.,Economy,,0,0,0,1,4.58,0.0,0.6762,0.3238,7.73,40,14,"Sydney, Australia"
SH-2022-09-10,stephen-hawking,1,0,1,city,2022-09-10,2022-09-14,2022,9,september,4,Miami|United States,Miami,United States,US,MIA,LAX,Americas,Northern America,American Airlines Inc.,Economy,beach_vacation,1,0,0,1,0.0,6.68,0.9,0.1,6.48,57,13,"Miami, United States"
SH-2022-11-12,stephen-hawking,1,0,1,city,2022-11-12,2022-11-26,2022,11,november,14,Tokyo|Japan,Tokyo,Japan,JP,HND,LAX,Asia,Eastern Asia,American Airlines Inc.,Economy,,0,0,0,1,2.89,9.99,0.7993,0.2007,7.56,80,22,"Tokyo, Japan"
SH-2023-03-11,stephen-hawking,1,0,1,city,2023-03-11,2023-03-16,2023,3,march,5,New York City|United States,New York City,United States,US,JFK,LAX,Americas,Northern America,American Airlines Inc.,Economy,,0,0,0,1,4.58,9.36,0.95,0.05,7.31,24,4,"New York City, United States"
SH-2023-06-10,stephen-hawking,1,0,1,city,2023-06-10,2023-06-24,2023,6,june,14,Sydney|Australia,Sydney,Australia,AU,SYD,LAX,Oceania,Australia and New Zealand,American Airlines Inc.,Economy,,0,0,0,1,4.58,0.0,0.6762,0.3238,7.73,40,14,"Sydney, Australia"
SH-2023-09-09,stephen-hawking,1,0,1,city,2023-09-09,2023-09-13,2023,9,september,4,Miami|United States,Miami,United States,US,MIA,LAX,Americas,Northern America,American Airlines Inc.,Economy,beach_vacation,1,0,0,1,0.0,6.68,0.9,0.1,6.48,57,13,"Miami, United States"
SH-2023-11-11,stephen-hawking,1,0,1,city,2023-11-11,2023-11-25,2023,11,november,14,Tokyo|Japan,Tokyo,Japan,JP,HND,LAX,Asia,Eastern Asia,American Airlines Inc.,Economy,,0,0,0,1,2.89,9.99,0.7993,0.2007,7.56,80,22,"Tokyo, Japan"
SH-2024-03-09,stephen-hawking,1,0,1,city,2024-03-09,2024-03-14,2024,3,march,5,New York City|United States,New York City,United States,US,JFK,LAX,Americas,Northern America,American Airlines Inc.,Economy,,0,0,0,1,4.58,9.36,0.95,0.05,7.31,24,4,"New York City, United States"
SH-2024-06-08,stephen-hawking,1,0,1,city,2024-06-08,2024-06-22,2024,6,june,14,Sydney|Australia,Sydney,Australia,AU,SYD,LAX,Oceania,Australia and New Zealand,American Airlines Inc.,Economy,,0,0,0,1,4.58,0.0,0.6762,0.3238,7.73,40,14,"Sydney, Australia"
SH-2024-09-14,stephen-hawking,1,0,1,city,2024-09-14,2024-09-18,2024,9,september,4,Miami|United States,Miami,United States,US,MIA,LAX,Americas,Northern America,American Airlines Inc.,Economy,beach_vacation,1,0,0,1,0.0,6.68,0.9,0.1,6.48,57,13,"Miami, United States"
SH-2024-11-09,stephen-hawking,1,0,1,city,2024-11-09,2024-11-23,2024,11,november,14,Tokyo|Japan,Tokyo,Japan,JP,HND,LAX,Asia,Eastern Asia,American Airlines Inc.,Economy,,0,0,0,1,2.89,9.99,0.7993,0.2007,7.56,80,22,"Tokyo, Japan"
SH-2025-03-08,stephen-hawking,1,0,1,city,2025-03-08,2025-03-13,2025,3,march,5,New York City|United States,New York City,United States,US,JFK,LAX,Americas,Northern America,American Airlines Inc.,Economy,,0,0,0,1,4.58,9.36,0.95,0.05,7.31,24,4,"New York City, United States"
SH-2025-06-14,stephen-hawking,1,0,1,city,2025-06-14,2025-06-28,2025,6,june,14,Sydney|Australia,Sydney,Australia,AU,SYD,LAX,Oceania,Australia and New Zealand,American Airlines Inc.,Economy,,0,0,0,1,4.58,0.0,0.6762,0.3238,7.73,40,14,"Sydney, Australia"
SH-2025-09-13,stephen-hawking,1,0,1,city,2025-09-13,2025-09-17,2025,9,september,4,Miami|United States,Miami,United States,US,MIA,LAX,Americas,Northern America,American Airlines Inc.,Economy,beach_vacation,1,0,0,1,0.0,6.68,0.9,0.1,6.48,57,13,"Miami, United States"
SH-2025-11-08,stephen-hawking,1,0,1,city,2025-11-08,2025-11-22,2025,11,november,14,Tokyo|Japan,Tokyo,Japan,JP,HND,LAX,Asia,Eastern Asia,American Airlines Inc.,Economy,,0,0,0,1,2.89,9.99,0.7993,0.2007,7.56,80,22,"Tokyo, Japan"
MA-2024-03-10,sultan-bin-ali-al-owais,1,0,0,city,2024-03-10,2024-03-17,2024,3,march,7,Dubai|United Arab Emirates,Dubai,United Arab Emirates,AE,,,Asia,Western Asia,,Economy,,0,0,0,1,0.0,7.48,0.7049,0.2951,8.04,4,4,"Dubai, United Arab Emirates"
CFJ-2023-03-13,tanis-judique,1,0,1,city,2023-03-13,2023-03-16,2023,3,march,3,Chicago|United States,Chicago,United States,US,ORD,STL,Americas,Northern America,American Airlines Inc.,Economy,,0,0,0,1,2.89,7.33,0.9501,0.0499,7.08,57,21,"Chicago, United States"
CFJ-2023-04-10,tanis-judique,1,0,1,city,2023-04-10,2023-04-13,2023,4,april,3,Atlanta|United States,Atlanta,United States,US,ATL,STL,Americas,Northern America,Southwest Airlines Co.,Economy,,0,0,0,1,0.0,6.55,0.9297,0.0703,7.48,42,15,"Atlanta, United States"
CFJ-2023-07-10,tanis-judique,1,0,1,city,2023-07-10,2023-07-14,2023,7,july,4,Las Vegas|United States,Las Vegas,United States,US,LAS,STL,Americas,Northern America,Southwest Airlines Co.,Economy,,0,0,0,1,0.0,0.0,0.8469,0.1531,7.09,39,15,"Las Vegas, United States"
TM-2019-02-09,thelonious-monk,1,0,1,city,2019-02-09,2019-02-23,2019,2,february,14,Sydney|Australia,Sydney,Australia,AU,SYD,LAX,Oceania,Australia and New Zealand,Delta Air Lines Inc.,Economy,beach_vacation,1,0,0,1,4.58,0.0,0.6762,0.3238,7.08,40,14,"Sydney, Australia"
TM-2019-10-12,thelonious-monk,1,0,1,city,2019-10-12,2019-10-26,2019,10,october,14,Auckland|New Zealand,Auckland,New Zealand,NZ,AKL,LAX,Oceania,Australia and New Zealand,Delta Air Lines Inc.,Economy,,0,0,0,1,0.0,6.09,0.6113,0.3887,6.75,6,3,"Auckland, New Zealand"
TM-2020-02-08,thelonious-monk,1,0,1,city,2020-02-08,2020-02-22,2020,2,february,14,Melbourne|Australia,Melbourne,Australia,AU,MEL,LAX,Oceania,Australia and New Zealand,Delta Air Lines Inc.,Economy,beach_vacation,1,0,0,1,2.89,0.0,0.6307,0.3693,7.52,6,3,"Melbourne, Australia"
TM-2020-10-10,thelonious-monk,1,0,1,city,2020-10-10,2020-10-24,2020,10,october,14,Brisbane|Australia,Brisbane,Australia,AU,BNE,LAX,Oceania,Australia and New Zealand,Delta Air Lines Inc.,Economy,beach_vacation,1,0,0,1,0.0,0.0,0.6312,0.3688,7.6,3,1,"Brisbane, Australia"
TM-2021-02-13,thelonious-monk,1,0,1,city,2021-02-13,2021-02-27,2021,2,february,14,Sydney|Australia,Sydney,Australia,AU,SYD,LAX,Oceania,Australia and New Zealand,Delta Air Lines Inc.,Economy,beach_vacation,1,0,0,1,4.58,0.0,0.6762,0.3238,7.08,40,14,"Sydney, Australia"
TM-2021-10-09,thelonious-monk,1,0,1,city,2021-10-09,2021-10-23,2021,10,october,14,Auckland|New Zealand,Auckland,New Zealand,NZ,AKL,LAX,Oceania,Australia and New Zealand,Delta Air Lines Inc.,Economy,,0,0,0,1,0.0,6.09,0.6113,0.3887,6.75,6,3,"Auckland, New Zealand"
TM-2022-02-12,thelonious-monk,1,0,1,city,2022-02-12,2022-02-26,2022,2,february,14,Melbourne|Australia,Melbourne,Australia,AU,MEL,LAX,Oceania,Australia and New Zealand,Delta Air Lines Inc.,Economy,beach_vacation,1,0,0,1,2.89,0.0,0.6307,0.3693,7.52,6,3,"Melbourne, Australia"
TM-2022-10-08,thelonious-monk,1,0,1,city,2022-10-08,2022-10-22,2022,10,october,14,Brisbane|Australia,Brisbane,Australia,AU,BNE,LAX,Oceania,Australia and New Zealand,Delta Air Lines Inc.,Economy,beach_vacation,1,0,0,1,0.0,0.0,0.6312,0.3688,7.6,3,1,"Brisbane, Australia"
TM-2023-02-11,thelonious-monk,1,0,1,city,2023-02-11,2023-02-25,2023,2,february,14,Sydney|Australia,Sydney,Australia,AU,SYD,LAX,Oceania,Australia and New Zealand,Delta Air Lines Inc.,Economy,beach_vacation,1,0,0,1,4.58,0.0,0.6762,0.3238,7.08,40,14,"Sydney, Australia"
TM-2023-10-14,thelonious-monk,1,0,1,city,2023-10-14,2023-10-28,2023,10,october,14,Auckland|New Zealand,Auckland,New Zealand,NZ,AKL,LAX,Oceania,Australia and New Zealand,Delta Air Lines Inc.,Economy,,0,0,0,1,0.0,6.09,0.6113,0.3887,6.75,6,3,"Auckland, New Zealand"
TM-2024-02-10,thelonious-monk,1,0,1,city,2024-02-10,2024-02-24,2024,2,february,14,Melbourne|Australia,Melbourne,Australia,AU,MEL,LAX,Oceania,Australia and New Zealand,Delta Air Lines Inc.,Economy,beach_vacation,1,0,0,1,2.89,0.0,0.6307,0.3693,7.52,6,3,"Melbourne, Australia"
TM-2024-10-12,thelonious-monk,1,0,1,city,2024-10-12,2024-10-26,2024,10,october,14,Brisbane|Australia,Brisbane,Australia,AU,BNE,LAX,Oceania,Australia and New Zealand,Delta Air Lines Inc.,Economy,beach_vacation,1,0,0,1,0.0,0.0,0.6312,0.3688,7.6,3,1,"Brisbane, Australia"
TM-2025-02-08,thelonious-monk,1,0,1,city,2025-02-08,2025-02-22,2025,2,february,14,Sydney|Australia,Sydney,Australia,AU,SYD,LAX,Oceania,Australia and New Zealand,Delta Air Lines Inc.,Economy,beach_vacation,1,0,0,1,4.58,0.0,0.6762,0.3238,7.08,40,14,"Sydney, Australia"
TM-2025-10-11,thelonious-monk,1,0,1,city,2025-10-11,2025-10-25,2025,10,october,14,Auckland|New Zealand,Auckland,New Zealand,NZ,AKL,LAX,Oceania,Australia and New Zealand,Delta Air Lines Inc.,Economy,,0,0,0,1,0.0,6.09,0.6113,0.3887,6.75,6,3,"Auckland, New Zealand"
THE-2020-04-07,theseus,1,0,1,city,2020-04-07,2020-04-19,2020,4,april,12,Tokyo|Japan,Tokyo,Japan,JP,HND,DFW,Asia,Eastern Asia,American Airlines Inc.,Economy,,0,0,0,1,2.89,9.99,0.7993,0.2007,6.91,80,22,"Tokyo, Japan"
THE-2020-08-15,theseus,1,0,1,city,2020-08-15,2020-08-19,2020,8,august,4,San Antonio|United States,San Antonio,United States,US,SAT,DFW,Americas,Northern America,American Airlines Inc.,Economy,,0,0,0,1,2.89,4.39,0.7068,0.2932,6.65,23,5,"San Antonio, United States"
THE-2020-11-22,theseus,1,0,1,city,2020-11-22,2020-11-26,2020,11,november,4,Toronto|Canada,Toronto,Canada,CA,YYZ,DFW,Americas,Northern America,American Airlines Inc.,Economy,,0,0,0,1,0.0,7.17,0.8369,0.1631,5.67,56,10,"Toronto, Canada"
THE-2021-04-11,theseus,1,0,1,city,2021-04-11,2021-04-17,2021,4,april,6,Orlando|United States,Orlando,United States,US,MCO,DFW,Americas,Northern America,American Airlines Inc.,Economy,beach_vacation,1,0,0,1,0.0,6.53,0.8513,0.1487,8.0,158,26,"Orlando, United States"
THE-2021-08-18,theseus,1,0,1,city,2021-08-18,2021-08-26,2021,8,august,8,Paris|France,Paris,France,FR,CDG,DFW,Europe,Western Europe,American Airlines Inc.,Economy,,0,0,0,1,6.71,9.93,0.8396,0.1604,7.93,72,28,"Paris, France"
THE-2021-11-04,theseus,1,0,1,city,2021-11-04,2021-11-08,2021,11,november,4,Houston|United States,Houston,United States,US,IAH,DFW,Americas,Northern America,United Air Lines Inc.,Economy,beach_vacation,1,0,0,1,0.0,6.02,0.8677,0.1323,7.55,55,7,"Houston, United States"
THE-2022-04-07,theseus,1,0,1,city,2022-04-07,2022-04-19,2022,4,april,12,Tokyo|Japan,Tokyo,Japan,JP,HND,DFW,Asia,Eastern Asia,Japan Air Lines Co. Ltd.,Economy,,0,0,0,1,2.89,9.99,0.7993,0.2007,6.91,80,22,"Tokyo, Japan"
THE-2022-08-15,theseus,1,0,1,city,2022-08-15,2022-08-19,2022,8,august,4,San Antonio|United States,San Antonio,United States,US,SAT,DFW,Americas,Northern America,SkyWest Airlines Inc.,Economy,,0,0,0,1,2.89,4.39,0.7068,0.2932,6.65,23,5,"San Antonio, United States"
THE-2022-11-22,theseus,1,0,1,city,2022-11-22,2022-11-26,2022,11,november,4,Toronto|Canada,Toronto,Canada,CA,YYZ,DFW,Americas,Northern America,Air Canada,Economy,,0,0,0,1,0.0,7.17,0.8369,0.1631,5.67,56,10,"Toronto, Canada"
THE-2023-04-11,theseus,1,0,1,city,2023-04-11,2023-04-17,2023,4,april,6,Orlando|United States,Orlando,United States,US,MCO,DFW,Americas,Northern America,Frontier Airlines Inc.,Economy,beach_vacation,1,0,0,1,0.0,6.53,0.8513,0.1487,8.0,158,26,"Orlando, United States"
THE-2023-08-18,theseus,1,0,1,city,2023-08-18,2023-08-26,2023,8,august,8,Paris|France,Paris,France,FR,CDG,DFW,Europe,Western Europe,Compagnie Natl Air France,Economy,,0,0,0,1,6.71,9.93,0.8396,0.1604,7.93,72,28,"Paris, France"
THE-2023-11-04,theseus,1,0,1,city,2023-11-04,2023-11-08,2023,11,november,4,Houston|United States,Houston,United States,US,IAH,DFW,Americas,Northern America,American Airlines Inc.,Economy,beach_vacation,1,0,0,1,0.0,6.02,0.8677,0.1323,7.55,55,7,"Houston, United States"
THE-2024-04-07,theseus,1,0,1,city,2024-04-07,2024-04-19,2024,4,april,12,Tokyo|Japan,Tokyo,Japan,JP,HND,DFW,Asia,Eastern Asia,American Airlines Inc.,Economy,,0,0,0,1,2.89,9.99,0.7993,0.2007,6.91,80,22,"Tokyo, Japan"
THE-2024-08-15,theseus,1,0,1,city,2024-08-15,2024-08-19,2024,8,august,4,San Antonio|United States,San Antonio,United States,US,SAT,DFW,Americas,Northern America,Envoy Air,Economy,,0,0,0,1,2.89,4.39,0.7068,0.2932,6.65,23,5,"San Antonio, United States"
THE-2024-11-22,theseus,1,0,1,city,2024-11-22,2024-11-26,2024,11,november,4,Toronto|Canada,Toronto,Canada,CA,YYZ,DFW,Americas,Northern America,Envoy Air,Economy,,0,0,0,1,0.0,7.17,0.8369,0.1631,5.67,56,10,"Toronto, Canada"
THE-2025-04-11,theseus,1,0,1,city,2025-04-11,2025-04-17,2025,4,april,6,Orlando|United States,Orlando,United States,US,MCO,DFW,Americas,Northern America,Spirit Air Lines,Economy,beach_vacation,1,0,0,1,0.0,6.53,0.8513,0.1487,8.0,158,26,"Orlando, United States"
THE-2025-08-18,theseus,1,0,1,city,2025-08-18,2025-08-26,2025,8,august,8,Paris|France,Paris,France,FR,CDG,DFW,Europe,Western Europe,American Airlines Inc.,Economy,,0,0,0,1,6.71,9.93,0.8396,0.1604,7.93,72,28,"Paris, France"
THE-2025-11-04,theseus,1,0,1,city,2025-11-04,2025-11-08,2025,11,november,4,Houston|United States,Houston,United States,US,IAH,DFW,Americas,Northern America,Envoy Air,Economy,beach_vacation,1,0,0,1,0.0,6.02,0.8677,0.1323,7.55,55,7,"Houston, United States"
HM-2024-07-01,thomas-mann,1,0,0,city,2024-07-01,2024-07-10,2024,7,july,9,Berlin|Germany,Berlin,Germany,DE,,,Europe,Western Europe,,Economy,,0,0,0,1,6.71,6.95,0.6483,0.3517,7.06,6,5,"Berlin, Germany"
DTC-2021-08-02,toby-crackit,1,0,1,city,2021-08-02,2021-08-13,2021,8,august,11,Lisbon|Portugal,Lisbon,Portugal,PT,LIS,EWR,Europe,Southern Europe,United Air Lines Inc.,Economy,beach_vacation,1,0,0,1,5.78,6.42,0.6677,0.3323,8.3,48,16,"Lisbon, Portugal"
DTC-2022-08-04,toby-crackit,1,0,1,city,2022-08-04,2022-08-17,2022,8,august,13,Barcelona|Spain,Barcelona,Spain,ES,BCN,EWR,Europe,Southern Europe,United Air Lines Inc.,Economy,beach_vacation,1,0,0,1,5.78,7.69,0.7358,0.2642,7.99,38,20,"Barcelona, Spain"
DTC-2023-07-30,toby-crackit,1,0,1,city,2023-07-30,2023-08-09,2023,7,july,10,Madrid|Spain,Madrid,Spain,ES,MAD,EWR,Europe,Southern Europe,United Air Lines Inc.,Economy,,0,0,0,1,6.71,8.22,0.7462,0.2538,7.31,51,18,"Madrid, Spain"
DTC-2024-08-06,toby-crackit,1,0,1,city,2024-08-06,2024-08-18,2024,8,august,12,Rome|Italy,Rome,Italy,IT,FCO,EWR,Europe,Southern Europe,United Air Lines Inc.,Economy,beach_vacation,1,0,0,1,8.67,7.27,0.7587,0.2413,7.91,49,25,"Rome, Italy"
DTC-2025-08-03,toby-crackit,1,0,1,city,2025-08-03,2025-08-17,2025,8,august,14,Milano|Italy,Milano,Italy,IT,MXP,EWR,Europe,Southern Europe,United Air Lines Inc.,Economy,,0,0,0,0,,,,,,5,5,"Milano, Italy"
AS-2022-02-05,toni-morrison,1,0,0,city,2022-02-05,2022-02-14,2022,2,february,9,Tokyo|Japan,Tokyo,Japan,JP,,,Asia,Eastern Asia,,Economy,,0,0,0,1,2.89,9.99,0.7993,0.2007,7.77,80,22,"Tokyo, Japan"
AS-2022-05-10,toni-morrison,0,0,0,country,2022-05-10,2022-05-18,2022,5,may,8,,,Japan,JP,,,Asia,Eastern Asia,,Economy,,0,0,0,0,,,,,,,,Japan
CFG-2023-03-13,vergil-gunch,1,0,1,city,2023-03-13,2023-03-16,2023,3,march,3,Chicago|United States,Chicago,United States,US,ORD,CVG,Americas,Northern America,Delta Air Lines Inc.,Economy,,0,0,0,1,2.89,7.33,0.9501,0.0499,7.08,57,21,"Chicago, United States"
CFG-2023-04-10,vergil-gunch,1,0,1,city,2023-04-10,2023-04-13,2023,4,april,3,Atlanta|United States,Atlanta,United States,US,ATL,CVG,Americas,Northern America,Delta Air Lines Inc.,Economy,,0,0,0,1,0.0,6.55,0.9297,0.0703,7.48,42,15,"Atlanta, United States"
CFG-2023-05-01,vergil-gunch,1,0,1,city,2023-05-01,2023-05-04,2023,5,may,3,Denver|United States,Denver,United States,US,DEN,CVG,Americas,Northern America,Delta Air Lines Inc.,Economy,ski_trip,0,1,0,1,0.0,5.91,0.8445,0.1555,7.45,105,24,"Denver, United States"
CFG-2023-06-12,vergil-gunch,1,0,1,city,2023-06-12,2023-06-15,2023,6,june,3,Boston|United States,Boston,United States,US,BOS,CVG,Americas,Northern America,Delta Air Lines Inc.,Economy,beach_vacation,1,0,0,1,0.0,5.21,0.8383,0.1617,7.54,53,12,"Boston, United States"
CFG-2023-07-10,vergil-gunch,1,0,1,city,2023-07-10,2023-07-14,2023,7,july,4,Las Vegas|United States,Las Vegas,United States,US,LAS,CVG,Americas,Northern America,Delta Air Lines Inc.,Economy,,0,0,0,1,0.0,0.0,0.8469,0.1531,7.09,39,15,"Las Vegas, United States"
CFG-2023-08-07,vergil-gunch,1,0,1,city,2023-08-07,2023-08-10,2023,8,august,3,Orlando|United States,Orlando,United States,US,MCO,CVG,Americas,Northern America,Delta Air Lines Inc.,Economy,beach_vacation,1,0,0,1,0.0,6.53,0.8513,0.1487,6.84,158,26,"Orlando, United States"
EW4-2022-06-10,virginia-woolf,1,0,0,city,2022-06-10,2022-06-15,2022,6,june,5,London|United Kingdom,London,United Kingdom,GB,,,Europe,Northern Europe,,Economy,,0,0,0,1,6.71,9.54,0.8673,0.1327,7.9,135,33,London
MD-2022-09-15,walt-whitman,1,0,0,city,2022-09-15,2022-09-22,2022,9,september,7,New York|United States,New York,United States,US,,,Americas,Northern America,,Economy,,0,0,0,1,4.58,9.36,0.95,0.05,7.5,69,13,"New York City, USA"
WM-2016-05-14,wes-montgomery,1,0,1,city,2016-05-14,2016-05-26,2016,5,may,12,Tokyo|Japan,Tokyo,Japan,JP,HND,SEA,Asia,Eastern Asia,Delta Air Lines Inc.,Economy,,0,0,0,1,2.89,9.99,0.7993,0.2007,6.71,80,22,"Tokyo, Japan"
WM-2016-10-08,wes-montgomery,1,0,1,city,2016-10-08,2016-10-20,2016,10,october,12,Seoul|South Korea,Seoul,South Korea,KR,ICN,SEA,Asia,Eastern Asia,Delta Air Lines Inc.,Economy,,0,0,0,1,8.12,8.2,0.7671,0.2329,6.88,29,9,"Seoul, South Korea"
WM-2017-05-13,wes-montgomery,1,0,1,city,2017-05-13,2017-05-25,2017,5,may,12,Taipei|Taiwan,Taipei,Taiwan,TW,TPE,SEA,Asia,Eastern Asia,Delta Air Lines Inc.,Economy,beach_vacation,1,0,0,1,0.0,8.44,0.698,0.302,6.84,5,2,"Taipei, Taiwan"
WM-2017-10-14,wes-montgomery,1,0,1,city,2017-10-14,2017-10-26,2017,10,october,12,Shanghai|China,Shanghai,China,CN,PVG,SEA,Asia,Eastern Asia,Delta Air Lines Inc.,Economy,,0,0,0,1,0.0,7.99,0.7618,0.2382,7.48,7,3,"Shanghai, China"
WM-2018-05-12,wes-montgomery,1,0,1,city,2018-05-12,2018-05-24,2018,5,may,12,Tokyo|Japan,Tokyo,Japan,JP,HND,SEA,Asia,Eastern Asia,Delta Air Lines Inc.,Economy,,0,0,0,1,2.89,9.99,0.7993,0.2007,6.71,80,22,"Tokyo, Japan"
WM-2018-10-13,wes-montgomery,1,0,1,city,2018-10-13,2018-10-25,2018,10,october,12,Seoul|South Korea,Seoul,South Korea,KR,ICN,SEA,Asia,Eastern Asia,Delta Air Lines Inc.,Economy,,0,0,0,1,8.12,8.2,0.7671,0.2329,6.88,29,9,"Seoul, South Korea"
WM-2019-05-11,wes-montgomery,1,0,1,city,2019-05-11,2019-05-23,2019,5,may,12,Taipei|Taiwan,Taipei,Taiwan,TW,TPE,SEA,Asia,Eastern Asia,Delta Air Lines Inc.,Economy,beach_vacation,1,0,0,1,0.0,8.44,0.698,0.302,6.84,5,2,"Taipei, Taiwan"
WM-2019-10-12,wes-montgomery,1,0,1,city,2019-10-12,2019-10-24,2019,10,october,12,Shanghai|China,Shanghai,China,CN,PVG,SEA,Asia,Eastern Asia,Delta Air Lines Inc.,Economy,,0,0,0,1,0.0,7.99,0.7618,0.2382,7.48,7,3,"Shanghai, China"
WM-2022-05-14,wes-montgomery,1,0,1,city,2022-05-14,2022-05-26,2022,5,may,12,Tokyo|Japan,Tokyo,Japan,JP,HND,SEA,Asia,Eastern Asia,Delta Air Lines Inc.,Economy,,0,0,0,1,2.89,9.99,0.7993,0.2007,6.71,80,22,"Tokyo, Japan"
WM-2022-10-08,wes-montgomery,1,0,1,city,2022-10-08,2022-10-20,2022,10,october,12,Seoul|South Korea,Seoul,South Korea,KR,ICN,SEA,Asia,Eastern Asia,Delta Air Lines Inc.,Economy,,0,0,0,1,8.12,8.2,0.7671,0.2329,6.88,29,9,"Seoul, South Korea"
WM-2023-05-13,wes-montgomery,1,0,1,city,2023-05-13,2023-05-25,2023,5,may,12,Taipei|Taiwan,Taipei,Taiwan,TW,TPE,SEA,Asia,Eastern Asia,Delta Air Lines Inc.,Economy,beach_vacation,1,0,0,1,0.0,8.44,0.698,0.302,6.84,5,2,"Taipei, Taiwan"
WM-2023-10-14,wes-montgomery,1,0,1,city,2023-10-14,2023-10-26,2023,10,october,12,Shanghai|China,Shanghai,China,CN,PVG,SEA,Asia,Eastern Asia,Delta Air Lines Inc.,Economy,,0,0,0,1,0.0,7.99,0.7618,0.2382,7.48,7,3,"Shanghai, China"
WM-2024-05-11,wes-montgomery,1,0,1,city,2024-05-11,2024-05-23,2024,5,may,12,Tokyo|Japan,Tokyo,Japan,JP,HND,SEA,Asia,Eastern Asia,Delta Air Lines Inc.,Economy,,0,0,0,1,2.89,9.99,0.7993,0.2007,6.71,80,22,"Tokyo, Japan"
WM-2024-10-12,wes-montgomery,1,0,1,city,2024-10-12,2024-10-24,2024,10,october,12,Seoul|South Korea,Seoul,South Korea,KR,ICN,SEA,Asia,Eastern Asia,Delta Air Lines Inc.,Economy,,0,0,0,1,8.12,8.2,0.7671,0.2329,6.88,29,9,"Seoul, South Korea"
WM-2025-05-10,wes-montgomery,1,0,1,city,2025-05-10,2025-05-22,2025,5,may,12,Taipei|Taiwan,Taipei,Taiwan,TW,TPE,SEA,Asia,Eastern Asia,Delta Air Lines Inc.,Economy,beach_vacation,1,0,0,1,0.0,8.44,0.698,0.302,6.84,5,2,"Taipei, Taiwan"
WM-2025-10-11,wes-montgomery,1,0,1,city,2025-10-11,2025-10-23,2025,10,october,12,Shanghai|China,Shanghai,China,CN,PVG,SEA,Asia,Eastern Asia,Delta Air Lines Inc.,Economy,,0,0,0,1,0.0,7.99,0.7618,0.2382,7.48,7,3,"Shanghai, China"
WC-2016-04-09,william-campbell,1,0,1,city,2016-04-09,2016-04-21,2016,4,april,12,Tokyo|Japan,Tokyo,Japan,JP,NRT,SEA,Asia,Eastern Asia,Alaska Airlines Inc.,Economy,,0,0,0,1,2.89,9.99,0.7993,0.2007,6.91,80,22,"Tokyo, Japan"
WC-2016-10-08,william-campbell,1,0,1,city,2016-10-08,2016-10-20,2016,10,october,12,Tokyo|Japan,Tokyo,Japan,JP,NRT,SEA,Asia,Eastern Asia,Alaska Airlines Inc.,Economy,,0,0,0,1,2.89,9.99,0.7993,0.2007,6.76,80,22,"Tokyo, Japan"
WC-2017-04-08,william-campbell,1,0,1,city,2017-04-08,2017-04-20,2017,4,april,12,Tokyo|Japan,Tokyo,Japan,JP,NRT,SEA,Asia,Eastern Asia,Alaska Airlines Inc.,Economy,,0,0,0,1,2.89,9.99,0.7993,0.2007,6.91,80,22,"Tokyo, Japan"
WC-2017-10-14,william-campbell,1,0,1,city,2017-10-14,2017-10-26,2017,10,october,12,Tokyo|Japan,Tokyo,Japan,JP,NRT,SEA,Asia,Eastern Asia,Alaska Airlines Inc.,Economy,,0,0,0,1,2.89,9.99,0.7993,0.2007,6.76,80,22,"Tokyo, Japan"
WC-2018-04-14,william-campbell,1,0,1,city,2018-04-14,2018-04-26,2018,4,april,12,Tokyo|Japan,Tokyo,Japan,JP,NRT,SEA,Asia,Eastern Asia,Alaska Airlines Inc.,Economy,,0,0,0,1,2.89,9.99,0.7993,0.2007,6.91,80,22,"Tokyo, Japan"
WC-2018-10-13,william-campbell,1,0,1,city,2018-10-13,2018-10-25,2018,10,october,12,Tokyo|Japan,Tokyo,Japan,JP,NRT,SEA,Asia,Eastern Asia,Alaska Airlines Inc.,Economy,,0,0,0,1,2.89,9.99,0.7993,0.2007,6.76,80,22,"Tokyo, Japan"
WC-2019-04-13,william-campbell,1,0,1,city,2019-04-13,2019-04-25,2019,4,april,12,Tokyo|Japan,Tokyo,Japan,JP,NRT,SEA,Asia,Eastern Asia,Alaska Airlines Inc.,Economy,,0,0,0,1,2.89,9.99,0.7993,0.2007,6.91,80,22,"Tokyo, Japan"
WC-2019-10-12,william-campbell,1,0,1,city,2019-10-12,2019-10-24,2019,10,october,12,Tokyo|Japan,Tokyo,Japan,JP,NRT,SEA,Asia,Eastern Asia,Alaska Airlines Inc.,Economy,,0,0,0,1,2.89,9.99,0.7993,0.2007,6.76,80,22,"Tokyo, Japan"
WC-2020-04-11,william-campbell,1,0,1,city,2020-04-11,2020-04-23,2020,4,april,12,Tokyo|Japan,Tokyo,Japan,JP,NRT,SEA,Asia,Eastern Asia,Alaska Airlines Inc.,Economy,,0,0,0,1,2.89,9.99,0.7993,0.2007,6.91,80,22,"Tokyo, Japan"
WC-2020-10-10,william-campbell,1,0,1,city,2020-10-10,2020-10-22,2020,10,october,12,Tokyo|Japan,Tokyo,Japan,JP,NRT,SEA,Asia,Eastern Asia,Alaska Airlines Inc.,Economy,,0,0,0,1,2.89,9.99,0.7993,0.2007,6.76,80,22,"Tokyo, Japan"
WC-2021-04-10,william-campbell,1,0,1,city,2021-04-10,2021-04-22,2021,4,april,12,Tokyo|Japan,Tokyo,Japan,JP,NRT,SEA,Asia,Eastern Asia,Alaska Airlines Inc.,Economy,,0,0,0,1,2.89,9.99,0.7993,0.2007,6.91,80,22,"Tokyo, Japan"
WC-2021-10-09,william-campbell,1,0,1,city,2021-10-09,2021-10-21,2021,10,october,12,Tokyo|Japan,Tokyo,Japan,JP,NRT,SEA,Asia,Eastern Asia,Alaska Airlines Inc.,Economy,,0,0,0,1,2.89,9.99,0.7993,0.2007,6.76,80,22,"Tokyo, Japan"
WC-2022-04-09,william-campbell,1,0,1,city,2022-04-09,2022-04-21,2022,4,april,12,Tokyo|Japan,Tokyo,Japan,JP,NRT,SEA,Asia,Eastern Asia,Alaska Airlines Inc.,Economy,,0,0,0,1,2.89,9.99,0.7993,0.2007,6.91,80,22,"Tokyo, Japan"
WC-2022-10-08,william-campbell,1,0,1,city,2022-10-08,2022-10-20,2022,10,october,12,Tokyo|Japan,Tokyo,Japan,JP,NRT,SEA,Asia,Eastern Asia,Alaska Airlines Inc.,Economy,,0,0,0,1,2.89,9.99,0.7993,0.2007,6.76,80,22,"Tokyo, Japan"
WC-2023-04-08,william-campbell,1,0,1,city,2023-04-08,2023-04-20,2023,4,april,12,Tokyo|Japan,Tokyo,Japan,JP,NRT,SEA,Asia,Eastern Asia,Alaska Airlines Inc.,Economy,,0,0,0,1,2.89,9.99,0.7993,0.2007,6.91,80,22,"Tokyo, Japan"
WC-2023-10-14,william-campbell,1,0,1,city,2023-10-14,2023-10-26,2023,10,october,12,Tokyo|Japan,Tokyo,Japan,JP,NRT,SEA,Asia,Eastern Asia,Alaska Airlines Inc.,Economy,,0,0,0,1,2.89,9.99,0.7993,0.2007,6.76,80,22,"Tokyo, Japan"
WC-2024-04-13,william-campbell,1,0,1,city,2024-04-13,2024-04-25,2024,4,april,12,Tokyo|Japan,Tokyo,Japan,JP,NRT,SEA,Asia,Eastern Asia,Alaska Airlines Inc.,Economy,,0,0,0,1,2.89,9.99,0.7993,0.2007,6.91,80,22,"Tokyo, Japan"
WC-2024-10-12,william-campbell,1,0,1,city,2024-10-12,2024-10-24,2024,10,october,12,Tokyo|Japan,Tokyo,Japan,JP,NRT,SEA,Asia,Eastern Asia,Alaska Airlines Inc.,Economy,,0,0,0,1,2.89,9.99,0.7993,0.2007,6.76,80,22,"Tokyo, Japan"
WC-2025-04-12,william-campbell,1,0,1,city,2025-04-12,2025-04-24,2025,4,april,12,Tokyo|Japan,Tokyo,Japan,JP,NRT,SEA,Asia,Eastern Asia,Alaska Airlines Inc.,Economy,,0,0,0,1,2.89,9.99,0.7993,0.2007,6.91,80,22,"Tokyo, Japan"
WC-2025-10-11,william-campbell,1,0,1,city,2025-10-11,2025-10-23,2025,10,october,12,Tokyo|Japan,Tokyo,Japan,JP,NRT,SEA,Asia,Eastern Asia,Alaska Airlines Inc.,Economy,,0,0,0,1,2.89,9.99,0.7993,0.2007,6.76,80,22,"Tokyo, Japan"
JS5-2022-05-15,william-faulkner,1,0,0,city,2022-05-15,2022-05-20,2022,5,may,5,Paris|France,Paris,France,FR,,,Europe,Western Europe,,Economy,,0,0,0,1,6.71,9.93,0.8396,0.1604,7.66,72,28,Paris
JS5-2022-06-15,william-faulkner,1,0,0,city,2022-06-15,2022-06-20,2022,6,june,5,Paris|France,Paris,France,FR,,,Europe,Western Europe,,Economy,,0,0,0,1,6.71,9.93,0.8396,0.1604,7.8,72,28,Paris
PB-2023-03-05,william-golding,1,0,0,city,2023-03-05,2023-03-12,2023,3,march,7,London|United Kingdom,London,United Kingdom,GB,,,Europe,Northern Europe,,Economy,,0,0,0,1,6.71,9.54,0.8673,0.1327,7.85,135,33,"London, UK"
BS-2024-03-15,william-shakespeare,1,0,0,city,2024-03-15,2024-03-23,2024,3,march,8,London|United Kingdom,London,United Kingdom,GB,,,Europe,Northern Europe,,Economy,,0,0,0,1,6.71,9.54,0.8673,0.1327,7.85,135,33,"London, UK"
SW-2022-12-10,xiao-hong,1,0,0,city,2022-12-10,2022-12-18,2022,12,december,8,Tokyo|Japan,Tokyo,Japan,JP,,,Asia,Eastern Asia,,Economy,,0,0,0,1,2.89,9.99,0.7993,0.2007,7.37,80,22,"Tokyo, Japan"
LN2-2023-12-22,xuan-quynh,1,0,0,city,2023-12-22,2023-12-28,2023,12,december,6,Paris|France,Paris,France,FR,,,Europe,Western Europe,,Economy,,0,0,0,1,6.71,9.93,0.8396,0.1604,6.94,72,28,Paris
KN1-2022-09-03,yasunari-kawabata,1,0,0,city,2022-09-03,2022-09-10,2022,9,september,7,Tokyo|Japan,Tokyo,Japan,JP,,,Asia,Eastern Asia,,Economy,,0,0,0,1,2.89,9.99,0.7993,0.2007,6.99,80,22,Tokyo
KN1-2023-10-05,yasunari-kawabata,1,0,0,city,2023-10-05,2023-10-15,2023,10,october,10,Tokyo|Japan,Tokyo,Japan,JP,,,Asia,Eastern Asia,,Economy,,0,0,0,1,2.89,9.99,0.7993,0.2007,6.76,80,22,Tokyo
HK-2022-10-05,yi-kwang-su,1,0,0,city,2022-10-05,2022-10-13,2022,10,october,8,Tokyo|Japan,Tokyo,Japan,JP,,,Asia,Eastern Asia,,Economy,,0,0,0,1,2.89,9.99,0.7993,0.2007,6.76,80,22,"Tokyo, Japan"
DL2-2022-06-10,yi-sang,1,0,0,city,2022-06-10,2022-06-17,2022,6,june,7,Rome|Italy,Rome,Italy,IT,,,Europe,Southern Europe,,Economy,,0,0,0,1,8.67,7.27,0.7587,0.2413,8.34,49,25,"Rome, Italy"
DL2-2023-07-01,yi-sang,1,0,0,region,2023-07-01,2023-07-08,2023,7,july,7,Bali|Indonesia,Bali,Indonesia,ID,,,Asia,South-eastern Asia,,Economy,,0,0,0,1,2.89,0.0,0.3416,0.6584,6.9,12,12,"Bali, Indonesia"
DK3-2023-07-01,yun-dong-ju,1,0,0,city,2023-07-01,2023-07-08,2023,7,july,7,Rome|Italy,Rome,Italy,IT,,,Europe,Southern Europe,,Economy,,0,0,0,1,8.67,7.27,0.7587,0.2413,8.2,49,25,"Rome, Italy"
DK3-2023-08-01,yun-dong-ju,1,0,0,region,2023-08-01,2023-08-10,2023,8,august,9,Hawaii|United States,Hawaii,United States,US,,,Americas,Northern America,,Economy,,0,0,0,0,,,,,,1,1,Hawaii
ZEU-2016-04-07,zeus,1,0,1,city,2016-04-07,2016-04-14,2016,4,april,7,London|United Kingdom,London,United Kingdom,GB,LHR,JFK,Europe,Northern Europe,British Airways Plc,Economy,,0,0,0,1,6.71,9.54,0.8673,0.1327,8.03,135,33,"London, United Kingdom"
ZEU-2016-08-15,zeus,1,0,1,city,2016-08-15,2016-08-23,2016,8,august,8,Paris|France,Paris,France,FR,CDG,JFK,Europe,Western Europe,Compagnie Natl Air France,Economy,,0,0,0,1,6.71,9.93,0.8396,0.1604,7.93,72,28,"Paris, France"
ZEU-2016-11-22,zeus,1,0,1,city,2016-11-22,2016-11-28,2016,11,november,6,Orlando|United States,Orlando,United States,US,MCO,JFK,Americas,Northern America,Delta Air Lines Inc.,Economy,beach_vacation|holiday_trip,1,0,1,1,0.0,6.53,0.8513,0.1487,7.96,158,26,"Orlando, United States"
ZEU-2017-04-11,zeus,1,0,1,city,2017-04-11,2017-04-17,2017,4,april,6,Los Angeles|United States,Los Angeles,United States,US,LAX,JFK,Americas,Northern America,Delta Air Lines Inc.,Economy,,0,0,0,1,2.89,8.2,0.9115,0.0885,8.12,44,11,"Los Angeles, United States"
ZEU-2017-08-18,zeus,1,0,1,city,2017-08-18,2017-08-25,2017,8,august,7,Cancun|Mexico,Cancun,Mexico,MX,CUN,JFK,Americas,Central America,JetBlue Airways,Economy,beach_vacation,1,0,0,1,0.0,2.83,0.6899,0.3101,6.97,173,36,"Cancun, Mexico"
ZEU-2017-11-04,zeus,1,0,1,city,2017-11-04,2017-11-09,2017,11,november,5,San Francisco|United States,San Francisco,United States,US,SFO,JFK,Americas,Northern America,Delta Air Lines Inc.,Economy,,0,0,0,1,0.0,8.13,0.8552,0.1448,7.3,40,9,"San Francisco, United States"
ZEU-2018-04-07,zeus,1,0,1,city,2018-04-07,2018-04-14,2018,4,april,7,London|United Kingdom,London,United Kingdom,GB,LHR,JFK,Europe,Northern Europe,Virgin Atlantic Airways,Economy,,0,0,0,1,6.71,9.54,0.8673,0.1327,8.03,135,33,"London, United Kingdom"
ZEU-2018-08-15,zeus,1,0,1,city,2018-08-15,2018-08-23,2018,8,august,8,Paris|France,Paris,France,FR,CDG,JFK,Europe,Western Europe,Delta Air Lines Inc.,Economy,,0,0,0,1,6.71,9.93,0.8396,0.1604,7.93,72,28,"Paris, France"
ZEU-2018-11-22,zeus,1,0,1,city,2018-11-22,2018-11-28,2018,11,november,6,Orlando|United States,Orlando,United States,US,MCO,JFK,Americas,Northern America,JetBlue Airways,Economy,beach_vacation|holiday_trip,1,0,1,1,0.0,6.53,0.8513,0.1487,7.96,158,26,"Orlando, United States"
ZEU-2019-04-11,zeus,1,0,1,city,2019-04-11,2019-04-17,2019,4,april,6,Los Angeles|United States,Los Angeles,United States,US,LAX,JFK,Americas,Northern America,American Airlines Inc.,Economy,,0,0,0,1,2.89,8.2,0.9115,0.0885,8.12,44,11,"Los Angeles, United States"
ZEU-2019-08-18,zeus,1,0,1,city,2019-08-18,2019-08-25,2019,8,august,7,Cancun|Mexico,Cancun,Mexico,MX,CUN,JFK,Americas,Central America,Delta Air Lines Inc.,Economy,beach_vacation,1,0,0,1,0.0,2.83,0.6899,0.3101,6.97,173,36,"Cancun, Mexico"
ZEU-2019-11-04,zeus,1,0,1,city,2019-11-04,2019-11-09,2019,11,november,5,San Francisco|United States,San Francisco,United States,US,SFO,JFK,Americas,Northern America,Alaska Airlines Inc.,Economy,,0,0,0,1,0.0,8.13,0.8552,0.1448,7.3,40,9,"San Francisco, United States"
ZEU-2020-04-07,zeus,1,0,1,city,2020-04-07,2020-04-14,2020,4,april,7,London|United Kingdom,London,United Kingdom,GB,LHR,JFK,Europe,Northern Europe,American Airlines Inc.,Economy,,0,0,0,1,6.71,9.54,0.8673,0.1327,8.03,135,33,"London, United Kingdom"
ZEU-2020-08-15,zeus,1,0,1,city,2020-08-15,2020-08-23,2020,8,august,8,Paris|France,Paris,France,FR,CDG,JFK,Europe,Western Europe,American Airlines Inc.,Economy,,0,0,0,1,6.71,9.93,0.8396,0.1604,7.93,72,28,"Paris, France"
ZEU-2020-11-22,zeus,1,0,1,city,2020-11-22,2020-11-28,2020,11,november,6,Orlando|United States,Orlando,United States,US,MCO,JFK,Americas,Northern America,Frontier Airlines Inc.,Economy,beach_vacation|holiday_trip,1,0,1,1,0.0,6.53,0.8513,0.1487,7.96,158,26,"Orlando, United States"
ZEU-2021-04-11,zeus,1,0,1,city,2021-04-11,2021-04-17,2021,4,april,6,Los Angeles|United States,Los Angeles,United States,US,LAX,JFK,Americas,Northern America,JetBlue Airways,Economy,,0,0,0,1,2.89,8.2,0.9115,0.0885,8.12,44,11,"Los Angeles, United States"
ZEU-2021-08-18,zeus,1,0,1,city,2021-08-18,2021-08-25,2021,8,august,7,Cancun|Mexico,Cancun,Mexico,MX,CUN,JFK,Americas,Central America,American Airlines Inc.,Economy,beach_vacation,1,0,0,1,0.0,2.83,0.6899,0.3101,6.97,173,36,"Cancun, Mexico"
ZEU-2021-11-04,zeus,1,0,1,city,2021-11-04,2021-11-09,2021,11,november,5,San Francisco|United States,San Francisco,United States,US,SFO,JFK,Americas,Northern America,JetBlue Airways,Economy,,0,0,0,1,0.0,8.13,0.8552,0.1448,7.3,40,9,"San Francisco, United States"
ZEU-2022-04-07,zeus,1,0,1,city,2022-04-07,2022-04-14,2022,4,april,7,London|United Kingdom,London,United Kingdom,GB,LHR,JFK,Europe,Northern Europe,Delta Air Lines Inc.,Economy,,0,0,0,1,6.71,9.54,0.8673,0.1327,8.03,135,33,"London, United Kingdom"
ZEU-2022-08-15,zeus,1,0,1,city,2022-08-15,2022-08-23,2022,8,august,8,Paris|France,Paris,France,FR,CDG,JFK,Europe,Western Europe,JetBlue Airways,Economy,,0,0,0,1,6.71,9.93,0.8396,0.1604,7.93,72,28,"Paris, France"
ZEU-2022-11-22,zeus,1,0,1,city,2022-11-22,2022-11-28,2022,11,november,6,Orlando|United States,Orlando,United States,US,MCO,JFK,Americas,Northern America,Delta Air Lines Inc.,Economy,beach_vacation|holiday_trip,1,0,1,1,0.0,6.53,0.8513,0.1487,7.96,158,26,"Orlando, United States"
ZEU-2023-04-11,zeus,1,0,1,city,2023-04-11,2023-04-17,2023,4,april,6,Los Angeles|United States,Los Angeles,United States,US,LAX,JFK,Americas,Northern America,Delta Air Lines Inc.,Economy,,0,0,0,1,2.89,8.2,0.9115,0.0885,8.12,44,11,"Los Angeles, United States"
ZEU-2023-08-18,zeus,1,0,1,city,2023-08-18,2023-08-25,2023,8,august,7,Cancun|Mexico,Cancun,Mexico,MX,CUN,JFK,Americas,Central America,JetBlue Airways,Economy,beach_vacation,1,0,0,1,0.0,2.83,0.6899,0.3101,6.97,173,36,"Cancun, Mexico"
ZEU-2023-11-04,zeus,1,0,1,city,2023-11-04,2023-11-09,2023,11,november,5,San Francisco|United States,San Francisco,United States,US,SFO,JFK,Americas,Northern America,American Airlines Inc.,Economy,,0,0,0,1,0.0,8.13,0.8552,0.1448,7.3,40,9,"San Francisco, United States"
ZEU-2024-04-07,zeus,1,0,1,city,2024-04-07,2024-04-14,2024,4,april,7,London|United Kingdom,London,United Kingdom,GB,LHR,JFK,Europe,Northern Europe,JetBlue Airways,Economy,,0,0,0,1,6.71,9.54,0.8673,0.1327,8.03,135,33,"London, United Kingdom"
ZEU-2024-08-15,zeus,1,0,1,city,2024-08-15,2024-08-23,2024,8,august,8,Paris|France,Paris,France,FR,CDG,JFK,Europe,Western Europe,Compagnie Natl Air France,Economy,,0,0,0,1,6.71,9.93,0.8396,0.1604,7.93,72,28,"Paris, France"
ZEU-2024-11-22,zeus,1,0,1,city,2024-11-22,2024-11-28,2024,11,november,6,Orlando|United States,Orlando,United States,US,MCO,JFK,Americas,Northern America,JetBlue Airways,Economy,beach_vacation|holiday_trip,1,0,1,1,0.0,6.53,0.8513,0.1487,7.96,158,26,"Orlando, United States"
ZEU-2025-04-11,zeus,1,0,1,city,2025-04-11,2025-04-17,2025,4,april,6,Los Angeles|United States,Los Angeles,United States,US,LAX,JFK,Americas,Northern America,American Airlines Inc.,Economy,,0,0,0,1,2.89,8.2,0.9115,0.0885,8.12,44,11,"Los Angeles, United States"
ZEU-2025-08-18,zeus,1,0,1,city,2025-08-18,2025-08-25,2025,8,august,7,Cancun|Mexico,Cancun,Mexico,MX,CUN,JFK,Americas,Central America,Delta Air Lines Inc.,Economy,beach_vacation,1,0,0,1,0.0,2.83,0.6899,0.3101,6.97,173,36,"Cancun, Mexico"
ZEU-2025-11-04,zeus,1,0,1,city,2025-11-04,2025-11-09,2025,11,november,5,San Francisco|United States,San Francisco,United States,US,SFO,JFK,Americas,Northern America,Delta Air Lines Inc.,Economy,,0,0,0,1,0.0,8.13,0.8552,0.1448,7.3,40,9,"San Francisco, United States"
CFR-2023-03-13,zilla-riesling,1,0,1,city,2023-03-13,2023-03-16,2023,3,march,3,Chicago|United States,Chicago,United States,US,ORD,MCI,Americas,Northern America,American Airlines Inc.,Economy,,0,0,0,1,2.89,7.33,0.9501,0.0499,7.08,57,21,"Chicago, United States"
CFR-2023-04-10,zilla-riesling,1,0,1,city,2023-04-10,2023-04-13,2023,4,april,3,Atlanta|United States,Atlanta,United States,US,ATL,MCI,Americas,Northern America,Southwest Airlines Co.,Economy,,0,0,0,1,0.0,6.55,0.9297,0.0703,7.48,42,15,"Atlanta, United States"
CFR-2023-07-10,zilla-riesling,1,0,1,city,2023-07-10,2023-07-14,2023,7,july,4,Las Vegas|United States,Las Vegas,United States,US,LAS,MCI,Americas,Northern America,Southwest Airlines Co.,Economy,,0,0,0,1,0.0,0.0,0.8469,0.1531,7.09,39,15,"Las Vegas, United States"
