Rank,City,Country (ISO3),Restaurant Count
1,Makati - Metro Manila,PHL,47
2,Brugge,BEL,17
3,Zermatt,CHE,15
4,Saint Moritz,CHE,14
5,Courchevel,FRA,14
6,Lech am Arlberg,AUT,14
7,Miguel Hildalgo,MEX,13
8,Nonthaburi,THA,11
9,Cardiff,GBR,11
10,Saint-Tropez,FRA,11
11,Megève,FRA,10
12,Nevşehir,TUR,9
13,Saint-Jean-de-Luz,FRA,9
14,Hanover,DEU,9
15,Positano,ITA,9
16,Adeje,ESP,9
17,Uccle,BEL,9
18,York,GBR,9
19,Baiersbronn,DEU,9
20,Antibes,FRA,9
21,Lugano,CHE,9
22,Saragossa,ESP,8
23,Sankt Gallen,CHE,8
24,Pamplona,ESP,8
25,Tours,FRA,8
26,Cambridge,USA,8
27,Palm Springs,USA,8
28,Aix-en-Provence,FRA,8
29,Carmel-by-the-Sea,USA,8
30,Pau,FRA,8
31,Modena,ITA,8
32,Berkeley,USA,8
33,Arles,FRA,8
34,Perpignan,FRA,8
35,Ascona,CHE,8
36,Saint-Gilles,BEL,8
37,Newcastle Upon Tyne,GBR,8
38,Leuven,BEL,8
39,Leith,GBR,8
40,Honfleur,FRA,8
41,Hasselt,BEL,8
42,Taormina,ITA,7
43,Rimini,ITA,7
44,Jaén,ESP,7
45,Regensburg,DEU,7
46,Deidesheim,DEU,7
47,Quezon - Metro Manila,PHL,7
48,Cortina d'Ampezzo,ITA,7
49,Périgueux,FRA,7
50,Cheltenham,GBR,7
51,Heidelberg,DEU,7
52,Leiden,NLD,7
53,Rottach-Egern,DEU,7
54,Saumur,FRA,7
55,Eltville am Rhein,DEU,7
56,Santa Cruz de Tenerife,ESP,7
57,Wānaka,NZL,7
58,Logrono,ESP,7
59,Haarlem,NLD,7
60,Girona,ESP,7
61,Saint-Emilion,FRA,7
62,Linz,AUT,7
63,Chamonix Mont-Blanc,FRA,7
64,Versailles,FRA,7
65,Namur,BEL,7
66,Cascais,PRT,7
67,Zwolle,NLD,7
68,Metz,FRA,7
69,Treviso,ITA,7
70,Cabo San Lucas,MEX,7
71,Nakhon Pathom,THA,7
72,Viareggio,ITA,7
73,Valle de Guadalupe,MEX,7
74,Berne,CHE,7
75,Breda,NLD,7
76,Monforte d'Alba,ITA,7
77,Besançon,FRA,7
78,Arnhem,NLD,6
79,Trento,ITA,6
80,Valence,FRA,6
81,Xàbia,ESP,6
82,Cambridge,GBR,6
83,Trani,ITA,6
84,Palo Alto,USA,6
85,Béziers,FRA,6
86,Sankt Anton am Arlberg,AUT,6
87,Ürgüp,TUR,6
88,Boulogne-Billancourt,FRA,6
89,Seberang Perai,MYS,6
90,Ambleside,GBR,6
91,Leon,ESP,6
92,Goes,NLD,6
93,Lucca,ITA,6
94,Crans-Montana,CHE,6
95,Palamós,ESP,6
96,Cesenatico,ITA,6
97,Castelló de la Plana,ESP,6
98,Kortrijk,BEL,6
99,Coral Gables,USA,6
100,Sorrento,ITA,6
101,Sopot,POL,6
102,Winter Park,USA,6
103,Corvara in Badia,ITA,6
104,Oostende,BEL,6
105,Toulon,FRA,6
106,Blois,FRA,6
107,Nijmegen,NLD,6
108,Cáceres,ESP,6
109,Padua,ITA,6
110,Beverly Hills,USA,6
111,Moena,ITA,6
112,Arrowtown,NZL,5
113,Braine-l'Alleud,BEL,5
114,Bray,GBR,5
115,Rovinj,HRV,5
116,Bourg-en-Bresse,FRA,5
117,Vico Equense,ITA,5
118,Healdsburg,USA,5
119,Bonnieux,FRA,5
120,Ischgl,AUT,5
121,Isle of Skye,GBR,5
122,Bonifacio,FRA,5
123,Bolzano,ITA,5
124,Quimper,FRA,5
125,Aosta,ITA,5
126,Kitzbühel,AUT,5
127,L'Isle-sur-la-Sorgue,FRA,5
128,La Baule,FRA,5
129,West Palm Beach,USA,5
130,Celle,DEU,5
131,Guimaraes,PRT,5
132,Brest,FRA,5
133,Bad Ragaz,CHE,5
134,Schwerin,DEU,5
135,Tournus,FRA,5
136,Decatur,USA,5
137,Cancale,FRA,5
138,Cuneo,ITA,5
139,La Jolla,USA,5
140,Carcassonne,FRA,5
141,Toledo,ESP,5
142,Bayeux,FRA,5
143,Constance,DEU,5
144,Coimbra,PRT,5
145,St. Julian's,MLT,5
146,Stresa,ITA,5
147,Castelnuovo Berardenga,ITA,5
148,Cambrils,ESP,5
149,Ferrara,ITA,5
150,San Mateo,USA,5
151,Turnhout,BEL,5
152,Saint Helier,GBR,5
153,Grindelwald,CHE,5
154,Ulm,DEU,5
155,Saint-Brieuc,FRA,5
156,Saint-Gervais-les-Bains,FRA,5
157,Brixen,ITA,5
158,Burgos,ESP,5
159,Fort Lauderdale,USA,5
160,Trondheim,NOR,5
161,Genk,BEL,5
162,Trier,DEU,5
163,Saintes,FRA,5
164,Salerno,ITA,5
165,Forte dei Marmi,ITA,5
166,Sint-Martens-Latem,BEL,5
167,'s-Hertogenbosch,NLD,5
168,Livigno,ITA,5
169,Padstow,GBR,5
170,Alhambra,USA,5
171,Almancil,PRT,5
172,AlUla,SAU,5
173,Amstelveen,NLD,5
174,Lorient,FRA,5
175,Oberstdorf,DEU,5
176,Monterey,USA,5
177,Almería,ESP,5
178,Amalfi,ITA,5
179,Porches,PRT,5
180,Lleida,ESP,5
181,Leogang,AUT,5
182,Pasay - Metro Manila,PHL,5
183,Ostuni,ITA,5
184,Amersfoort,NLD,5
185,Yountville,USA,5
186,Mandaluyong - Metro Manila,PHL,5
187,O Grove,ESP,5
188,Mechelen,BEL,5
189,Pescara,ITA,5
190,Fribourg,CHE,4
191,Ferrol,ESP,4
192,Frasdorf,DEU,4
193,Tivoli,ITA,4
194,Fiumicino,ITA,4
195,Oceanside,USA,4
196,San Pedro Garza García,MEX,4
197,Marlow,GBR,4
198,Matera,ITA,4
199,Fethiye,TUR,4
200,Gamlitz,AUT,4
201,Weissensee,AUT,4
202,Capri,ITA,4
203,Menlo Park,USA,4
204,Mdina,MLT,4
205,Perros-Guirec,FRA,4
206,Grenoble,FRA,4
207,Aspen,USA,4
208,Limoges,FRA,4
209,Glottertal,DEU,4
210,Fuengirola,ESP,4
211,Carnac,FRA,4
212,Fano,ITA,4
213,Aubenas,FRA,4
214,Galway,IRL,4
215,Ajaccio,FRA,4
216,Todos Santos,MEX,4
217,Cefalu,ITA,4
218,Etterbeek,BEL,4
219,Paradou,FRA,4
220,Tarbes,FRA,4
221,Châteauroux,FRA,4
222,Bandol,FRA,4
223,Selva di Val Gardena,ITA,4
224,Delft,NLD,4
225,St. Augustine,USA,4
226,Sestri Levante,ITA,4
227,St Peter Port,GBR,4
228,Culver City,USA,4
229,Cuenca,ESP,4
230,Cogne,ITA,4
231,Sint-Idesbald,BEL,4
232,Colle di Val d'Elsa,ITA,4
233,Sint-Truiden,BEL,4
234,Ourense,ESP,4
235,Mainz,DEU,4
236,Madonna di Campiglio,ITA,4
237,Cortona,ITA,4
238,Dinard,FRA,4
239,Doetinchem,NLD,4
240,Dole,FRA,4
241,Sartène,FRA,4
242,Cernobbio,ITA,4
243,Ettlingen,DEU,4
244,Gstaad,CHE,4
245,Talloires-Montmin,FRA,4
246,Margate,GBR,4
247,Erfurt,DEU,4
248,Sölden,AUT,4
249,Sète,FRA,4
250,Cholet,FRA,4
251,Sarzeau,FRA,4
252,Syracuse,ITA,4
253,Chartres,FRA,4
254,Durbuy,BEL,4
255,Bad Neuenahr-Ahrweiler,DEU,4
256,Alghero,ITA,4
257,Anderlecht,BEL,4
258,Merano,ITA,4
259,Porto Cervo,ITA,4
260,Pesaro,ITA,4
261,Bruton,GBR,4
262,Brunswick,DEU,4
263,Hondarribia,ESP,4
264,Huesca,ESP,4
265,Modica,ITA,4
266,Brive-la-Gaillarde,FRA,4
267,Le Puy-Sainte-Réparade,FRA,4
268,Adelboden,CHE,4
269,Ieper,BEL,4
270,Arcachon,FRA,4
271,Innsbruck,AUT,4
272,Interlaken,CHE,4
273,Nieuwpoort,BEL,4
274,Le Mans,FRA,4
275,Newport Beach,USA,4
276,Mons,BEL,4
277,Berchtesgaden,DEU,4
278,Braga,PRT,4
279,Kaysersberg,FRA,4
280,Ramatuelle,FRA,4
281,Montalcino,ITA,4
282,Polignano a Mare,ITA,4
283,Pompei,ITA,4
284,Narbonne,FRA,4
285,Montreuil,FRA,4
286,Vichy,FRA,4
287,Mulhouse,FRA,4
288,Woluwe-Saint-Pierre,BEL,4
289,Porto-Vecchio,FRA,4
290,Andermatt,CHE,4
291,Roeselare,BEL,4
292,Mahon,ESP,4
293,Noordwijk aan Zee,NLD,4
294,Troyes,FRA,4
295,Bury St Edmunds,GBR,4
296,Calp,ESP,4
297,Cadiz,ESP,4
298,Ávila,ESP,4
299,Norwich,GBR,4
300,Norderney,DEU,4
301,Heverlee,BEL,4
302,Cahors,FRA,4
303,Trogir,HRV,4
304,Nola,ITA,3
305,Monza,ITA,3
306,Manosque,FRA,3
307,Staufen im Breisgau,DEU,3
308,Montepulciano,ITA,3
309,Châteauneuf-du-Pape,FRA,3
310,Valkenburg,NLD,3
311,Montecito,USA,3
312,Méribel,FRA,3
313,Neuchâtel,CHE,3
314,Cagnes-sur-Mer,FRA,3
315,Boulogne-sur-Mer,FRA,3
316,Canyamel,ESP,3
317,Chinon,FRA,3
318,Mantua,ITA,3
319,Bowness-on-Windermere,GBR,3
320,Chiavari,ITA,3
321,Calais,FRA,3
322,Bled,SVN,3
323,Cognac,FRA,3
324,Morella,ESP,3
325,Noto,ITA,3
326,Bidart,FRA,3
327,Cork,IRL,3
328,Cambo-les-Bains,FRA,3
329,Meursault,FRA,3
330,Osnabrück,DEU,3
331,Orvieto,ITA,3
332,Como,ITA,3
333,Spring,USA,3
334,St Andrews,GBR,3
335,Biel,CHE,3
336,Ventimiglia,ITA,3
337,Collioure,FRA,3
338,St Ives,GBR,3
339,Mošćenička Draga,HRV,3
340,Vejer de la Frontera,ESP,3
341,Blaricum,NLD,3
342,Chester,GBR,3
343,Munster,FRA,3
344,Studio City,USA,3
345,Capbreton,FRA,3
346,Marche-en-Famenne,BEL,3
347,Tongeren,BEL,3
348,Tarrytown,USA,3
349,Ulldecona,ESP,3
350,Tartu,EST,3
351,Uchaux,FRA,3
352,Olbia,ITA,3
353,Tavira,PRT,3
354,Castres,FRA,3
355,Buttrio,ITA,3
356,Carovigno,ITA,3
357,Tórshavn,DNK,3
358,Terrassa,ESP,3
359,Théoule-sur-Mer,FRA,3
360,Broadway,GBR,3
361,Tignes,FRA,3
362,Cassis,FRA,3
363,Caserta,ITA,3
364,Miranda de Ebro,ESP,3
365,Casale Monferrato,ITA,3
366,Brunnen,CHE,3
367,Tarragona,ESP,3
368,Trieste,ITA,3
369,Sulzburg,DEU,3
370,Carlsbad,USA,3
371,Bra,ITA,3
372,Noirmoutier-en-l'Île,FRA,3
373,North Salem,USA,3
374,Torre del Greco,ITA,3
375,Bragança,PRT,3
376,Obergurgl,AUT,3
377,Mont-de-Marsan,FRA,3
378,Opatija,HRV,3
379,Chambéry,FRA,3
380,Newbury,GBR,3
381,Chalon-sur-Saône,FRA,3
382,Obernai,FRA,3
383,Chablis,FRA,3
384,Tain-l'Hermitage,FRA,3
385,Talavera de la Reina,ESP,3
386,Urrugne,FRA,3
387,Milano Marittima,ITA,3
388,Menton,FRA,3
389,Sonoma,USA,3
390,Olomouc,CZE,3
391,Palm Beach Gardens,USA,3
392,Ottrott,FRA,3
393,Riezlern,AUT,3
394,Lecci,FRA,3
395,Heist,BEL,3
396,Heringsdorf,DEU,3
397,Rosemead,USA,3
398,Lecce,ITA,3
399,Hilversum,NLD,3
400,Hirschegg,AUT,3
401,Hittisau,AUT,3
402,Roermond,NLD,3
403,Rodez,FRA,3
404,Holten,NLD,3
405,Le Touquet-Paris-Plage,FRA,3
406,Hoorn,NLD,3
407,Riquewihr,FRA,3
408,Ripon,GBR,3
409,Leeuwarden,NLD,3
410,Leibnitz,AUT,3
411,Pietrasanta,ITA,3
412,Guéthary,FRA,3
413,Saint Vith,BEL,3
414,Perugia,ITA,3
415,Lichfield,GBR,3
416,Saint Helena,USA,3
417,Leça da Palmeira,PRT,3
418,Guérande,FRA,3
419,Gémenos,FRA,3
420,Harderwijk,NLD,3
421,Rzeszów,POL,3
422,Pfronten,DEU,3
423,Les Eyzies-de-Tayac-Sireuil,FRA,3
424,Half Moon Bay,USA,3
425,Rueil-Malmaison,FRA,3
426,Les Baux-de-Provence,FRA,3
427,Rimouski,CAN,3
428,Ribeauvillé,FRA,3
429,Lier,BEL,3
430,Illschwang,DEU,3
431,Koksijde,BEL,3
432,Korcula,HRV,3
433,Propriano,FRA,3
434,Prato,ITA,3
435,L'Escala,ESP,3
436,Pozuelo de Alarcón,ESP,3
437,Porec,HRV,3
438,La Wantzenau,FRA,3
439,La Teste-de-Buch,FRA,3
440,La Ciotat,FRA,3
441,La Croix-Valmer,FRA,3
442,La Garenne-Colombes,FRA,3
443,Portorož,SVN,3
444,Portimao,PRT,3
445,La Morra,ITA,3
446,Koblenz,DEU,3
447,Klagenfurt am Wörthersee,AUT,3
448,Laguna Beach,USA,3
449,Ravenna,ITA,3
450,Reus,ESP,3
451,Issy-les-Moulineaux,FRA,3
452,Reggio Emilia,ITA,3
453,Le Lavandou,FRA,3
454,Le Croisic,FRA,3
455,Ravensburg,DEU,3
456,Karlovy Vary,CZE,3
457,Lahr,DEU,3
458,Kasterlee,BEL,3
459,Ragusa,ITA,3
460,Rabat,MLT,3
461,Laval,FRA,3
462,Kinsale,IRL,3
463,Ponte Brolla,CHE,3
464,Saint-Bonnet-le-Froid,FRA,3
465,Saint-Florent,FRA,3
466,Costa Mesa,USA,3
467,Lorgues,FRA,3
468,Seaside,USA,3
469,Schwäbisch Hall,DEU,3
470,Donaueschingen,DEU,3
471,Doraville,USA,3
472,Schluchsee,DEU,3
473,Schirgiswalde-Kirschau,DEU,3
474,Schaffhausen,CHE,3
475,Duluth,USA,3
476,Savona,ITA,3
477,Durham,GBR,3
478,Dénia,ESP,3
479,Eijsden,NLD,3
480,Eivissa,ESP,3
481,Sare,FRA,3
482,El Porvenir,MEX,3
483,Palencia,ESP,3
484,Segovia,ESP,3
485,Paestum,ITA,3
486,Sint-Oedenrode,NLD,3
487,Solothurn,CHE,3
488,Soldeu,AND,3
489,Lübeck,DEU,3
490,Courmayeur,ITA,3
491,Sliema,MLT,3
492,Sirmione,ITA,3
493,Sint-Niklaas,BEL,3
494,Lucinges,FRA,3
495,Oxford,USA,3
496,Sint-Kruis,BEL,3
497,Csopak,HUN,3
498,Sienna,ITA,3
499,Lugo,ESP,3
500,De Panne,BEL,3
501,Sarasota,USA,3
502,Longiano,ITA,3
503,Gordes,FRA,3
504,Endingen am Kaiserstuhl,DEU,3
505,Forio,ITA,3
506,Forlì,ITA,3
507,Llanes,ESP,3
508,Frascati,ITA,3
509,Pasadena,USA,3
510,Fulda,DEU,3
511,Fürstenau,CHE,3
512,Paso Robles,USA,3
513,Gassin,FRA,3
514,Saint-Omer,FRA,3
515,Saint-Méloir-des-Ondes,FRA,3
516,Passau,DEU,3
517,Pathum Thani,THA,3
518,Linguaglossa,ITA,3
519,Lindau,DEU,3
520,San Gimignano,ITA,3
521,Fontainebleau,FRA,3
522,Flensburg,DEU,3
523,Sankt Gilgen,AUT,3
524,Sant Josep de sa Talaia,ESP,3
525,Sankt Pölten,AUT,3
526,Estremoz,PRT,3
527,Eugénie-les-Bains,FRA,3
528,Eupen,BEL,3
529,Sankt Ingbert,DEU,3
530,Locarno,CHE,3
531,Flayosc,FRA,3
532,Sancerre,FRA,3
533,Fehring,AUT,3
534,San Vicente de la Barquera,ESP,3
535,Parañaque - Metro Manila,PHL,3
536,Fisterra,ESP,3
537,San Michele,ITA,3
538,Saint-Céré,FRA,3
539,Faro,PRT,3
540,Yerseke,NLD,3
541,Weißenkirchen in der Wachau,AUT,3
542,Évora,PRT,3
543,Évian-les-Bains,FRA,3
544,Auxerre,FRA,3
545,Badajoz,ESP,3
546,Waiblingen,DEU,3
547,Aveiro,PRT,3
548,Alcobendas,ESP,3
549,Èze,FRA,3
550,Vienne,FRA,3
551,Vogtsburg im Kaiserstuhl,DEU,3
552,Waiheke Island,NZL,3
553,Axpe,ESP,3
554,Albi,FRA,3
555,Ainhoa,FRA,3
556,Aix-les-Bains,FRA,3
557,Azay-le-Rideau,FRA,3
558,Amorebieta,ESP,3
559,Albenga,ITA,3
560,Bergisch Gladbach,DEU,3
561,Woluwe-Saint-Lambert,BEL,3
562,Andernach,DEU,3
563,Beetsterzwaag,NLD,3
564,Villach,AUT,3
565,West Hollywood,USA,3
566,Anacapri,ITA,3
567,Algund,ITA,3
568,Asiago,ITA,3
569,Zadar,HRV,3
570,Balatonfüred,HUN,3
571,Aberdeen City,GBR,3
572,Beaulieu-sur-Mer,FRA,3
573,Vevey,CHE,3
574,Bagheria,ITA,3
575,Baeza,ESP,3
576,Weinheim,DEU,3
577,Arbois,FRA,3
578,Vught,NLD,3
579,Veuzain-sur-Loire,FRA,3
580,Zakopane,POL,3
581,Aughton,GBR,3
582,Würzburg,DEU,3
583,Arcadia,USA,3
584,Grosseto,ITA,2
585,Saint-Jean-Cap-Ferrat,FRA,2
586,Golling an der Salzach,AUT,2
587,Gorey,GBR,2
588,Gorey,IRL,2
589,Saint-Germain-en-Laye,FRA,2
590,Gouda,NLD,2
591,Goult,FRA,2
592,Salon-de-Provence,FRA,2
593,Salou,ESP,2
594,Asti,ITA,2
595,Grottaferrata,ITA,2
596,Greystones,IRL,2
597,Grenzach-Wyhlen,DEU,2
598,Grimaud,FRA,2
599,Salò,ITA,2
600,Granby,CAN,2
601,Saint-Etienne,FRA,2
602,Assisi,ITA,2
603,Gmund am Tegernsee,DEU,2
604,Grane,FRA,2
605,Wernigerode,DEU,2
606,Freinsheim,DEU,2
607,Grignan,FRA,2
608,Granville,FRA,2
609,Asolo,ITA,2
610,Salsomaggiore Terme,ITA,2
611,Furore,ITA,2
612,Glücksburg,DEU,2
613,Saint-Julien-Chapteuil,FRA,2
614,Gavi,ITA,2
615,Auderghem,BEL,2
616,Auch,FRA,2
617,Saint-Paul-de-Vence,FRA,2
618,Garmisch-Partenkirchen,DEU,2
619,Gargnano,ITA,2
620,Gardone Riviera,ITA,2
621,Fullerton,USA,2
622,Gardena,USA,2
623,Garden Grove,USA,2
624,Garda,ITA,2
625,Saint-Péray,FRA,2
626,Saint-Rémy-de-Provence,FRA,2
627,Saint-Savin,FRA,2
628,Aubonne,CHE,2
629,Geel,BEL,2
630,Geisenheim,DEU,2
631,Saint-Nazaire,FRA,2
632,Geyserville,USA,2
633,Giverny,FRA,2
634,Gabicce Monte,ITA,2
635,Freshwater,GBR,2
636,Sallent de Gállego,ESP,2
637,Giulianova Lido,ITA,2
638,Gien,FRA,2
639,Gevrey-Chambertin,FRA,2
640,Gengenbach,DEU,2
641,Getaria,ESP,2
642,Saint-Martin-de-Belleville,FRA,2
643,Gesves,BEL,2
644,Friedland,DEU,2
645,Grou,NLD,2
646,Friedrichshafen,DEU,2
647,Saint-Martin-de-Ré,FRA,2
648,Veurne,BEL,2
649,Saint-Alban-de-Roche,FRA,2
650,Hoofdplaat,NLD,2
651,Rochefort-en-Terre,FRA,2
652,Rock,GBR,2
653,Argelès-Gazost,FRA,2
654,Argelès-sur-Mer,FRA,2
655,Romoos,CHE,2
656,Romorantin-Lanthenay,FRA,2
657,Ariano Irpino,ITA,2
658,Hinterzarten,DEU,2
659,Whitchurch,GBR,2
660,Ronda,ESP,2
661,Arlon,BEL,2
662,Herve,BEL,2
663,Roses,ESP,2
664,Hermosa Beach,USA,2
665,Herleshausen,DEU,2
666,Hergiswil,CHE,2
667,Herford,DEU,2
668,Arezzo,ITA,2
669,Horben,DEU,2
670,Hellerup,DNK,2
671,Horsforth,GBR,2
672,Ribadesella,ESP,2
673,Arcangues,FRA,2
674,Ilanz,CHE,2
675,Riedholz,CHE,2
676,Idstein,DEU,2
677,Hövelhof,DEU,2
678,Rigi Kaltbad,CHE,2
679,Höchst im Odenwald,DEU,2
680,Arco,ITA,2
681,Hyères,FRA,2
682,Riomaggiore,ITA,2
683,Riposto,ITA,2
684,Riva del Garda,ITA,2
685,Rivergaro,ITA,2
686,Rives-en-Seine,FRA,2
687,Houlgate,FRA,2
688,Hossegor,FRA,2
689,Henley-on-Thames,GBR,2
690,Rothenburg ob der Tauber,DEU,2
691,Saint Martin in Passeier,ITA,2
692,Hamont,BEL,2
693,Rust,DEU,2
694,Hall in Tirol,AUT,2
695,Arriondas,ESP,2
696,Haguenau,FRA,2
697,Għajnsielem,MLT,2
698,Gérardmer,FRA,2
699,Gzira,MLT,2
700,Rödental,DEU,2
701,Gundershoffen,FRA,2
702,Gummersbach,DEU,2
703,Aue - Bad Schlema,DEU,2
704,Saanen,CHE,2
705,Aschau im Chiemgau,DEU,2
706,Sabran,FRA,2
707,Guer,FRA,2
708,Grünwald,DEU,2
709,Ascot,GBR,2
710,Rust,AUT,2
711,Hampton in Arden,GBR,2
712,Heilbronn,DEU,2
713,Rubiera,ITA,2
714,Heerlen,NLD,2
715,Heemstede,NLD,2
716,Hayingen,DEU,2
717,Hauzenberg,DEU,2
718,Rougemont,CHE,2
719,Hauteluce,FRA,2
720,Haute-Nendaz,CHE,2
721,Roussillon,FRA,2
722,Hattingen,DEU,2
723,Arona,ITA,2
724,Hasparren,FRA,2
725,Royal Tunbridge Wells,GBR,2
726,Harrogate,GBR,2
727,Harome,GBR,2
728,Haro,ESP,2
729,Roye,FRA,2
730,Rubano,ITA,2
731,Gullane,GBR,2
732,Folgosa,PRT,2
733,Frankenberg,DEU,2
734,Bad Kreuznach,DEU,2
735,Dinkelsbühl,DEU,2
736,Dinant,BEL,2
737,Sebastopol,USA,2
738,Bad Säckingen,DEU,2
739,See,AUT,2
740,Dieppe,FRA,2
741,Dieblich,DEU,2
742,Deventer,NLD,2
743,Detmold,DEU,2
744,Den Hoorn,NLD,2
745,Senigallia,ITA,2
746,Bad Vigaun,AUT,2
747,Delbrück,DEU,2
748,Bad Waldsee,DEU,2
749,Seregno,ITA,2
750,Dedham,GBR,2
751,Deauville,FRA,2
752,Waldbronn,DEU,2
753,Scorzè,ITA,2
754,Schützen am Gebirge,AUT,2
755,Dornbirn,AUT,2
756,Schaerbeek,BEL,2
757,Dudelange,LUX,2
758,Schilde,BEL,2
759,Schiltigheim,FRA,2
760,Bad Malente-Gremsmühlen,DEU,2
761,Schmallenberg,DEU,2
762,Dorsten,DEU,2
763,Bad Peterstal,DEU,2
764,Schärding,AUT,2
765,Schwarzenberg,AUT,2
766,Doolin,IRL,2
767,Schweinfurt,DEU,2
768,Schwendi,DEU,2
769,Domodossola,ITA,2
770,Dolegna del Collio,ITA,2
771,Dolcedo,ITA,2
772,De Lutte,NLD,2
773,Serralunga d'Alba,ITA,2
774,Davos Platz,CHE,2
775,Sober,ESP,2
776,Waalre,NLD,2
777,Sint-Kwintens-Lennik,BEL,2
778,Sint-Martens-Bodegem,BEL,2
779,Bagno di Romagna,ITA,2
780,Bagnoles-de-l'Orne,FRA,2
781,Skórzewo,POL,2
782,Bagnères-de-Bigorre,FRA,2
783,Soignies,BEL,2
784,Crissier,CHE,2
785,Baia Sardinia,ITA,2
786,Vélez-Málaga,ESP,2
787,Bakio,ESP,2
788,Sonnenbühl,DEU,2
789,Cornaredo,ITA,2
790,Conques-en-Rouergue,FRA,2
791,Concesio,ITA,2
792,Waasmunster,BEL,2
793,Sint-Andries,BEL,2
794,Dartmouth,GBR,2
795,Cuxhaven,DEU,2
796,Darscheid,DEU,2
797,Damüls,AUT,2
798,Damme,BEL,2
799,Sewanee,USA,2
800,Cēsis,LVA,2
801,Sherman Oaks,USA,2
802,Shipston-on-Stour,GBR,2
803,Cusago,ITA,2
804,Sint-Amandsberg,BEL,2
805,Sierentz,FRA,2
806,Baden,FRA,2
807,Sigüenza,ESP,2
808,Cucuron,FRA,2
809,Cruseilles,FRA,2
810,Crozon,FRA,2
811,Simrishamn,SWE,2
812,Dundas,CAN,2
813,Dury,FRA,2
814,Fowey,GBR,2
815,Savièse,CHE,2
816,San Miniato,ITA,2
817,Fiorano Modenese,ITA,2
818,San Pantaleo,ITA,2
819,Finale Emilia,ITA,2
820,San Polo di Piave,ITA,2
821,San Quirico d'Orcia,ITA,2
822,Wavre,BEL,2
823,Fellbach,DEU,2
824,Avallon,FRA,2
825,Watermael-Boitsfort,BEL,2
826,Falmouth,GBR,2
827,Falaën,BEL,2
828,Fagnano Olona,ITA,2
829,Aversa,ITA,2
830,Waterloo,BEL,2
831,Avilés,ESP,2
832,Ezcaray,ESP,2
833,Fiss,AUT,2
834,Aurillac,FRA,2
835,Weert,NLD,2
836,Follonica,ITA,2
837,San Anselmo,USA,2
838,San Benedetto del Tronto,ITA,2
839,Weingarten,DEU,2
840,San Donato in Poggio,ITA,2
841,Fonyód,HUN,2
842,Fontvieille,FRA,2
843,Fondi,ITA,2
844,Follina,ITA,2
845,Weesen,CHE,2
846,Immenstaad am Bodensee,DEU,2
847,Fläsch,CHE,2
848,San Lorenzo de El Escorial,ESP,2
849,San Luis Obispo,USA,2
850,Aumont-Aubrac,FRA,2
851,Aups,FRA,2
852,Weggis,CHE,2
853,Waterford,IRL,2
854,Etretat,FRA,2
855,Sankt Veit am Vogau,AUT,2
856,Ehrenhausen,AUT,2
857,El Palmar,ESP,2
858,Saronno,ITA,2
859,El Ejido,ESP,2
860,El Campello,ESP,2
861,Bad Gleichenberg,AUT,2
862,Bad Hersfeld,DEU,2
863,Eibelstadt,DEU,2
864,Eguisheim,FRA,2
865,Wanze,BEL,2
866,Egham,GBR,2
867,Eggenstein-Leopoldshafen,DEU,2
868,Sassari,ITA,2
869,Sasso Marconi,ITA,2
870,Satigny,CHE,2
871,Saulieu,FRA,2
872,Sauternes,FRA,2
873,Sarentino,ITA,2
874,Bacoli,ITA,2
875,Sankt Veit im Pongau,AUT,2
876,Sant'Agata sui Due Golfi,ITA,2
877,Sankt Wolfgang im Salzkammergut,AUT,2
878,Espalion,FRA,2
879,Sanlúcar de Barrameda,ESP,2
880,Esch-sur-Alzette,LUX,2
881,Sant Julià de Ramis,ESP,2
882,Erpent,BEL,2
883,Erbusco,ITA,2
884,Santa Coloma de Gramenet,ESP,2
885,Waregem,BEL,2
886,Encino,USA,2
887,Embourg,BEL,2
888,Elzach,DEU,2
889,Santanyí,ESP,2
890,Santarcangelo di Romagna,ITA,2
891,Ellezelles,BEL,2
892,Sappada,ITA,2
893,Rho,ITA,2
894,Izola,SVN,2
895,Imperia,ITA,2
896,Marcq-en-Barœul,FRA,2
897,Opglabbeek,BEL,2
898,Maranello,ITA,2
899,Manila - Metro Manila,PHL,2
900,Orcines,FRA,2
901,Manhattan Beach,USA,2
902,Manfredonia,ITA,2
903,Manerba del Garda,ITA,2
904,Mane,FRA,2
905,Manduria,ITA,2
906,Mandello del Lario,ITA,2
907,Origgio,ITA,2
908,Oropesa del Mar,ESP,2
909,Orta San Giulio,ITA,2
910,Ortisei,ITA,2
911,Malnate,ITA,2
912,Malmesbury,GBR,2
913,Mali Lošinj,HRV,2
914,Marcolès,FRA,2
915,Albacete,ESP,2
916,Rheda-Wiedenbrück,DEU,2
917,Oosterhout,NLD,2
918,Ofterschwang,DEU,2
919,Ohain,BEL,2
920,Oisterwijk,NLD,2
921,Ojai,USA,2
922,Marostica,ITA,2
923,Marly-le-Roi,FRA,2
924,Alameda,USA,2
925,Marktbreit,DEU,2
926,Marke,BEL,2
927,Olgiate Olona,ITA,2
928,Oliena,ITA,2
929,Zug,CHE,2
930,Olot,ESP,2
931,Olsztyn,POL,2
932,Olten,CHE,2
933,Maribor,SVN,2
934,Maria Wörth,AUT,2
935,Osijek,HRV,2
936,Maldegem,BEL,2
937,Malataverne,FRA,2
938,Maillane,FRA,2
939,Losone,CHE,2
940,Palazzolo sull'Oglio,ITA,2
941,Los Olivos,USA,2
942,Los Gatos,USA,2
943,Looe,GBR,2
944,Alkmaar,NLD,2
945,Londonderry,GBR,2
946,Pals,ESP,2
947,Lommel,BEL,2
948,Loenen aan de Vecht,NLD,2
949,Pantelleria,ITA,2
950,Papendrecht,NLD,2
951,Lochristi,BEL,2
952,Lochau,AUT,2
953,Llançà,ESP,2
954,Almansa,ESP,2
955,Llagostera,ESP,2
956,Palau,ITA,2
957,Palanga,LTU,2
958,Lovendegem,BEL,2
959,Lyons-la-Forêt,FRA,2
960,Maidenhead,GBR,2
961,Madulain,CHE,2
962,Madonna di Senales,ITA,2
963,Albufeira,PRT,2
964,Ouches,FRA,2
965,Machynlleth,GBR,2
966,Lège-Cap-Ferret,FRA,2
967,Oxford,GBR,2
968,Lower Beeding,GBR,2
969,Alcanar,ESP,2
970,Padenghe sul Garda,ITA,2
971,Padrón,ESP,2
972,Ludwigsburg,DEU,2
973,Ludlow,GBR,2
974,Zeltweg,AUT,2
975,Lucera,ITA,2
976,Martillac,FRA,2
977,Martina Franca,ITA,2
978,Marzamemi,ITA,2
979,Monopoli,ITA,2
980,Naurath/Wald,DEU,2
981,Monterosso al Mare,ITA,2
982,Čeladná,CZE,2
983,Montemor-o-Novo,PRT,2
984,Neckargemünd,DEU,2
985,Negrar,ITA,2
986,Abrantes,PRT,2
987,Übersee,DEU,2
988,Neunburg vorm Wald,DEU,2
989,Neupotz,DEU,2
990,Neuss,DEU,2
991,Neustadt an der Weinstraße,DEU,2
992,Achenkirch,AUT,2
993,Montaigu,FRA,2
994,Mont-sur-Marchienne,BEL,2
995,Úbeda,ESP,2
996,New Rochelle,USA,2
997,Monthey,CHE,2
998,Narberth,GBR,2
999,Naples,USA,2
1000,Mâcon,FRA,2
1001,Aalborg,DNK,2
1002,Moulins,FRA,2
1003,Mules,ITA,2
1004,Mougins,FRA,2
1005,Morlaix,FRA,2
1006,Murska Sobota,SVN,2
1007,Špindlerův Mlýn,CZE,2
1008,Montrouge,FRA,2
1009,Montichiari,ITA,2
1010,Montrigiasco,ITA,2
1011,Müllheim,DEU,2
1012,Montreux,CHE,2
1013,Świnoujście,POL,2
1014,Montrabé,FRA,2
1015,Montluçon,FRA,2
1016,Napa,USA,2
1017,Newlyn,GBR,2
1018,Newquay,GBR,2
1019,Odenthal,DEU,2
1020,Neyrac-les-Bains,FRA,2
1021,Novara,ITA,2
1022,Mergozzo,ITA,2
1023,Merelbeke,BEL,2
1024,Novigrad,HRV,2
1025,Menthon-Saint-Bernard,FRA,2
1026,Mels,CHE,2
1027,Mellieħa,MLT,2
1028,Numana,ITA,2
1029,Nußdorf am Attersee,AUT,2
1030,Nyborg,DNK,2
1031,Meggen,CHE,2
1032,Meerbusch,DEU,2
1033,Oberried,DEU,2
1034,Matrei in Osttirol,AUT,2
1035,Mataró,ESP,2
1036,Massa Lubrense,ITA,2
1037,Odense,DNK,2
1038,Messen,CHE,2
1039,Nova Gorica,SVN,2
1040,Agua Amarga,ESP,2
1041,Nonza,FRA,2
1042,Nideggen,DEU,2
1043,Adare,IRL,2
1044,Nijkerk,NLD,2
1045,Moggiona,ITA,2
1046,Nivelles,BEL,2
1047,Niğde,TUR,2
1048,Aerzen,DEU,2
1049,Noordeloos,NLD,2
1050,Agrigento,ITA,2
1051,Norcia,ITA,2
1052,Agen,FRA,2
1053,Álvaro Obregón,MEX,2
1054,Nordhavn,DNK,2
1055,North Hatley,CAN,2
1056,North Miami,USA,2
1057,Middelburg,NLD,2
1058,Livorno,ITA,2
1059,Passignano sul Trasimeno,ITA,2
1060,Zafra,ESP,2
1061,Klaipeda,LTU,2
1062,Kreuzwertheim,DEU,2
1063,Pszczyna,POL,2
1064,Puente Genil,ESP,2
1065,Kraainem,BEL,2
1066,Puerto Escondido,MEX,2
1067,Koudekerke,NLD,2
1068,Wirsberg,DEU,2
1069,Puerto de la Cruz,ESP,2
1070,Koper,SVN,2
1071,Kontich,BEL,2
1072,Winterthur,CHE,2
1073,Anse,FRA,2
1074,Pulheim,DEU,2
1075,Kobarid,SVN,2
1076,Puligny-Montrachet,FRA,2
1077,Purbach am Neusiedler See,AUT,2
1078,Puteaux,FRA,2
1079,Krumbach,AUT,2
1080,Prien am Chiemsee,DEU,2
1081,Köngen,DEU,2
1082,Wolfsburg,DEU,2
1083,Ancona,ITA,2
1084,Porthleven,GBR,2
1085,Porticcio,FRA,2
1086,Wommelgem,BEL,2
1087,La Roque-Gageac,FRA,2
1088,La Roche-Bernard,FRA,2
1089,Portofino,ITA,2
1090,La Flotte,FRA,2
1091,Königsbronn,DEU,2
1092,La Ferté-Bernard,FRA,2
1093,La Colle-sur-Loup,FRA,2
1094,La Chapelle-d'Abondance,FRA,2
1095,Potsdam,DEU,2
1096,L'Herbaudière,FRA,2
1097,Praiano,ITA,2
1098,Premstätten,AUT,2
1099,Puy-en-Velay,FRA,2
1100,Páganos,ESP,2
1101,Port-Vendres,FRA,2
1102,Pézenas,FRA,2
1103,Real Sitio de San Ildefonso,ESP,2
1104,Jodoigne,BEL,2
1105,Recco,ITA,2
1106,Reggio Calabria,ITA,2
1107,Jarandilla de la Vera,ESP,2
1108,Rehetobel,CHE,2
1109,Spa,BEL,2
1110,Issoire,FRA,2
1111,Issigeac,FRA,2
1112,Reil an der Mosel,DEU,2
1113,Isola Vulcano,ITA,2
1114,Isera,ITA,2
1115,Irvington,USA,2
1116,Requena,ESP,2
1117,Iphofen,DEU,2
1118,Inzlingen,DEU,2
1119,Wilderswil,CHE,2
1120,Joigny,FRA,2
1121,Jongieux,FRA,2
1122,Joucas,FRA,2
1123,Kervignac,FRA,2
1124,Kirchzarten,DEU,2
1125,Póvoa de Varzim,PRT,2
1126,Kirchberg am Wechsel,AUT,2
1127,Apeldoorn,NLD,2
1128,Quedlinburg,DEU,2
1129,Key West,USA,2
1130,Radom,POL,2
1131,Radovljica,SVN,2
1132,Ravello,ITA,2
1133,Kernen im Remstal,DEU,2
1134,Kenmare,IRL,2
1135,Wingen-sur-Moder,FRA,2
1136,Ramskapelle,BEL,2
1137,Keitum,DEU,2
1138,Rantum,DEU,2
1139,Kassel,DEU,2
1140,Port-en-Bessin,FRA,2
1141,La Vall de Bianya,ESP,2
1142,Paço de Arcos,PRT,2
1143,Pisciotta,ITA,2
1144,Les Herbiers,FRA,2
1145,Piacenza,ITA,2
1146,Pietra Ligure,ITA,2
1147,Lenzerheide,CHE,2
1148,Alzano Lombardo,ITA,2
1149,Lekunberri,ESP,2
1150,Pilsach,DEU,2
1151,Leiria,PRT,2
1152,Pilsen,CZE,2
1153,Pinerolo,ITA,2
1154,Wépion,BEL,2
1155,Pineto,ITA,2
1156,Legnano,ITA,2
1157,Leersum,NLD,2
1158,Pinzolo,ITA,2
1159,Ledeberg,BEL,2
1160,Piran,SVN,2
1161,Xagħra,MLT,2
1162,Les Ponts-de-Cé,FRA,2
1163,Les Sorinières,FRA,2
1164,Pernes-les-Fontaines,FRA,2
1165,Lipari,ITA,2
1166,Linschoten,NLD,2
1167,Yvoire,FRA,2
1168,Penarth,GBR,2
1169,Penmarc'h,FRA,2
1170,Limburg an der Lahn,DEU,2
1171,Ligist,AUT,2
1172,Altaussee,AUT,2
1173,Pfaffnau,CHE,2
1174,Licata,ITA,2
1175,Yecla,ESP,2
1176,Petaluma,USA,2
1177,Levernois,FRA,2
1178,Pettenasco,ITA,2
1179,Leucate,FRA,2
1180,Peñafiel,ESP,2
1181,Amboise,FRA,2
1182,Le Rouret,FRA,2
1183,Lacave,FRA,2
1184,Playa Blanca,ESP,2
1185,Lannion,FRA,2
1186,Pont-de-l'Isère,FRA,2
1187,Langres,FRA,2
1188,Langon,FRA,2
1189,Langenwang,AUT,2
1190,Langenlebarn,AUT,2
1191,Langenau,DEU,2
1192,Ponte dell'Olio,ITA,2
1193,Lampedusa,ITA,2
1194,Pontevedra,ESP,2
1195,Lalín,ESP,2
1196,Pontresina,CHE,2
1197,Ponza,ITA,2
1198,Poole,GBR,2
1199,Laguiole,FRA,2
1200,Pordenone,ITA,2
1201,Pornic,FRA,2
1202,Larrabetzu,ESP,2
1203,Pollone,ITA,2
1204,Latina,ITA,2
1205,Woudrichem,NLD,2
1206,Playa de las Américas,ESP,2
1207,Pleiskirchen,DEU,2
1208,Le Monêtier-les-Bains,FRA,2
1209,Plochingen,DEU,2
1210,Amiens,FRA,2
1211,Le Havre,FRA,2
1212,Plouguerneau,FRA,2
1213,Plouider,FRA,2
1214,Polesine Parmense,ITA,2
1215,Le Castellet,FRA,2
1216,Le Cannet,FRA,2
1217,Le Bouscat,FRA,2
1218,Le Bourget-du-Lac,FRA,2
1219,Poggibonsi,ITA,2
1220,Ammerschwihr,FRA,2
1221,Lauwe,BEL,2
1222,Concarneau,FRA,2
1223,Mouscron,BEL,2
1224,Chieri,ITA,2
1225,Civitanova Marche,ITA,2
1226,Brail,CHE,2
1227,Cetara,ITA,2
1228,Clichy,FRA,2
1229,Castricum,NLD,2
1230,Stans,CHE,2
1231,Basse-Goulaine,FRA,2
1232,Charlbury,GBR,2
1233,Civitella Casanova,ITA,2
1234,Tulle,FRA,2
1235,Vielha,ESP,2
1236,Temse,BEL,2
1237,Barletta,ITA,2
1238,Bastia,FRA,2
1239,Swansea,GBR,2
1240,Ciutadella de Menorca,ESP,2
1241,Cashel,IRL,2
1242,Bourg-Charente,FRA,2
1243,Carouge,CHE,2
1244,Beaminster,GBR,2
1245,Vail,USA,2
1246,Brtonigla,HRV,2
1247,Bergerac,FRA,2
1248,Ciudad Real,ESP,2
1249,Vlissegem,BEL,2
1250,City of Industry,USA,2
1251,Terrasini,ITA,2
1252,Charleroi,BEL,2
1253,Tudela,ESP,2
1254,Vila do Conde,PRT,2
1255,Veldhoven,NLD,2
1256,Cogolin,FRA,2
1257,Bottmingen,CHE,2
1258,Telese,ITA,2
1259,Venaria Reale,ITA,2
1260,Carloforte,ITA,2
1261,Varese,ITA,2
1262,Codigoro,ITA,2
1263,Tübingen,DEU,2
1264,Villefranche-sur-Saône,FRA,2
1265,Bubikon,CHE,2
1266,Vilafranca del Penedès,ESP,2
1267,Belluno,ITA,2
1268,Cocentaina,ESP,2
1269,Castelló d'Empúries,ESP,2
1270,Charolles,FRA,2
1271,Topsham,GBR,2
1272,Velden am Wörthersee,AUT,2
1273,Brampton,GBR,2
1274,Baudour,BEL,2
1275,Barneville-Carteret,FRA,2
1276,Vaduz,LIE,2
1277,Baltimore,IRL,2
1278,Broc,CHE,2
1279,Vejle,DNK,2
1280,Cesson-Sévigné,FRA,2
1281,Bischofswiesen,DEU,2
1282,Carpi,ITA,2
1283,Castle Combe,GBR,2
1284,Castillon-du-Gard,FRA,2
1285,Termoli,ITA,2
1286,Bardolino,ITA,2
1287,Val-Thorens,FRA,2
1288,Blieskastel,DEU,2
1289,Vire Normandie,FRA,2
1290,Tres Cantos,ESP,2
1291,Bernried,DEU,2
1292,Bolgheri,ITA,2
1293,Stoke Holy Cross,GBR,2
1294,Châlons-en-Champagne,FRA,2
1295,Vaison-la-Romaine,FRA,2
1296,Treviglio,ITA,2
1297,Bobbio,ITA,2
1298,Champcevinel,FRA,2
1299,Carrara,ITA,2
1300,Sélestat,FRA,2
1301,Chiusi,ITA,2
1302,Cartmel,GBR,2
1303,Bergen op Zoom,NLD,2
1304,Cadenet,FRA,2
1305,Varenna,ITA,2
1306,Teramo,ITA,2
1307,Chonas-l'Amballan,FRA,2
1308,Turnau,AUT,2
1309,Casalarreina,ESP,2
1310,Turku,FIN,2
1311,Bovec,SVN,2
1312,Chamblee,USA,2
1313,Vodo di Cadore,ITA,2
1314,Chamalières,FRA,2
1315,Viana do Castelo,PRT,2
1316,Castiglione delle Stiviere,ITA,2
1317,Castiglione della Pescaia,ITA,2
1318,Tux,AUT,2
1319,Casas-Ibáñez,ESP,2
1320,Steffisburg,CHE,2
1321,Castelnau-Magnoac,FRA,2
1322,Ciboure,FRA,2
1323,Blackrock,IRL,2
1324,Tulln an der Donau,AUT,2
1325,Villeneuve-d'Ascq,FRA,2
1326,Vic,ESP,2
1327,Carril,ESP,2
1328,Brummen,NLD,2
1329,Treiso,ITA,2
1330,Brunico,ITA,2
1331,Blainville-sur-Mer,FRA,2
1332,Bozouls,FRA,2
1333,Châtelaillon-Plage,FRA,2
1334,Bazel,BEL,2
1335,Straden,AUT,2
1336,Südharz,DEU,2
1337,Blankenhain,DEU,2
1338,Châtel,FRA,2
1339,Stradella,ITA,2
1340,Blaregnies,BEL,2
1341,Cervera,ESP,2
1342,Volkach,DEU,2
1343,Brantôme,FRA,2
1344,Benito Juárez,MEX,2
1345,Borgerhout,BEL,2
1346,Urdaitz,ESP,2
1347,Trébeurden,FRA,2
1348,Tournemire,FRA,2
1349,Castel di Sangro,ITA,2
1350,Bordighera,ITA,2
1351,Campobasso,ITA,2
1352,Spilimbergo,ITA,2
1353,Buje,HRV,2
1354,Bormes-les-Mimosas,FRA,2
1355,Villa d'Almè,ITA,2
1356,Ville-d'Avray,FRA,2
1357,Chaudes-Aigues,FRA,2
1358,Spinetta Marengo,ITA,2
1359,Tourrettes-sur-Loup,FRA,2
1360,Cavalese,ITA,2
1361,Biella,ITA,2
1362,Torrecaballeros,ESP,2
1363,Brasschaat,BEL,2
1364,Chassy,FRA,2
1365,Uriage-les-Bains,FRA,2
1366,Bornem,BEL,2
1367,Supetar,HRV,2
1368,Stühlingen,DEU,2
1369,Vercelli,ITA,2
1370,Vallromanes,ESP,2
1371,Briançon,FRA,2
1372,Castelbuono,ITA,2
1373,Beauvais,FRA,2
1374,Baslow,GBR,2
1375,Bevagna,ITA,2
1376,Benicarló,ESP,2
1377,Borgomanero,ITA,2
1378,Beveren,BEL,2
1379,Canelli,ITA,2
1380,Breuil Cervinia,ITA,2
1381,Celje,SVN,2
1382,Vallo della Lucania,ITA,2
1383,Combloux,FRA,2
1384,Borgonovo Val Tidone,ITA,2
1385,Cavtat,HRV,2
1386,Cavi di Lavagna,ITA,2
1387,Canazei,ITA,2
1388,Canicattì,ITA,2
1389,Canale,ITA,2
1390,Cavour,ITA,2
1391,Verviers,BEL,2
1392,Burgdorf,CHE,2
1393,Tournai,BEL,2
1394,Cavite,PHL,2
1395,Toruń,POL,2
1396,Tata,HUN,2
1397,Tortona,ITA,2
1398,Spoleto,ITA,2
1399,Colroy-la-Roche,FRA,2
1400,Busnes,FRA,2
1401,Trémolat,FRA,2
1402,Bregenz,AUT,2
1403,Cambados,ESP,2
1404,Vonnas,FRA,2
1405,Volterra,ITA,2
1406,Bossòst,ESP,2
1407,Busto Arsizio,ITA,2
1408,Barbaresco,ITA,2
1409,Vendôme,FRA,2
1410,Castel Gandolfo,ITA,2
1411,Calvisano,ITA,2
1412,Colerne,GBR,2
1413,Cheverny,FRA,2
1414,Colchester,GBR,2
1415,Teruel,ESP,2
1416,Bilthoven,NLD,2
1417,Berchem,BEL,2
1418,Barr,FRA,2
1419,Cerretto Langhe,ITA,2
1420,Vence,FRA,2
1421,Tienen,BEL,2
1422,Torbole,ITA,2
1423,Chiclana de la Frontera,ESP,2
1424,Voorburg,NLD,2
1425,Cary,USA,2
1426,Bremerhaven,DEU,2
1427,Suresnes,FRA,2
1428,Udine,ITA,2
1429,Vitznau,CHE,2
1430,Tegueste,ESP,2
1431,Sprockhövel,DEU,2
1432,Torre de Juan Abad,ESP,2
1433,Veyrier-du-Lac,FRA,2
1434,Stumm,AUT,2
1435,Cologny,CHE,2
1436,Bonnétage,FRA,2
1437,Voorschoten,NLD,2
1438,Plaisir,FRA,1
1439,Ploubezre,FRA,1
1440,Pléhédel,FRA,1
1441,Truro,GBR,1
1442,Trégastel,FRA,1
1443,Tuddenham,GBR,1
1444,Plescop,FRA,1
1445,Ploemeur,FRA,1
1446,Plappeville,FRA,1
1447,Plougasnou,FRA,1
1448,Pitigliano,ITA,1
1449,Wustrow,DEU,1
1450,Pléneuf-Val-André,FRA,1
1451,Pisa,ITA,1
1452,Pleudihen-sur-Rance,FRA,1
1453,Tucepi,HRV,1
1454,Wrecclesham,GBR,1
1455,Piré-Chancé,FRA,1
1456,Viljandi,EST,1
1457,Pizzo,ITA,1
1458,Wulveringem,BEL,1
1459,Plan-les-Ouates,CHE,1
1460,Plonévez-Porzay,FRA,1
1461,Plouharnel,FRA,1
1462,Plomodiern,FRA,1
1463,Pleasanton,USA,1
1464,Pizzighettone,ITA,1
1465,Pleasantville,USA,1
1466,Trèbes,FRA,1
1467,Ploumanac'h,FRA,1
1468,Plomeur,FRA,1
1469,Plourhan,FRA,1
1470,Plois,ITA,1
1471,Plouër-sur-Rance,FRA,1
1472,Pittsboro,USA,1
1473,Tréboul,FRA,1
1474,Pittenweem,GBR,1
1475,Plungar,GBR,1
1476,Plasencia,ESP,1
1477,Pizzo Calabro,ITA,1
1478,Trzek,POL,1
1479,Tréguier,FRA,1
1480,Plougonvelin,FRA,1
1481,Pieve San Giacomo,ITA,1
1482,Pirna,DEU,1
1483,Perignano,ITA,1
1484,Perl,DEU,1
1485,Pernand-Vergelesses,FRA,1
1486,Ugchelen,NLD,1
1487,Ugborough,GBR,1
1488,Yerres,FRA,1
1489,Perth,GBR,1
1490,Yens,CHE,1
1491,Peruyes,ESP,1
1492,Uden,NLD,1
1493,Vigevano,ITA,1
1494,Yarmouth,GBR,1
1495,Xinorlet,ESP,1
1496,Peschici,ITA,1
1497,Peschiera Borromeo,ITA,1
1498,Pescocostanzo,ITA,1
1499,Peso da Régua,PRT,1
1500,Vila Real,PRT,1
1501,Petit-Rechain,BEL,1
1502,Ubachsberg,NLD,1
1503,Petrer,ESP,1
1504,Petrovice,CZE,1
1505,Petrovče,SVN,1
1506,Xerta,ESP,1
1507,Perk,BEL,1
1508,Peri,FRA,1
1509,Pirmasens,DEU,1
1510,Pergine Valsugana,ITA,1
1511,Pedraces,ITA,1
1512,Pedreguer,ESP,1
1513,Pedroso de Acim,ESP,1
1514,Yvoir,BEL,1
1515,Peekskill,USA,1
1516,Pegli,ITA,1
1517,Peij,NLD,1
1518,Peillon,FRA,1
1519,Pella,ITA,1
1520,Penally,GBR,1
1521,Yverdon-les-Bains,CHE,1
1522,Ullapool,GBR,1
1523,Uhldingen-Mühlhofen,DEU,1
1524,Pennabilli,ITA,1
1525,Pennedepie,FRA,1
1526,Penton,GBR,1
1527,Penzance,GBR,1
1528,Pepinster,BEL,1
1529,Uhingen,DEU,1
1530,Peralada,ESP,1
1531,Perasdorf,DEU,1
1532,Peratallada,ESP,1
1533,Ystad,SWE,1
1534,Třeboň,CZE,1
1535,Pettistree,GBR,1
1536,Tērvete,LVA,1
1537,Pezens,FRA,1
1538,Pigna,FRA,1
1539,Pigna,ITA,1
1540,Tutzing,DEU,1
1541,Wéris,BEL,1
1542,Tuttlingen,DEU,1
1543,Vilalba,ESP,1
1544,Pinedo,ESP,1
1545,Wädenswil,CHE,1
1546,Vilamarí,ESP,1
1547,Vilanova i la Geltrú,ESP,1
1548,Pinhão,PRT,1
1549,Pinneberg,DEU,1
1550,Wysoka Wieś,POL,1
1551,Tustin,USA,1
1552,Pinsaguel,FRA,1
1553,Turón,ESP,1
1554,Piobesi d'Alba,ITA,1
1555,Vilavenut,ESP,1
1556,Piombino,ITA,1
1557,Piove di Sacco,ITA,1
1558,Wymeswold,GBR,1
1559,Pirk,DEU,1
1560,Wyk,DEU,1
1561,Pieve di Coriano,ITA,1
1562,Pieve di Cento,ITA,1
1563,Pobladura del Valle,ESP,1
1564,Piadena,ITA,1
1565,Pfaffenhoffen,FRA,1
1566,Pfaffing,AUT,1
1567,Vilaboa,ESP,1
1568,Pfalzen,ITA,1
1569,Pfinztal,DEU,1
1570,Pforzheim,DEU,1
1571,Pfulgriesheim,FRA,1
1572,Philippine,NLD,1
1573,Tábor,CZE,1
1574,Wœlfling-lès-Sarreguemines,FRA,1
1575,Pianiga,ITA,1
1576,Pieve Ligure,ITA,1
1577,Piazza Armerina,ITA,1
1578,Piding,DEU,1
1579,Piedmont,CAN,1
1580,Twist,DEU,1
1581,Piegaro,ITA,1
1582,Piesport,DEU,1
1583,Tvååker,SWE,1
1584,Wösendorf in der Wachau,AUT,1
1585,Wölflinswil,CHE,1
1586,Tveit,NOR,1
1587,Plérin,FRA,1
1588,Vorchdorf,AUT,1
1589,Poboleda,ESP,1
1590,Priocca,ITA,1
1591,Profondeville,BEL,1
1592,Traunkirchen,AUT,1
1593,Wissembourg,FRA,1
1594,Przeźmierowo,POL,1
1595,Præstø,DNK,1
1596,Préaux-du-Perche,FRA,1
1597,Trasmonte,ESP,1
1598,Préfailles,FRA,1
1599,Průhonice,CZE,1
1600,Trapani,ITA,1
1601,Puegnago sul Garda,ITA,1
1602,Puente Arce,ESP,1
1603,Transinne,BEL,1
1604,Villarrobledo,ESP,1
1605,Villars,FRA,1
1606,Puerto Morelos,MEX,1
1607,Tramore,IRL,1
1608,Tramezaïgues,FRA,1
1609,Puerto de Vega,ESP,1
1610,Tramacastilla de Tena,ESP,1
1611,Puertomingalvo,ESP,1
1612,Winzendorf,AUT,1
1613,Puigcerdà,ESP,1
1614,Tramacastilla,ESP,1
1615,Pujaudran,FRA,1
1616,Pujaut,FRA,1
1617,Pula,HRV,1
1618,Privas,FRA,1
1619,Pringy,FRA,1
1620,Podenzano,ITA,1
1621,Travelers Rest,USA,1
1622,Pouillon,FRA,1
1623,Pouilly-sous-Charlieu,FRA,1
1624,Pound Ridge,USA,1
1625,Wiślinka,POL,1
1626,Pozoblanco,ESP,1
1627,Wittnau,DEU,1
1628,Wittenbach,CHE,1
1629,Pozza di Fassa,ITA,1
1630,Pozzolengo,ITA,1
1631,Pradelles-en-Val,FRA,1
1632,Trechtingshausen,DEU,1
1633,Treceño,ESP,1
1634,Witham on The Hill,GBR,1
1635,Pralboino,ITA,1
1636,Wiswell,GBR,1
1637,Prats-de-Mollo-la-Preste,FRA,1
1638,Praz-sur-Arly,FRA,1
1639,Premeaux-Prissey,FRA,1
1640,Trecchina,ITA,1
1641,Prenafeta,ESP,1
1642,Prendes,ESP,1
1643,Prenois,FRA,1
1644,Presseck,DEU,1
1645,Prestatyn,GBR,1
1646,Trebaseleghe,ITA,1
1647,Traversella,ITA,1
1648,Preston,GBR,1
1649,Trakai,LTU,1
1650,Pula,ITA,1
1651,Pulborough,GBR,1
1652,Traenheim,FRA,1
1653,Winter Garden,USA,1
1654,Winsum,NLD,1
1655,Quint-Fonsegrives,FRA,1
1656,Quintana de los Prados,ESP,1
1657,Quintanar de la Orden,ESP,1
1658,Quintanilla de Onésimo,ESP,1
1659,Quissac,FRA,1
1660,Quistello,ITA,1
1661,Quédillac,FRA,1
1662,Quévy-le-Grand,BEL,1
1663,Winnenden,DEU,1
1664,Rablà,ITA,1
1665,Racale,ITA,1
1666,Radebeul,DEU,1
1667,Radiškis,LTU,1
1668,Tourcoing,FRA,1
1669,Toulouges,FRA,1
1670,Winklarn,AUT,1
1671,Ramales de la Victoria,ESP,1
1672,Ville-du-Pont,FRA,1
1673,Ramonville-Saint-Agne,FRA,1
1674,Ramsbury,GBR,1
1675,Totnes,GBR,1
1676,Rancho Palos Verdes,USA,1
1677,Ranco,ITA,1
1678,Windsor,GBR,1
1679,Randazzo,ITA,1
1680,Quero,ITA,1
1681,Tournon-sur-Rhône,FRA,1
1682,Quarto d'Altino,ITA,1
1683,Puylausic,FRA,1
1684,Tox,ESP,1
1685,Villars-sur-Ollon,CHE,1
1686,Puos d'Alpago,ITA,1
1687,Pupillin,FRA,1
1688,Tourtour,FRA,1
1689,Puszczykowo,POL,1
1690,Villaverde de Pontones,ESP,1
1691,Putignano,ITA,1
1692,Puy-L’Évêque,FRA,1
1693,Villaviciosa,ESP,1
1694,Puylaroque,FRA,1
1695,Puylaurens,FRA,1
1696,Villaviciosa de Odón,ESP,1
1697,Quartiere di Portomaggiore,ITA,1
1698,Winterswijk,NLD,1
1699,Puyloubier,FRA,1
1700,Winteringham,GBR,1
1701,Puymoyen,FRA,1
1702,Pyla-sur-Mer,FRA,1
1703,Villaza,ESP,1
1704,Winterbach,DEU,1
1705,Tourrettes,FRA,1
1706,Písek,CZE,1
1707,Quarona,ITA,1
1708,Quarré-les-Tombes,FRA,1
1709,Quarteira,PRT,1
1710,Tregaron,GBR,1
1711,Postojna,SVN,1
1712,Posterholt,NLD,1
1713,Trimbach,CHE,1
1714,Pont-à-Celles,BEL,1
1715,Pontassieve,ITA,1
1716,Pontchâteau,FRA,1
1717,Ponte,ITA,1
1718,Tropea,ITA,1
1719,Wootton,GBR,1
1720,Ponte San Pietro,ITA,1
1721,Villabona,ESP,1
1722,Peat Inn,GBR,1
1723,Ponte Ulla,ESP,1
1724,Trois-Rivières,CAN,1
1725,Ponte a Moriano,ITA,1
1726,Ponte de Lima,PRT,1
1727,Troinex,CHE,1
1728,Ponte di Legno,ITA,1
1729,Ponte do Porto,ESP,1
1730,Ponteceso,ESP,1
1731,Pontelongo,ITA,1
1732,Troia,ITA,1
1733,Trittenheim,DEU,1
1734,Pontinia,ITA,1
1735,Pontivy,FRA,1
1736,Pontoise,FRA,1
1737,Villadepalos,ESP,1
1738,Tring,GBR,1
1739,Ponts,ESP,1
1740,Trin,CHE,1
1741,Villa di Chiavenna,ITA,1
1742,Pont-du-Château,FRA,1
1743,Trosly-Loire,FRA,1
1744,Polleur,BEL,1
1745,Podersdorf am See,AUT,1
1746,Trun,CHE,1
1747,Trujillo,ESP,1
1748,Poggiridenti,ITA,1
1749,Point Reyes Station,USA,1
1750,Poisson,FRA,1
1751,Poitiers,FRA,1
1752,Pola de Lena,ESP,1
1753,Villa San Giovanni,ITA,1
1754,Wortegem,BEL,1
1755,Pollenzo,ITA,1
1756,Pollença,ESP,1
1757,Polliat,FRA,1
1758,Pont-de-Vaux,FRA,1
1759,Trouville-sur-Mer,FRA,1
1760,Pomerol,FRA,1
1761,Pomezia,ITA,1
1762,Pommard,FRA,1
1763,Pomona,USA,1
1764,Trottiscliffe,GBR,1
1765,Villa de Juárez,MEX,1
1766,Poncin,FRA,1
1767,Ponferrada,ESP,1
1768,Pont-Aven,FRA,1
1769,Pont-Croix,FRA,1
1770,Pont-Sainte-Marie,FRA,1
1771,Woolfardisworthy,GBR,1
1772,Woodstock,GBR,1
1773,Postal,ITA,1
1774,Villagonzalo Pedernales,ESP,1
1775,Porto Azzurro,ITA,1
1776,Wombleton,GBR,1
1777,Porto Covo,PRT,1
1778,Porto Ercole,ITA,1
1779,Porto Rotondo,ITA,1
1780,Porto San Giorgio,ITA,1
1781,Trequanda,ITA,1
1782,Porto San Paolo,ITA,1
1783,Porto Torres,ITA,1
1784,Wolvega,NLD,1
1785,Villar Dora,ITA,1
1786,Portoferraio,ITA,1
1787,Trelowarren,GBR,1
1788,Portonovo,ITA,1
1789,Wolfsberg,AUT,1
1790,Portoscuso,ITA,1
1791,Portosín,ESP,1
1792,Treis-Sants-en-Ouche,FRA,1
1793,Portugalete,ESP,1
1794,Treia,ITA,1
1795,Porvoo,FIN,1
1796,Wolf's Castle,GBR,1
1797,Tregnago,ITA,1
1798,Posada de Llanera,ESP,1
1799,Woerden,NLD,1
1800,Woburn,GBR,1
1801,Villarepos,CHE,1
1802,Trescore Balneario,ITA,1
1803,Villanueva de la Serena,ESP,1
1804,Tresserve,FRA,1
1805,Port Isaac,GBR,1
1806,Pooley Bridge,GBR,1
1807,Poperinge,BEL,1
1808,Woodside,USA,1
1809,Porcia,ITA,1
1810,Villalba de la Sierra,ESP,1
1811,Villallano,ESP,1
1812,Tricesimo,ITA,1
1813,Pornichet,FRA,1
1814,Porroig,ESP,1
1815,Trezzano sul Naviglio,ITA,1
1816,Porspoder,FRA,1
1817,Port Appin,GBR,1
1818,Port d'Alcúdia,ESP,1
1819,Portela,PRT,1
1820,Port de Pollença,ESP,1
1821,Port de Sóller,ESP,1
1822,Woodland Hills,USA,1
1823,Port-Goulphar,FRA,1
1824,Port-Joinville,FRA,1
1825,Villandro,ITA,1
1826,Port-Louis,FRA,1
1827,Port-Navalo,FRA,1
1828,Villanova,ESP,1
1829,Portalegre,PRT,1
1830,Trevinano,ITA,1
1831,Portbou,ESP,1
1832,Pebble Beach,USA,1
1833,Zele,BEL,1
1834,Vigano,ITA,1
1835,Étupes,FRA,1
1836,Vaux-sur-Mer,FRA,1
1837,Njivice,HRV,1
1838,Nocera Inferiore,ITA,1
1839,Nocera Superiore,ITA,1
1840,Noceto,ITA,1
1841,Nogueira,PRT,1
1842,Écouviez,FRA,1
1843,Écaussinnes-Lalaing,BEL,1
1844,Noli,ITA,1
1845,Nonantola,ITA,1
1846,Nonnenhorn,DEU,1
1847,Nonsard-Lamarche,FRA,1
1848,Èze-Bord-de-Mer,FRA,1
1849,Vaux-en-Beaujolais,FRA,1
1850,Noorden,NLD,1
1851,Noorderwijk,BEL,1
1852,Vauvenargues,FRA,1
1853,Nootdorp,NLD,1
1854,Åkirkeby,DNK,1
1855,Nordhausen,DEU,1
1856,Vibo Valentia Marina,ITA,1
1857,Nordkirchen,DEU,1
1858,North Aston,GBR,1
1859,Vault-de-Lugny,FRA,1
1860,North Marston,GBR,1
1861,North Miami Beach,USA,1
1862,North Queensferry,GBR,1
1863,Nizza Monferrato,ITA,1
1864,Vayres,FRA,1
1865,Nittel,DEU,1
1866,Nienstädt,DEU,1
1867,Vega del Codorno,ESP,1
1868,Niagara-on-the-Lake,CAN,1
1869,Nibbiaia,ITA,1
1870,Nichelino,ITA,1
1871,Nicosia,ITA,1
1872,Vega de Tirados,ESP,1
1873,Niedergösgen,CHE,1
1874,Niederhausen,DEU,1
1875,Niederschaeffolsheim,FRA,1
1876,Niedersteinbach,FRA,1
1877,Niederweis,DEU,1
1878,Niederwinkling,DEU,1
1879,Nieul,FRA,1
1880,Niort,FRA,1
1881,Nieuwe-Niedorp,NLD,1
1882,Nieuwegein,NLD,1
1883,Nieuwersluis,NLD,1
1884,Nieuwkerken-Waas,BEL,1
1885,Vedole,ITA,1
1886,Vecinos,ESP,1
1887,Veauche,FRA,1
1888,Étouy,FRA,1
1889,Étaples,FRA,1
1890,Égletons,FRA,1
1891,Écully,FRA,1
1892,Ninove,BEL,1
1893,Águeda,PRT,1
1894,Northington,GBR,1
1895,Vaugines,FRA,1
1896,Nördlingen,DEU,1
1897,Varena,ITA,1
1898,Nykøbing Sjælland,DNK,1
1899,Zwingenberg,DEU,1
1900,Varaždin Breg,HRV,1
1901,Nyons,FRA,1
1902,Nâves-Parmelan,FRA,1
1903,Varazdin,HRV,1
1904,Nérac,FRA,1
1905,Zweiflingen,DEU,1
1906,Néris-les-Bains,FRA,1
1907,Névez,FRA,1
1908,Varades,FRA,1
1909,Nörten-Hardenberg,DEU,1
1910,Nunspeet,NLD,1
1911,Nœux-les-Mines,FRA,1
1912,Zweibrücken,DEU,1
1913,Oakham,GBR,1
1914,Oakville,CAN,1
1915,Obbürgen,CHE,1
1916,Oberaudorf,DEU,1
1917,Oberboihingen,DEU,1
1918,Zuytpeene,FRA,1
1919,Oberkirch,DEU,1
1920,Oberlauterbach,FRA,1
1921,Vandenesse-en-Auxois,FRA,1
1922,Viceno,ITA,1
1923,Nuth,NLD,1
1924,Nun Monkton,GBR,1
1925,Nospelt,LUX,1
1926,Varigotti,ITA,1
1927,Nossegem,BEL,1
1928,la Nucía,ESP,1
1929,Notre-Dame-de-Bellecombe,FRA,1
1930,Vaudevant,FRA,1
1931,es Secar de la Real,ESP,1
1932,Nova Levante,ITA,1
1933,Vasto,ITA,1
1934,Novafeltria,ITA,1
1935,Novalja,HRV,1
1936,Varzi,ITA,1
1937,Novato,USA,1
1938,Varsenare,BEL,1
1939,Novello,ITA,1
1940,Varengeville-sur-Mer,FRA,1
1941,Noventa,ITA,1
1942,Noventa Padovana,ITA,1
1943,es Pujols,ESP,1
1944,Novi Slankamen,SRB,1
1945,Zöblen,AUT,1
1946,Varennes-Vauzelles,FRA,1
1947,Zánka,HUN,1
1948,Noville,CHE,1
1949,Novo mesto,SVN,1
1950,Noyal-sur-Vilaine,FRA,1
1951,Nuenen,NLD,1
1952,Nuits-Saint-Georges,FRA,1
1953,Newton in Cartmel,GBR,1
1954,Newton Centre,USA,1
1955,Peasmarsh,GBR,1
1956,Veghel,NLD,1
1957,Mézy-Moulins,FRA,1
1958,Šentjanž,SVN,1
1959,Mézériat,FRA,1
1960,Mölnlycke,SWE,1
1961,Mûr-de-Bretagne,FRA,1
1962,Mühlhausen,DEU,1
1963,Mülheim-Kärlich,DEU,1
1964,Vernon,FRA,1
1965,Verneuil-d'Avre-et-d'Iton,FRA,1
1966,Veynes,FRA,1
1967,Vernante,ITA,1
1968,Vergongheon,FRA,1
1969,Veyras,FRA,1
1970,Münstertal,DEU,1
1971,Naarden,NLD,1
1972,Naas,IRL,1
1973,Nadur,MLT,1
1974,Nagold,DEU,1
1975,Nailsworth,GBR,1
1976,Nalinnes,BEL,1
1977,Nals,ITA,1
1978,Verduno,ITA,1
1979,Ślęza,POL,1
1980,Nanstallon,GBR,1
1981,Nanterre,FRA,1
1982,Verden (Aller),DEU,1
1983,Verbier,CHE,1
1984,Méry-sur-Oise,FRA,1
1985,Mérindol,FRA,1
1986,Mérida,ESP,1
1987,Murau,AUT,1
1988,Moustiers-Sainte-Marie,FRA,1
1989,Muggensturm,DEU,1
1990,Muhlbach-sur-Munster,FRA,1
1991,Vetrego,ITA,1
1992,Vessem,NLD,1
1993,Mulfingen,DEU,1
1994,Šumperk,CZE,1
1995,Mundaka,ESP,1
1996,Mungia,ESP,1
1997,Štanjel,SVN,1
1998,Muralto,CHE,1
1999,Murat,FRA,1
2000,Murcott,GBR,1
2001,Šentjošt nad Horjulom,SVN,1
2002,Muri,CHE,1
2003,Vesc,FRA,1
2004,Muro,ESP,1
2005,Murten,CHE,1
2006,Murter,HRV,1
2007,Muthill,GBR,1
2008,Versoix,CHE,1
2009,Mutignano,ITA,1
2010,Muttenz,CHE,1
2011,Muxía,ESP,1
2012,Mályinka,HUN,1
2013,Verrières-de-Joux,FRA,1
2014,Verbania,ITA,1
2015,Vera,ESP,1
2016,Őriszentpéter,HUN,1
2017,Velluire,FRA,1
2018,Neuhausen,DEU,1
2019,Neuhofen an der Ybbs,AUT,1
2020,Neuhütten,DEU,1
2021,Neuilly-sur-Seine,FRA,1
2022,Neuillé-le-Lierre,FRA,1
2023,Neukirchen-Vluyn,DEU,1
2024,Neuleiningen,DEU,1
2025,Neumarkt,ITA,1
2026,Neumarkt am Wallersee,AUT,1
2027,Velp,NLD,1
2028,Velo Veronese,ITA,1
2029,Neustadt an der Waldnaab,DEU,1
2030,Neustift im Stubaital,AUT,1
2031,Neuenstein,DEU,1
2032,Vello,ITA,1
2033,Velika Gorica,HRV,1
2034,Neuzelle,DEU,1
2035,Nevers,FRA,1
2036,Überlingen,DEU,1
2037,New Alresford,GBR,1
2038,Velburg,DEU,1
2039,Ötisheim,DEU,1
2040,Öhningen,DEU,1
2041,Velbert,DEU,1
2042,Viagrande,ITA,1
2043,Newnham,GBR,1
2044,Neufelden,AUT,1
2045,Neuendorf bei Wilster,DEU,1
2046,Nassandres-sur-Risle,FRA,1
2047,Ne,ITA,1
2048,Nassogne,BEL,1
2049,Natzwiller,FRA,1
2050,Naucelle,FRA,1
2051,Nauders,AUT,1
2052,Ventron,FRA,1
2053,Nava del Rey,ESP,1
2054,Đakovo,HRV,1
2055,Ventabren,FRA,1
2056,Navaleno,ESP,1
2057,Naxxar,MLT,1
2058,Nazaré,PRT,1
2059,Venray,NLD,1
2060,Venlo,NLD,1
2061,Neuburg an der Donau,DEU,1
2062,Nederbrakel,BEL,1
2063,Neerharen,BEL,1
2064,Neerpelt,BEL,1
2065,Negreira,ESP,1
2066,Nerano,ITA,1
2067,Nerja,ESP,1
2068,Nernier,FRA,1
2069,Nerviano,ITA,1
2070,Nettuno,ITA,1
2071,Neu-Ulm,DEU,1
2072,Neuberg an der Mürz,AUT,1
2073,Neubeuern,DEU,1
2074,Oberrohrbach,AUT,1
2075,Oberstaufen,DEU,1
2076,Zutphen,NLD,1
2077,Valverde del Fresno,ESP,1
2078,Oxton,GBR,1
2079,Oxwich,GBR,1
2080,Ozenay,FRA,1
2081,Pacentro,ITA,1
2082,Paderborn,DEU,1
2083,Paderno del Grappa,ITA,1
2084,Vieste,ITA,1
2085,Zerbst,DEU,1
2086,Vagnas,FRA,1
2087,Zennor,GBR,1
2088,Zenderen,NLD,1
2089,Uzès,FRA,1
2090,Uza,FRA,1
2091,Zeltingen,DEU,1
2092,Pagazzano,ITA,1
2093,Zell im Wiesental,DEU,1
2094,Pailherols,FRA,1
2095,Paimpol,FRA,1
2096,Painswick,GBR,1
2097,Uxbridge,CAN,1
2098,Palafrugell,ESP,1
2099,Utzenstorf,CHE,1
2100,Palaia,ITA,1
2101,Zell am See,AUT,1
2102,Palavas-les-Flots,FRA,1
2103,Palazzo San Gervasio,ITA,1
2104,Palazzolo Acreide,ITA,1
2105,Oxshott,GBR,1
2106,Vagney,FRA,1
2107,Oviglio,ITA,1
2108,Oudendijk,NLD,1
2109,Otterlo,NLD,1
2110,Ottikon bei Kemptthal,CHE,1
2111,Vairano Patenora,ITA,1
2112,Zgornje Jezersko,SVN,1
2113,Vidigueira,PRT,1
2114,Vailly,FRA,1
2115,Oucques,FRA,1
2116,Vailhan,FRA,1
2117,Oud-Heverlee,BEL,1
2118,Oude Wetering,NLD,1
2119,Oudenaarde,BEL,1
2120,Oudenburg,BEL,1
2121,Ouderkerk aan de Amstel,NLD,1
2122,Overveen,NLD,1
2123,Oudeschild,NLD,1
2124,Ouffet,BEL,1
2125,Ouistreham,FRA,1
2126,Our,BEL,1
2127,Zgornja Polskava,SVN,1
2128,Zgornja Kungota,SVN,1
2129,Ousson-sur-Loire,FRA,1
2130,Outer,BEL,1
2131,Ouwegem,BEL,1
2132,Ovada,ITA,1
2133,Vaihingen an der Enz,DEU,1
2134,Overloon,NLD,1
2135,Uster,CHE,1
2136,Ussel,FRA,1
2137,Zell am Moos,AUT,1
2138,Urbe,ITA,1
2139,Parentis-en-Born,FRA,1
2140,Parnac,FRA,1
2141,Parçay-Meslay,FRA,1
2142,Zams,AUT,1
2143,Zamora,ESP,1
2144,Urbisaglia,ITA,1
2145,Vieux-Boucau-les-Bains,FRA,1
2146,Zahora,ESP,1
2147,Urbino,ITA,1
2148,Passail,AUT,1
2149,Zahara de los Atunes,ESP,1
2150,Passendale,BEL,1
2151,Zagarolo,ITA,1
2152,Zarautz,ESP,1
2153,Passignano,ITA,1
2154,Upton Grey,GBR,1
2155,Pastrengo,ITA,1
2156,Patalavaca,ESP,1
2157,Upper Slaughter,GBR,1
2158,Zafferana Etnea,ITA,1
2159,Pavia,ITA,1
2160,Payerne,CHE,1
2161,Payrin-Augmontel,FRA,1
2162,Pearland,USA,1
2163,Upper Sapey,GBR,1
2164,Umag,HRV,1
2165,Parcey,FRA,1
2166,Zarza de Granadilla,ESP,1
2167,Usingen im Taunus,DEU,1
2168,Urville-Nacqueville,FRA,1
2169,Paliseul,BEL,1
2170,Pallanza,ITA,1
2171,Palm Beach,USA,1
2172,Tossa de Mar,ESP,1
2173,Vietri sul Mare,ITA,1
2174,Zelarino,ITA,1
2175,Zeist,NLD,1
2176,Palmanova,ESP,1
2177,Palmi,ITA,1
2178,Palmones,ESP,1
2179,Usclades-et-Rieutord,FRA,1
2180,Zeebrugge,BEL,1
2181,Urt,FRA,1
2182,Paraggi,ITA,1
2183,Pamiers,FRA,1
2184,Zedelgem,BEL,1
2185,Panicale,ITA,1
2186,Panker,DEU,1
2187,Zebegény,HUN,1
2188,Urmston,GBR,1
2189,Panzano,ITA,1
2190,Urk,NLD,1
2191,Pappenheim,DEU,1
2192,Paradiso di Pocenia,ITA,1
2193,Urgnano,ITA,1
2194,Zaußenberg,AUT,1
2195,Otranto,ITA,1
2196,Otočec na Krki,SVN,1
2197,Oswaldtwistle,GBR,1
2198,Vallières-les-Grandes,FRA,1
2199,Olargues,FRA,1
2200,Zuidlaren,NLD,1
2201,Old Windsor,GBR,1
2202,Oldenburg,DEU,1
2203,Oldham,GBR,1
2204,Valloux,FRA,1
2205,Oldstead,GBR,1
2206,Oleggio,ITA,1
2207,Vallon-Pont-d'Arc,FRA,1
2208,Oleiros,ESP,1
2209,Olen,BEL,1
2210,Olevano Romano,ITA,1
2211,Ollon,CHE,1
2212,Valmadrera,ITA,1
2213,Olmeto,FRA,1
2214,Vallesaccarda,ITA,1
2215,Olost,ESP,1
2216,Vallendar,DEU,1
2217,Oltressenda Alta,ITA,1
2218,Olvera,ESP,1
2219,Ondara,ESP,1
2220,Onderdendam,NLD,1
2221,Oneglia,ITA,1
2222,Onet-le-Château Village,FRA,1
2223,Vicomero di Torrile,ITA,1
2224,Onex,CHE,1
2225,Olaberria,ESP,1
2226,Valmiera,LVA,1
2227,Zoutleeuw,BEL,1
2228,Valsolda,ITA,1
2229,Obersteinbach,FRA,1
2230,Obertauern,AUT,1
2231,Obertilliach,AUT,1
2232,Zumarraga,ESP,1
2233,Valverde del Camino,ESP,1
2234,Oberursel,DEU,1
2235,Oberwil,CHE,1
2236,Ocean Springs,USA,1
2237,Valthe,NLD,1
2238,Zulte,BEL,1
2239,Ochsenfurt,DEU,1
2240,Odeceixe,PRT,1
2241,Vico Morcote,CHE,1
2242,Oisquercq,BEL,1
2243,Oderzo,ITA,1
2244,Oegstgeest,NLD,1
2245,Oetrange,LUX,1
2246,Offanengo,ITA,1
2247,Offida,ITA,1
2248,Vals,CHE,1
2249,Valras-Plage,FRA,1
2250,Valmontone,ITA,1
2251,Oggiono,ITA,1
2252,Valmont,FRA,1
2253,Oia,ESP,1
2254,Oirschot,NLD,1
2255,Oombergen,BEL,1
2256,Oosterend,NLD,1
2257,Zierikzee,NLD,1
2258,Osio Sotto,ITA,1
2259,Orsan,FRA,1
2260,Ort im Innkreis,AUT,1
2261,Valdeblore,FRA,1
2262,Orthez,FRA,1
2263,Ortiguera,ESP,1
2264,Valbandon,HRV,1
2265,Val-d'Isère,FRA,1
2266,Oruña de Piélagos,ESP,1
2267,Zoerle-Parwijs,BEL,1
2268,Val-Revermont,FRA,1
2269,Orís,ESP,1
2270,Val-Cénis,FRA,1
2271,Zlín,CZE,1
2272,Oropesa,ESP,1
2273,Val de San Lorenzo,ESP,1
2274,Zimmerbach,FRA,1
2275,Ospedaletto d'Alpinolo,ITA,1
2276,Oss,NLD,1
2277,Ossana,ITA,1
2278,Ossiach,AUT,1
2279,Osthouse,FRA,1
2280,Zillebeke,BEL,1
2281,Ostrach,DEU,1
2282,Ostseebad Binz,DEU,1
2283,Val Liona,ITA,1
2284,Ostwald,FRA,1
2285,Valdemorillo,ESP,1
2286,Valdemoro,ESP,1
2287,Valle de Carranza,ESP,1
2288,Opwijk,BEL,1
2289,Oostkamp,BEL,1
2290,Oostkerke,BEL,1
2291,Oostmalle,BEL,1
2292,Ootmarsum,NLD,1
2293,Zottegem,BEL,1
2294,Vallauris,FRA,1
2295,Vall d'Alba,ESP,1
2296,Opgrimbie,BEL,1
2297,Opio,FRA,1
2298,Zonhoven,BEL,1
2299,Oppeano,ITA,1
2300,Oppenweiler,DEU,1
2301,Zollikon,CHE,1
2302,Ordingen,BEL,1
2303,Orange,FRA,1
2304,Orbassano,ITA,1
2305,Zoetermeer,NLD,1
2306,Orbetello,ITA,1
2307,Orchimont,BEL,1
2308,Vicopisano,ITA,1
2309,Valendas,CHE,1
2310,Valenciennes,FRA,1
2311,Vidago,PRT,1
2312,Vale,GBR,1
2313,Valdieri,ITA,1
2314,Vidauban,FRA,1
2315,Rankweil,AUT,1
2316,Remscheid,DEU,1
2317,Windorf,DEU,1
2318,Santa Cristina d'Aspromonte,ITA,1
2319,Sant Fruitós de Bages,ESP,1
2320,Summercourt,GBR,1
2321,Sant Gregori,ESP,1
2322,Sant Joan Despí,ESP,1
2323,Wasquehal,FRA,1
2324,Vitré,FRA,1
2325,Sant Julià de Vilatorta,ESP,1
2326,Sulzbach-Laufen,DEU,1
2327,Sant Just Desvern,ESP,1
2328,Sant Lluís,ESP,1
2329,Sant Martí Sarroca,ESP,1
2330,Sant Pau d'Ordal,ESP,1
2331,Sant Pol de Mar,ESP,1
2332,Sant Quirze del Vallès,ESP,1
2333,Sant Sadurní d'Anoia,ESP,1
2334,Sant' Agnello,ITA,1
2335,Warwick,GBR,1
2336,Sulz im Wienerwald,AUT,1
2337,Sulz,AUT,1
2338,Sant'Agostino,ITA,1
2339,Sant'Anna,ITA,1
2340,Sant'Omero,ITA,1
2341,Sant'Omobono Terme,ITA,1
2342,Vittorio Veneto,ITA,1
2343,Santa Coloma de Queralt,ESP,1
2344,Santa Comba,ESP,1
2345,Santa Cristina d'Aro,ESP,1
2346,Sant Feliu de Guíxols,ESP,1
2347,Sant Climent de Llobregat,ESP,1
2348,Sant Antoni de Portmany,ESP,1
2349,Wateringen,NLD,1
2350,Sankt Andrä im Sausal,AUT,1
2351,Suzzara,ITA,1
2352,Sankt Georgen an der Leys,AUT,1
2353,Suvereto,ITA,1
2354,Sutri,ITA,1
2355,Sankt Jakob am Thurn,AUT,1
2356,Sankt Jakob in Haus,AUT,1
2357,Sankt Johann am Wimberg,AUT,1
2358,Sankt Johann in Tirol,AUT,1
2359,Sankt Josef,AUT,1
2360,Sankt Kathrein am Offenegg,AUT,1
2361,Sankt Martin am Grimming,AUT,1
2362,Watergate Bay,GBR,1
2363,Sanluri,ITA,1
2364,Sankt Märgen,DEU,1
2365,Sursee,CHE,1
2366,Wasserburg am Inn,DEU,1
2367,Vitrac,FRA,1
2368,Sankt Niklausen,CHE,1
2369,Sankt Peter,DEU,1
2370,Surfside,USA,1
2371,Sankt Peter-Ording,DEU,1
2372,Wasserburg am Bodensee,DEU,1
2373,Sankt Veit an der Glan,AUT,1
2374,Sankt Wendel,DEU,1
2375,Suna,ITA,1
2376,Warmond,NLD,1
2377,Sulmona,ITA,1
2378,Swinton,GBR,1
2379,Santa Cruz de Campezo,ESP,1
2380,Sart-lez-Spa,BEL,1
2381,Sarturano,ITA,1
2382,Wangen bei Dübendorf,CHE,1
2383,Sarzana,ITA,1
2384,Strongoli,ITA,1
2385,Wangels,DEU,1
2386,Stromboli,ITA,1
2387,Sasbachwalden,DEU,1
2388,Strombeek-Bever,BEL,1
2389,Viveiro,ESP,1
2390,Straß im Straßertale,AUT,1
2391,Stratford-on-Avon,GBR,1
2392,Strassen,LUX,1
2393,Strassen,AUT,1
2394,Saturnia,ITA,1
2395,Sauges,CHE,1
2396,Saulheim,DEU,1
2397,Strakonice,CZE,1
2398,Saultain,FRA,1
2399,Wanfercée-Baulet,BEL,1
2400,Saundersfoot,GBR,1
2401,Sauris,ITA,1
2402,Sausalito,USA,1
2403,Saussignac,FRA,1
2404,Sauveterre-de-Comminges,FRA,1
2405,Sauveterre-de-Rouergue,FRA,1
2406,Sauzon,FRA,1
2407,Viuz-en-Sallaz,FRA,1
2408,Sarreguemines,FRA,1
2409,Stroud,GBR,1
2410,Santa-Reparata-di-Balagna,FRA,1
2411,Sullivan's Island,USA,1
2412,Santa Eulalia del Río,ESP,1
2413,Santa Maria Maggiore,ITA,1
2414,Santa Maria di Castellabate,ITA,1
2415,Santa Maria di Sala,ITA,1
2416,Santa Marina Salina,ITA,1
2417,Sukošan,HRV,1
2418,Santa Rosa Beach,USA,1
2419,Suesa,ESP,1
2420,Santa Teresa Gallura,ITA,1
2421,Waremme,BEL,1
2422,Santa Vittoria d'Alba,ITA,1
2423,Stäfa,CHE,1
2424,Sarre,ITA,1
2425,Santarém,PRT,1
2426,Santenay,FRA,1
2427,Santo Stefano Belbo,ITA,1
2428,Stuhlfelden,AUT,1
2429,Saratoga,USA,1
2430,Sarche di Madruzzo,ITA,1
2431,Sardas,ESP,1
2432,Sardón de Duero,ESP,1
2433,Studland,GBR,1
2434,Wansford,GBR,1
2435,Stuben am Arlberg,AUT,1
2436,Strépy-Bracquegnies,BEL,1
2437,Sandrigo,ITA,1
2438,Sand,FRA,1
2439,Savennières,FRA,1
2440,San Giovanni in Persiceto,ITA,1
2441,Vincennes,FRA,1
2442,San Antonio de Benagéber,ESP,1
2443,San Bartolomeo al Mare,ITA,1
2444,San Bernardo,ESP,1
2445,San Bonifacio,ITA,1
2446,San Carlos,USA,1
2447,San Casciano dei Bagni,ITA,1
2448,Vintl,ITA,1
2449,San Casciano in Val di Pesa,ITA,1
2450,San Cassiano,ITA,1
2451,San Cristóbal de la Laguna,ESP,1
2452,San Desiderio,ITA,1
2453,San Donà di Piave,ITA,1
2454,Tainach,AUT,1
2455,Weimar,DEU,1
2456,San Felice del Benaco,ITA,1
2457,San Feliz,ESP,1
2458,San Gabriel,USA,1
2459,San Genesio,ITA,1
2460,Taillades,FRA,1
2461,San Genesio Atesino,ITA,1
2462,Weil am Rhein,DEU,1
2463,San Giorgio del Sannio,ITA,1
2464,San Giorgio della Richinvelda,ITA,1
2465,Weigenheim,DEU,1
2466,San Giorgio di Valpolicella,ITA,1
2467,San Giovanni al Natisone,ITA,1
2468,San Andrés de Camporredondo,ESP,1
2469,Tamsweg,AUT,1
2470,Samut Sakhon,THA,1
2471,Taplow,GBR,1
2472,Saleilles,FRA,1
2473,Salem,DEU,1
2474,Vinaròs,ESP,1
2475,Tarasp,CHE,1
2476,Weissbad,CHE,1
2477,Salford,GBR,1
2478,Salinas,ESP,1
2479,Salinas de Añana,ESP,1
2480,Weisenheim am Berg,DEU,1
2481,Taranto,ITA,1
2482,Salles-la-Source,FRA,1
2483,Tarancón,ESP,1
2484,Vinay,FRA,1
2485,Samut Prakan,THA,1
2486,Saltwood,GBR,1
2487,Saludecio,ITA,1
2488,Tangstedt,DEU,1
2489,Samaniego,ESP,1
2490,Samedan,CHE,1
2491,Samerberg,DEU,1
2492,Weinstadt,DEU,1
2493,Samnaun,CHE,1
2494,Samobor,HRV,1
2495,Tangmere,GBR,1
2496,Samoëns,FRA,1
2497,Sampans,FRA,1
2498,San Giovanni in Fiore,ITA,1
2499,Tagsdorf,FRA,1
2500,Symondsbury,GBR,1
2501,San Giuliano Milanese,ITA,1
2502,San Pietro di Stabio,CHE,1
2503,San Polo d'Enza,ITA,1
2504,Viré,FRA,1
2505,Szigliget,HUN,1
2506,Ways,BEL,1
2507,Szentendre,HUN,1
2508,San Quirino,ITA,1
2509,Szczawno-Zdrój,POL,1
2510,San Remo,ITA,1
2511,San Roque,ESP,1
2512,San Salvador de Poio,ESP,1
2513,San Salvo Marina,ITA,1
2514,Szarvas,HUN,1
2515,San Severino Marche,ITA,1
2516,San Severo,ITA,1
2517,San Teodoro,ITA,1
2518,Wattens,AUT,1
2519,Watou,BEL,1
2520,San Vicente de la Sonsierra,ESP,1
2521,San Vigilio,ITA,1
2522,San Vigilio di Marebbe,ITA,1
2523,San Vito Chietino,ITA,1
2524,San Vito lo Capo,ITA,1
2525,San Zeno di Montagna,ITA,1
2526,Mousehole,GBR,1
2527,Sanary-sur-Mer,FRA,1
2528,Viseu,PRT,1
2529,San Piero in Bagno,ITA,1
2530,San Pellegrino,ITA,1
2531,San Pedro de Breña Alta,ESP,1
2532,San Martino,ITA,1
2533,Vipava,SVN,1
2534,Tafalla,ESP,1
2535,Tadoussac,CAN,1
2536,San Giuliano Terme,ITA,1
2537,San Giustino Valdarno,ITA,1
2538,San Juan - Metro Manila,PHL,1
2539,San Juan Capistrano,USA,1
2540,Tabuaço,PRT,1
2541,San Leandro,USA,1
2542,San Leone,ITA,1
2543,Ta' Xbiex,MLT,1
2544,Vipiteno,ITA,1
2545,San Martino di Castrozza,ITA,1
2546,Wałbrzych,POL,1
2547,San Marzano Oliveto,ITA,1
2548,San Marzano di San Giuseppe,ITA,1
2549,San Maurizio Canavese,ITA,1
2550,San Mauro a Mare,ITA,1
2551,Sønderborg,DNK,1
2552,San Michele al Tagliamento,ITA,1
2553,Sóller,ESP,1
2554,Virelles,BEL,1
2555,Sénas,FRA,1
2556,San Nicola Manfredi,ITA,1
2557,San Pancrazio,ITA,1
2558,San Paolo d'Argon,ITA,1
2559,Savelletri,ITA,1
2560,Saverne,FRA,1
2561,Sala Bolognese,ITA,1
2562,Võsu,EST,1
2563,St Leonards on Sea,GBR,1
2564,Sint Anna ter Muiden,NLD,1
2565,Sint Willebrord,NLD,1
2566,Sint-Amands,BEL,1
2567,St Kew,GBR,1
2568,Volnay,FRA,1
2569,Sint-Baafs-Vijve,BEL,1
2570,Sint-Denijs,BEL,1
2571,Sint-Denijs-Westrem,BEL,1
2572,Sint-Genesius-Rode,BEL,1
2573,Sint-Katelijne-Waver,BEL,1
2574,St Davids,GBR,1
2575,St Austell,GBR,1
2576,Squille,ITA,1
2577,Vörstetten,DEU,1
2578,Sint-Pieters-Leeuw,BEL,1
2579,Sinzheim,DEU,1
2580,Sinzig,DEU,1
2581,Sion,CHE,1
2582,Völkermarkt,AUT,1
2583,Sirolo,ITA,1
2584,Sittard,NLD,1
2585,Sizzano,ITA,1
2586,Skagen,DNK,1
2587,Skelton,GBR,1
2588,Sprimont,BEL,1
2589,Vöhringen,DEU,1
2590,St Mawes,GBR,1
2591,Wachenheim an der Weinstraße,DEU,1
2592,Simonswald,DEU,1
2593,Siebeldingen,DEU,1
2594,St-Josse,FRA,1
2595,Seychalles,FRA,1
2596,Seytroux,FRA,1
2597,Sherborne,GBR,1
2598,Voisins-le-Bretonneux,FRA,1
2599,Sherbrooke,CAN,1
2600,Shrewsbury,GBR,1
2601,Sibenik,HRV,1
2602,Siderno,ITA,1
2603,Waging am See,DEU,1
2604,Vollenhove,NLD,1
2605,Sidford,GBR,1
2606,Siegersdorf,AUT,1
2607,Simonsbath,GBR,1
2608,Wageningen,NLD,1
2609,Volmunster,FRA,1
2610,Sigigen,CHE,1
2611,Wackersberg,DEU,1
2612,St Paul's Bay,MLT,1
2613,St Monans,GBR,1
2614,Sihlbrugg,CHE,1
2615,Silgueiros,PRT,1
2616,Sillery,FRA,1
2617,Sillian,AUT,1
2618,Simmershofen,DEU,1
2619,Wachtberg,DEU,1
2620,Sluis,NLD,1
2621,Snaaskerke,BEL,1
2622,St-Martens-Voeren,BEL,1
2623,Snettisham,GBR,1
2624,Vreeland,NLD,1
2625,Sorisole,ITA,1
2626,Sorni,ITA,1
2627,Vreden,DEU,1
2628,Sort,ESP,1
2629,Sos del Rey Católico,ESP,1
2630,Sosnówka,POL,1
2631,Soto de Luiña,ESP,1
2632,Vouvray,FRA,1
2633,Soultz-sous-Forêts,FRA,1
2634,Sousceyrac-en-Quercy,FRA,1
2635,South Dalton,GBR,1
2636,South Ferriby,GBR,1
2637,South Newington,GBR,1
2638,South Petherton,GBR,1
2639,South Pool,GBR,1
2640,Vosselaar,BEL,1
2641,South Wraxall,GBR,1
2642,Southborough,GBR,1
2643,Southbourne,GBR,1
2644,Southleigh,GBR,1
2645,Southport,GBR,1
2646,Southrop,GBR,1
2647,Spalt,DEU,1
2648,Spakenburg,NLD,1
2649,Soutomaior,ESP,1
2650,Soverato,ITA,1
2651,Soriso,ITA,1
2652,Sorinnes,BEL,1
2653,Sparsholt,GBR,1
2654,Vysoký Újezd,CZE,1
2655,Sobarzo,ESP,1
2656,Spodnja Idrija,SVN,1
2657,Soheit-Tinlot,BEL,1
2658,Spirano,ITA,1
2659,Solesmes,FRA,1
2660,Solignac-sous-Roche,FRA,1
2661,Solivella,ESP,1
2662,Vézelay,FRA,1
2663,Solutré-Pouilly,FRA,1
2664,Solvang,USA,1
2665,Solčava,SVN,1
2666,Växjö,SWE,1
2667,Sombernon,FRA,1
2668,Sorico,ITA,1
2669,Somma Lombardo,ITA,1
2670,Sommerein,AUT,1
2671,Sommerhausen,DEU,1
2672,Sommières,FRA,1
2673,Sonceboz,CHE,1
2674,Sonderhofen,DEU,1
2675,Sondrio,ITA,1
2676,Spiez,CHE,1
2677,Spiegelau,DEU,1
2678,Speloncato,FRA,1
2679,Soprabolzano,ITA,1
2680,Soragna,ITA,1
2681,Sevenoaks,GBR,1
2682,Setúbal,PRT,1
2683,Savigno,ITA,1
2684,Waldenbuch,DEU,1
2685,Walferdange,LUX,1
2686,Stolpe,DEU,1
2687,Schoorl,NLD,1
2688,Schorndorf,DEU,1
2689,Schouweiler,LUX,1
2690,Schramberg,DEU,1
2691,Stoke-by-Nayland,GBR,1
2692,Schriesheim,DEU,1
2693,Schruns,AUT,1
2694,Schwalbach,DEU,1
2695,Stoke Gabriel,GBR,1
2696,Stockbridge,GBR,1
2697,Schwarzenburg,CHE,1
2698,Schwarzenfeld,DEU,1
2699,Steyr,AUT,1
2700,Stephanskirchen,DEU,1
2701,Walenstadt,CHE,1
2702,Waldkirchen,DEU,1
2703,Schwetzingen,DEU,1
2704,Schwyz,CHE,1
2705,Schwäbisch Gmünd,DEU,1
2706,Waldkirch,DEU,1
2707,Voghera,ITA,1
2708,Waldersbach,FRA,1
2709,Stekene,BEL,1
2710,Schönried,CHE,1
2711,Schönwald im Schwarzwald,DEU,1
2712,Schlier,DEU,1
2713,Stone,GBR,1
2714,Schipluiden,NLD,1
2715,Scawton,GBR,1
2716,Savigny-lès-Beaune,FRA,1
2717,Wambrook,GBR,1
2718,Straimont,BEL,1
2719,Wambrechies,FRA,1
2720,Savogna d'Isonzo,ITA,1
2721,Savognin,CHE,1
2722,Walpersdorf,AUT,1
2723,Savonnières,FRA,1
2724,Scafati,ITA,1
2725,Scala,ITA,1
2726,Scarborough,CAN,1
2727,Scarsdale,USA,1
2728,Strachur,GBR,1
2729,Schio,ITA,1
2730,Walluf,DEU,1
2731,Wallingford,GBR,1
2732,Schagen,NLD,1
2733,Scharbeutz,DEU,1
2734,Scharnitz,AUT,1
2735,Scheidegg,DEU,1
2736,Schellenberg,LIE,1
2737,Vodice,HRV,1
2738,Schenkon,CHE,1
2739,Scherwiller,FRA,1
2740,Stow-on-the-Wold,GBR,1
2741,Schinnen,NLD,1
2742,Schüpfen,CHE,1
2743,Sciacca,ITA,1
2744,Settequerce,ITA,1
2745,Sclafani Bagni,ITA,1
2746,Senftenberg,AUT,1
2747,Stara Fužina,SVN,1
2748,Senillé-Saint-Sauveur,FRA,1
2749,Senlis,FRA,1
2750,Stanton,GBR,1
2751,Senorbì,ITA,1
2752,Sens,FRA,1
2753,Sent,CHE,1
2754,Septmoncel-les-Molunes,FRA,1
2755,Stansstad,CHE,1
2756,Stanbridge East,CAN,1
2757,Sernaglia della Battaglia,ITA,1
2758,Wahlwiller,NLD,1
2759,Serra de Outes,ESP,1
2760,Stams,AUT,1
2761,Stalham,GBR,1
2762,Serravalle Langhe,ITA,1
2763,Serravalle Pistoiese,ITA,1
2764,Serviers-et-Labaume,FRA,1
2765,Stainz,AUT,1
2766,Servon,FRA,1
2767,Sessenheim,FRA,1
2768,Sesto San Giovanni,ITA,1
2769,St. Francisville,USA,1
2770,Voiron,FRA,1
2771,Sestri Ponente,ITA,1
2772,Setcases,ESP,1
2773,Seneffe,BEL,1
2774,Senden,DEU,1
2775,Senago,ITA,1
2776,Seefeld in Tirol,AUT,1
2777,Steinfort,LUX,1
2778,Sculthorpe,GBR,1
2779,Scunthorpe,GBR,1
2780,Seal Beach,USA,1
2781,Seasalter,GBR,1
2782,Steinenbronn,DEU,1
2783,Stein am Rhein,CHE,1
2784,Seaview,GBR,1
2785,Walchwil,CHE,1
2786,Steige,FRA,1
2787,Sedella,ESP,1
2788,Steenwijk,NLD,1
2789,Seesen,DEU,1
2790,Semur-en-Auxois,FRA,1
2791,Seggiano,ITA,1
2792,Steenbergen,NLD,1
2793,Seguin,USA,1
2794,Seignosse,FRA,1
2795,Selva,ESP,1
2796,Selva Malvezzi,ITA,1
2797,Starnberg,DEU,1
2798,Stari Grad,HRV,1
2799,Waidhofen an der Thaya,AUT,1
2800,Selzen,DEU,1
2801,Semblançay,FRA,1
2802,Semproniano,ITA,1
2803,Salach,DEU,1
2804,Sala Baganza,ITA,1
2805,Toscolano-Maderno,ITA,1
2806,Rosenau,FRA,1
2807,Rognano,ITA,1
2808,Rognes,FRA,1
2809,Rohan,FRA,1
2810,Rohrendorf bei Krems,AUT,1
2811,Roletto,ITA,1
2812,Rolleboise,FRA,1
2813,Romano d'Ezzelino,ITA,1
2814,Romans-sur-Isère,FRA,1
2815,Romanyà de la Selva,ESP,1
2816,Romeno,ITA,1
2817,Todi,ITA,1
2818,Toceno,ITA,1
2819,Roncade,ITA,1
2820,Whitebrook,GBR,1
2821,Toblach,ITA,1
2822,Tlalpan,MEX,1
2823,Ronco sopra Ascona,CHE,1
2824,Tixkokob,MEX,1
2825,Ronse,BEL,1
2826,Roosdaal,BEL,1
2827,Villeneuve-de-Berg,FRA,1
2828,Roosendaal,NLD,1
2829,Roppenheim,FRA,1
2830,Roquemaure,FRA,1
2831,Rorschacherberg,CHE,1
2832,Roscoff,FRA,1
2833,Whitby,GBR,1
2834,Roeser,LUX,1
2835,Whitstable,GBR,1
2836,Rodik,SVN,1
2837,Tolosa,ESP,1
2838,Rivalta Trebbia,ITA,1
2839,Rivalto,ITA,1
2840,Rivanazzano Terme,ITA,1
2841,Rivarolo Canavese,ITA,1
2842,Rivesaltes,FRA,1
2843,Rivisondoli,ITA,1
2844,Rivière-du-Loup,CAN,1
2845,Tomball,USA,1
2846,Rivodutri,ITA,1
2847,Rivoli,ITA,1
2848,Rixheim,FRA,1
2849,Roanne,FRA,1
2850,Robbiate,ITA,1
2851,Todtnau,DEU,1
2852,Robbio,ITA,1
2853,Roccaraso,ITA,1
2854,Rocella Jonica,ITA,1
2855,Wierre-Effroy,FRA,1
2856,Rochechouart,FRA,1
2857,Rochecorbon,FRA,1
2858,Tolentino,ITA,1
2859,Wierde,BEL,1
2860,Rochefort,BEL,1
2861,Toernich,BEL,1
2862,Wieden,DEU,1
2863,Rodengo Saiano,ITA,1
2864,Titchwell,GBR,1
2865,Rosenberg,DEU,1
2866,Tomelloso,ESP,1
2867,Tiszalök,HUN,1
2868,Tilff,BEL,1
2869,Roundwood,IRL,1
2870,Tihany,HUN,1
2871,Villers-le-Bouillet,BEL,1
2872,Rouvres-en-Xaintois,FRA,1
2873,Rovato,ITA,1
2874,Westport,IRL,1
2875,Tigliole,ITA,1
2876,Rowland Heights,USA,1
2877,Rowsley,GBR,1
2878,Royal Leamington Spa,GBR,1
2879,Tielt-Winge,BEL,1
2880,Royan,FRA,1
2881,Royat,FRA,1
2882,Tiefenbronn,DEU,1
2883,Ticehurst,GBR,1
2884,Ticciano,ITA,1
2885,Thônex,CHE,1
2886,Westouter,BEL,1
2887,Rubbianino,ITA,1
2888,Villers-le-Lac,FRA,1
2889,Ruda,ITA,1
2890,Ruderting,DEU,1
2891,Rueda,ESP,1
2892,Westmount,CAN,1
2893,Thun,CHE,1
2894,Thuin,BEL,1
2895,Timmendorfer Strand,DEU,1
2896,Tinnum,DEU,1
2897,Rouffiac-Tolosan,FRA,1
2898,Rot am See,DEU,1
2899,Roseto degli Abruzzi,ITA,1
2900,Whatcote,GBR,1
2901,Villeneuve-le-Comte,FRA,1
2902,Tisens,ITA,1
2903,Roseville,USA,1
2904,Rosières,BEL,1
2905,Rossatz,AUT,1
2906,Rossinière,CHE,1
2907,Tisbury,GBR,1
2908,Rostock,DEU,1
2909,Roswell,USA,1
2910,Tirol,ITA,1
2911,Weymouth,GBR,1
2912,Rouffach,FRA,1
2913,Rotonda,ITA,1
2914,Villeneuve-lès-Avignon,FRA,1
2915,Weyersheim,FRA,1
2916,Rotselaar,BEL,1
2917,Weybourne,GBR,1
2918,Villerest,FRA,1
2919,Rottevalle,NLD,1
2920,Rottofreno,ITA,1
2921,Roubion,FRA,1
2922,Wetteren,BEL,1
2923,Roucourt,BEL,1
2924,Tintern,GBR,1
2925,Riva di Solto,ITA,1
2926,Riudoms,ESP,1
2927,Ruffano,ITA,1
2928,Rennweg am Katschberg,AUT,1
2929,Wilsele,BEL,1
2930,Torrita di Siena,ITA,1
2931,Torridon,GBR,1
2932,Reguengos de Monsaraz,PRT,1
2933,Torriana,ITA,1
2934,Rehaupal,FRA,1
2935,Torrenueva,ESP,1
2936,Torregrotta,ITA,1
2937,Reichenau Insel,DEU,1
2938,Reichenbach,CHE,1
2939,Reignier,FRA,1
2940,Reijmerstok,NLD,1
2941,Wilrijk,BEL,1
2942,Torrechiara,ITA,1
2943,Villedieu,FRA,1
2944,Reith bei Seefeld,AUT,1
2945,Rekem,BEL,1
2946,Torre di Palme,ITA,1
2947,Rekkem,BEL,1
2948,Remchingen,DEU,1
2949,Remiremont,FRA,1
2950,Sowerby Bridge,GBR,1
2951,Willemstad,NLD,1
2952,Renaison,FRA,1
2953,Torre del Lago Puccini,ITA,1
2954,Rende,ITA,1
2955,Renescure,FRA,1
2956,Wilthen,DEU,1
2957,Regensberg,CHE,1
2958,Rees am Rhein,DEU,1
2959,Winchcombe,GBR,1
2960,Winchester,GBR,1
2961,Rapallo,ITA,1
2962,Rapolano Terme,ITA,1
2963,Rassing,AUT,1
2964,Rastignano,ITA,1
2965,Rathangan,IRL,1
2966,Ratshausen,DEU,1
2967,Rattlesden,GBR,1
2968,Rauhenebrach,DEU,1
2969,Rauris,AUT,1
2970,Ravalle,ITA,1
2971,Ravarino,ITA,1
2972,Wimpassing an der Leitha,AUT,1
2973,Redwood City,USA,1
2974,Ravenstein,NLD,1
2975,Raveo,ITA,1
2976,Ravina,ITA,1
2977,Raxó,ESP,1
2978,Rayol-Canadel-sur-Mer,FRA,1
2979,Tortoreto,ITA,1
2980,Villeblevin,FRA,1
2981,Villecresnes,FRA,1
2982,Rebordinho,PRT,1
2983,Recanati,ITA,1
2984,Torroja del Priorat,ESP,1
2985,Recorfano,ITA,1
2986,Wilhelminadorp,NLD,1
2987,Replonges,FRA,1
2988,Wigoltingen,CHE,1
2989,Torrazza Coste,ITA,1
2990,Torano Nuovo,ITA,1
2991,Riedenburg,DEU,1
2992,Riedisheim,FRA,1
2993,Wildberg,DEU,1
2994,Riemenstalden,CHE,1
2995,Rietberg,DEU,1
2996,Riethoven,NLD,1
2997,Rieti,ITA,1
2998,Wijk bij Duurstede,NLD,1
2999,Tongerlo,BEL,1
3000,Rijeka,HRV,1
3001,Villegenon,FRA,1
3002,Rijswijk,NLD,1
3003,Rimbach-près-Guebwiller,FRA,1
3004,Rimington,GBR,1
3005,Villemagne-l'Argentière,FRA,1
3006,Villemur-sur-Tarn,FRA,1
3007,Wijdewormer,NLD,1
3008,Rinteln,DEU,1
3009,Riola Sardo,ITA,1
3010,Tonda,PRT,1
3011,Rion-des-Landes,FRA,1
3012,Ripley,GBR,1
3013,Ripoll,ESP,1
3014,Wihr-au-Val,FRA,1
3015,Tona,ESP,1
3016,Wigoltingen / Hasli,CHE,1
3017,Ried-Muotathal,CHE,1
3018,Riec-sur-Belon,FRA,1
3019,Ridgeway,GBR,1
3020,Villedieu-sur-Indre,FRA,1
3021,Torrance,USA,1
3022,Torquay,GBR,1
3023,Rethondes,FRA,1
3024,Rettenbach,DEU,1
3025,Wildschönau,AUT,1
3026,Torno,ITA,1
3027,Wildemann,DEU,1
3028,Revere,ITA,1
3029,Revigliasco,ITA,1
3030,Revine,ITA,1
3031,Rexingen,FRA,1
3032,Reyrieux,FRA,1
3033,Rheine,DEU,1
3034,Richterswil,CHE,1
3035,Rheineck,CHE,1
3036,Torhout,BEL,1
3037,Rhenen,NLD,1
3038,Villefranche-sur-Mer,FRA,1
3039,Rhinau,FRA,1
3040,Torgiano,ITA,1
3041,Ribadeo,ESP,1
3042,Torcé,FRA,1
3043,Torbiato,ITA,1
3044,Richardménil,FRA,1
3045,Richelieu,FRA,1
3046,Richerenches,FRA,1
3047,Westminster,USA,1
3048,Ruiloba,ESP,1
3049,Tarcal,HUN,1
3050,Saint-Paul-Trois-Châteaux,FRA,1
3051,Saint-Légier,CHE,1
3052,Saint-Léon-sur-Vézère,FRA,1
3053,Saint-Léonard,FRA,1
3054,Saint-Lô,FRA,1
3055,Tegna,CHE,1
3056,Saint-Martial-de-Nabirat,FRA,1
3057,Teglio,ITA,1
3058,Saint-Martin-d'Uriage,FRA,1
3059,Tecate,MEX,1
3060,Taylor,USA,1
3061,Taxenbach,AUT,1
3062,Saint-Martin-du-Tertre,FRA,1
3063,Saint-Martin-sur-la-Chambre,FRA,1
3064,Saint-Mathieu-du-Parc,CAN,1
3065,Saint-Maurice,FRA,1
3066,Saint-Maximin,FRA,1
3067,Saint-Michel-Chef-Chef,FRA,1
3068,Saint-Mont,FRA,1
3069,Saint-Médard,BEL,1
3070,Saint-Médard,FRA,1
3071,Wels,AUT,1
3072,Tavistock,GBR,1
3073,Wells,GBR,1
3074,Villevieille,FRA,1
3075,Wellen,BEL,1
3076,Saint-Omer-en-Chaussée,FRA,1
3077,Saint-Ouen-les-Vignes,FRA,1
3078,Saint-Lunaire,FRA,1
3079,Saint-Louis,FRA,1
3080,Saint-Lizier,FRA,1
3081,Saint-Jean-le-Thomas,FRA,1
3082,Saint-Hilaire-d'Ozilhan,FRA,1
3083,Saint-Hilaire-de-Brethmas,FRA,1
3084,Saint-Irénée,CAN,1
3085,Tella,ESP,1
3086,Telfs,AUT,1
3087,Saint-Jean-Pied-de-Port,FRA,1
3088,Weppersdorf,AUT,1
3089,Saint-Jean-d'Arvey,FRA,1
3090,Saint-Jean-de-Blaignac,FRA,1
3091,Wengi bei Büren,CHE,1
3092,Saint-Jean-de-Sixt,FRA,1
3093,Saint-Jean-de-Trézy,FRA,1
3094,Saint-Joachim,FRA,1
3095,Saint-Lieux-lès-Lavaur,FRA,1
3096,Teisnach,DEU,1
3097,Saint-Julien-de-Concelles,FRA,1
3098,Teisendorf,DEU,1
3099,Saint-Julien-en-Vercors,FRA,1
3100,Teguise,ESP,1
3101,Saint-Junien,FRA,1
3102,Saint-Justin,FRA,1
3103,Wemmel,BEL,1
3104,Saint-Langis-lès-Mortagne,FRA,1
3105,Saint-Lary-Soulan,FRA,1
3106,Saint-Laurent-sur-Saône,FRA,1
3107,Saint-Laurent-sur-Sèvre,FRA,1
3108,Saint-Pair-sur-Mer,FRA,1
3109,Saint-Paul-en-Jarez,FRA,1
3110,Saint-Gély-du-Fesc,FRA,1
3111,Saint-Paul-lès-Dax,FRA,1
3112,Saint-Valery-sur-Somme,FRA,1
3113,Saint-Vincent,ITA,1
3114,Saint-Vincent-de-Tyrosse,FRA,1
3115,Saint-Vit,FRA,1
3116,Saint-Vrain,FRA,1
3117,Vilvoorde,BEL,1
3118,Saint-Yrieix-la-Perche,FRA,1
3119,Saint-Étienne-de-Baïgorry,FRA,1
3120,Weiswampach,LUX,1
3121,Saint-Étienne-du-Vauvray,FRA,1
3122,Sainte-Anne-d'Auray,FRA,1
3123,Sainte-Anne-de-Beaupré,CAN,1
3124,Sainte-Cécile,FRA,1
3125,Sainte-Cécile-les-Vignes,FRA,1
3126,Tarquinia,ITA,1
3127,Tarnów,POL,1
3128,Tariego de Cerrato,ESP,1
3129,Sainte-Foy-la-Grande,FRA,1
3130,Sainte-Geneviève-des-Bois,FRA,1
3131,Sainte-Geneviève-sur-Argence,FRA,1
3132,Weissenstadt,DEU,1
3133,Sainte-Marie,CAN,1
3134,Sainte-Marie-de-Ré,FRA,1
3135,Sainte-Maure,FRA,1
3136,Sainte-Perpétue,CAN,1
3137,Sainte-Preuve,FRA,1
3138,Sainte-Sabine,FRA,1
3139,Saint-Valentin,FRA,1
3140,Saint-Vaast-la-Hougue,FRA,1
3141,Villány,HUN,1
3142,Saint-Quentin-sur-le-Homme,FRA,1
3143,Saint-Pierre-Quiberon,FRA,1
3144,Welland,GBR,1
3145,Saint-Pierre-d'Oléron,FRA,1
3146,Saint-Pierre-de-Jards,FRA,1
3147,Saint-Pol-de-Léon,FRA,1
3148,Saint-Priest,FRA,1
3149,Tavernerio,ITA,1
3150,Tavel,FRA,1
3151,Tavarnelle Val di Pesa,ITA,1
3152,Tavagnacco,ITA,1
3153,Taunton,GBR,1
3154,Saint-Pée-sur-Nivelle,FRA,1
3155,Saint-Quirin,FRA,1
3156,Saint-Théoffrey,FRA,1
3157,Villingen-Schwenningen,DEU,1
3158,Saint-Raphaël,FRA,1
3159,Saint-Robert,FRA,1
3160,Saint-Rogatien,FRA,1
3161,Weißenbrunn,DEU,1
3162,Saint-Romain,FRA,1
3163,Saint-Rémy,FRA,1
3164,Saint-Saturnin,FRA,1
3165,Saint-Sauveur,CAN,1
3166,Villoldo,ESP,1
3167,Saint-Siffret,FRA,1
3168,Saint-Symphorien,BEL,1
3169,Werder,DEU,1
3170,Saint-Grégoire,FRA,1
3171,Ruiselede,BEL,1
3172,Saint-Alban-les-Eaux,FRA,1
3173,Rüdesheim am Rhein,DEU,1
3174,Thisnes,BEL,1
3175,S'Agaró,ESP,1
3176,Thionville,FRA,1
3177,Thalwil,CHE,1
3178,Saarburg,DEU,1
3179,Saarlouis,DEU,1
3180,Saas-Fee,CHE,1
3181,Teufen,CHE,1
3182,Tessenderlo,BEL,1
3183,Saché,FRA,1
3184,Safety Harbor,USA,1
3185,Sagunt,ESP,1
3186,Sagàs,ESP,1
3187,Sailhan,FRA,1
3188,Saillon,CHE,1
3189,Sailly-sur-la-Lys,FRA,1
3190,Saint Aubin,GBR,1
3191,Terrasson-Lavilledieu,FRA,1
3192,Saint Brelade,GBR,1
3193,Villers-sur-Lesse,BEL,1
3194,West Hoathly,GBR,1
3195,Saint Issey,GBR,1
3196,Saint Lorenzen,ITA,1
3197,West Harrison,USA,1
3198,Saint Saviour,GBR,1
3199,Saint-Affrique,FRA,1
3200,Thoiry,FRA,1
3201,Rønne,DNK,1
3202,Rønde,DNK,1
3203,Rye,USA,1
3204,Runate,ITA,1
3205,Rungis,FRA,1
3206,Thuillies,BEL,1
3207,Thorpe Market,GBR,1
3208,Rutesheim,DEU,1
3209,Rutherford,USA,1
3210,Thornton,GBR,1
3211,Ruvo di Puglia,ITA,1
3212,Ryde,GBR,1
3213,Rydöbruk,SWE,1
3214,Westkapelle,BEL,1
3215,Rye,GBR,1
3216,Westgate-on-Sea,GBR,1
3217,Röthenbach an der Pegnitz,DEU,1
3218,Rábade,ESP,1
3219,Thoricourt,BEL,1
3220,Ráfales,ESP,1
3221,Rátka,HUN,1
3222,Rémalard-en-Perche,FRA,1
3223,Thorembais-les-Béguines,BEL,1
3224,Westendorf,AUT,1
3225,Thonac,FRA,1
3226,Réveillon,FRA,1
3227,Thomastown,IRL,1
3228,Westende,BEL,1
3229,West Mersea,GBR,1
3230,Saint-Aignan,FRA,1
3231,Saint-Ambroise-de-Kildare,CAN,1
3232,Saint-Girons,FRA,1
3233,Saint-Amour-Bellevue,FRA,1
3234,Tencin,FRA,1
3235,Saint-Didier-au-Mont-d'Or,FRA,1
3236,Saint-Didier-de-la-Tour,FRA,1
3237,Saint-Donat-sur-l'Herbasse,FRA,1
3238,Tenby,GBR,1
3239,Saint-Eustache,CAN,1
3240,Saint-Flour,FRA,1
3241,Saint-Forgeux-Lespinasse,FRA,1
3242,Saint-Félix-Lauragais,FRA,1
3243,Saint-Galmier,FRA,1
3244,Saint-Genis-Laval,FRA,1
3245,Saint-Georges,CAN,1
3246,Saint-Georges-d'Oléron,FRA,1
3247,Saint-Georges-de-Reintembault,FRA,1
3248,Saint-Georges-sur-Cher,FRA,1
3249,Tenbury Wells,GBR,1
3250,Saint-Georges-sur-Meuse,BEL,1
3251,Saint-Germain,FRA,1
3252,Saint-Germain-des-Vaux,FRA,1
3253,Temploux,BEL,1
3254,Werken,BEL,1
3255,Saint-Germain-lès-Arlay,FRA,1
3256,Veuil,FRA,1
3257,Saint-Gervais-sur-Mare,FRA,1
3258,Temple City,USA,1
3259,Werfen,AUT,1
3260,Saint-Gilles-Croix-de-Vie,FRA,1
3261,Saint-Denis-lès-Bourg,FRA,1
3262,Saint-Denis-le-Vêtu,FRA,1
3263,Saint-Denis-d'Oléron,FRA,1
3264,Saint-Bonnet-les-Oules,FRA,1
3265,Saint-André-de-Cubzac,FRA,1
3266,Terranova di Pollino,ITA,1
3267,Saint-André-lez-Lille,FRA,1
3268,Terracina,ITA,1
3269,Saint-Antonin-du-Var,FRA,1
3270,Saint-Astier,FRA,1
3271,Saint-Aubin,FRA,1
3272,Saint-Avé,FRA,1
3273,Saint-Benoît-sur-Loire,FRA,1
3274,Saint-Blaise,CHE,1
3275,Wervershoof,NLD,1
3276,Wertingen,DEU,1
3277,Termeno sulla Strada del Vino,ITA,1
3278,Wernberg-Köblitz,DEU,1
3279,Teolo,ITA,1
3280,Saint-Béron,FRA,1
3281,Saint-Cannat,FRA,1
3282,Saint-Cast-le-Guildo,FRA,1
3283,Villeréal,FRA,1
3284,Saint-Chamas,FRA,1
3285,Tenterden,GBR,1
3286,Tengen,DEU,1
3287,Saint-Cirq-Lapopie,FRA,1
3288,Saint-Crépin,FRA,1
3289,Saint-Cyprien,FRA,1
3290,Saint-Cyr-sur-Mer,FRA,1
3291,Wergea,NLD,1
3292,Machilly,FRA,1
3293,Mountsorrel,GBR,1
3294,Chevannes,FRA,1
3295,Chies d'Alpago,ITA,1
3296,Chieming,DEU,1
3297,Chiasso-Seseglio,CHE,1
3298,Chiaramonte Gulfi,ITA,1
3299,Chexbres,CHE,1
3300,Chew Magna,GBR,1
3301,Chevreuse,FRA,1
3302,Chevagny-les-Chevrières,FRA,1
3303,Châtel-Guyon,FRA,1
3304,Cheste,ESP,1
3305,Cheseaux-Noréaz,CHE,1
3306,Cherisy,FRA,1
3307,Cherbourg-en-Cotentin,FRA,1
3308,Cherasco,ITA,1
3309,Chenonceaux,FRA,1
3310,Chelsworth,GBR,1
3311,Chiesa in Valmalenco,ITA,1
3312,Chieti,ITA,1
3313,Chigny-les-Roses,FRA,1
3314,Chilleurs-aux-Bois,FRA,1
3315,Châteaubriant,FRA,1
3316,Château-d'Olonne,FRA,1
3317,Château-Thébaud,FRA,1
3318,Château-Arnoux-Saint-Auban,FRA,1
3319,Chur,CHE,1
3320,Chrudim,CZE,1
3321,Chorey-lès-Beaune,FRA,1
3322,Cholula de Rivadavia,MEX,1
3323,Chocholá,MEX,1
3324,Chiusdino,ITA,1
3325,Chipiona,ESP,1
3326,Chioggia,ITA,1
3327,Chinnor,GBR,1
3328,Chingford,GBR,1
3329,Chimiche,ESP,1
3330,Cheddleton,GBR,1
3331,Chazelles-sur-Lyon,FRA,1
3332,Chaumousey,FRA,1
3333,Champdieu,FRA,1
3334,Chamesol,FRA,1
3335,Chambolle-Musigny,FRA,1
3336,Chamagne,FRA,1
3337,Cham,DEU,1
3338,Chaintré,FRA,1
3339,Chahaignes,FRA,1
3340,Chagny,FRA,1
3341,Chagford,GBR,1
3342,Chabanais,FRA,1
3343,Cevins,FRA,1
3344,Ceutí,ESP,1
3345,Cetona,ITA,1
3346,Cestas,FRA,1
3347,Cervia,ITA,1
3348,Cervesina,ITA,1
3349,Champagne,CHE,1
3350,Champex-Lac,CHE,1
3351,Chaumont-Gistoux,BEL,1
3352,Champillon,FRA,1
3353,Chasseneuil-sur-Bonnieure,FRA,1
3354,Chasselay,FRA,1
3355,Chasse-sur-Rhône,FRA,1
3356,Chassagne-Montrachet,FRA,1
3357,Charols,FRA,1
3358,Charneux,BEL,1
3359,Charmey,CHE,1
3360,Charmes-sur-Rhône,FRA,1
3361,Charlieu,FRA,1
3362,Chardonne,CHE,1
3363,Chapelle-lez-Herlaimont,BEL,1
3364,Chapel-en-le-Frith,GBR,1
3365,Chantilly,FRA,1
3366,Champéry,CHE,1
3367,Champlive,FRA,1
3368,Châteauneuf-de-Gadagne,FRA,1
3369,Châtelet,BEL,1
3370,Cerritos,USA,1
3371,Commezzadura,ITA,1
3372,Cong,IRL,1
3373,Condorcet,FRA,1
3374,Condom,FRA,1
3375,Conches,CHE,1
3376,Conca dei Marini,ITA,1
3377,Comporta,PRT,1
3378,Compiègne,FRA,1
3379,Comines,BEL,1
3380,Chéserex,CHE,1
3381,Combrit,FRA,1
3382,Comblain-la-Tour,BEL,1
3383,Comblain-au-Pont,BEL,1
3384,Combeaufontaine,FRA,1
3385,Comano,CHE,1
3386,Coly-Saint-Amand,FRA,1
3387,Colwyn Bay,GBR,1
3388,Conil de la Frontera,ESP,1
3389,Conne-de-Labarde,FRA,1
3390,Consuegra,ESP,1
3391,Contes,FRA,1
3392,Corneilla-del-Vercol,FRA,1
3393,Cormons,ITA,1
3394,Cormery,FRA,1
3395,Coriano Veronese,ITA,1
3396,Coriano,ITA,1
3397,Corenc,FRA,1
3398,Cordova,USA,1
3399,Corciano,ITA,1
3400,Corbion,BEL,1
3401,Corbeil-Essonnes,FRA,1
3402,Cookshire-Eaton,CAN,1
3403,Conwy,GBR,1
3404,Conversano,ITA,1
3405,Contres,FRA,1
3406,Contigliano,ITA,1
3407,Colston Bassett,GBR,1
3408,Coloreto,ITA,1
3409,Colomiers,FRA,1
3410,Clonegall,IRL,1
3411,Clipsham,GBR,1
3412,Cliousclat,FRA,1
3413,Clara,FRA,1
3414,Clairefontaine-en-Yvelines,FRA,1
3415,Civitella del Lago,ITA,1
3416,Civitavecchia,ITA,1
3417,Cividale del Friuli,ITA,1
3418,City of Kingston-upon-Hull,GBR,1
3419,Ciriè,ITA,1
3420,Cioccaro,ITA,1
3421,Ciney,BEL,1
3422,Cieurac,FRA,1
3423,Ciekocinko,POL,1
3424,Cicognolo,ITA,1
3425,Chía,ESP,1
3426,Clisson,FRA,1
3427,Cluny,FRA,1
3428,Colombières-sur-Orb,FRA,1
3429,Clusone,ITA,1
3430,Colombey-les-Deux-Églises,FRA,1
3431,Colombes,FRA,1
3432,Colognola ai Colli,ITA,1
3433,Colmenar Viejo,ESP,1
3434,Collonges-au-Mont-d'Or,FRA,1
3435,Collonge-Bellerive,CHE,1
3436,Collebeato,ITA,1
3437,Colle,ITA,1
3438,Collado Mediano,ESP,1
3439,Coligny,FRA,1
3440,Col de la Schlucht,FRA,1
3441,Col San Martino,ITA,1
3442,Cocurès,FRA,1
3443,Cocoa Beach,USA,1
3444,Coburg,DEU,1
3445,Cervere,ITA,1
3446,Cerreto Guidi,ITA,1
3447,Callas,FRA,1
3448,Carignan,FRA,1
3449,Carona,ITA,1
3450,Caromb,FRA,1
3451,Carnello,ITA,1
3452,Carmignano di Brenta,ITA,1
3453,Carmel Valley,USA,1
3454,Carmaux,FRA,1
3455,Cariñena,ESP,1
3456,Carhaix-Plouguer,FRA,1
3457,Cassinetta di Lugagnano,ITA,1
3458,Cardonald,GBR,1
3459,Cardigan,GBR,1
3460,Cardano,ITA,1
3461,Carcaixent,ESP,1
3462,Carballo,ESP,1
3463,Caravaggio,ITA,1
3464,Carasa,ESP,1
3465,Carpaneto Piacentino,ITA,1
3466,Carquefou,FRA,1
3467,Carrick-on-Shannon,IRL,1
3468,Carrickmacross,IRL,1
3469,Casole d'Elsa,ITA,1
3470,Casares,ESP,1
3471,Casanova di Terricciola,ITA,1
3472,Casalgrande,ITA,1
3473,Casaglia,ITA,1
3474,Carvalhal,PRT,1
3475,Cartosio,ITA,1
3476,Cartes,ESP,1
3477,Cartaya,ESP,1
3478,Cartagena,ESP,1
3479,Carspach,FRA,1
3480,Carsoli,ITA,1
3481,Carsac-Aillac,FRA,1
3482,Carrù,ITA,1
3483,Carry-le-Rouet,FRA,1
3484,Carantec,FRA,1
3485,Caramanico Terme,ITA,1
3486,Capriate San Gervasio,ITA,1
3487,Camposampiero,ITA,1
3488,Campogalliano,ITA,1
3489,Campiglia Cervo,ITA,1
3490,Campbell,USA,1
3491,Campagnola Cremasca,ITA,1
3492,Cambridge,CAN,1
3493,Cambrai,FRA,1
3494,Camber,GBR,1
3495,Camariñas,ESP,1
3496,Calvisson,FRA,1
3497,Calvi,FRA,1
3498,Caluso,ITA,1
3499,Caluire-et-Cuire,FRA,1
3500,Caltignaga,ITA,1
3501,Caltanissetta,ITA,1
3502,Calonge,ESP,1
3503,Campos,ESP,1
3504,Camprodon,ESP,1
3505,Capriata d'Orba,ITA,1
3506,Canale d'Agordo,ITA,1
3507,Capri Leone,ITA,1
3508,Caprarola,ITA,1
3509,Capoterra,ITA,1
3510,Capolago,ITA,1
3511,Capodimonte,ITA,1
3512,Capodacqua,ITA,1
3513,Capelle aan den IJssel,NLD,1
3514,Capel Dewi,GBR,1
3515,Capaccio,ITA,1
3516,Cantanhede,PRT,1
3517,Cannara,ITA,1
3518,Canfranc-Estación,ESP,1
3519,Canet de Mar,ESP,1
3520,Candé-sur-Beuvron,FRA,1
3521,Candia Canavese,ITA,1
3522,Cassel,FRA,1
3523,Cassino,ITA,1
3524,Cermes,ITA,1
3525,Caurel,FRA,1
3526,Cavatore,ITA,1
3527,Cavan,IRL,1
3528,Cavallino,ITA,1
3529,Cavaion Veronese,ITA,1
3530,Cavaglià,ITA,1
3531,Cava de' Tirreni,ITA,1
3532,Caux,FRA,1
3533,Castéra-Verduzan,FRA,1
3534,Castagnito d'Alba,ITA,1
3535,Castroverde de Campos,ESP,1
3536,Castrocaro Terme,ITA,1
3537,Castrillo de los Polvazares,ESP,1
3538,Castrillo de Duero,ESP,1
3539,Castrelo do Val,ESP,1
3540,Castor,GBR,1
3541,Castlemartyr,IRL,1
3542,Cavazzo Carnico,ITA,1
3543,Cavernago,ITA,1
3544,Caëstre,FRA,1
3545,Cecina,ITA,1
3546,Cerklje na Gorenjskem,SVN,1
3547,Cerignola,ITA,1
3548,Cereceda,ESP,1
3549,Cerdanyola del Vallès,ESP,1
3550,Cercoux,FRA,1
3551,Cercié,FRA,1
3552,Cercemaggiore,ITA,1
3553,Centovalli/Intragna,CHE,1
3554,Cenlle,ESP,1
3555,Cenes de la Vega,ESP,1
3556,Cellettes,FRA,1
3557,Celle Ligure,ITA,1
3558,Celerina,CHE,1
3559,Ceintrey,FRA,1
3560,Ceglie Messapica,ITA,1
3561,Castiglione del Lago,ITA,1
3562,Castiglione Falletto,ITA,1
3563,Castelvetro di Modena,ITA,1
3564,Casteljaloux,FRA,1
3565,Castelfranco Emilia,ITA,1
3566,Castelculier,FRA,1
3567,Castelbianco,ITA,1
3568,Castelbello,ITA,1
3569,Castel del Giudice,ITA,1
3570,Castel Toblino,ITA,1
3571,Castel San Pietro Terme,ITA,1
3572,Castel San Pietro,CHE,1
3573,Castel Mella,ITA,1
3574,Castel Maggiore,ITA,1
3575,Castel Giorgio,ITA,1
3576,Casteggio,ITA,1
3577,Casteau,BEL,1
3578,Castanet-Tolosan,FRA,1
3579,Castagnole Piemonte,ITA,1
3580,Castelfranco Veneto,ITA,1
3581,Castellammare del Golfo,ITA,1
3582,Castelo de Paiva,PRT,1
3583,Castellammare di Stabia,ITA,1
3584,Castelnuovo Belbo,ITA,1
3585,Castelnovo di Sotto,ITA,1
3586,Castelnovo di Baganzola,ITA,1
3587,Castelnau-le-Lez,FRA,1
3588,Castelnau-de-Montmiral,FRA,1
3589,Castelnau-de-Lévis,FRA,1
3590,Castelmoron-sur-Lot,FRA,1
3591,Castelmezzano,ITA,1
3592,Castellina in Chianti,ITA,1
3593,Castellina Marittima,ITA,1
3594,Castelletto sopra Ticino,ITA,1
3595,Castelletto di Brenzone,ITA,1
3596,Castelldefels,ESP,1
3597,Castellbisbal,ESP,1
3598,Castellar del Vallès,ESP,1
3599,Cornelius,USA,1
3600,Cornellà del Terri,ESP,1
3601,Cornier,FRA,1
3602,Edegem,BEL,1
3603,Eischen,LUX,1
3604,Eichstätt,DEU,1
3605,Ehningen,DEU,1
3606,Eger,HUN,1
3607,Efringen-Kirchen,DEU,1
3608,Eersel,NLD,1
3609,Edgworth,GBR,1
3610,Ede,NLD,1
3611,Elmshorn,DEU,1
3612,Eckington,GBR,1
3613,Echt,NLD,1
3614,Eboli,ITA,1
3615,Ebersecken,CHE,1
3616,Ebeltoft,DNK,1
3617,Ebbs,AUT,1
3618,Eaucourt-sur-Somme,FRA,1
3619,Eisenach,DEU,1
3620,Eisenstadt,AUT,1
3621,Ejea de los Caballeros,ESP,1
3622,El Cerrito,USA,1
3623,Ellwangen,DEU,1
3624,Ellmau,AUT,1
3625,Ellastone,GBR,1
3626,Ellange,LUX,1
3627,Elk,USA,1
3628,Eldersfield,GBR,1
3629,Elciego,ESP,1
3630,El Sauzal de Rodríguez,MEX,1
3631,El Sauzal,ESP,1
3632,El Rocío,ESP,1
3633,El Puerto de Santa María,ESP,1
3634,El Pinós,ESP,1
3635,El Pescadero,MEX,1
3636,El Masnou,ESP,1
3637,El Granada,USA,1
3638,Eastermar,NLD,1
3639,Eastchester,USA,1
3640,East Wallhouses,GBR,1
3641,Duiven,NLD,1
3642,Duggendorf,DEU,1
3643,Duffel,BEL,1
3644,Dudeldorf,DEU,1
3645,Druten,NLD,1
3646,Drusenheim,FRA,1
3647,Drummondville,CAN,1
3648,Drighlington,GBR,1
3649,Driebergen-Rijsenburg,NLD,1
3650,Drena,ITA,1
3651,Dreis,DEU,1
3652,Dracy-le-Fort,FRA,1
3653,Dovera,ITA,1
3654,Douvres-la-Delivrande,FRA,1
3655,Douvaine,FRA,1
3656,Douarnenez,FRA,1
3657,Duingt,FRA,1
3658,Dullin,FRA,1
3659,East Mersea,GBR,1
3660,Dumfries,GBR,1
3661,East Grinstead,GBR,1
3662,East End,GBR,1
3663,East Chisenbury,GBR,1
3664,Děčín,CZE,1
3665,Dürnstein,AUT,1
3666,Dánszentmiklós,HUN,1
3667,Durbach,DEU,1
3668,Dunmore,IRL,1
3669,Dunkirk,FRA,1
3670,Dunières,FRA,1
3671,Dungarvan,IRL,1
3672,Dundrum,GBR,1
3673,Dundalk,IRL,1
3674,Duncannon,IRL,1
3675,Dun Laoghaire,IRL,1
3676,Elmsford,USA,1
3677,Elsegem,BEL,1
3678,Cornudella de Montsant,ESP,1
3679,Eugendorf,AUT,1
3680,Eyragues,FRA,1
3681,Eygalières,FRA,1
3682,Eybens,FRA,1
3683,Exeter,GBR,1
3684,Ewell,GBR,1
3685,Evreux,FRA,1
3686,Euskirchen,DEU,1
3687,Esztergom,HUN,1
3688,Elverdinge,BEL,1
3689,Esvres-sur-Indre,FRA,1
3690,Estella,ESP,1
3691,Este,ITA,1
3692,Estavannens,CHE,1
3693,Esslingen am Neckar,DEU,1
3694,Espelette,FRA,1
3695,Esparron,FRA,1
3696,Fabbrico,ITA,1
3697,Faenza,ITA,1
3698,Fagagna,ITA,1
3699,Fagnano,ITA,1
3700,Feldkirch,AUT,1
3701,Feldberger Seenlandschaft,DEU,1
3702,Feldbach,FRA,1
3703,Fayence,FRA,1
3704,Favières,FRA,1
3705,Faulquemont,FRA,1
3706,Fasano del Garda,ITA,1
3707,Fasano,ITA,1
3708,Farsø,DNK,1
3709,Farnay,FRA,1
3710,Fara Filiorum Petri,ITA,1
3711,Falset,ESP,1
3712,Falmignoul,BEL,1
3713,Falkensee,DEU,1
3714,Fairfax,USA,1
3715,Espaly-Saint-Marcel,FRA,1
3716,Esneux,BEL,1
3717,Esine,ITA,1
3718,Epwell,GBR,1
3719,Epernay,FRA,1
3720,Enter,NLD,1
3721,Ensisheim,FRA,1
3722,Enschede,NLD,1
3723,Enney,CHE,1
3724,Enkenbach-Alsenborn,DEU,1
3725,Encs,HUN,1
3726,Encinitas,USA,1
3727,Encamp,AND,1
3728,Emsdetten,DEU,1
3729,Emptinne,BEL,1
3730,Empoli,ITA,1
3731,Emmerich,DEU,1
3732,Emmenmatt,CHE,1
3733,Emblem,BEL,1
3734,Epinal,FRA,1
3735,Erbalunga,FRA,1
3736,Esher,GBR,1
3737,Erkelenz,DEU,1
3738,Escunhau,ESP,1
3739,Eschenbach,CHE,1
3740,Eschenau,AUT,1
3741,Escaldes-Engordany,AND,1
3742,Es Migjorn Gran,ESP,1
3743,Es Capdellà,ESP,1
3744,Es Caló,ESP,1
3745,Errenteria,ESP,1
3746,Ernen,CHE,1
3747,Ernage,BEL,1
3748,Erlinsbach,CHE,1
3749,Erlenbach,CHE,1
3750,Erlangen,DEU,1
3751,Erl,AUT,1
3752,Erkrath,DEU,1
3753,Douai,FRA,1
3754,Dottignies,BEL,1
3755,Dossobuono,ITA,1
3756,Crodo,ITA,1
3757,Crozant,FRA,1
3758,Croyde,GBR,1
3759,Croutelle,FRA,1
3760,Crotone,ITA,1
3761,Crosthwaite,GBR,1
3762,Cromvoirt,NLD,1
3763,Croix,FRA,1
3764,Crispiano,ITA,1
3765,Dornum,DEU,1
3766,Crillon-le-Brave,FRA,1
3767,Crikvenica,HRV,1
3768,Crieff,GBR,1
3769,Crevalcore,ITA,1
3770,Cres,HRV,1
3771,Creney-près-Troyes,FRA,1
3772,Cremona,ITA,1
3773,Crozet,FRA,1
3774,Cuddesdon,GBR,1
3775,Cudillero,ESP,1
3776,Cugand-la-Bernardière,FRA,1
3777,Céret,FRA,1
3778,Céres,ITA,1
3779,Céligny,CHE,1
3780,Câmara de Lobos,PRT,1
3781,Cuttoli,FRA,1
3782,Cutigliano,ITA,1
3783,Curis-au-Mont-d'Or,FRA,1
3784,Cureggio,ITA,1
3785,Cuq-Toulza,FRA,1
3786,Cuorgnè,ITA,1
3787,Culleredo,ESP,1
3788,Cuiseaux,FRA,1
3789,Cuijk,NLD,1
3790,Cugy,CHE,1
3791,Cugnaux,FRA,1
3792,Cremolino,ITA,1
3793,Crema,ITA,1
3794,Creemore,CAN,1
3795,Cotignac,FRA,1
3796,Costigliole d'Asti,ITA,1
3797,Costermano,ITA,1
3798,Costa Teguise,ESP,1
3799,Cossonay,CHE,1
3800,Cosgaya,ESP,1
3801,Corçà,ESP,1
3802,Corton Denham,GBR,1
3803,Cortina Vecchia,ITA,1
3804,Corte de' Cortesi,ITA,1
3805,Corte Madera,USA,1
3806,Corte Franca,ITA,1
3807,Corseaux,CHE,1
3808,Corrubbio,ITA,1
3809,Corrençon-en-Vercors,FRA,1
3810,Coronado,USA,1
3811,Coteaux-sur-Loire,FRA,1
3812,Cottbus,DEU,1
3813,Crayke,GBR,1
3814,Couilly-Pont-aux-Dames,FRA,1
3815,Crawley,GBR,1
3816,Craswall,GBR,1
3817,Crail,GBR,1
3818,Crach,FRA,1
3819,Coyoacán,MEX,1
3820,Cowley,GBR,1
3821,Couëron,FRA,1
3822,Couvin,BEL,1
3823,Coutances,FRA,1
3824,Courseulles-sur-Mer,FRA,1
3825,Courlans,FRA,1
3826,Courcelles-sur-Vesle,FRA,1
3827,Courban,FRA,1
3828,Coulombiers,FRA,1
3829,Coulanges-la-Vineuse,FRA,1
3830,Céroux,BEL,1
3831,Céré-la-Ronde,FRA,1
3832,Dachau,DEU,1
3833,Dobrovo v Brdih,SVN,1
3834,Dobiegniew,POL,1
3835,Dobbs Ferry,USA,1
3836,Divača,SVN,1
3837,Dissay,FRA,1
3838,Disentis,CHE,1
3839,Diolo,ITA,1
3840,Dingle,IRL,1
3841,Dinan,FRA,1
3842,Dima,ESP,1
3843,Dilsen,BEL,1
3844,Dilbeek,BEL,1
3845,Diksmuide,BEL,1
3846,Dikkelvenne,BEL,1
3847,Digoin,FRA,1
3848,Dietramszell,DEU,1
3849,Dobków,POL,1
3850,Dogliani,ITA,1
3851,Diest,BEL,1
3852,Dokkum,NLD,1
3853,Dorking,GBR,1
3854,Dordrecht,NLD,1
3855,Doornenburg,NLD,1
3856,Donzenac,FRA,1
3857,Donnerskirchen,AUT,1
3858,Donnemarie-Dontilly,FRA,1
3859,Donk,BEL,1
3860,Donamaria,ESP,1
3861,Dommartin-lès-Remiremont,FRA,1
3862,Domburg,NLD,1
3863,Dolus-d'Oléron,FRA,1
3864,Dolgellau,GBR,1
3865,Dolceacqua,ITA,1
3866,Dol-de-Bretagne,FRA,1
3867,Dol pri Vogljah,SVN,1
3868,Dietikon,CHE,1
3869,Diessenhofen,CHE,1
3870,Daglan,FRA,1
3871,Deal,GBR,1
3872,De Koog,NLD,1
3873,De Haan,BEL,1
3874,Daylesford,GBR,1
3875,Dax,FRA,1
3876,Davidson,USA,1
3877,Daverdisse,BEL,1
3878,Dave,BEL,1
3879,Datça,TUR,1
3880,Daroca de Rioja,ESP,1
3881,Darmstadt,DEU,1
3882,Darley Abbey,GBR,1
3883,Danjoutin,FRA,1
3884,Daly City,USA,1
3885,Dalfsen,NLD,1
3886,Daimús,ESP,1
3887,De Mortel,NLD,1
3888,Deerlijk,BEL,1
3889,Dierhagen,DEU,1
3890,Deggendorf,DEU,1
3891,Deurle,BEL,1
3892,Destin,USA,1
3893,Destelbergen,BEL,1
3894,Desenzano del Garda,ITA,1
3895,Deschambault,CAN,1
3896,Deruta,ITA,1
3897,Dermbach,DEU,1
3898,Denzlingen,DEU,1
3899,Dendermonde,BEL,1
3900,Demigny,FRA,1
3901,Delme,FRA,1
3902,Delden,NLD,1
3903,Del Mar,USA,1
3904,Deià,ESP,1
3905,Deisenhofen,DEU,1
3906,Calldetenes,ESP,1
3907,Calistoga,USA,1
3908,Mount Kisco,USA,1
3909,Ath,BEL,1
3910,Attiches,FRA,1
3911,Attard,MLT,1
3912,Atrani,ITA,1
3913,Atlixco,MEX,1
3914,Atlantic Beach,USA,1
3915,Athlone,IRL,1
3916,Atherton,USA,1
3917,Astoria,USA,1
3918,Auzouville-sur-Saâne,FRA,1
3919,Astorga,ESP,1
3920,Asperg,DEU,1
3921,Asola,ITA,1
3922,Askrigg,GBR,1
3923,Askham,GBR,1
3924,Ashford,GBR,1
3925,Ashburton,GBR,1
3926,Attin,FRA,1
3927,Atzbach,AUT,1
3928,Aubigny-sur-Nère,FRA,1
3929,Auburn,USA,1
3930,Auvernier,CHE,1
3931,Autrans-Méaudre en Vercors,FRA,1
3932,Auriac,FRA,1
3933,Aureville,FRA,1
3934,Auray,FRA,1
3935,Aulon,FRA,1
3936,Aulnay-sous-Bois,FRA,1
3937,Augusta,ITA,1
3938,Augerolles,FRA,1
3939,Auerbach in der Oberpfalz,DEU,1
3940,Auerbach,DEU,1
3941,Audrieu,FRA,1
3942,Audresselles,FRA,1
3943,Audierne,FRA,1
3944,Auchterarder,GBR,1
3945,Ascoli Piceno,ITA,1
3946,Arès,FRA,1
3947,Arzignano,ITA,1
3948,Ardsley,USA,1
3949,Ardon,FRA,1
3950,Ardmore,IRL,1
3951,Ardenza,ITA,1
3952,Arcugnano,ITA,1
3953,Arcizans-Avant,FRA,1
3954,Archi,ITA,1
3955,Arc-et-Senans,FRA,1
3956,Arbúcies,ESP,1
3957,Arbre,BEL,1
3958,Arborea,ITA,1
3959,Arbonne,FRA,1
3960,Arbon,CHE,1
3961,Arbesbach,AUT,1
3962,Aranjuez,ESP,1
3963,Aranda de Duero,ESP,1
3964,Ardres,FRA,1
3965,Argelato,ITA,1
3966,Arundel,GBR,1
3967,Argentan,FRA,1
3968,Arucas,ESP,1
3969,Artesa de Lleida,ESP,1
3970,Arroyo Grande,USA,1
3971,Arrecife,ESP,1
3972,Arquennes,BEL,1
3973,Arosa,CHE,1
3974,Arona,ESP,1
3975,Arnuero,ESP,1
3976,Arnes,ESP,1
3977,Arnage,FRA,1
3978,Armscote,GBR,1
3979,Armentières,FRA,1
3980,Arma di Taggia,ITA,1
3981,Ariccia,ITA,1
3982,Argüelles,ESP,1
3983,Auzeville-Tolosane,FRA,1
3984,Availles-Limouzine,FRA,1
3985,Arabba,ITA,1
3986,Baix,FRA,1
3987,Bale,HRV,1
3988,Balduinstein,DEU,1
3989,Baldichieri d'Asti,ITA,1
3990,Balatonszőlős,HUN,1
3991,Balatonszemes,HUN,1
3992,Bala,GBR,1
3993,Bakewell,GBR,1
3994,Bailén,ESP,1
3995,Avegno,CHE,1
3996,Baie-Saint-Paul,CAN,1
3997,Bagshot,GBR,1
3998,Bagnolo in Piano,ITA,1
3999,Bagnolo,ITA,1
4000,Bagnara Calabra,ITA,1
4001,Baerenthal,FRA,1
4002,Badia di Dulzago,ITA,1
4003,Balerno,GBR,1
4004,Balgach,CHE,1
4005,Ballaigues,CHE,1
4006,Ballater,GBR,1
4007,Barbate,ESP,1
4008,Barbastro,ESP,1
4009,Barbarano Vicentino,ITA,1
4010,Barate,ITA,1
4011,Bar-le-Duc,FRA,1
4012,Bar,FRA,1
4013,Banyoles,ESP,1
4014,Banjole,HRV,1
4015,Balzan,MLT,1
4016,Balma,FRA,1
4017,Ballyvaughan,IRL,1
4018,Ballynahinch,IRL,1
4019,Ballyfin,IRL,1
4020,Ballydehob,IRL,1
4021,Balloch,GBR,1
4022,Badia,ITA,1
4023,Badenweiler,DEU,1
4024,Baden,CHE,1
4025,Bad Kissingen,DEU,1
4026,Bad Hindelang,DEU,1
4027,Bad Herrenalb,DEU,1
4028,Bad Doberan,DEU,1
4029,Bad Bellingen,DEU,1
4030,Bachte-Maria-Leerne,BEL,1
4031,Azcapotzalco,MEX,1
4032,Azambuja,PRT,1
4033,Ayora,ESP,1
4034,Ayl,DEU,1
4035,Aying,DEU,1
4036,Avrillé,FRA,1
4037,Avondale Estates,USA,1
4038,Avon,USA,1
4039,Avize,FRA,1
4040,Avezzano,ITA,1
4041,Bad Hofgastein,AUT,1
4042,Bad Krozingen,DEU,1
4043,Baden,AUT,1
4044,Bad Kötzing,DEU,1
4045,Badalucco,ITA,1
4046,Bad Zwischenahn,DEU,1
4047,Bad Wiessee,DEU,1
4048,Bad Tölz,DEU,1
4049,Bad Teinach-Zavelstein,DEU,1
4050,Bad Soden am Taunus,DEU,1
4051,Bad Schönau,AUT,1
4052,Bad Saulgau,DEU,1
4053,Bad Sankt Leonhard im Lavanttal,AUT,1
4054,Bad Sachsa,DEU,1
4055,Bad Saarow,DEU,1
4056,Bad Rippoldsau,DEU,1
4057,Bad Nenndorf,DEU,1
4058,Bad Liebenzell,DEU,1
4059,Bad Laasphe,DEU,1
4060,Aran,CHE,1
4061,Aptos,USA,1
4062,Calestano,ITA,1
4063,Alba de Tormes,ESP,1
4064,Albertville,FRA,1
4065,Alberobello,ITA,1
4066,Albernoa,PRT,1
4067,Albavilla,ITA,1
4068,Albarè di Costermano,ITA,1
4069,Albaret-Sainte-Marie,FRA,1
4070,Albairate,ITA,1
4071,Alba Adriatica,ITA,1
4072,Allex,FRA,1
4073,Alassio,ITA,1
4074,Alaior,ESP,1
4075,Aksaray,TUR,1
4076,Aizenay,FRA,1
4077,Aire-la-Ville,CHE,1
4078,Ainsa,ESP,1
4079,Ainay-le-Château,FRA,1
4080,Albes,ITA,1
4081,Albiate,ITA,1
4082,Albignasego,ITA,1
4083,Alby-sur-Chéran,FRA,1
4084,Allauch,FRA,1
4085,Allariz,ESP,1
4086,Aljaraque,ESP,1
4087,Alixan,FRA,1
4088,Alfaro,ESP,1
4089,Alfafara,ESP,1
4090,Alessandria,ITA,1
4091,Alençon,FRA,1
4092,Aldino,ITA,1
4093,Aldersbach,DEU,1
4094,Aldeburgh,GBR,1
4095,Alcossebre,ESP,1
4096,Alcaudete,ESP,1
4097,Alcalá del Valle,ESP,1
4098,Alcalá de Henares,ESP,1
4099,Aillon-le-Jeune,FRA,1
4100,Ailhon,FRA,1
4101,Aigues-Mortes,FRA,1
4102,Acquigny,FRA,1
4103,Acireale,ITA,1
4104,Aci Castello,ITA,1
4105,Achet,BEL,1
4106,Abreschviller,FRA,1
4107,Abondance,FRA,1
4108,Abjat-sur-Bandiat,FRA,1
4109,Aberthin,GBR,1
4110,Aberlour,GBR,1
4111,Abergavenny,GBR,1
4112,Abbeyleix,IRL,1
4113,Abbeville,FRA,1
4114,Abano Terme,ITA,1
4115,Aalter,BEL,1
4116,Aalten,NLD,1
4117,Aalst,BEL,1
4118,Acqualagna,ITA,1
4119,Acri,ITA,1
4120,Aiguablava,ESP,1
4121,Acuto,ITA,1
4122,Ahorn,DEU,1
4123,Ahn,LUX,1
4124,Ahlbeck,DEU,1
4125,Agnone,ITA,1
4126,Agger,DNK,1
4127,Agerola,ITA,1
4128,Agde,FRA,1
4129,Agaete,ESP,1
4130,Afragola,ITA,1
4131,Afiesl,AUT,1
4132,Aeschiried ob Spiez,CHE,1
4133,Aduard,NLD,1
4134,Adrara San Martino,ITA,1
4135,Adligenswil,CHE,1
4136,Adelshofen,DEU,1
4137,Alle,BEL,1
4138,Alleyras,FRA,1
4139,Aprilia,ITA,1
4140,Andechs,DEU,1
4141,Angles,FRA,1
4142,Anghiari,ITA,1
4143,Anger,AUT,1
4144,Andria,ITA,1
4145,Andorra la Vella,AND,1
4146,Andora,ITA,1
4147,Andlau,FRA,1
4148,Andau,AUT,1
4149,Allonne,FRA,1
4150,Anciles,ESP,1
4151,Amtzell,DEU,1
4152,Amtstetten,DEU,1
4153,Ampuero,ESP,1
4154,Amposta,ESP,1
4155,Amorbach,DEU,1
4156,Amlach,AUT,1
4157,Anglès,ESP,1
4158,Angoulême,FRA,1
4159,Aniane,FRA,1
4160,Annaberg im Lammertal,AUT,1
4161,Apricena,ITA,1
4162,Apremont,FRA,1
4163,Appignano,ITA,1
4164,Appiano Gentile,ITA,1
4165,Apetlon,AUT,1
4166,Anthy-sur-Léman,FRA,1
4167,Anterivo,ITA,1
4168,Anstey,GBR,1
4169,Ansouis,FRA,1
4170,Anras,AUT,1
4171,Annweiler am Trifels,DEU,1
4172,Annunziata,ITA,1
4173,Annone Veneto,ITA,1
4174,Annonay,FRA,1
4175,Annevoie-Rouillon,BEL,1
4176,Amersham,GBR,1
4177,Amerongen,NLD,1
4178,Amelia Island,USA,1
4179,Altamura,ITA,1
4180,Alserio,ITA,1
4181,Alpirsbach,DEU,1
4182,Alpbach,AUT,1
4183,Alnwick,GBR,1
4184,Alne,GBR,1
4185,Almè,ITA,1
4186,Almuñécar,ESP,1
4187,Almoradí,ESP,1
4188,Almodóvar del Río,ESP,1
4189,Almere-Haven,NLD,1
4190,Almenno San Bartolomeo,ITA,1
4191,Almelo,NLD,1
4192,Almeirim,PRT,1
4193,Alluy,FRA,1
4194,Allschwil,CHE,1
4195,Altafulla,ESP,1
4196,Altare,ITA,1
4197,Ambronay,FRA,1
4198,Altenahr,DEU,1
4199,Ambivere,ITA,1
4200,Ambert,FRA,1
4201,Amarante,PRT,1
4202,Alès,FRA,1
4203,Alzira,ESP,1
4204,Alvignac,FRA,1
4205,Alverca do Ribatejo,PRT,1
4206,Alvados,PRT,1
4207,Altwiller,FRA,1
4208,Altura,ESP,1
4209,Altomonte,ITA,1
4210,Altnau,CHE,1
4211,Altkirch,FRA,1
4212,Altissimo,ITA,1
4213,Altillac,FRA,1
4214,Barbentane,FRA,1
4215,Barbian,ITA,1
4216,Barcelos,PRT,1
4217,Braithwaite,GBR,1
4218,Brecon,GBR,1
4219,Brebières,FRA,1
4220,Braunsbedra,DEU,1
4221,Brandenburg City,DEU,1
4222,Brand,AUT,1
4223,Brancaster,GBR,1
4224,Bramberg am Wildkogel,AUT,1
4225,Braine-le-Château,BEL,1
4226,Brie-Comte-Robert,FRA,1
4227,Braemar,GBR,1
4228,Bradford-on-Avon,GBR,1
4229,Brackenheim,DEU,1
4230,Bracieux,FRA,1
4231,Bracca,ITA,1
4232,Bozel,FRA,1
4233,Boynton Beach,USA,1
4234,Breitenbach,FRA,1
4235,Brem-sur-Mer,FRA,1
4236,Brennero,ITA,1
4237,Brent,CHE,1
4238,Briant,FRA,1
4239,Briaglia,ITA,1
4240,Brezice,SVN,1
4241,Brez,ITA,1
4242,Breukelen,NLD,1
4243,Bretzfeld,DEU,1
4244,Bretten,DEU,1
4245,Bretignolles-sur-Mer,FRA,1
4246,Brestanica,SVN,1
4247,Bresson,FRA,1
4248,Bressieux,FRA,1
4249,Bressana Bottarone,ITA,1
4250,Breskens,NLD,1
4251,Brenzone sul Garda,ITA,1
4252,Brentonico,ITA,1
4253,Boylestone,GBR,1
4254,Boves,ITA,1
4255,Bouzigues,FRA,1
4256,Borgo Vercelli,ITA,1
4257,Borgloon,BEL,1
4258,Borgio Verezzi,ITA,1
4259,Borgholm,SWE,1
4260,Borghetto di Borbera,ITA,1
4261,Borculo,NLD,1
4262,Boqueixón,ESP,1
4263,Boppard,DEU,1
4264,Boortmeerbeek,BEL,1
4265,Boonville,USA,1
4266,Bontnewydd,GBR,1
4267,Bonne,FRA,1
4268,Bonndorf im Schwarzwald,DEU,1
4269,Bonlieu,FRA,1
4270,Boninne,BEL,1
4271,Bonheiden,BEL,1
4272,Borgo Tossignano,ITA,1
4273,Borgonato,ITA,1
4274,Boutervilliers,FRA,1
4275,Borgoricco,ITA,1
4276,Bourton on the Hill,GBR,1
4277,Bournemouth,GBR,1
4278,Bourlers,BEL,1
4279,Bourgoin-Jallieu,FRA,1
4280,Bourglinster,LUX,1
4281,Bourges,FRA,1
4282,Boulleret,FRA,1
4283,Bouliac,FRA,1
4284,Boulazac Isle Manoire,FRA,1
4285,Bouge,BEL,1
4286,Boudes,FRA,1
4287,Bouchemaine,FRA,1
4288,Bottighofen,CHE,1
4289,Boscastle,GBR,1
4290,Borne,NLD,1
4291,Bridge,GBR,1
4292,Brienz,CHE,1
4293,Barco,ITA,1
4294,Béthune,FRA,1
4295,Caces,ESP,1
4296,Cabourg,FRA,1
4297,Bütgenbach,BEL,1
4298,Bürgstadt,DEU,1
4299,Bünde,DEU,1
4300,Bühlertal,DEU,1
4301,Böblingen,DEU,1
4302,Bélesta,FRA,1
4303,Brilon,DEU,1
4304,Båstad,SWE,1
4305,Bâgé-le-Châtel,FRA,1
4306,Byland,GBR,1
4307,Bué,FRA,1
4308,Buvrinnes,BEL,1
4309,Busca,ITA,1
4310,Burton Bradstock,GBR,1
4311,Cadaqués,ESP,1
4312,Cadzand,NLD,1
4313,Cagli,ITA,1
4314,Cagnano,FRA,1
4315,Calella,ESP,1
4316,Caldogno,ITA,1
4317,Calders,ESP,1
4318,Caldas da Rainha,PRT,1
4319,Calas-Cabriès,FRA,1
4320,Calamandrana,ITA,1
4321,Calahonda,ESP,1
4322,Cala en Porter,ESP,1
4323,Cala d'Or,ESP,1
4324,Cala Gonone,ITA,1
4325,Cala Blava,ESP,1
4326,Cajarc,FRA,1
4327,Caistor St Edmund,GBR,1
4328,Cairanne,FRA,1
4329,Caimari,ESP,1
4330,Burnham Market,GBR,1
4331,Burgwedel,DEU,1
4332,Burford,GBR,1
4333,Brusaporto,ITA,1
4334,Brufa,ITA,1
4335,Bruck an der Mur,AUT,1
4336,Broughty Ferry,GBR,1
4337,Brookline,USA,1
4338,Bromeswell,GBR,1
4339,Brochon,FRA,1
4340,Broadstairs,GBR,1
4341,Brixen im Thale,AUT,1
4342,Brissago,CHE,1
4343,Briscous,FRA,1
4344,Brisas de Zicatela,MEX,1
4345,Briones,ESP,1
4346,Brione,ITA,1
4347,Briollay,FRA,1
4348,Brindisi,ITA,1
4349,Brugg,CHE,1
4350,Brusciano,ITA,1
4351,Buren,NLD,1
4352,Brusnice,SVN,1
4353,Burano,ITA,1
4354,Buonas,CHE,1
4355,Bullaun,IRL,1
4356,Bullas,ESP,1
4357,Buena Park,USA,1
4358,Buellas,FRA,1
4359,Budyně nad Ohří,CZE,1
4360,Budaörs,HUN,1
4361,Buchs,CHE,1
4362,Bubendorf,CHE,1
4363,Brélès,FRA,1
4364,Bry,FRA,1
4365,Bruz,FRA,1
4366,Brusson,ITA,1
4367,Brussegem,BEL,1
4368,Bondues,FRA,1
4369,Bommes,FRA,1
4370,Bolzone,ITA,1
4371,Belcastel,FRA,1
4372,Bellem,BEL,1
4373,Belle-Église,FRA,1
4374,Bellaterra,ESP,1
4375,Bellaire,USA,1
4376,Bellagio,ITA,1
4377,Bell Gardens,USA,1
4378,Belfort,FRA,1
4379,Belate (Puerto de),ESP,1
4380,Bolnhurst,GBR,1
4381,Bekkjarvik,NOR,1
4382,Begur,ESP,1
4383,Beerzel,BEL,1
4384,Beernem,BEL,1
4385,Beek,NLD,1
4386,Bedoin,FRA,1
4387,Bedale,GBR,1
4388,Bellerive-sur-Allier,FRA,1
4389,Bellevigne-en-Layon,FRA,1
4390,Belleville-en-Beaujolais,FRA,1
4391,Belley,FRA,1
4392,Berghaupten,DEU,1
4393,Bergambacht,NLD,1
4394,Berga,ESP,1
4395,Berg en Dal,NLD,1
4396,Berchem-Sainte-Agathe,BEL,1
4397,Bennekom,NLD,1
4398,Benissa,ESP,1
4399,Benicàssim,ESP,1
4400,Benavente,ESP,1
4401,Bempflingen,DEU,1
4402,Belsele,BEL,1
4403,Bellême,FRA,1
4404,Bellvís,ESP,1
4405,Bellinzona,CHE,1
4406,Bellinzago Lombardo,ITA,1
4407,Becerril de la Sierra,ESP,1
4408,Beblenheim,FRA,1
4409,Beaver Creek,USA,1
4410,Battipaglia,ITA,1
4411,Bastogne,BEL,1
4412,Bastelicaccia,FRA,1
4413,Bassano del Grappa,ITA,1
4414,Baschi,ITA,1
4415,Barzago,ITA,1
4416,Barruera,ESP,1
4417,Barrington,GBR,1
4418,Barretaine,FRA,1
4419,Baronissi,ITA,1
4420,Barnt Green,GBR,1
4421,Barmouth,GBR,1
4422,Barjac,FRA,1
4423,Barizo,ESP,1
4424,Barcuzzi,ITA,1
4425,Barcus,FRA,1
4426,Batcombe,GBR,1
4427,Baughurst,GBR,1
4428,Beauvois-en-Cambrésis,FRA,1
4429,Baunach,DEU,1
4430,Beauvoir-sur-Mer,FRA,1
4431,Beauvoir,FRA,1
4432,Beaurecueil,FRA,1
4433,Beauraing,BEL,1
4434,Beaumont,GBR,1
4435,Beaumettes,FRA,1
4436,Beaulieu-sur-Dordogne,FRA,1
4437,Beaulieu-sous-la-Roche,FRA,1
4438,Beaugency,FRA,1
4439,Beaufort,FRA,1
4440,Beaufays,BEL,1
4441,Bearna,IRL,1
4442,Beaconsfield,GBR,1
4443,Baveno,ITA,1
4444,Bavel,NLD,1
4445,Bergkirchen,DEU,1
4446,Bergschenhoek,NLD,1
4447,Berlare,BEL,1
4448,Bitburg,DEU,1
4449,Bishop's Cleeve,GBR,1
4450,Birštonas,LTU,1
4451,Birmenstorf,CHE,1
4452,Birkweiler,DEU,1
4453,Birkenfeld,DEU,1
4454,Birgu,MLT,1
4455,Biot,FRA,1
4456,Binéfar,ESP,1
4457,Binningen,CHE,1
4458,Binn,CHE,1
4459,Binic,FRA,1
4460,Bingen am Rhein,DEU,1
4461,Binfield Heath,GBR,1
4462,Bindlach,DEU,1
4463,Binche,BEL,1
4464,Bissersheim,DEU,1
4465,Bitche,FRA,1
4466,Biloxi,USA,1
4467,Bizanos,FRA,1
4468,Boismorand,FRA,1
4469,Boisbriand,CAN,1
4470,Bois-de-Villers,BEL,1
4471,Boeschepe,FRA,1
4472,Boechout,BEL,1
4473,Bodrogkeresztúr,HUN,1
4474,Bodio Lomnago,ITA,1
4475,Bodegnée,BEL,1
4476,Bodega Bay,USA,1
4477,Blokzijl,NLD,1
4478,Blienschwiller,FRA,1
4479,Blankenbach,DEU,1
4480,Blair Athol,GBR,1
4481,Blacklion,IRL,1
4482,Bizau,AUT,1
4483,Bilsen,DEU,1
4484,Billy,FRA,1
4485,Bermeo,ESP,1
4486,Beverley,GBR,1
4487,Beuzet,BEL,1
4488,Beuvron-en-Auge,FRA,1
4489,Bettws Newydd,GBR,1
4490,Bettolle,ITA,1
4491,Bessines,FRA,1
4492,Besigheim,DEU,1
4493,Besenzone,ITA,1
4494,Besalú,ESP,1
4495,Bertrix,BEL,1
4496,Berrynarbor,GBR,1
4497,Berrwiller,FRA,1
4498,Bernkastel-Kues,DEU,1
4499,Bernières-sur-Mer,FRA,1
4500,Bernex,CHE,1
4501,Bermicourt,FRA,1
4502,Beveren-Leie,BEL,1
4503,Bex,CHE,1
4504,Billiers,FRA,1
4505,Bianzone,ITA,1
4506,Bigolino,ITA,1
4507,Big Sur,USA,1
4508,Bietigheim-Bissingen,DEU,1
4509,Biescas,ESP,1
4510,Bierwart,BEL,1
4511,Bierghes,BEL,1
4512,Bientina,ITA,1
4513,Bielsko-Biała,POL,1
4514,Biddenden,GBR,1
4515,Bidborough,GBR,1
4516,Bidarray,FRA,1
4517,Bidania,ESP,1
4518,Biberwier,AUT,1
4519,Biberach,DEU,1
4520,Białowieża,POL,1
4521,Feldkirchen bei Mattighofen,AUT,1
4522,Feltre,ITA,1
4523,Fen Ditton,GBR,1
4524,Linkoping,SWE,1
4525,Litomyšl,CZE,1
4526,List,DEU,1
4527,Lissewege,BEL,1
4528,Liss,GBR,1
4529,Lismore,IRL,1
4530,Liscannor,IRL,1
4531,Linsengericht,DEU,1
4532,Linkebeek,BEL,1
4533,Locquirec,FRA,1
4534,Lingolsheim,FRA,1
4535,Lindesnes,NOR,1
4536,Linden,BEL,1
4537,Lincoln,CAN,1
4538,Linares,ESP,1
4539,Limoux,FRA,1
4540,Limone sul Garda,ITA,1
4541,Little Eccleston,GBR,1
4542,Little Hucklow,GBR,1
4543,Little Milton,GBR,1
4544,Little Waltham,GBR,1
4545,Loches,FRA,1
4546,Lochaline,GBR,1
4547,Locate di Triulzi,ITA,1
4548,Loano,ITA,1
4549,Llívia,ESP,1
4550,Llucmajor,ESP,1
4551,Llubí,ESP,1
4552,Lliçà d'Amunt,ESP,1
4553,Llandrillo,GBR,1
4554,Llanddewi Skirrid,GBR,1
4555,Llandderfel,GBR,1
4556,Llafranc,ESP,1
4557,Lizard,GBR,1
4558,Livron-sur-Drôme,FRA,1
4559,Livermore,USA,1
4560,Limone Piemonte,ITA,1
4561,Limogne-en-Quercy,FRA,1
4562,Limito,ITA,1
4563,Lichtenberg,DEU,1
4564,Lichtaart,BEL,1
4565,Lezzeno,ITA,1
4566,Leytron,CHE,1
4567,Leyburn,GBR,1
4568,Lewes,GBR,1
4569,Lewannick,GBR,1
4570,Levizzano Rangone,ITA,1
4571,Levie,FRA,1
4572,Levico Terme,ITA,1
4573,Levanto,ITA,1
4574,Leuze,BEL,1
4575,Leuvenum,NLD,1
4576,Leutschach an der Weinstraße,AUT,1
4577,Leut,BEL,1
4578,Letterkenny,IRL,1
4579,Lichtenberg,AUT,1
4580,Lichtensteig,CHE,1
4581,Limerick,IRL,1
4582,Licinella-Torre di Paestum,ITA,1
4583,Limbach-Oberfrohna,DEU,1
4584,Limatola,ITA,1
4585,Ligré,FRA,1
4586,Ligneuville,BEL,1
4587,Lignano Sabbiadoro,ITA,1
4588,Ligerz,CHE,1
4589,Liestal,CHE,1
4590,Liernu,BEL,1
4591,Liepaja,LVA,1
4592,Lienz,AUT,1
4593,Lieferinge,BEL,1
4594,Liebefeld,CHE,1
4595,Lido di Savio,ITA,1
4596,Lido di Jesolo,ITA,1
4597,Lido di Camaiore,ITA,1
4598,Lockhart,USA,1
4599,Locronan,FRA,1
4600,Lescar,FRA,1
4601,Lézignan,FRA,1
4602,Maarke-Kerkem,BEL,1
4603,Līgatne,LVA,1
4604,Lüneburg,DEU,1
4605,Lüllemäe,EST,1
4606,Lønstrup,DNK,1
4607,Lörrach,DEU,1
4608,Lömmenschwil,CHE,1
4609,Lyss,CHE,1
4610,Lodi,ITA,1
4611,Lynn,USA,1
4612,Lyndhurst,GBR,1
4613,Lympstone,GBR,1
4614,Lymington,GBR,1
4615,Lyme Regis,GBR,1
4616,Lydford,GBR,1
4617,Luče,SVN,1
4618,Maartensdijk,NLD,1
4619,Maasbracht,NLD,1
4620,Maaseik,BEL,1
4621,Macchie,ITA,1
4622,Maiori,ITA,1
4623,Maintal,DEU,1
4624,Maikammer,DEU,1
4625,Maidla,EST,1
4626,Maia,PRT,1
4627,Maglie,ITA,1
4628,Magliano Sabina,ITA,1
4629,Magliano Alfieri,ITA,1
4630,Magescq,FRA,1
4631,Maffliers,FRA,1
4632,Madrigal de la Vera,ESP,1
4633,Madiswil,CHE,1
4634,Madesimo,ITA,1
4635,Aalbeke,BEL,1
4636,Macerata,ITA,1
4637,Luçon,FRA,1
4638,Luzy,FRA,1
4639,Lustenau,AUT,1
4640,Lostallo,CHE,1
4641,Los Gigantes,ESP,1
4642,Los Altos,USA,1
4643,Los Alamos,USA,1
4644,Lorquin,FRA,1
4645,Loro Ciuffenna,ITA,1
4646,Lormont,FRA,1
4647,Loreto,ITA,1
4648,Loos,FRA,1
4649,Lonigo,ITA,1
4650,Long Island City,USA,1
4651,Londerzeel,BEL,1
4652,Lomazzo,ITA,1
4653,Lokeren,BEL,1
4654,Loiré,FRA,1
4655,Loire-sur-Rhône,FRA,1
4656,Los Rosales,ESP,1
4657,Lotenhulle,BEL,1
4658,Lusia,ITA,1
4659,Lottstetten,DEU,1
4660,Lunéville,FRA,1
4661,Lunel,FRA,1
4662,Lunden,DEU,1
4663,Lumio,FRA,1
4664,Lughetto,ITA,1
4665,Lucens,CHE,1
4666,Lucenay,FRA,1
4667,Lucarelli,ITA,1
4668,Loyers,BEL,1
4669,Lower Oddington,GBR,1
4670,Lovrečica,HRV,1
4671,Loué,FRA,1
4672,Louth,GBR,1
4673,Loulé,PRT,1
4674,Loudéac,FRA,1
4675,Lesina,ITA,1
4676,Lesa,ITA,1
4677,Fence,GBR,1
4678,Laon,FRA,1
4679,Las Caletas,ESP,1
4680,Larrau,FRA,1
4681,Laroque-des-Albères,FRA,1
4682,Larmor-Plage,FRA,1
4683,Laragne-Montéglin,FRA,1
4684,Lapoutroie,FRA,1
4685,Lapio,ITA,1
4686,Lans,AUT,1
4687,Lavérune,FRA,1
4688,Languimberg,FRA,1
4689,Langoëlan,FRA,1
4690,Langho,GBR,1
4691,Langford,GBR,1
4692,Langerwehe,DEU,1
4693,Langenzenn,DEU,1
4694,Langenthal,CHE,1
4695,Lasarte - Oria,ESP,1
4696,Lasko,SVN,1
4697,Lastours,FRA,1
4698,Lastres,ESP,1
4699,Lavello,ITA,1
4700,Lavaur,FRA,1
4701,Lavariano,ITA,1
4702,Lavant,AUT,1
4703,Lavalette,FRA,1
4704,Lavagna,ITA,1
4705,Lautrec,FRA,1
4706,Lauterborn,LUX,1
4707,Lauterach,AUT,1
4708,Lauris,FRA,1
4709,Laulasmaa,EST,1
4710,Lauf an der Pegnitz,DEU,1
4711,Laubach,FRA,1
4712,Lattrop,NLD,1
4713,Lattes,FRA,1
4714,Langenlois,AUT,1
4715,Langenhagen,DEU,1
4716,Langenargen,DEU,1
4717,Ladenburg,DEU,1
4718,Lacroix-Falgarde,FRA,1
4719,Lachen,CHE,1
4720,Lacco Ameno,ITA,1
4721,Labico,ITA,1
4722,Labaroche,FRA,1
4723,Labarde,FRA,1
4724,Laax,CHE,1
4725,La Zubia,ESP,1
4726,La Xara,ESP,1
4727,La Vega,ESP,1
4728,La Vancelle,FRA,1
4729,La Vacquerie-et-Saint-Martin-de-Castries,FRA,1
4730,La Turbie,FRA,1
4731,La Turballe,FRA,1
4732,La Tronche,FRA,1
4733,Lacuisine,BEL,1
4734,Lage Vuursche,NLD,1
4735,Langarica,ESP,1
4736,Lagoa,PRT,1
4737,Landéda,FRA,1
4738,Landsberg am Lech,DEU,1
4739,Landgraaf,NLD,1
4740,Lanaye,BEL,1
4741,Lanaken,BEL,1
4742,Lamorlaye,FRA,1
4743,Lamezia Terme,ITA,1
4744,Lamego,PRT,1
4745,Lama Mocogno,ITA,1
4746,Lallio,ITA,1
4747,Lake Buena Vista,USA,1
4748,Laigueglia,ITA,1
4749,Laguépie,FRA,1
4750,Lagrasse,FRA,1
4751,Lagos,PRT,1
4752,Laveno,ITA,1
4753,Le Beausset,FRA,1
4754,Les Vans,FRA,1
4755,Legrad,HRV,1
4756,Lengerich,DEU,1
4757,Lempaut,FRA,1
4758,Lembach,FRA,1
4759,Leiwen,DEU,1
4760,Leignon,BEL,1
4761,Leigh-on-Sea,GBR,1
4762,Leidschendam,NLD,1
4763,Legasa,ESP,1
4764,Le Brassus,CHE,1
4765,Leganés,ESP,1
4766,Leer,DEU,1
4767,Leende,NLD,1
4768,Leefdaal,BEL,1
4769,Ledbury,GBR,1
4770,Lectoure,FRA,1
4771,Lecelles,FRA,1
4772,Lenggries,DEU,1
4773,Lenk im Simmental,CHE,1
4774,Lenna,ITA,1
4775,Lenzburg,CHE,1
4776,Les Trois-Saints,FRA,1
4777,Les Salles,FRA,1
4778,Les Planches-près-Arbois,FRA,1
4779,Les Mées,FRA,1
4780,Les Monthairons,FRA,1
4781,Les Marches,FRA,1
4782,Les Gets,FRA,1
4783,Les Deux-Alpes,FRA,1
4784,Les Damps,FRA,1
4785,Les Contamines-Montjoie,FRA,1
4786,Les Carroz-d'Arâches,FRA,1
4787,Les Borges Blanques,ESP,1
4788,Les Arques,FRA,1
4789,Les Arcs,FRA,1
4790,Lerici,ITA,1
4791,Lecco,ITA,1
4792,Lebach,DEU,1
4793,Le Villars,FRA,1
4794,Le Mont-sur-Lausanne,CHE,1
4795,Le Mont-Dore,FRA,1
4796,Le Louroux,FRA,1
4797,Le Locle,CHE,1
4798,Le Grau-du-Roi,FRA,1
4799,Le Grand-Village-Plage,FRA,1
4800,Le Grand-Lucé,FRA,1
4801,Le Grand-Bornand,FRA,1
4802,Le Frenz,FRA,1
4803,Le Ferriere,ITA,1
4804,Le Crotoy,FRA,1
4805,Le Creusot,FRA,1
4806,Le Coteau,FRA,1
4807,Le Buisson-de-Cadouin,FRA,1
4808,Le Broc,FRA,1
4809,Le Breuil-en-Auge,FRA,1
4810,Le Mont-Saint-Michel,FRA,1
4811,Le Noirmont,CHE,1
4812,Le Vaudreuil,FRA,1
4813,Le Perreux-sur-Marne,FRA,1
4814,Le Tréport,FRA,1
4815,Le Thou,FRA,1
4816,Le Teich,FRA,1
4817,Le Subdray,FRA,1
4818,Le Sambuc,FRA,1
4819,Le Rozier,FRA,1
4820,Le Rheu,FRA,1
4821,Le Reposoir,FRA,1
4822,Le Pré-d'Auge,FRA,1
4823,Le Pontet,FRA,1
4824,Le Pont-de-Claix,FRA,1
4825,Le Pin-la-Garenne,FRA,1
4826,Le Pin-au-Haras,FRA,1
4827,Le Petit-Pressigny,FRA,1
4828,Le Perrier,FRA,1
4829,Maisach,DEU,1
4830,Maisons-Laffitte,FRA,1
4831,Majadahonda,ESP,1
4832,Monoblet,FRA,1
4833,Mont-près-Chambord,FRA,1
4834,Mont-Tremblant,CAN,1
4835,Monswiller,FRA,1
4836,Monsummano Terme,ITA,1
4837,Monselice,ITA,1
4838,Monrovia,USA,1
4839,Monreale,ITA,1
4840,Monistrol-sur-Loire,FRA,1
4841,Montecalvo Versiggia,ITA,1
4842,Moniga del Garda,ITA,1
4843,Monfumo,ITA,1
4844,Monfalcone,ITA,1
4845,Monestier,FRA,1
4846,Mondsee,AUT,1
4847,Mondragón,ESP,1
4848,Mondragon,FRA,1
4849,Montagnac,FRA,1
4850,Montaldo Scarampi,ITA,1
4851,Montallegro,ITA,1
4852,Montamisé,FRA,1
4853,Monte Sant'Angelo,ITA,1
4854,Montcy-Notre-Dame,FRA,1
4855,Montchenot,FRA,1
4856,Montcenis,FRA,1
4857,Montceau-les-Mines,FRA,1
4858,Montbéliard,FRA,1
4859,Montbron,FRA,1
4860,Montbrison,FRA,1
4861,Montbellet,FRA,1
4862,Montbazon,FRA,1
4863,Montauroux,FRA,1
4864,Montauban,FRA,1
4865,Montargis,FRA,1
4866,Montarcher,FRA,1
4867,Montanges,FRA,1
4868,Mondovì,ITA,1
4869,Moncalieri,ITA,1
4870,Monbazillac,FRA,1
4871,Mittelbiberach,DEU,1
4872,Misano Adriatico,ITA,1
4873,Mirmande,FRA,1
4874,Mirlović Zagora,HRV,1
4875,Mirano,ITA,1
4876,Miramar Beach,USA,1
4877,Mira,ITA,1
4878,Minervino Murge,ITA,1
4879,Minerve,FRA,1
4880,Milo,ITA,1
4881,Milly-la-Forêt,FRA,1
4882,Millstatt,AUT,1
4883,Millinge,DNK,1
4884,Millesimo,ITA,1
4885,Millbrae,USA,1
4886,Millau,FRA,1
4887,Mittelberg,AUT,1
4888,Mittenwald,DEU,1
4889,Monastier di Treviso,ITA,1
4890,Mitterskirchen,DEU,1
4891,Monachil,ESP,1
4892,Mompía,ESP,1
4893,Moltrasio,ITA,1
4894,Molitg-les-Bains,FRA,1
4895,Molini,ITA,1
4896,Mold,GBR,1
4897,Mol,BEL,1
4898,Moià,ESP,1
4899,Moirax,FRA,1
4900,Moirago,ITA,1
4901,Moira,GBR,1
4902,Mogán,ESP,1
4903,Mogarraz,ESP,1
4904,Modave,BEL,1
4905,Mitton,GBR,1
4906,Montebenichi,ITA,1
4907,Montecarlo,ITA,1
4908,Makarska,HRV,1
4909,Moosburg,AUT,1
4910,Morbio Inferiore,CHE,1
4911,Morbecque,FRA,1
4912,Morales de Toro,ESP,1
4913,Morales de Rey,ESP,1
4914,Moraira,ESP,1
4915,Mora de Rubielos,ESP,1
4916,Moosch,FRA,1
4917,Moorsel,BEL,1
4918,Montecchio Precalcino,ITA,1
4919,Montù Beccaria,ITA,1
4920,Montélimar,FRA,1
4921,Montà,ITA,1
4922,Montsoreau,FRA,1
4923,Montréverd,FRA,1
4924,Montrichard-Val-de-Cher,FRA,1
4925,Montoro,ITA,1
4926,Moreira de Cónegos,PRT,1
4927,Moreton-in-Marsh,GBR,1
4928,Moretta,ITA,1
4929,Morey-Saint-Denis,FRA,1
4930,Mount Dora,USA,1
4931,Moulton,GBR,1
4932,Moulbaix,BEL,1
4933,Mouchard,FRA,1
4934,Motril,ESP,1
4935,Morón de la Frontera,ESP,1
4936,Mortegliano,ITA,1
4937,Mortara,ITA,1
4938,Morston,GBR,1
4939,Morsbronn-les-Bains,FRA,1
4940,Morrano Nuovo,ITA,1
4941,Mornay-sur-Allier,FRA,1
4942,Mornago,ITA,1
4943,Morimondo,ITA,1
4944,Morgex,ITA,1
4945,Montorio al Vomano,ITA,1
4946,Montone,ITA,1
4947,Montoggio,ITA,1
4948,Monteriggioni,ITA,1
4949,Montendre,FRA,1
4950,Montenach,FRA,1
4951,Montemonaco,ITA,1
4952,Montemerano,ITA,1
4953,Montemayor del Río,ESP,1
4954,Montemarciano,ITA,1
4955,Montemarcello,ITA,1
4956,Montemagno,ITA,1
4957,Montellano,ESP,1
4958,Monteils,FRA,1
4959,Montegrosso,ITA,1
4960,Montegridolfo,ITA,1
4961,Montefiorino,ITA,1
4962,Montefalco,ITA,1
4963,Montech,FRA,1
4964,Montepagano,ITA,1
4965,Monterotondo,ITA,1
4966,Montner,FRA,1
4967,Montescudaio,ITA,1
4968,Montmorillon,FRA,1
4969,Montmorency,FRA,1
4970,Montmerle-sur-Saône,FRA,1
4971,Montmarault,FRA,1
4972,Montlouis-sur-Loire,FRA,1
4973,Montlivault,FRA,1
4974,Montigny-le-Tilleul,BEL,1
4975,Montignac-Lascaux,FRA,1
4976,Monticelli d'Ongina,ITA,1
4977,Monthion,FRA,1
4978,Montgomery,GBR,1
4979,Montfuron,FRA,1
4980,Montfoort,NLD,1
4981,Montevarchi,ITA,1
4982,Monteu Roero,ITA,1
4983,Millançay,FRA,1
4984,Mill Valley,USA,1
4985,Milborne Port,GBR,1
4986,Marina di Gioiosa Ionica,ITA,1
4987,Marino,ITA,1
4988,Marina di San Vito,ITA,1
4989,Marina di Ragusa,ITA,1
4990,Marina di Pulsano,ITA,1
4991,Marina di Pisa,ITA,1
4992,Marina di Pietrasanta,ITA,1
4993,Marina di Massa,ITA,1
4994,Marina di Davoli,ITA,1
4995,Milazzo,ITA,1
4996,Marina di Casal Velino,ITA,1
4997,Marina di Bibbona,ITA,1
4998,Marina di Arbus,ITA,1
4999,Marina del Rey,USA,1
5000,Marina del Cantone,ITA,1
5001,Marina Di Campo,ITA,1
5002,Marikina - Metro Manila,PHL,1
5003,Markdale,CAN,1
5004,Markt Indersdorf,DEU,1
5005,Marktbergel,DEU,1
5006,Marktheidenfeld,DEU,1
5007,Martres-Tolosane,FRA,1
5008,Marton,GBR,1
5009,Martigues,FRA,1
5010,Martigny,CHE,1
5011,Martelange,BEL,1
5012,Martel,FRA,1
5013,Marshall,USA,1
5014,Marseillan,FRA,1
5015,Marsaxlokk,MLT,1
5016,Marotta,ITA,1
5017,Marne,ITA,1
5018,Marmande,FRA,1
5019,Marlia,ITA,1
5020,Marlenheim,FRA,1
5021,Marlengo,ITA,1
5022,Marietta,USA,1
5023,Mariazell,AUT,1
5024,Mariano del Friuli,ITA,1
5025,Manigod,FRA,1
5026,Mandelbachtal,DEU,1
5027,Manciano,ITA,1
5028,Mamaroneck,USA,1
5029,Malvern Wells,GBR,1
5030,Maltby,GBR,1
5031,Malroy,FRA,1
5032,Malpica de Bergantiños,ESP,1
5033,Malonne,BEL,1
5034,Malo,ITA,1
5035,Malling,FRA,1
5036,Malinska,HRV,1
5037,Malfa,ITA,1
5038,Malden,NLD,1
5039,Malcesine,ITA,1
5040,Malbuisson,FRA,1
5041,Mandelieu-La Napoule,FRA,1
5042,Manniva,EST,1
5043,Mariano Comense,ITA,1
5044,Manoppello Scalo,ITA,1
5045,Maria Alm,AUT,1
5046,Margencel,FRA,1
5047,Margaux,FRA,1
5048,Mareuil-sur-Lay-Dissais,FRA,1
5049,Marennes,FRA,1
5050,Marenne,BEL,1
5051,Marden,GBR,1
5052,Marcillac-Vallon,FRA,1
5053,Marciana Marina,ITA,1
5054,Marchin,BEL,1
5055,Maratea,ITA,1
5056,Marano di Valpolicella,ITA,1
5057,Marano Lagunare,ITA,1
5058,Manternach,LUX,1
5059,Mantello,ITA,1
5060,Marvão,PRT,1
5061,Maryville,USA,1
5062,Marzocca,ITA,1
5063,Metzingen,DEU,1
5064,Mese,ITA,1
5065,Meschede,DEU,1
5066,Mers-les-Bains,FRA,1
5067,Merkwiller-Pechelbronn,FRA,1
5068,Mercuès,FRA,1
5069,Mercenasco,ITA,1
5070,Mercato San Severino,ITA,1
5071,Meppel,NLD,1
5072,Menzingen,CHE,1
5073,Menfi,ITA,1
5074,Menai Bridge,GBR,1
5075,Melun,FRA,1
5076,Melrose,GBR,1
5077,Meloneras,ESP,1
5078,Melizzano,ITA,1
5079,Messina,ITA,1
5080,Meucon,FRA,1
5081,Melfi,ITA,1
5082,Meudon,FRA,1
5083,Milas,TUR,1
5084,Mikołajki,POL,1
5085,Miesbach,DEU,1
5086,Miers,FRA,1
5087,Mierlo,NLD,1
5088,Mieres,ESP,1
5089,Mieming,AUT,1
5090,Midsland,NLD,1
5091,Middleton Tyas,GBR,1
5092,Middelkerke,BEL,1
5093,Michałkowa,POL,1
5094,Miane,ITA,1
5095,Miajadas,ESP,1
5096,Mgarr,MLT,1
5097,Meyronne,FRA,1
5098,Meliana,ESP,1
5099,Melegís,ESP,1
5100,Maselheim,DEU,1
5101,Maxilly-sur-Léman,FRA,1
5102,Mauterndorf,AUT,1
5103,Mautern an der Donau,AUT,1
5104,Maussane-les-Alpilles,FRA,1
5105,Maulévrier,FRA,1
5106,Maubec,FRA,1
5107,Matosinhos,PRT,1
5108,Matlock,GBR,1
5109,Mathieu,FRA,1
5110,Matapozuelos,ESP,1
5111,Massignac,FRA,1
5112,Massagno,CHE,1
5113,Massa,ITA,1
5114,Mason Vicentino,ITA,1
5115,Masio,ITA,1
5116,Masham,GBR,1
5117,Mawnan Smith,GBR,1
5118,Mayenne,FRA,1
5119,Meisenheim,DEU,1
5120,Maynooth,IRL,1
5121,Meise,BEL,1
5122,Meilhan-sur-Garonne,FRA,1
5123,Meerssen,NLD,1
5124,Meerfeld,DEU,1
5125,Medana,SVN,1
5126,Meaux,FRA,1
5127,Mealhada,PRT,1
5128,Mcely,CZE,1
5129,McKinney,USA,1
5130,Mačkovec,HRV,1
5131,Maçanet de Cabrenys,ESP,1
5132,Maßweiler,DEU,1
5133,Mazzorbo,ITA,1
5134,Mazaricos,ESP,1
5135,Mayrhofen,AUT,1
5136,La Trinité-sur-Mer,FRA,1
5137,La Spezia,ITA,1
5138,La Savina,ESP,1
5139,Gouy-lez-Piéton,BEL,1
5140,Grandhan,BEL,1
5141,Gramsbergen,NLD,1
5142,Gragnano,ITA,1
5143,Grafenstein,AUT,1
5144,Grafenegg,AUT,1
5145,Gradac,HRV,1
5146,Gozd Martuljek,SVN,1
5147,Gouy-en-Artois,FRA,1
5148,Grindleton,GBR,1
5149,Gourdon,FRA,1
5150,Goumois,FRA,1
5151,Goulles,FRA,1
5152,Gottenheim,DEU,1
5153,Gosselies,BEL,1
5154,Gorran Churchtown,GBR,1
5155,Goosnargh,GBR,1
5156,Grandtully,GBR,1
5157,Grandvaux,CHE,1
5158,Granges-les-Beaumont,FRA,1
5159,Granollers,ESP,1
5160,Grimbergen,BEL,1
5161,Grilly,FRA,1
5162,Grieskirchen,AUT,1
5163,Griesheim-près-Molsheim,FRA,1
5164,Grezzana,ITA,1
5165,Gresse-en-Vercors,FRA,1
5166,Grenchen,CHE,1
5167,Green Island,GBR,1
5168,Great Durnford,GBR,1
5169,Grazie,ITA,1
5170,Graufthal,FRA,1
5171,Grasse,FRA,1
5172,Grassau,DEU,1
5173,Grasmere,GBR,1
5174,Grantley,GBR,1
5175,Gombrèn,ESP,1
5176,Gomadingen,DEU,1
5177,Golfo Aranci,ITA,1
5178,Giustino,ITA,1
5179,Gits,BEL,1
5180,Gingins,CHE,1
5181,Gimenells,ESP,1
5182,Gilly-lès-Cîteaux,FRA,1
5183,Gillingham,GBR,1
5184,Gijzegem,BEL,1
5185,Gijverinkhove,BEL,1
5186,Gigondas,FRA,1
5187,Giethoorn,NLD,1
5188,Giens,FRA,1
5189,Giarre,ITA,1
5190,Giardini Naxos,ITA,1
5191,Ghirlanda,ITA,1
5192,Gex,FRA,1
5193,Getxo,ESP,1
5194,Giulianova,ITA,1
5195,Givry,FRA,1
5196,Golfe-Juan,FRA,1
5197,Glastonbury,GBR,1
5198,Goldach,CHE,1
5199,Gola Dzierżoniowska,POL,1
5200,Going am Wilden Kaiser,AUT,1
5201,Goeferdinge,BEL,1
5202,Godia,ITA,1
5203,Goathland,GBR,1
5204,Gmunden,AUT,1
5205,Gluringen Goms,CHE,1
5206,Glossop,GBR,1
5207,Glorenza,ITA,1
5208,Glonn,DEU,1
5209,Glimes,BEL,1
5210,Glen Ellen,USA,1
5211,Glen,IRL,1
5212,Gleisdorf,AUT,1
5213,Grindavík,ISL,1
5214,Grinzane Cavour,ITA,1
5215,Hastings-on-Hudson,USA,1
5216,Haaren,NLD,1
5217,Halle (saale),DEU,1
5218,Halle,BEL,1
5219,Halifax,GBR,1
5220,Haiger,DEU,1
5221,Hagondange,FRA,1
5222,Hadersdorf am Kamp,AUT,1
5223,Habay-la-Neuve,BEL,1
5224,Haan,DEU,1
5225,Grivegnée,BEL,1
5226,Haaltert,BEL,1
5227,Haacht,BEL,1
5228,Gütersloh,DEU,1
5229,Göttingen,DEU,1
5230,Görlitz,DEU,1
5231,Gyé-sur-Seine,FRA,1
5232,Guía de Isora,ESP,1
5233,Halmstad,SWE,1
5234,Haltern am See,DEU,1
5235,Hambledon,GBR,1
5236,Hambleton,GBR,1
5237,Haslau an der Donau,AUT,1
5238,Haslach im Kinzigtal,DEU,1
5239,Haría,ESP,1
5240,Hartsdale,USA,1
5241,Harsewinkel,DEU,1
5242,Harpenden,GBR,1
5243,Harlingen,NLD,1
5244,Harelbeke,BEL,1
5245,Hardert,DEU,1
5246,Hardenberg,NLD,1
5247,Harberton,GBR,1
5248,Hapert,NLD,1
5249,Hantes-Wihéries,BEL,1
5250,Hamm,DEU,1
5251,Hambye,FRA,1
5252,Guémar,FRA,1
5253,Gussago,ITA,1
5254,Gurtnellen,CHE,1
5255,Grândola,PRT,1
5256,Grundlsee,AUT,1
5257,Grundhof,LUX,1
5258,Grumello del Monte,ITA,1
5259,Gruffy,FRA,1
5260,Grub,CHE,1
5261,Großraming,AUT,1
5262,Großheubach,DEU,1
5263,Großbundenbach,DEU,1
5264,Großarl,AUT,1
5265,Groß-Umstadt,DEU,1
5266,Groß-Gerau,DEU,1
5267,Grottammare,ITA,1
5268,Groot-Bijgaarden,BEL,1
5269,Groisy,FRA,1
5270,Groede,NLD,1
5271,Gruson,FRA,1
5272,Grän,AUT,1
5273,Gundelfingen,DEU,1
5274,Grüningen,CHE,1
5275,Gulpen,NLD,1
5276,Guldental,DEU,1
5277,Gujan-Mestras,FRA,1
5278,Guiting Power,GBR,1
5279,Guingamp,FRA,1
5280,Guiche,FRA,1
5281,Guewenheim,FRA,1
5282,Gueberschwihr,FRA,1
5283,Gudon,ITA,1
5284,Guarene,ITA,1
5285,Guardiagrele,ITA,1
5286,Gualdo Cattaneo,ITA,1
5287,Guadarrama,ESP,1
5288,Guadalupe Etla,MEX,1
5289,Gsies,ITA,1
5290,Getafe,ESP,1
5291,Gersfeld,DEU,1
5292,Gerrards Cross,GBR,1
5293,Fornace,ITA,1
5294,Fosdinovo,ITA,1
5295,Fort William,GBR,1
5296,Fort Myers,USA,1
5297,Fort Augustus,GBR,1
5298,Forstinning,DEU,1
5299,Forno di Zoldo,ITA,1
5300,Fornells,ESP,1
5301,Formello,ITA,1
5302,Gerpinnes,BEL,1
5303,Forest,BEL,1
5304,Fordwich,GBR,1
5305,Fordham,GBR,1
5306,Forchheim,DEU,1
5307,Fontjoncouse,FRA,1
5308,Fontevraud-l'Abbaye,FRA,1
5309,Fonteta,ESP,1
5310,Fossombrone,ITA,1
5311,Fossò,ITA,1
5312,Fouday,FRA,1
5313,Fouesnant,FRA,1
5314,Freising,DEU,1
5315,Freiensteinau,DEU,1
5316,Freienstein-Teufen,CHE,1
5317,Freidorf,CHE,1
5318,Freiamt,DEU,1
5319,Fredericia,DNK,1
5320,Frauenfeld,CHE,1
5321,Frankweiler,DEU,1
5322,Franklin,USA,1
5323,Francorchamps,BEL,1
5324,Framura,ITA,1
5325,Frammersbach,DEU,1
5326,Framlingham,GBR,1
5327,Fougères-sur-Bièvre,FRA,1
5328,Fougères,FRA,1
5329,Fontanafredda,ITA,1
5330,Fontaine-de-Vaucluse,FRA,1
5331,Fontaine-Daniel,FRA,1
5332,Flassans-sur-Issole,FRA,1
5333,Fislisbach,CHE,1
5334,Finning,DEU,1
5335,Findel,LUX,1
5336,Finale Ligure,ITA,1
5337,Finalborgo,ITA,1
5338,Fillé,FRA,1
5339,Figueres,ESP,1
5340,Figueira da Foz,PRT,1
5341,Figeac,FRA,1
5342,Fiesole,ITA,1
5343,Fidenza,ITA,1
5344,Feusisberg,CHE,1
5345,Feuersbrunn,AUT,1
5346,Ferrensby,GBR,1
5347,Fermo,ITA,1
5348,Fittleworth,GBR,1
5349,Fleurie,FRA,1
5350,Font-Romeu,FRA,1
5351,Fleury,FRA,1
5352,Fondo,ITA,1
5353,Fondettes,FRA,1
5354,Foiana,ITA,1
5355,Foggia,ITA,1
5356,Flüh,CHE,1
5357,Flémalle,BEL,1
5358,Flushing,GBR,1
5359,Flumet,FRA,1
5360,Fluitenberg,NLD,1
5361,Floriffoux,BEL,1
5362,Floressas,FRA,1
5363,Floirac,FRA,1
5364,Flobecq,BEL,1
5365,Flims,CHE,1
5366,Fleury-sur-Orne,FRA,1
5367,Freital,DEU,1
5368,Freixo,ESP,1
5369,Freudenstadt,DEU,1
5370,Gattikon,CHE,1
5371,Garos,ESP,1
5372,Garons,FRA,1
5373,Garnwerd,NLD,1
5374,Garbsen,DEU,1
5375,Garbagnate Milanese,ITA,1
5376,Garachico,ESP,1
5377,Gandia,ESP,1
5378,Gambsheim,FRA,1
5379,Gambolò,ITA,1
5380,Gambais,FRA,1
5381,Gals,CHE,1
5382,Galluzzo,ITA,1
5383,Galliera Veneta,ITA,1
5384,Galliate,ITA,1
5385,Gallarate,ITA,1
5386,Gasny,FRA,1
5387,Gattinara,ITA,1
5388,Galdakao,ESP,1
5389,Gattonside,GBR,1
5390,Gernsbach,DEU,1
5391,Geraardsbergen,BEL,1
5392,Genval,BEL,1
5393,Gentofte,DNK,1
5394,Gentbrugge,BEL,1
5395,Genolier,CHE,1
5396,Gennes-Val-de-Loire,FRA,1
5397,Geneston,FRA,1
5398,Genazzano,ITA,1
5399,Gemert,NLD,1
5400,Geertruidenberg,NLD,1
5401,Gedinne,BEL,1
5402,Gazeran,FRA,1
5403,Gaujac,FRA,1
5404,Gaucín,ESP,1
5405,Galeata,ITA,1
5406,Galan,FRA,1
5407,Freyung,DEU,1
5408,Fuenmayor,ESP,1
5409,Frépillon,FRA,1
5410,Fréland,FRA,1
5411,Fréjus,FRA,1
5412,Frutigen,CHE,1
5413,Frodsham,GBR,1
5414,Frithsden,GBR,1
5415,Frisange,LUX,1
5416,Frisanco,ITA,1
5417,Friesoythe,DEU,1
5418,Friesenheim,DEU,1
5419,Friedrichstadt,DEU,1
5420,Friedewald,DEU,1
5421,Friedberg (Hessen),DEU,1
5422,Friedberg,DEU,1
5423,Frickingen,DEU,1
5424,Frómista,ESP,1
5425,Fuentespalda,ESP,1
5426,Gais,CHE,1
5427,Fuissé,FRA,1
5428,Gaione,ITA,1
5429,Gaiole in Chianti,ITA,1
5430,Gainesville,USA,1
5431,Gaillac,FRA,1
5432,Gaibana,ITA,1
5433,Gaggenau,DEU,1
5434,Gafanha da Encarnação,PRT,1
5435,Gaeta,ITA,1
5436,Fürth,DEU,1
5437,Fürstenfeldbruck,DEU,1
5438,Fügenberg,AUT,1
5439,Félines-Minervois,FRA,1
5440,Fátima,PRT,1
5441,Fyfield,GBR,1
5442,Fursac,FRA,1
5443,Hastings,GBR,1
5444,Hattem,NLD,1
5445,La Rosière,FRA,1
5446,Killiecrankie,GBR,1
5447,Kirchberg an der Pielach,AUT,1
5448,Kirchberg am Wagram,AUT,1
5449,Kingham,GBR,1
5450,Kineton,GBR,1
5451,Kilstett,FRA,1
5452,Kilpeck,GBR,1
5453,Kilndown,GBR,1
5454,Kilkenny,IRL,1
5455,Knowle,GBR,1
5456,Kildrummy,GBR,1
5457,Kildare,IRL,1
5458,Kilconquhar,GBR,1
5459,Kilchoan,GBR,1
5460,Kilchberg,CHE,1
5461,Kilberry,GBR,1
5462,Kientzheim,FRA,1
5463,Kirchberg in Tirol,AUT,1
5464,Kirchdorf,DEU,1
5465,Kirchdorf an der Iller,DEU,1
5466,Kirchheim an der Weinstraße,DEU,1
5467,Knightdale,USA,1
5468,Klösterle,AUT,1
5469,Klosters,CHE,1
5470,Klingenthal,FRA,1
5471,Klingenmünster,DEU,1
5472,Klingenberg am Main,DEU,1
5473,Klemskerke,BEL,1
5474,Kleines Wiesental,DEU,1
5475,Kitzeck im Sausal,AUT,1
5476,Kisharsány,HUN,1
5477,Kirkmichael,GBR,1
5478,Kirkel,DEU,1
5479,Kirkby Lonsdale,GBR,1
5480,Kirkburton,GBR,1
5481,Kirchlauter,DEU,1
5482,Kiens,ITA,1
5483,Kielce,POL,1
5484,Kexaa,ESP,1
5485,Kamp-Lintfort,DEU,1
5486,Kalmthout,BEL,1
5487,Kaisheim,DEU,1
5488,Kachtem,BEL,1
5489,Kaag,NLD,1
5490,Juvigny-sous-Andaine,FRA,1
5491,Jurmala,LVA,1
5492,Jurançon,FRA,1
5493,Jumièges,FRA,1
5494,Jumilla,ESP,1
5495,Juist,DEU,1
5496,Jugenheim in Rheinhessen,DEU,1
5497,Juan-les-Pins,FRA,1
5498,Johns Creek,USA,1
5499,Jochberg,AUT,1
5500,Jisp,NLD,1
5501,Kamouraska,CAN,1
5502,Kandel,DEU,1
5503,Kestenholz,CHE,1
5504,Kapellen,BEL,1
5505,Kerpen,DEU,1
5506,Kenzingen,DEU,1
5507,Kentfield,USA,1
5508,Kenilworth,GBR,1
5509,Kemmel,BEL,1
5510,Kembs,FRA,1
5511,Kelsterbach,DEU,1
5512,Kehl,DEU,1
5513,Keerbergen,BEL,1
5514,Kauns,AUT,1
5515,Katzelsdorf,AUT,1
5516,Katy,USA,1
5517,Kaprun,AUT,1
5518,Kappelrodeck,DEU,1
5519,Kapiti Coast,NZL,1
5520,Knittelsheim,DEU,1
5521,Knowstone,GBR,1
5522,Hattstatt,FRA,1
5523,La Biolle,FRA,1
5524,La Clusaz,FRA,1
5525,La Chaux-de-Fonds,CHE,1
5526,La Chaize-Giraud,FRA,1
5527,La Celle,FRA,1
5528,La Cadière-d'Azur,FRA,1
5529,La Bresse,FRA,1
5530,La Borne,FRA,1
5531,La Bernerie-en-Retz,FRA,1
5532,Knutsford,GBR,1
5533,La Atalaya,ESP,1
5534,L'Isle-d'Abeau,FRA,1
5535,L'Isle-Jourdain,FRA,1
5536,L'Ile-Bouchard,FRA,1
5537,L'Houmeau,FRA,1
5538,L'Estartit,ESP,1
5539,L'Aquila,ITA,1
5540,La Ferrière-aux-Étangs,FRA,1
5541,La Ferté-Saint-Cyr,FRA,1
5542,La Flèche,FRA,1
5543,La Gacilly,FRA,1
5544,La Roquebrussanne,FRA,1
5545,La Roque-d'Anthéron,FRA,1
5546,La Roche-sur-Yon,FRA,1
5547,La Punt-Chamues-ch,CHE,1
5548,La Pulente,GBR,1
5549,La Puente,USA,1
5550,La Pobla de Segur,ESP,1
5551,La Plaine-sur-Mer,FRA,1
5552,La Malbaie,CAN,1
5553,La Madelaine-sous-Montreuil,FRA,1
5554,La Louvière,BEL,1
5555,La Jarrie,FRA,1
5556,La Huerta,MEX,1
5557,La Haye,FRA,1
5558,La Garnache,FRA,1
5559,L'Ametlla de Mar,ESP,1
5560,L'Albenc,FRA,1
5561,L'Abergement-Clémenciat,FRA,1
5562,Krapina,HRV,1
5563,Kranj,SVN,1
5564,Krakow am See,DEU,1
5565,Kraiburg am Inn,DEU,1
5566,Kościelisko,POL,1
5567,Kołobrzeg,POL,1
5568,Kortgene,NLD,1
5569,Korschenbroich,DEU,1
5570,Korneuburg,AUT,1
5571,Korb,DEU,1
5572,Konjevrate,HRV,1
5573,Konin,POL,1
5574,Komen,SVN,1
5575,Kohfidisch,AUT,1
5576,Koewacht,NLD,1
5577,Kobern-Gondorf,DEU,1
5578,Kranjska Gora,SVN,1
5579,Kreuzlingen,CHE,1
5580,Küsnacht,CHE,1
5581,Kriens,CHE,1
5582,Kürten,DEU,1
5583,Künzelsau,DEU,1
5584,Künten-Sulz,CHE,1
5585,Königstein im Taunus,DEU,1
5586,Königsfeld,DEU,1
5587,Königsdorf,AUT,1
5588,Kvitnes,NOR,1
5589,Kusel,DEU,1
5590,Kufstein,AUT,1
5591,Krün,DEU,1
5592,Kryštofovo Údolí,CZE,1
5593,Kruså,DNK,1
5594,Kruishoutem,BEL,1
5595,Kruiningen,NLD,1
5596,Kruibeke,BEL,1
5597,Jette,BEL,1
5598,Jesolo,ITA,1
5599,Jesi,ITA,1
5600,Hohnhorst,DEU,1
5601,Holywood,GBR,1
5602,Holymoorside,GBR,1
5603,Holte,DNK,1
5604,Holt,GBR,1
5605,Holsbeek,BEL,1
5606,Hollywood,USA,1
5607,Hollain,BEL,1
5608,Hohen Demzin,DEU,1
5609,Jenins,CHE,1
5610,Hofstade,BEL,1
5611,Hofheim am Taunus,DEU,1
5612,Hofamt Priel,AUT,1
5613,Hof bei Salzburg,AUT,1
5614,Hoeven,NLD,1
5615,Hoeilaart,BEL,1
5616,Hodnet,GBR,1
5617,Homburg,DEU,1
5618,Hoog Soeren,NLD,1
5619,Hoogstraten,BEL,1
5620,Hopfgarten im Brixental,AUT,1
5621,Hoyo de Manzanares,ESP,1
5622,Hoyerswerda,DEU,1
5623,Howth,IRL,1
5624,Howe Street,GBR,1
5625,Hovingham,GBR,1
5626,Hoveringham,GBR,1
5627,Hove,BEL,1
5628,Houten,NLD,1
5629,Houffalize,BEL,1
5630,Hostalric,ESP,1
5631,Hosszúhetény,HUN,1
5632,Horsham,GBR,1
5633,Horningsham,GBR,1
5634,Horn-Bad Meinberg,DEU,1
5635,Hoppegarten,DEU,1
5636,Hochstatt,FRA,1
5637,Hochheim am Main,DEU,1
5638,Hobscheid,LUX,1
5639,Henne,DNK,1
5640,Hengelo,NLD,1
5641,Henfield,GBR,1
5642,Hellendoorn,NLD,1
5643,Heitersheim,DEU,1
5644,Heiligenberg,DEU,1
5645,Heffen,BEL,1
5646,Heeze,NLD,1
5647,Heelsum,NLD,1
5648,Heckfield,GBR,1
5649,Hecho,ESP,1
5650,Hayward,USA,1
5651,Hayfield,GBR,1
5652,Hawnby,GBR,1
5653,Hauterive,CHE,1
5654,Hausen ob Verena,DEU,1
5655,Henndorf am Wallersee,AUT,1
5656,Hennebont,FRA,1
5657,Hlohovec,CZE,1
5658,Herenthout,BEL,1
5659,Hjørring,DNK,1
5660,Hindeloopen,NLD,1
5661,Hillion,FRA,1
5662,Hildisrieden,CHE,1
5663,Heßdorf,DEU,1
5664,Heusy,BEL,1
5665,Heusden,BEL,1
5666,Hetton,GBR,1
5667,Hesperange,LUX,1
5668,Herzele,BEL,1
5669,Hervás,ESP,1
5670,Hertsberge,BEL,1
5671,Heroldsberg,DEU,1
5672,Herning,DNK,1
5673,Hermagor,AUT,1
5674,Hoyos del Espino,ESP,1
5675,Hoznayo,ESP,1
5676,Hradec Králové,CZE,1
5677,Isneauville,FRA,1
5678,Iseo,ITA,1
5679,Ischia,ITA,1
5680,Irun,ESP,1
5681,Irouléguy,FRA,1
5682,Irissarry,FRA,1
5683,Inworth,GBR,1
5684,Inverness,GBR,1
5685,Inverkeilor,GBR,1
5686,Innervillgraten,AUT,1
5687,Innerbraz,AUT,1
5688,Inglewood,USA,1
5689,Ingham,GBR,1
5690,Ingersheim,FRA,1
5691,Ingelmunster,BEL,1
5692,Induno Olona,ITA,1
5693,Isla Mujeres,MEX,1
5694,Isny im Allgäu,DEU,1
5695,Imola,ITA,1
5696,Isola Dovarese,ITA,1
5697,Jena,DEU,1
5698,Jastrebarsko,HRV,1
5699,Jarnac-Champagne,FRA,1
5700,Jarenina,SVN,1
5701,Jaraíz de la Vera,ESP,1
5702,Janów Podlaski,POL,1
5703,Jabbeke,BEL,1
5704,Izegem,BEL,1
5705,Itxassou,FRA,1
5706,Itterswiller,FRA,1
5707,Istebna,POL,1
5708,Issengo,ITA,1
5709,Isola di Capo Rizzuto,ITA,1
5710,Isola d'Asti,ITA,1
5711,Isola Sant'Antonio,ITA,1
5712,Inca,ESP,1
5713,Ilz,AUT,1
5714,Huerta del Marquesado,ESP,1
5715,Hørve,DNK,1
5716,Höchstädt an der Donau,DEU,1
5717,Hésingue,FRA,1
5718,Hérémence,CHE,1
5719,Hérouville-Saint-Clair,FRA,1
5720,Häusern,DEU,1
5721,Hvar,HRV,1
5722,Huy,BEL,1
5723,Hurworth on Tees,GBR,1
5724,Hurden,CHE,1
5725,Hunstanton,GBR,1
5726,Hunsdon,GBR,1
5727,Huningue,FRA,1
5728,Humlebæk,DNK,1
5729,Hulshout,BEL,1
5730,Huldange,LUX,1
5731,Hörnum,DEU,1
5732,Hüfingen,DEU,1
5733,Ilok,HRV,1
5734,Ibi,ESP,1
5735,Ilmington,GBR,1
5736,Illies,FRA,1
5737,Illhaeusern,FRA,1
5738,Illescas,ESP,1
5739,Illertissen,DEU,1
5740,Illasi,ITA,1
5741,Ilkley,GBR,1
5742,Ilfracombe,GBR,1
5743,Ile de Porquerolles,FRA,1
5744,Ilbesheim bei Landau in der Pfalz,DEU,1
5745,Ihringen,DEU,1
5746,Iguerande,FRA,1
5747,Igualada,ESP,1
5748,Idrija,SVN,1
5749,Icod de los Vinos,ESP,1
5750,‬Helmond,NLD,1
