country,country_name,ref_date,total_arrivals,bednights,avg_stay_days,bednight_capacity,occupancy_rate_pct,registered_bed_capacity,operational_bed_capacity,resorts_in_operation,arrival_flights_total,arrival_flights_scheduled,arrival_flights_general,travel_receipts_musd,total_arrivals_yoy_pct,bednights_yoy_pct,operational_bed_capacity_yoy_pct,bednight_capacity_yoy_pct,registered_bed_capacity_yoy_pct,arrival_flights_total_yoy_pct,arrival_flights_scheduled_yoy_pct,arrival_flights_general_yoy_pct
MV,Maldives,1988-01,16410,174092.0,10.608897014015843,197811.0,0.8800926136564701,,6381.0,,,,,,,,,,,,,
MV,Maldives,1988-02,17318,166649.0,9.62287793047696,190269.0,0.8758599666787548,,6561.0,,,,,,,,,,,,,
MV,Maldives,1988-03,16871,165932.0,9.835338746962243,203391.0,0.8158276423243901,,6561.0,,,,,,,,,,,,,
MV,Maldives,1988-04,12562,124433.0,9.905508676962267,198030.0,0.6283542897540777,,6601.0,,,,,,,,,,,,,
MV,Maldives,1988-05,8841,84852.0,9.597556837461825,204631.0,0.41465858056697175,,6601.0,,,,,,,,,,,,,
MV,Maldives,1988-06,7907,67121.0,8.48880738586063,198030.0,0.33894359440488814,,6601.0,,,,,,,,,,,,,
MV,Maldives,1988-07,11519,101502.0,8.811702404722633,206894.0,0.4905990507216256,,6674.0,,,,,,,,,,,,,
MV,Maldives,1988-08,13527,127900.0,9.455163746580912,207080.0,0.617635696349237,,6680.0,,,,,,,,,,,,,
MV,Maldives,1988-09,12132,112546.0,9.276788658094295,202440.0,0.5559474412171508,,6748.0,,,,,,,,,,,,,
MV,Maldives,1988-10,12745,121917.0,9.565868968222832,213156.0,0.5719613803974554,,6876.0,,,,,,,,,,,,,
MV,Maldives,1988-11,10942,119397.0,10.911807713397916,208500.0,0.5726474820143885,,6950.0,,,,,,,,,,,,,
MV,Maldives,1988-12,14983,140315.0,9.364946939865181,225401.0,0.6225127661367962,,7271.0,,,,,,,,,,,,,
MV,Maldives,1989-01,16834,181426.0,10.777355352263276,226331.0,0.8015958927411623,,7301.0,,,,,,2.583790371724559,4.212715116145493,14.41780285221752,14.41780285221752,,,,
MV,Maldives,1989-02,17076,165576.0,9.696416022487702,207732.0,0.7970654497140547,,7419.0,,,,,,-1.3973899988451333,-0.6438682500345072,13.07727480566987,9.178058433060565,,,,
MV,Maldives,1989-03,17136,165532.0,9.659897292250234,229989.0,0.7197387701150925,,7419.0,,,,,,1.5707426945646308,-0.24106260395825307,13.07727480566987,13.07727480566987,,,,
MV,Maldives,1989-04,10314,103933.0,10.07688578630987,222570.0,0.4669676955564542,,7419.0,,,,,,-17.895239611526826,-16.474729372433362,12.392061808816845,12.392061808816845,,,,
MV,Maldives,1989-05,8013,73134.0,9.126918757019842,229989.0,0.3179891212188409,,7419.0,,,,,,-9.365456396335258,-13.809927874416628,12.392061808816845,12.392061808816845,,,,
MV,Maldives,1989-06,7087,56709.0,8.001834344574574,222570.0,0.25479175090982614,,7419.0,,,,,,-10.37055773365373,-15.512283785998415,12.392061808816845,12.392061808816845,,,,
MV,Maldives,1989-07,10982,89014.0,8.105445274084866,230113.0,0.3868273413496847,,7423.0,,,,,,-4.661863008941747,-12.303205848160626,11.222655079412647,11.222655079412647,,,,
MV,Maldives,1989-08,13748,120020.0,8.729997090485888,230454.0,0.5207980768396296,,7434.0,,,,,,1.633769498040949,-6.161063330727135,11.287425149700603,11.287425149700603,,,,
MV,Maldives,1989-09,11980,101964.0,8.51118530884808,222900.0,0.45744279946164196,,7430.0,,,,,,-1.2528849324101587,-9.402377694453822,10.106698280972148,10.106698280972148,,,,
MV,Maldives,1989-10,13546,116780.0,8.620995127712979,234050.0,0.4989532151249733,,7550.0,,,,,,6.284817575519819,-4.2135223143614065,9.802210587550908,9.802210587550908,,,,
MV,Maldives,1989-11,15018,135012.0,8.99001198561726,228180.0,0.591690770444386,,7606.0,,,,,,37.250959605191,13.078218045679545,9.438848920863308,9.438848920863308,,,,
MV,Maldives,1989-12,16754,152632.0,9.110182642950937,239320.0,0.6377736921276952,,7720.0,,,,,,11.820062737769476,8.778106403449382,6.175216613945822,6.175216613945822,,,,
MV,Maldives,1990-01,19985,190033.0,9.508781586189642,239443.99999999997,0.7936427724227795,,7724.0,,,,,,18.71807057146251,4.744082987002973,5.793726886727835,5.793726886727835,,,,
MV,Maldives,1990-02,19580,181089.0,9.248672114402451,216272.0,0.8373205962861582,,7724.0,,,,,,14.663855703911931,9.36911146542978,4.111066181426071,4.111066181426071,,,,
MV,Maldives,1990-03,20159,182114.0,9.03388064884171,242079.0,0.752291607285225,,7809.0,,,,,,17.64122315592904,10.017398448638337,5.256773150020222,5.256773150020222,,,,
MV,Maldives,1990-04,15567,137460.0,8.830217768356137,236220.00000000003,0.5819151638303277,,7874.0,,,,,,50.93077370564281,32.258281777683706,6.132902008356922,6.132902008356944,,,,
MV,Maldives,1990-05,10373,82154.0,7.919984575339824,236003.0,0.3481057444185032,,7613.0,,,,,,29.452140272057914,12.333524762764236,2.614907669497235,2.614907669497235,,,,
MV,Maldives,1990-06,9437,70790.0,7.501324573487338,228390.0,0.30995227461797803,,7613.0,,,,,,33.15930577113024,24.830273854238307,2.614907669497235,2.614907669497235,,,,
MV,Maldives,1990-07,14614,107130.0,7.330641850280552,236003.0,0.4539349076071067,,7613.0,,,,,,33.07230012748133,20.351854764419073,2.5596120167048264,2.5596120167048264,,,,
MV,Maldives,1990-08,17582,148600.0,8.451825730861108,236003.0,0.6296530128854294,,7613.0,,,,,,27.887692755309867,23.812697883686052,2.407855797686298,2.407855797686298,,,,
MV,Maldives,1990-09,14808,121971.0,8.236831442463533,228390.0,0.5340470248259556,,7613.0,,,,,,23.60601001669449,19.621631163940222,2.462987886944812,2.462987886944812,,,,
MV,Maldives,1990-10,15919,137756.0,8.65355864061813,236003.0,0.5837044444350283,,7613.0,,,,,,17.518086520005905,17.961979791060113,0.8344370860927208,0.8344370860927208,,,,
MV,Maldives,1990-11,16942,149663.0,8.833844882540433,233610.0,0.6406532254612388,,7787.0,,,,,,12.811293114928745,10.85162800343673,2.37970023665528,2.37970023665528,,,,
MV,Maldives,1990-12,20190,172963.0,8.566765725606736,241397.00000000003,0.7165084901635066,,7787.0,,,,,,20.508535275158167,13.320273599245237,0.8678756476683924,0.8678756476684146,,,,
MV,Maldives,1991-01,19847,187529.0,9.448732805965637,226145.0,0.8292423002940591,,7295.0,,,,,,-0.6905178884163088,-1.3176658790841622,-5.554117037804252,-5.55411703780424,,,,
MV,Maldives,1991-02,17475,157458.0,9.010472103004291,204820.0,0.7687628161312372,,7315.0,,,,,,-10.750766087844744,-13.04938455676491,-5.295183842568618,-5.295183842568618,,,,
MV,Maldives,1991-03,17049,163357.0,9.581617690187107,226579.0,0.7209714933864126,,7309.0,,,,,,-15.427352547249363,-10.299592562900163,-6.4028684850813145,-6.4028684850813145,,,,
MV,Maldives,1991-04,14922,132904.0,8.906580887280525,219270.0,0.6061203082957085,,7309.0,,,,,,-4.143380227404125,-3.3144187399970937,-7.1755143510287,-7.175514351028712,,,,
MV,Maldives,1991-05,10610,91289.0,8.604052780395852,223231.0,0.4089440982659219,,7201.0,,,,,,2.284777788489345,11.119361199698119,-5.411795612767634,-5.411795612767634,,,,
MV,Maldives,1991-06,9265,77206.0,8.333081489476525,217590.0,0.35482329151155845,,7253.0,,,,,,-1.822613118575822,9.063427037717187,-4.728753448049394,-4.728753448049394,,,,
MV,Maldives,1991-07,15657,120283.0,7.682378488854826,227447.0,0.528839685728983,,7337.0,,,,,,7.13699192555084,12.277606646130867,-3.625377643504535,-3.625377643504535,,,,
MV,Maldives,1991-08,19766,173338.0,8.769503187291308,231973.0,0.7472335142451924,,7483.0,,,,,,12.421795017631677,16.647375504710627,-1.7076054117956097,-1.7076054117956097,,,,
MV,Maldives,1991-09,16443,142714.0,8.679316426442863,224730.0,0.6350465002447381,,7491.0,,,,,,11.041329011345224,17.00650154544934,-1.6025220018389574,-1.6025220018389574,,,,
MV,Maldives,1991-10,17411,147940.0,8.496927229912124,237801.0,0.6221168119562156,,7671.0,,,,,,9.372448018091584,7.392781439646923,0.7618547221857286,0.7618547221857286,,,,
MV,Maldives,1991-11,16313,154359.0,9.4623306565316,235590.0,0.6552018336941297,,7853.0,,,,,,-3.712666745366544,3.1377160687678263,0.8475664569153718,0.8475664569153718,,,,
MV,Maldives,1991-12,21354,176365.0,8.259108363772595,248402.99999999997,0.7099954509406087,,8013.0,,,,,,5.765230312035663,1.9668946537698906,2.9022730191344603,2.902273019134438,,,,
MV,Maldives,1992-01,23435,208309.0,8.888798805205889,247039.0,0.843223134808674,,7969.0,,,,,,18.078298987252484,11.08095281263164,9.239204934886903,9.239204934886903,,,,
MV,Maldives,1992-02,24044,201320.0,8.372982864747962,231101.0,0.8711342659702901,,7969.0,,,,,,37.590844062947056,27.85631724015294,8.940533151059471,12.83126647788302,,,,
MV,Maldives,1992-03,22143,196829.0,8.888994264553132,247039.0,0.7967527394459986,,7969.0,,,,,,29.878585254267122,20.490092251939007,9.029963059242041,9.029963059242041,,,,
MV,Maldives,1992-04,20110,162770.0,8.093983092988562,239970.0,0.67829311997333,,7999.0,,,,,,34.767457445382654,22.471859387226868,9.44041592557121,9.44041592557121,,,,
MV,Maldives,1992-05,12548,108699.0,8.662655403251515,252618.99999999997,0.4302882997715928,,8149.0,,,,,,18.265786993402443,19.071301032983158,13.16483821691432,13.164838216914298,,,,
MV,Maldives,1992-06,13260,98579.0,7.434313725490197,244470.0,0.40323557082668626,,8149.0,,,,,,43.11926605504588,27.68308162578037,12.353508892871922,12.353508892871922,,,,
MV,Maldives,1992-07,19608,150809.0,7.691197470420237,252743.0,0.5966891268996569,,8153.0,,,,,,25.23471929488408,25.378482412310976,11.121711871337059,11.121711871337059,,,,
MV,Maldives,1992-08,24193,197658.0,8.17004918778159,257889.0,0.7664460291055454,,8319.0,,,,,,22.397045431549124,14.030391489459904,11.171989843645601,11.171989843645601,,,,
MV,Maldives,1992-09,21414,170579.0,7.965770056972073,249570.0,0.6834916055615659,,8319.0,,,,,,30.231709542054364,19.52506411424246,11.053263916700029,11.053263916700029,,,,
MV,Maldives,1992-10,18478,163045.0,8.823736335101202,260306.99999999997,0.6263565712792972,,8397.0,,,,,,6.12830968927689,10.210220359605238,9.464215877982006,9.464215877982006,,,,
MV,Maldives,1992-11,15415,148654.0,9.643464158287383,253110.0,0.587309865275967,,8437.0,,,,,,-5.504812113038682,-3.695929618616345,7.4366484146186185,7.4366484146186185,,,,
MV,Maldives,1992-12,21204,167459.0,7.897519335974344,267995.0,0.6248586727364317,,8645.0,,,,,,-0.7024445068839591,-5.049754769937342,7.887183327093483,7.887183327093483,,,,
MV,Maldives,1993-01,24729,222465.0,8.996117918233653,267995.0,0.8301087706860203,,8645.0,,,,,,5.521655643268608,6.795673734692209,8.482871125611746,8.482871125611746,,,,
MV,Maldives,1993-02,22634,204884.0,9.052045595122383,242060.00000000003,0.8464182434107247,,8645.0,,,,,,-5.864248877058731,1.7703159149612624,8.482871125611746,4.7420824661079,,,,
MV,Maldives,1993-03,24035,212886.0,8.857333055960058,267995.0,0.7943655665217635,,8645.0,,,,,,8.544461003477387,8.157842594333143,8.482871125611746,8.482871125611746,,,,
MV,Maldives,1993-04,19440,172802.0,8.888991769547324,259410.0,0.6661346902586639,,8647.0,,,,,,-3.331675783192445,6.163297905019349,8.101012626578319,8.101012626578319,,,,
MV,Maldives,1993-05,14347,124477.0,8.676169233986199,268057.0,0.46436765314839756,,8647.0,,,,,,14.336946126872817,14.515312928361812,6.111179285801938,6.11117928580196,,,,
MV,Maldives,1993-06,13678,102983.0,7.5290978213189055,262650.0,0.39209213782600416,,8755.0,,,,,,3.152337858220222,4.467482932470412,7.436495275493926,7.436495275493926,,,,
MV,Maldives,1993-07,19458,158806.0,8.161475999588857,278225.0,0.570782639949681,,8975.0,,,,,,-0.7649938800489586,5.302733921715541,10.082178339261617,10.082178339261617,,,,
MV,Maldives,1993-08,21989,192963.0,8.77543317113102,278969.0,0.6917005115263702,,8999.0,,,,,,-9.110073161658327,-2.3753149379230787,8.174059382137266,8.174059382137266,,,,
MV,Maldives,1993-09,20273,172448.0,8.50628915306072,269970.0,0.6387672704374561,,8999.0,,,,,,-5.328289903801253,1.095680007503863,8.174059382137266,8.174059382137266,,,,
MV,Maldives,1993-10,17946,170495.0,9.500445781789814,278969.0,0.6111610967526858,,8999.0,,,,,,-2.8790994696395678,4.569290686620264,7.16922710491843,7.16922710491843,,,,
MV,Maldives,1993-11,19684,166405.0,8.453820361715099,273510.0,0.6084055427589484,,9117.0,,,,,,27.693804735647088,11.941151936712103,8.059736873296197,8.059736873296197,,,,
MV,Maldives,1993-12,22807,190684.0,8.360766431358794,285789.0,0.6672195220949722,,9219.0,,,,,,7.559894359554797,13.869066458058388,6.6396761133603155,6.6396761133603155,,,,
MV,Maldives,1994-01,26402,233293.0,8.836186652526324,286440.0,0.8144567797793605,,9240.0,,,,,,6.76533624489466,4.867282493875447,6.882591093117418,6.882591093117418,,,,
MV,Maldives,1994-02,26039,224457.0,8.620031491224701,258720.0,0.8675672541743971,,9240.0,,,,,,15.043739506936472,9.553210597215989,6.882591093117418,6.882591093117396,,,,
MV,Maldives,1994-03,27601,231771.0,8.397195753777037,287246.0,0.8068728546263482,,9266.0,,,,,,14.836696484293732,8.870945012823771,7.183342972816664,7.183342972816664,,,,
MV,Maldives,1994-04,22651,193122.0,8.525981192883316,277980.0,0.6947334340600044,,9266.0,,,,,,16.517489711934164,11.75912315829677,7.158552098993876,7.158552098993876,,,,
MV,Maldives,1994-05,18293,149248.0,8.158749248346362,287246.0,0.5195825181203567,,9266.0,,,,,,27.504007806510078,19.900061858817296,7.158552098993876,7.158552098993876,,,,
MV,Maldives,1994-06,16183,121966.00000000001,7.53667428783291,277980.0,0.4387581840420174,,9266.0,,,,,,18.314081005995032,18.43313945020053,5.836664762992583,5.836664762992583,,,,
MV,Maldives,1994-07,21318,174544.0,8.187634862557463,287494.0,0.6071222355944819,,9274.0,,,,,,9.559050262102996,9.910204904096819,3.3314763231197864,3.3314763231197864,,,,
MV,Maldives,1994-08,26213,219348.0,8.367909052760082,287494.0,0.7629654879754013,,9274.0,,,,,,19.20960480240119,13.673605820805035,3.0558950994554968,3.0558950994554968,,,,
MV,Maldives,1994-09,23380,191075.0,8.172583404619333,288720.0,0.6618003602105847,,9624.0,,,,,,15.325802791890686,10.801516979031355,6.945216135126131,6.945216135126131,,,,
MV,Maldives,1994-10,21754,189565.0,8.714029603751035,298344.0,0.635390689941812,,9624.0,,,,,,21.219213195140973,11.185078741312072,6.945216135126131,6.945216135126131,,,,
MV,Maldives,1994-11,23198,199633.0,8.605612552806276,307980.0,0.6482011818949283,,10266.0,,,,,,17.852062588904705,19.968149995492922,12.602829878249434,12.602829878249434,,,,
MV,Maldives,1994-12,26950,222781.0,8.266456400742115,321656.0,0.6926063869475463,,10376.0,,,,,,18.16547551190424,16.832560676302144,12.550168131033734,12.550168131033734,,,,
MV,Maldives,1995-01,30881,267545.0,8.66374145914964,326182.0,0.820232262969753,,10522.0,,,,,,16.96462389212938,14.681966454201367,13.874458874458885,13.874458874458885,,,,
MV,Maldives,1995-02,29778,258256.0,8.672711397676137,294616.0,0.8765851141825292,,10522.0,,,,,,14.359230385191445,15.058118035971258,13.874458874458885,13.874458874458885,,,,
MV,Maldives,1995-03,29226,266034.0,9.102648326832272,326182.0,0.8155998798216948,,10522.0,,,,,,5.887467845367911,14.783126448088858,13.55493200949709,13.55493200949709,,,,
MV,Maldives,1995-04,27381,238449.29999999996,8.708567985099156,315360.0,0.7561177701674276,,10512.0,,,,,,20.882080261357117,23.47081119706711,13.447010576300444,13.447010576300444,,,,
MV,Maldives,1995-05,19399,166986.0,8.607969482963039,325872.0,0.5124281926646045,,10512.0,,,,,,6.046028535505377,11.884916380789011,13.447010576300444,13.447010576300444,,,,
MV,Maldives,1995-06,16643,136774.0,8.21810971579643,315600.0,0.43337769328263626,,10520.0,,,,,,2.842489031699924,12.141088500073781,13.53334772285777,13.53334772285777,,,,
MV,Maldives,1995-07,24970,196567.0,7.872126551862236,326368.0,0.6022863761153054,,10528.0,,,,,,17.13106295149638,12.617448895407456,13.521673495794694,13.521673495794694,,,,
MV,Maldives,1995-08,29668,251273.0,8.469495752999865,326368.0,0.7699069761741347,,10528.0,,,,,,13.180482966467011,14.55449787552201,13.521673495794694,13.521673495794694,,,,
MV,Maldives,1995-09,24316,208756.0,8.585129133081098,315840.0,0.6609549138804458,,10528.0,,,,,,4.003421727972634,9.253434515242699,9.393183707398167,9.393183707398167,,,,
MV,Maldives,1995-10,24891,219943.0,8.836246032702583,329530.0,0.6674445422268078,,10630.0,,,,,,14.420336489840956,16.025110120539132,10.45303408146301,10.45303408146301,,,,
MV,Maldives,1995-11,27144,241187.99999999997,8.88549955791335,323040.0,0.7466196136701337,,10768.0,,,,,,17.010087076472114,20.815696803634665,4.889927917397241,4.889927917397241,,,,
MV,Maldives,1995-12,30572,273293.0,8.939323564045532,341000.0,0.8014457478005865,,11000.0,,,,,,13.439703153988859,22.67338776646124,6.013878180416343,6.013878180416343,,,,
MV,Maldives,1996-01,31921,305166.0,9.560038845900818,341186.0,0.8944270866917166,,11006.0,,,,,,3.3677665878695695,14.061559737614227,4.599885953240834,4.599885953240834,,,,
MV,Maldives,1996-02,34387,306270.0,8.90656352691424,322480.0,0.9497333167948399,,11120.0,,,,,,15.477869568137548,18.59163001053219,5.683330165367795,9.457734814130948,,,,
MV,Maldives,1996-03,33021,315313.0,9.548862844856304,353772.0,0.8912887396402202,,11412.0,,,,,,12.985013344282482,18.523572174985148,8.458467971868465,8.458467971868465,,,,
MV,Maldives,1996-04,29496,269131.0,9.124321941958232,343680.0,0.7830860102420857,,11456.0,,,,,,7.724334392461918,12.86717973170819,8.980213089802124,8.980213089802124,,,,
MV,Maldives,1996-05,18501,183049.0,9.894005729420032,355198.0,0.5153435548623585,,11458.0,,,,,,-4.629104593020261,9.619369288443336,8.999238964992395,8.999238964992395,,,,
MV,Maldives,1996-06,18557,151474.0,8.162634046451474,342420.0,0.4423631797208107,,11414.0,,,,,,11.500330469266352,10.74765671838216,8.498098859315583,8.498098859315583,,,,
MV,Maldives,1996-07,24512,203808.0,8.31462140992167,353834.0,0.5759989147453326,,11414.0,,,,,,-1.8342010412494947,3.6837312468522176,8.415653495440733,8.415653495440733,,,,
MV,Maldives,1996-08,29901,262088.0,8.765191799605365,353834.0,0.7407089200020348,,11414.0,,,,,,0.7853579614399253,4.304083606276832,8.415653495440733,8.415653495440733,,,,
MV,Maldives,1996-09,26999,227788.0,8.436905070558169,342420.0,0.6652298347059167,,11414.0,,,,,,11.033887152492184,9.116863706911428,8.415653495440733,8.415653495440733,,,,
MV,Maldives,1996-10,29078,251900.00000000003,8.66290666483252,355384.0,0.7088107511874481,,11464.0,,,,,,16.821341046964776,14.529673597250214,7.845719661335848,7.845719661335848,,,,
MV,Maldives,1996-11,28938,270284.0,9.340106434446056,351420.0,0.7691195720220818,,11714.0,,,,,,6.609195402298851,12.06361842214374,8.785289747399695,8.785289747399695,,,,
MV,Maldives,1996-12,33422,292427.0,8.749536233618574,365304.0,0.800503142588091,,11784.0,,,,,,9.322255658772738,7.0012770177062755,7.127272727272738,7.127272727272738,,,,
MV,Maldives,1997-01,33290,322924.0,9.700330429558425,362390.0,0.8910952288970446,,11690.0,,,,,,4.288712759625324,5.819127950033742,6.214791931673624,6.214791931673624,,,,
MV,Maldives,1997-02,36013,318883.0,8.854663593702274,327320.0,0.9742240009776366,,11690.0,,,,,,4.728531130950642,4.118261664544365,5.125899280575541,1.5008682709005239,,,,
MV,Maldives,1997-03,36417,340498.0,9.349973913282259,362514.0,0.9392685523869423,,11694.0,,,,,,10.284364495321153,7.987301506756772,2.4710830704521625,2.4710830704521625,,,,
MV,Maldives,1997-04,30522,279844.0,9.168599698578074,352380.0,0.7941540382541574,,11746.0,,,,,,3.478437754271768,3.980589378406796,2.5314245810055924,2.5314245810055924,,,,
MV,Maldives,1997-05,21392,210356.0,9.833395661929693,353152.0,0.5956528633562885,,11392.0,,,,,,15.626182368520624,14.917863522881847,-0.5760167568511054,-0.5760167568511054,,,,
MV,Maldives,1997-06,18969,162602.0,8.571985871685381,333300.0,0.4878547854785479,,11110.0,,,,,,2.220186452551598,7.3464753026922125,-2.6633958296828464,-2.6633958296828464,,,,
MV,Maldives,1997-07,25818,215987.0,8.365752575722365,352098.0,0.6134286477060363,,11358.0,,,,,,5.328002610966065,5.975722248390647,-0.4906255475731536,-0.4906255475731536,,,,
MV,Maldives,1997-08,30380,282782.0,9.308163265306122,352966.0,0.8011593184612681,,11386.0,,,,,,1.6019531119360497,7.895821250877577,-0.2453127737865768,-0.2453127737865768,,,,
MV,Maldives,1997-09,30520,253308.00000000003,8.299737876802096,345360.0,0.7334607366226547,,11512.0,,,,,,13.041223749027742,11.203399652308299,0.8585947082530243,0.8585947082530243,,,,
MV,Maldives,1997-10,31549,274692.0,8.70683698373958,349618.0,0.7856918122064652,,11278.0,,,,,,8.497833413577283,9.048034934497796,-1.6224703419399855,-1.6224703419399855,,,,
MV,Maldives,1997-11,33194,292844.0,8.822196782551064,347760.0,0.8420864964343225,,11592.0,,,,,,14.707305273343007,8.34677598378002,-1.0414888168004066,-1.0414888168004066,,,,
MV,Maldives,1997-12,37499,316323.0,8.43550494679858,379254.0,0.834066351310731,,12234.0,,,,,,12.19855185207348,8.171612060445854,3.8187372708757605,3.8187372708757605,,,,
MV,Maldives,1998-01,38679,352606.0,9.116212932082009,381424.0,0.9244462854985528,,12304.0,,,,,,16.188044457795137,9.191636422192229,5.252352437981189,5.252352437981189,,,,
MV,Maldives,1998-02,37046,328673.0,8.872023970199212,346416.0,0.9487812341231351,,12372.0,,,,,,2.8684086302168676,3.0700915382757987,5.8340461933276355,5.8340461933276355,,,,
MV,Maldives,1998-03,38820,341252.0,8.790623390005152,384090.0,0.8884688484469785,,12390.0,,,,,,6.598566603509348,0.22144036088318497,5.951770138532586,5.951770138532586,,,,
MV,Maldives,1998-04,34920,308540.0,8.835624284077893,373140.0,0.8268746315056013,,12438.0,,,,,,14.409278553174754,10.254284529952407,5.891367273965598,5.891367273965598,,,,
MV,Maldives,1998-05,23499,224881.0,9.56981148133963,382292.0,0.5882440647463195,,12332.0,,,,,,9.849476439790571,6.904961113540864,8.251404494382019,8.251404494382019,,,,
MV,Maldives,1998-06,22184,179764.0,8.103317706455103,354480.0,0.5071202888738434,,11816.0,,,,,,16.94870578311982,10.55460572440683,6.354635463546354,6.354635463546354,,,,
MV,Maldives,1998-07,25964,225403.0,8.681366507471884,366296.0,0.6153575250616987,,11816.0,,,,,,0.5654969401192922,4.359521637876362,4.032400070434927,4.032400070434927,,,,
MV,Maldives,1998-08,33546,299560.0,8.929827699278603,366234.0,0.8179469956366695,,11814.0,,,,,,10.42132982225148,5.933192353120065,3.759002283506052,3.759002283506052,,,,
MV,Maldives,1998-09,31908,260013.00000000003,8.148834148176006,354420.0,0.7336295920094803,,11814.0,,,,,,4.54783748361729,2.646975223838166,2.623349548297438,2.623349548297438,,,,
MV,Maldives,1998-10,32001,283974.0,8.873910190306553,390104.0,0.7279443430469823,,12584.0,,,,,,1.4326920029160917,3.379057271416719,11.580067387834724,11.580067387834724,,,,
MV,Maldives,1998-11,37708,322028.0,8.540044552880026,408600.0,0.7881253059226627,,13620.0,,,,,,13.598843164427299,9.965715534550812,17.49482401656315,17.49482401656315,,,,
MV,Maldives,1998-12,39450,339855.0,8.614828897338404,438898.0,0.7743370897110491,,14158.0,,,,,,5.202805408144218,7.4392314185184105,15.726663397090078,15.726663397090078,,,,
MV,Maldives,1999-01,42603,386265.0,9.066615027110767,444850.0,0.8683039226705631,,14350.0,,,,,,10.145039944155743,9.545781977618084,16.62873862158647,16.62873862158647,,,,
MV,Maldives,1999-02,43732,370164.0,8.464373913838836,407400.0,0.90860088365243,,14550.0,,,,,,18.047832424553256,12.623793253476867,17.604267701260913,17.604267701260913,,,,
MV,Maldives,1999-03,45170,390579.0,8.646867389860526,451050.0,0.8659328234120386,,14550.0,,,,,,16.357547655847494,14.454713818527075,17.43341404358354,17.43341404358354,,,,
MV,Maldives,1999-04,35817,324771.0,9.067509841695284,438540.0,0.7405732658366397,,14618.0,,,,,,2.5687285223367606,5.260582096324629,17.526933590609417,17.526933590609417,,,,
MV,Maldives,1999-05,26390,237226.99999999997,8.989276241000379,454150.0,0.5223538478476274,,14650.0,,,,,,12.302651176645817,5.490014718895764,18.796626662341875,18.796626662341875,,,,
MV,Maldives,1999-06,22639,194587.0,8.59521180264146,437580.0,0.4446889711595594,,14586.0,,,,,,2.051027767760538,8.24581117465122,23.44278943805009,23.44278943805009,,,,
MV,Maldives,1999-07,30188,252902.0,8.377567245263018,455266.0,0.5555038153519042,,14686.0,,,,,,16.268679710368204,12.199926354130163,24.289099526066348,24.289099526066348,,,,
MV,Maldives,1999-08,38738,337822.0,8.72068769683515,456196.0,0.7405194258608142,,14716.0,,,,,,15.477255112383004,12.772733342235277,24.564076519383793,24.564076519383793,,,,
MV,Maldives,1999-09,34450,297114.0,8.624499274310596,437880.0,0.6785283639353249,,14596.0,,,,,,7.966654130625539,14.268901939518397,23.548332486879975,23.548332486879975,,,,
MV,Maldives,1999-10,33755,298773.0,8.851222041179085,456196.0,0.6549224456154811,,14716.0,,,,,,5.481078716290111,5.2113925922795845,16.94214876033058,16.94214876033058,,,,
MV,Maldives,1999-11,39923,326898.0,8.188212308694236,436500.0,0.7489072164948454,,14550.0,,,,,,5.874085074785196,1.512290856695686,6.8281938325991165,6.8281938325991165,,,,
MV,Maldives,1999-12,36261,301105.0,8.303825046192879,472874.00000000006,0.63675524558339,,15254.0,,,,,,-8.083650190114067,-11.401921407659144,7.741206385082644,7.741206385082644,,,,
MV,Maldives,2000-01,45297,377911.0,8.342958694836303,482298.00000000006,0.7835632741583005,,15558.0,,,,,,6.323498345186951,-2.1627639056088444,8.41811846689895,8.41811846689897,,,,
MV,Maldives,2000-02,48974,410375.0,8.3794462367787,450718.0,0.910491704347286,,15542.0,,,,,,11.986645934327257,10.863022876346706,6.817869415807554,10.632793323514967,,,,
MV,Maldives,2000-03,45393,399582.0,8.802722886788711,481802.00000000006,0.8293489856829155,,15542.0,,,,,,0.4936905025459293,2.305039441444623,6.817869415807554,6.817869415807576,,,,
MV,Maldives,2000-04,43458,359800.0,8.279258134290579,466260.0,0.7716724574271866,,15542.0,,,,,,21.33344501214507,10.785753654113206,6.320974141469415,6.320974141469415,,,,
MV,Maldives,2000-05,27019,241377.0,8.933602279877123,494884.0,0.48774460277559994,,15964.0,,,,,,2.383478590375132,1.7493792865061808,8.9692832764505,8.9692832764505,,,,
MV,Maldives,2000-06,24033,202572.0,8.428910248408439,469620.0,0.43135300881563815,,15654.0,,,,,,6.157515791333545,4.1035629307199395,7.322089675030852,7.322089675030852,,,,
MV,Maldives,2000-07,33027,269245.0,8.152269355375905,484405.99999999994,0.5558250723566595,,15626.0,,,,,,9.40439909897972,6.462186934069325,6.400653683780466,6.400653683780466,,,,
MV,Maldives,2000-08,40563,352035.0,8.678721988018637,497301.99999999994,0.707889773216275,,16042.0,,,,,,4.711136351902523,4.207245235656654,9.010600706713777,9.010600706713777,,,,
MV,Maldives,2000-09,36878,308277.0,8.359374152611313,481260.0,0.6405622740306695,,16042.0,,,,,,7.047895500725687,3.7571437226115334,9.906823787339004,9.906823787339004,,,,
MV,Maldives,2000-10,39078,318374.0,8.147141614207483,497301.99999999994,0.6402025328673521,,16042.0,,,,,,15.76951562731448,6.560499108018458,9.010600706713777,9.010600706713777,,,,
MV,Maldives,2000-11,38985,340116.0,8.724278568680262,480480.0,0.707867132867133,,16016.0,,,,,,-2.3495228314505456,4.0434630985812126,10.075601374570443,10.075601374570443,,,,
MV,Maldives,2000-12,44449,357077.0,8.033409075569754,501456.0,0.7120804218116844,,16176.0,,,,,,22.58073412205952,18.588864349645462,6.044316244919368,6.0443162449193455,,,,
MV,Maldives,2001-01,50459,432844.0,8.57813274143364,499719.99999999994,0.8661730569118705,,16120.0,,,,,,11.395898183102627,14.53596217098736,3.6122894973646957,3.6122894973646735,,,,
MV,Maldives,2001-02,48987,406686.0,8.301916835078694,452480.0,0.8987933168316832,,16160.0,,,,,,0.026544697186259292,-0.8989339019189746,3.976322223652029,0.3909318021467989,,,,
MV,Maldives,2001-03,50488,424935.0,8.416554428775154,510384.0,0.8325789993416721,,16464.0,,,,,,11.22419756350097,6.344880400018016,5.932312443700938,5.932312443700916,,,,
MV,Maldives,2001-04,48100,378739.0,7.873991683991683,493920.0,0.7668023161645611,,16464.0,,,,,,10.681577615168658,5.26375764313507,5.932312443700938,5.932312443700938,,,,
MV,Maldives,2001-05,29450,264726.0,8.988998302207131,513856.0,0.5151754577157803,,16576.0,,,,,,8.997372219549217,9.67324972967598,3.833625657729889,3.833625657729889,,,,
MV,Maldives,2001-06,25593,211280.0,8.255382331106162,496260.0,0.4257445693789546,,16542.0,,,,,,6.491074772188243,4.2987184803428,5.672671521655803,5.672671521655803,,,,
MV,Maldives,2001-07,35461,292124.0,8.23789515242097,508896.0,0.5740347733132113,,16416.0,,,,,,7.369727798467918,8.49746513398577,5.055676436708056,5.055676436708056,,,,
MV,Maldives,2001-08,38744,357939.0,9.238565971505265,512244.0,0.6987666034155597,,16524.0,,,,,,-4.484382318862012,1.6771059695768864,3.004612891160696,3.0046128911607184,,,,
MV,Maldives,2001-09,31726,298927.0,9.422145874046523,498420.0,0.5997492074956864,,16614.0,,,,,,-13.970388849720706,-3.0329865672755307,3.565640194489461,3.565640194489461,,,,
MV,Maldives,2001-10,31209,277327.0,8.886122592841808,515034.00000000006,0.5384634800809267,,16614.0,,,,,,-20.136649777368344,-12.89269852437699,3.565640194489461,3.5656401944894833,,,,
MV,Maldives,2001-11,30341,277134.0,9.133977126660294,499020.0,0.5553564987375256,,16634.0,,,,,,-22.17263049890984,-18.517799809476763,3.858641358641357,3.858641358641357,,,,
MV,Maldives,2001-12,40426,310087.0,7.670484341760253,514848.0,0.6022884424140716,,16608.0,,,,,,-9.0508222907152,-13.159626635151522,2.6706231454005858,2.6706231454005858,,,,
MV,Maldives,2002-01,36211,342031.0,9.445499986192042,509639.99999999994,0.6711227533160663,,16440.0,,,,,,-28.236786301749937,-20.980538022936667,1.985111662531014,1.985111662531014,,,,
MV,Maldives,2002-02,47024,376968.0,8.016502211636611,461048.0,0.8176328711977928,,16466.0,,,,,,-4.007185579847716,-7.307357519068769,1.8935643564356397,1.8935643564356397,,,,
MV,Maldives,2002-03,49280,406398.0,8.246712662337663,512306.0,0.7932719897873537,,16526.0,,,,,,-2.3926477578830596,-4.362314236294962,0.37657920310980586,0.37657920310980586,,,,
MV,Maldives,2002-04,42647,351542.0,8.2430651628485,502200.00000000006,0.7000039824771007,,16740.0,,,,,,-11.336798336798337,-7.180934627804369,1.6763848396501357,1.676384839650158,,,,
MV,Maldives,2002-05,31529,278140.0,8.8217196866377,493396.0,0.5637256888989777,,15916.0,,,,,,7.059422750424438,5.067126009534384,-3.9816602316602334,-3.9816602316602334,,,,
MV,Maldives,2002-06,23641,198244.0,8.385601285901611,472020.0,0.4199906783610864,,15734.0,,,,,,-7.62708553119994,-6.170011359333582,-4.88453633176158,-4.88453633176158,,,,
MV,Maldives,2002-07,34341,276470.0,8.050726536792755,484716.0,0.5703752300316062,,15636.0,,,,,,-3.1583993683201306,-5.358683298873079,-4.751461988304095,-4.751461988304095,,,,
MV,Maldives,2002-08,41243,372236.0,9.025434619208108,482855.99999999994,0.7709047832065875,,15576.0,,,,,,6.45003097253769,3.994256004514729,-5.7371096586782855,-5.737109658678296,,,,
MV,Maldives,2002-09,39760,319806.0,8.04341046277666,467280.0,0.6843990755007704,,15576.0,,,,,,25.323078862762394,6.984648425869855,-6.247742867461181,-6.247742867461181,,,,
MV,Maldives,2002-10,42579,357131.0,8.38749148641349,484964.0,0.7364072384754333,,15644.0,,,,,,36.43179851965779,28.776137916611066,-5.838449500421328,-5.838449500421339,,,,
MV,Maldives,2002-11,42310,374373.0,8.84833372725124,487320.00000000006,0.768228268899286,,16244.0,,,,,,39.44827131604101,35.08735846197146,-2.344595406997718,-2.344595406997707,,,,
MV,Maldives,2002-12,54115,413111.0,7.633946225630601,529170.0,0.7806772870722074,,17070.0,,,,,,33.86187107307179,33.22422416934603,2.7817919075144415,2.7817919075144415,,,,
MV,Maldives,2003-01,54503,478401.0,8.777516833935747,529170.0,0.9040591870287432,,17070.0,,,,,,50.515036867250274,39.87065499910827,3.8321167883211604,3.8321167883211826,,,,
MV,Maldives,2003-02,56706,456381.0,8.048195958099672,477959.99999999994,0.95485187044941,,17070.0,,,,,,20.589486219802655,21.06624434965303,3.6681647030244235,3.6681647030244013,,,,
MV,Maldives,2003-03,56441,462213.0,8.18931273365107,529170.0,0.8734678836668747,,17070.0,,,,,,14.531249999999996,13.734073494456167,3.2917826455282517,3.2917826455282517,,,,
MV,Maldives,2003-04,48742,411029.0,8.43274793812318,512100.0,0.8026342511228276,,17070.0,,,,,,14.291743850681172,16.921733391742656,1.9713261648745428,1.9713261648745428,,,,
MV,Maldives,2003-05,31119,295435.0,9.493717664449372,529170.0,0.558298845361604,,17070.0,,,,,,-1.3003901170351106,6.218091608542453,7.2505654687107235,7.2505654687107235,,,,
MV,Maldives,2003-06,26915,231132.0,8.58747910087312,495480.00000000006,0.46648098813271976,,16516.0,,,,,,13.848821961845935,16.589657190129326,4.970128384390482,4.970128384390504,,,,
MV,Maldives,2003-07,38076,318675.0,8.369445319886543,502572.0,0.6340882500417852,,16212.0,,,,,,10.876212107975892,15.265670778022923,3.683806600153483,3.683806600153483,,,,
MV,Maldives,2003-08,48431,425622.0,8.78821416035184,503192.00000000006,0.8458441310672665,,16232.0,,,,,,17.428412094173563,14.34197659549319,4.211607601438105,4.211607601438128,,,,
MV,Maldives,2003-09,44951,351030.0,7.809169985094882,486960.0,0.7208600295712173,,16232.0,,,,,,13.055835010060356,9.763419072812884,4.211607601438105,4.211607601438105,,,,
MV,Maldives,2003-10,48357,391439.0,8.09477428293732,512615.99999999994,0.7636105778984659,,16536.0,,,,,,13.570069752694991,9.606558937756727,5.70186653029916,5.701866530299138,,,,
MV,Maldives,2003-11,51087,431171.0,8.439935795799324,494040.00000000006,0.8727451218524815,,16468.0,,,,,,20.74450484519026,15.171500081469546,1.3789706968726945,1.3789706968726945,,,,
MV,Maldives,2003-12,58265,452073.0,7.7589118681884495,519498.00000000006,0.8702112423916936,,16758.0,,,,,,7.668853367827766,9.431363483422128,-1.8277680140597496,-1.8277680140597385,,,,
MV,Maldives,2004-01,61861,522166.99999999994,8.440972502869336,519498.00000000006,1.0051376521180062,,16758.0,,,,,,13.500174302331992,9.148392248343939,-1.8277680140597496,-1.8277680140597385,,,,
MV,Maldives,2004-02,59692,493438.0,8.26640085773638,489578.00000000006,1.0078843412081426,,16882.0,,,,,,5.265756710048319,8.119750822229665,-1.101347393087293,2.4307473428738957,,,,
MV,Maldives,2004-03,63855,512639.3,8.028177903061623,523527.99999999994,0.9792013034641891,,16888.0,,,,,,13.135840966673173,10.909753728259485,-1.0661980082015243,-1.0661980082015354,,,,
MV,Maldives,2004-04,55396,463755.0,8.371633330926421,511740.0,0.9062316801500763,,17058.0,,,,,,13.65147101062738,12.827805337336295,-0.07029876977152627,-0.07029876977152627,,,,
MV,Maldives,2004-05,42197,354010.0,8.389458966277223,520924.0,0.6795808985571792,,16804.0,,,,,,35.59883029660335,19.826696227596585,-1.5582893966022304,-1.5582893966022304,,,,
MV,Maldives,2004-06,33835,277310.0,8.19595093837742,483120.0,0.5739981785063752,,16104.0,,,,,,25.71057031395132,19.979059584999035,-2.4945507386776478,-2.494550738677659,,,,
MV,Maldives,2004-07,43527,369186.0,8.481769935901854,502386.0,0.7348652231551038,,16206.0,,,,,,14.316104632839588,15.850317721816909,-0.03700962250184903,-0.03700962250184903,,,,
MV,Maldives,2004-08,55843,463496.0,8.299983883387354,502386.0,0.9225894033671321,,16206.0,,,,,,15.304247279634954,8.898506186240374,-0.1601774273040868,-0.1601774273040979,,,,
MV,Maldives,2004-09,46838,390145.0,8.329668218113497,482279.99999999994,0.8089595255867961,,16076.0,,,,,,4.197904384774542,11.142922257356913,-0.961064563824543,-0.9610645638245541,,,,
MV,Maldives,2004-10,52511,428304.0,8.156462455485517,510942.0,0.8382634428173844,,16482.0,,,,,,8.590276485307191,9.417814780847088,-0.32656023222060737,-0.32656023222059627,,,,
MV,Maldives,2004-11,56656,440732.0,7.779087828297091,505860.0,0.8712529158265133,,16862.0,,,,,,10.901011999138731,2.2174496893343942,2.3925188243866913,2.392518824386669,,,,
MV,Maldives,2004-12,44505,395405.0,8.88450735872374,530968.0,0.7446870621205044,,17128.0,,,,,,-23.616236162361627,-12.53514366042653,2.207900704141297,2.207900704141297,,,,
MV,Maldives,2005-01,18747,135583.0,7.23225049341228,416144.0,0.32580789342150795,,13424.0,,,,,,-69.69496128416934,-74.0345521643459,-19.89497553407328,-19.89497553407329,,,,
MV,Maldives,2005-02,29391,237565.00000000003,8.082916539076589,366128.0,0.6488577765153171,,13076.0,,,,,,-50.762246197145345,-51.8551469485528,-22.544722189314058,-25.215593837958416,,,,
MV,Maldives,2005-03,35742,306856.0,8.585305802697107,416578.0,0.7366111508529015,,13438.0,,,,,,-44.02630960770496,-40.14192825247693,-20.42870677404074,-20.428706774040727,,,,
MV,Maldives,2005-04,29714,259344.0,8.728007000067308,418740.0,0.6193437455222811,,13958.0,,,,,,-46.360748068452594,-44.077368438076135,-18.173291124399103,-18.173291124399103,,,,
MV,Maldives,2005-05,25309,221029.0,8.73321743253388,423894.0,0.5214251676126579,,13674.0,,,,,,-40.021802497807904,-37.56419310188978,-18.626517495834328,-18.626517495834328,,,,
MV,Maldives,2005-06,22590,187003.0,8.278131916777335,403500.0,0.46345229244114,,13450.0,,,,,,-33.234816018915325,-32.56536006635174,-16.48037754595132,-16.48037754595132,,,,
MV,Maldives,2005-07,29860,259590.0,8.693569993302077,427862.0,0.6067143144284839,,13802.0,,,,,,-31.3989018310474,-29.685849409240873,-14.834012094286065,-14.834012094286065,,,,
MV,Maldives,2005-08,38366,334646.0,8.722462597091175,431830.0,0.7749484750943658,,13930.0,,,,,,-31.296671024121192,-27.79959266099383,-14.044181167468839,-14.044181167468839,,,,
MV,Maldives,2005-09,33748,289467.0,8.577308284935404,425820.0,0.6797872340425531,,14194.0,,,,,,-27.947393142320344,-25.805277525022753,-11.706892261756652,-11.706892261756641,,,,
MV,Maldives,2005-10,40543,335202.0,8.267814419258565,445098.0,0.7530970707574511,,14358.0,,,,,,-22.79141513206757,-21.737364115207892,-12.886785584273753,-12.886785584273753,,,,
MV,Maldives,2005-11,44461,367022.0,8.25492004228425,431040.0,0.8514801410541947,,14368.0,,,,,,-21.524639932222534,-16.72444932521351,-14.790653540505282,-14.790653540505282,,,,
MV,Maldives,2005-12,46849,366818.0,7.829793592179128,492466.0,0.7448595436030102,,15886.0,,,,,,5.266823952364907,-7.229802354547865,-7.251284446520323,-7.251284446520323,,,,
MV,Maldives,2006-01,58332,468426.0,8.03034355070973,496248.00000000006,0.9439352904193065,,16008.0,77.0,,,,,211.15378460553686,245.49021632505548,19.24910607866508,19.2491060786651,,,,
MV,Maldives,2006-02,54741,435682.0,7.958970424361995,450184.0,0.9677865050734811,,16078.0,77.0,,,,,86.25089313055017,83.39486035400836,22.958091159375947,22.958091159375947,,,,
MV,Maldives,2006-03,54596,467611.0,8.564931496812953,498914.0,0.9372577237760416,,16094.0,77.0,,,,,52.75026579374404,52.38776494512083,19.764845959220125,19.764845959220125,,,,
MV,Maldives,2006-04,55983,446330.0,7.972598824643195,484260.0,0.9216743071903523,,16142.0,77.0,,,,,88.40613852056269,72.09960515762847,15.646940822467403,15.646940822467403,,,,
MV,Maldives,2006-05,40961,335906.0,8.200629867434877,500402.0,0.6712722970731533,,16142.0,77.0,,,,,61.843612944012015,51.973722905139155,18.04885183560041,18.04885183560041,,,,
MV,Maldives,2006-06,33037,264792.0,8.015013469746043,467220.0,0.5667394375240786,,15574.0,73.0,,,,,46.246126604692336,41.59772837868911,15.791821561338292,15.791821561338292,,,,
MV,Maldives,2006-07,42776,339667.5,7.9406092201234335,493582.0,0.6881683286667666,,15922.0,75.0,,,,,43.25519089082383,30.84768288454871,15.360092740182573,15.360092740182573,,,,
MV,Maldives,2006-08,49968,426680.3,8.539071005443484,495256.00000000006,0.8615348425864603,,15976.0,75.0,,,,,30.240316947297096,27.50198717450678,14.687724335965546,14.687724335965546,,,,
MV,Maldives,2006-09,44593,361183.0,8.099544771600923,494279.99999999994,0.7307254997167597,,16476.0,77.0,,,,,32.13523764371222,24.77519026348427,16.077215724954197,16.077215724954197,,,,
MV,Maldives,2006-10,54721,415634.0,7.595511777928035,512306.0,0.8113002775684844,,16526.0,77.0,,,,,34.97027846977283,23.995083561553933,15.099596044017272,15.099596044017272,,,,
MV,Maldives,2006-11,53594,425769.0,7.944340784416166,508170.00000000006,0.8378475706948462,,16939.0,80.0,,,,,20.54159825465014,16.00639743666592,17.893930957683747,17.893930957683747,,,,
MV,Maldives,2006-12,58621,438691.0,7.483512734344347,533727.0,0.8219389313263147,,17217.0,81.0,,,,,25.12753740741531,19.593640442944448,8.378446430819597,8.378446430819597,,,,
MV,Maldives,2007-01,64570,508987.00000000006,7.882716431779464,538439.0,0.945301139033391,18577.0,17369.0,82.0,,,,,10.693958719056429,8.658998433050268,8.50199900049975,8.501999000499726,,,,
MV,Maldives,2007-02,65224,486586.00000000006,7.460229363424507,487788.0,0.99753581473919,18577.0,17421.0,82.0,,,,,19.150179938254695,11.683750992696517,8.353028983704448,8.353028983704448,,,,
MV,Maldives,2007-03,64491,512732.0,7.95044269743065,545321.0,0.9402388684829668,18687.0,17591.0,82.0,,,,,18.124038391090913,9.649259747952899,9.301603081893873,9.301603081893873,,,,
MV,Maldives,2007-04,63171,490468.0,7.764132275886088,531510.0,0.922782261857726,18813.0,17717.0,83.0,,,,,12.839612025079038,9.889095512289114,9.75715524718126,9.75715524718126,,,,
MV,Maldives,2007-05,46602,382163.0,8.200570790953178,544701.0,0.7016014290408866,18813.0,17571.0,82.0,,,,,13.771636434657353,13.770816835662348,8.852682443315585,8.852682443315585,,,,
MV,Maldives,2007-06,38457,306302.0,7.9647918454377615,521490.0,0.5873592973978408,18891.0,17383.0,80.0,,,,,16.405847988618817,15.676455482038731,11.615513034544755,11.615513034544755,,,,
MV,Maldives,2007-07,51025,386715.0,7.578931896129348,538873.0,0.7176366231004336,18891.0,17383.0,80.0,,,,,19.284178043762857,13.85104550773919,9.175982916718993,9.175982916718993,,,,
MV,Maldives,2007-08,53168,456479.0,8.58559659945832,542469.0,0.8414840295021466,19007.0,17499.0,80.0,,,,,6.404098623118792,6.983847156758816,9.533049574361542,9.533049574361518,,,,
MV,Maldives,2007-09,48468,385529.0,7.954299744161096,525270.0,0.7339634854455803,19017.0,17509.0,80.0,,,,,8.689704662166697,6.740627327421289,6.269725661568337,6.269725661568359,,,,
MV,Maldives,2007-10,58706,441469.0,7.51999795591592,545631.0,0.8090980901011856,19223.0,17601.0,80.0,,,,,7.2823961550410266,6.215805251735906,6.504901367542049,6.504901367542049,,,,
MV,Maldives,2007-11,56797,453436.0,7.983449830096661,530730.0,0.8543628587040492,19313.0,17691.0,81.0,,,,,5.976415270366076,6.498124569895891,4.439459236082421,4.439459236082399,,,,
MV,Maldives,2007-12,65210,482357.99999999994,7.396994326023616,568385.0,0.8486466039744187,19914.0,18335.0,84.0,,,,,11.239999317650673,9.953931126920757,6.493581924841729,6.493581924841729,,,,
MV,Maldives,2008-01,64621,537391.0,8.316042772473345,597308.0,0.8996882680292244,20106.0,19268.0,85.0,,,,,0.07898404831965244,5.580496161984483,10.933271921238985,10.933271921238985,8.230607740754703,,,
MV,Maldives,2008-02,67963,536237.0,7.890131395023763,559120.0,0.9590731864358277,20118.0,19280.0,85.0,,,,,4.199374463387717,10.203951613897644,10.67102921761094,14.623565975382746,8.295203746568337,,,
MV,Maldives,2008-03,71623,563855.0,7.872540943551653,589124.0,0.9571075019859996,20124.0,19004.0,84.0,,,,,11.058907444449616,9.970705943845903,8.032516627821051,8.032516627821051,7.68983785519346,,,
MV,Maldives,2008-04,62670,499555.0,7.971198340513801,566160.0,0.8823565776458951,20124.0,18872.0,83.0,,,,,-0.7930854347722893,1.852720259017926,6.519162386408528,6.519162386408528,6.968585552543449,,,
MV,Maldives,2008-05,48764,405403.0,8.313571487162662,575856.0,0.704000652941013,20284.0,18576.0,80.0,,,,,4.6392858675593285,6.081174786674803,5.719651698821915,5.719651698821915,7.819061287407636,,,
MV,Maldives,2008-06,40283,306512.0,7.608966561576845,565260.0,0.5422495842621095,20252.0,18842.0,80.0,,,,,4.748160282913383,0.0685597873993693,8.393257780590236,8.393257780590236,7.2044889100630005,,,
MV,Maldives,2008-07,47675,381593.0,8.004048243314106,584102.0,0.6532985677159127,20452.0,18842.0,80.0,,,,,-6.565409113179809,-1.3244896112123872,8.393257780590236,8.393257780590236,8.26319411359906,,,
MV,Maldives,2008-08,51824,452561.0,8.732652824945971,595386.0,0.7601136069709399,20552.0,19206.0,84.0,,,,,-2.527836292506769,-0.8583089254927345,9.754843133893365,9.754843133893365,8.1285842058189,,,
MV,Maldives,2008-09,50687,381999.0,7.5364294592301775,579120.0,0.6596197679237463,20664.0,19304.0,83.0,,,,,4.578278451761997,-0.9156250243172348,10.251870466617174,10.251870466617174,8.660672030288685,,,
MV,Maldives,2008-10,56363,453194.0,8.040629490978123,598486.0,0.7572340873470725,20776.0,19306.0,82.0,,,,,-3.9910741661840388,2.655905624177457,9.686949605136075,9.686949605136075,8.078863860999853,,,
MV,Maldives,2008-11,57961,455247.0,7.854367592001519,582900.0,0.7810036026762738,20876.0,19430.0,82.0,,,,,2.049404017817835,0.39939484293263217,9.829856989429665,9.829856989429665,8.092994356133175,,,
MV,Maldives,2008-12,62578,473390.0,7.564799130684905,603818.0,0.7839945149034974,20970.0,19478.0,82.0,,,,,-4.0361907682870735,-1.8592000132681363,6.233978729206435,6.233978729206435,5.302802048809885,,,
MV,Maldives,2009-01,61531,523340.0,8.505306268385041,605182.0,0.8647646493121077,20992.0,19522.0,82.0,,,,,-4.781727302270156,-2.6146697655896722,1.3182478721195823,1.3182478721195823,4.406644782651936,,,
MV,Maldives,2009-02,58520,469551.0,8.02376965140123,546728.0,0.8588383986186916,20996.0,19526.0,82.0,,,,,-13.894324853228968,-12.43591919244662,1.2759336099585017,-2.2163399627986857,4.364250919574508,,,
MV,Maldives,2009-03,62127,496068.99999999994,7.984757029954769,607848.0,0.816106987273134,20996.0,19608.0,82.0,,,,,-13.258310877790658,-12.02188505910209,3.1782782572089996,3.1782782572089996,4.333134565692709,,,
MV,Maldives,2009-04,57186,451106.0,7.8883992585597875,595020.0,0.7581358609794628,21194.0,19834.0,84.0,,,,,-8.750598372427,-9.698431604127677,5.097498940228906,5.097498940228906,5.317034386801822,,,
MV,Maldives,2009-05,43154,371218.0,8.602168976224684,627750.0,0.591346873755476,21238.0,20250.0,85.0,,,,,-11.504388483307359,-8.432350031943525,9.011627906976738,9.011627906976738,4.703214356142782,,,
MV,Maldives,2009-06,36205,286926.0,7.92503797817981,604560.0,0.474603017070266,21522.0,20152.0,84.0,,,,,-10.123377106968201,-6.389961893824713,6.952552807557577,6.952552807557577,6.27098558167094,,,
MV,Maldives,2009-07,44332,361167.0,8.146869078769287,636678.0,0.5672679125083637,21724.0,20538.0,85.0,,,,,-7.0120608285264785,-5.3528235580841415,9.001167604288284,9.001167604288284,6.219440641502061,,,
MV,Maldives,2009-08,52388,422125.0,8.057665877681911,639778.0,0.6597991803406806,21724.0,20638.0,86.0,,,,,1.0882988576721209,-6.725281232806191,7.456003332291994,7.456003332291994,5.702608018684319,,,
MV,Maldives,2009-09,50396,379642.0,7.533177236288593,605100.0,0.6274037349198479,21802.0,20170.0,85.0,,,,,-0.5741117051709543,-0.617017322034874,4.48611686697058,4.48611686697058,5.507162214479289,,,
MV,Maldives,2009-10,62432,461279.0,7.38850269092773,631501.0,0.7304485661938778,22048.0,20371.0,85.0,,,,,10.76770221599277,1.7840042012912782,5.516419765875891,5.516419765875891,6.1224489795918435,,,
MV,Maldives,2009-11,61986,456690.0,7.367631400638855,612480.0,0.7456406739811912,22048.0,20416.0,85.0,,,,,6.94432463208019,0.31697078728689654,5.074626865671639,5.074626865671639,5.614102318451808,,,
MV,Maldives,2009-12,65595,471575.0,7.189191249333028,639096.0,0.737878190444002,22148.0,20616.0,88.0,,,,,4.821183163412068,-0.38340480365026686,5.842488961905734,5.842488961905734,5.617548879351464,,,
MV,Maldives,2010-01,67478,552287.0,8.184697234654257,707575.0,0.7805349256262588,24762.0,22825.0,88.0,,,,,9.665046886935036,5.531203424160203,16.919373015059925,16.919373015059925,17.95922256097562,,,
MV,Maldives,2010-02,77063,578472.0,7.506481709769928,657216.0,0.8801855097867368,25023.0,23472.0,91.0,,,,,31.686602870813395,23.196841237693032,20.208952166342307,20.208952166342307,19.17984377976758,,,
MV,Maldives,2010-03,74975,581848.0,7.760560186728909,741954.0,0.7842103418810331,25079.0,23934.0,92.0,,,,,20.680219550276057,17.2917477205792,22.062423500612006,22.062423500612006,19.44656124976185,,,
MV,Maldives,2010-04,60742,503007.0,8.28104112475717,723720.0,0.695029845796717,25217.0,24124.0,92.0,,,,,6.218305179589412,11.505278138619301,21.629525057981237,21.629525057981237,18.981787298291962,,,
MV,Maldives,2010-05,58324,443824.0,7.609628969206501,740435.0,0.5994098063975906,25296.0,23885.0,91.0,,,,,35.15317235945683,19.55885759850007,17.95061728395062,17.95061728395062,19.1072605706752,,,
MV,Maldives,2010-06,44050,327385.0,7.432122587968218,707550.0,0.46270228252420326,25304.0,23585.0,89.0,,,,,21.668277862173735,14.100848302349744,17.035529972211204,17.035529972211204,17.57271629030759,,,
MV,Maldives,2010-07,57232,428503.0,7.487122588761533,729275.0,0.5875739604401632,25277.0,23525.0,89.0,,,,,29.098619507353597,18.644006789103095,14.543772519232645,14.543772519232645,16.355183207512436,,,
MV,Maldives,2010-08,66315,498208.0,7.5127497549574,732158.0,0.6804651455013808,25315.0,23618.0,90.0,,,,,26.584332289837363,18.023808113710405,14.439383661207472,14.439383661207472,16.53010495304732,,,
MV,Maldives,2010-09,62524,445473.0,7.1248320644872365,710820.0,0.6267029627753863,25492.0,23694.0,89.0,,,,,24.065402016033023,17.340283740998096,17.471492315319793,17.471492315319793,16.925052747454373,,,
MV,Maldives,2010-10,74707,542924.0,7.267377889622125,727074.0,0.746724542481233,25654.0,23454.0,88.0,,,,,19.661391594054333,17.699700181452016,15.13425948652496,15.13425948652496,16.355224963715532,,,
MV,Maldives,2010-11,74252,543239.0,7.316153100253192,711210.0,0.7638236245272142,25551.0,23707.0,89.0,,,,,19.78833930242312,18.951367448378555,16.119710031347957,16.119710031347957,15.888062409288818,,,
MV,Maldives,2010-12,74255,541172.0,7.288021008686283,742822.0,0.7285352345514808,25701.0,23962.0,90.0,,,,,13.202225779403909,14.758415946562042,16.230112533954212,16.230112533954212,16.042080549033777,,,
MV,Maldives,2011-01,79493,612409.0,7.7039361956398675,748154.0,0.8185600825498495,25731.0,24134.0,90.0,,,,218706556.0663949,17.80580337295119,10.88600673200708,5.7349397590361395,5.7349397590361395,3.9132541797916254,,,
MV,Maldives,2011-02,87392,614828.0,7.035289271329184,690200.0,0.8907968704723268,25874.0,24650.0,92.0,,,,201307070.75942007,13.403319362080367,6.284833146634572,5.018745739604635,5.018745739604635,3.4008711984973905,,,
MV,Maldives,2011-03,80732,624439.0,7.734714859039785,769234.0,0.8117672905773796,26074.0,24814.0,92.0,,,,198296236.2063949,7.678559519839956,7.319952977409905,3.6767778056321587,3.6767778056321587,3.967462817496714,,,
MV,Maldives,2011-04,79947,591583.0,7.399689794488848,751200.0,0.7875173056443024,26178.0,25040.0,93.0,,,,174147978.3563949,31.61733232359818,17.609297683730052,3.797048582324658,3.797048582324658,3.8109212039497242,,,
MV,Maldives,2011-05,64456,468857.0,7.274062926647635,763654.0,0.613965225088849,26322.0,24634.0,93.0,,,,125459227.32925203,10.513682189150252,5.640298857204651,3.135859325936785,3.135859325936785,4.055977229601515,,,
MV,Maldives,2011-06,55947,376347.0,6.726848624591131,737610.0,0.510224915605808,26337.0,24587.0,93.0,,,,96928485.30639492,27.007945516458577,14.955480550422283,4.2484630061479844,4.2484630061479844,4.0823585203920265,,,
MV,Maldives,2011-07,72516,478483.0,6.598309338628717,750386.0,0.6376491565674199,26347.0,24206.0,92.0,,,,119241630.16639489,26.705339670114615,11.663862330018704,2.8947927736450607,2.8947927736450607,4.233097282114184,,,
MV,Maldives,2011-08,76828,519711.0,6.7646040506065495,753176.0,0.6900259700255983,26407.0,24296.0,93.0,,,,144051730.8706806,15.853125235617881,4.316068790545313,2.8706918452028107,2.8706918452028107,4.3136480347619965,,,
MV,Maldives,2011-09,71861,479652.0,6.674719249662543,728520.0,0.6583923571075604,26451.0,24284.0,93.0,,,,133920756.61925204,14.933465549229098,7.672518873197709,2.490081877268513,2.490081877268513,3.7619645378942357,,,
MV,Maldives,2011-10,91059,595717.0,6.542099078619357,750355.0,0.7939135475874752,26785.0,24205.0,93.0,,,,163128186.07925206,21.888176476099975,9.723828749511899,3.2020124499019254,3.2020124499019254,4.408669213378036,,,
MV,Maldives,2011-11,85501,583751.0,6.8274172231903725,729660.0,0.8000315215305759,26875.0,24322.0,94.0,,,,175885795.5563949,15.149760275817492,7.457491085875656,2.594170498165105,2.594170498165105,5.181793276192703,,,
MV,Maldives,2011-12,85601,583423.0,6.815609630728613,767157.0,0.7605001323066856,26896.0,24747.0,95.0,,,,189286892.22210917,15.279779139451888,7.8073144952067075,3.2760203655788356,3.2760203655788356,4.64962452822848,,,
MV,Maldives,2012-01,96146,677956.8420794774,7.051326545872708,811487.0,0.8354500344176523,26974.0,26177.0,95.0,1021.0,849.0,172.0,254759781.38071376,20.949014378624533,10.703278704179287,8.46523576696776,8.46523576696776,4.830748902102533,,,
MV,Maldives,2012-02,83252,619652.8382227349,7.443098522831101,763077.0,0.8120449682309058,27187.0,26313.0,96.0,772.0,707.0,65.0,219517874.5707138,-4.737275723178325,0.784746013964055,6.7464503042596435,10.558823529411754,5.074592254773136,,,
MV,Maldives,2012-03,76469,601890.4624510977,7.871038753626929,821097.0,0.7330321051606542,27431.0,26487.0,98.0,769.0,690.0,79.0,186465007.02404705,-5.280434028637959,-3.611007247930109,6.742161682920922,6.742161682920922,5.204418194369875,,,
MV,Maldives,2012-04,79288,577131.2349868839,7.278922850707344,796410.0,0.7246659823293077,27557.0,26547.0,99.0,782.0,688.0,94.0,166501961.37404707,-0.8242960961637125,-2.442897279522238,6.018370607028745,6.018370607028745,5.2677821071128506,,,
MV,Maldives,2012-05,63534,475421.8960412336,7.482952372607322,823546.0,0.5772863884242454,27594.0,26566.0,97.0,716.0,662.0,54.0,107886653.28738043,-1.4304331637085776,1.4001915384080021,7.842818868230905,7.842818868230905,4.8324595395486725,,,
MV,Maldives,2012-06,59379,385689.8737045771,6.495391867572325,795720.0,0.4847055166447709,27844.0,26524.0,96.0,701.0,653.0,48.0,99351561.79738042,6.134377178400996,2.482515791165363,7.878146988245827,7.878146988245827,5.721988077609441,,,
MV,Maldives,2012-07,76966,494986.87813705765,6.431240783424598,832722.0,0.5944203205115964,27862.0,26862.0,97.0,729.0,691.0,38.0,120705986.68071376,6.136576755474654,3.449208882459276,10.972486160456075,10.972486160456075,5.750180286180595,,,
MV,Maldives,2012-08,79768,544248.5645308883,6.822893447634244,837651.0,0.6497318865862851,27854.0,27021.0,98.0,709.0,675.0,34.0,134277170.05071378,3.8267298380798564,4.721386411080064,11.21583799802437,11.21583799802437,5.479607679781884,,,
MV,Maldives,2012-09,76806,471493.0029209911,6.138752218849974,815640.0,0.5780650813115972,27925.0,27188.0,99.0,710.0,673.0,37.0,130405708.42404708,6.881340365427691,-1.701024300744891,11.958491187613252,11.958491187613252,5.572568144871659,,,
MV,Maldives,2012-10,92391,611839.9554195805,6.622289567377563,844099.0,0.724843833981062,28018.0,27229.0,99.0,784.0,712.0,72.0,169675491.30404708,1.4627878628142188,2.706478985756733,12.493286511051437,12.493286511051437,4.603322755273465,,,
MV,Maldives,2012-11,82311,559671.0018554733,6.799467894394106,820050.0,0.6824839971409954,28090.0,27335.0,99.0,798.0,707.0,91.0,173359656.42738044,-3.73095051519865,-4.125046148876277,12.387961516322665,12.387961516322665,4.520930232558129,,,
MV,Maldives,2012-12,91717,590888.9767635653,6.442524033315147,847199.0,0.6974618439865549,28120.0,27329.0,99.0,854.0,751.0,103.0,195109044.38071382,7.144776346070714,1.279685025027355,10.433587909645613,10.433587909645613,4.550862581796555,,,
MV,Maldives,2013-01,88869,647368.6792666267,7.284527554789935,852717.0,0.7591835031629799,28240.0,27507.0,100.0,918.0,794.0,124.0,257364188.8781341,-7.568697605724628,-4.511815636970118,5.08079611873018,5.08079611873018,4.693408467413063,-10.08814887365328,-6.478209658421674,-27.906976744186053
MV,Maldives,2013-02,104745,667506.0892978699,6.372677352597928,771596.0,0.865097913024264,28302.0,27557.0,100.0,873.0,807.0,66.0,237280733.84935802,25.8167971940614,7.722590477013869,4.727701136320439,1.1164010971369764,4.101224850112195,13.082901554404147,14.144271570014144,1.538461538461533
MV,Maldives,2013-03,99498,702958.2979848295,7.065049528481271,861397.0,0.8160677341398096,28396.0,27787.0,101.0,931.0,834.0,97.0,253890762.762,30.115471629026146,16.791732356440757,4.908068108883601,4.908068108883601,3.5179176843716853,21.06631989596879,20.869565217391294,22.78481012658229
MV,Maldives,2013-04,90636,609496.8377379809,6.7246661121185936,838470.0,0.7269154981549499,28466.0,27949.0,102.0,903.0,811.0,92.0,191885828.33492,14.312380183634343,5.608014397597549,5.2811993822277525,5.2811993822277525,3.2986174111840905,15.473145780051144,17.877906976744185,-2.127659574468088
MV,Maldives,2013-05,79426,550942.4001369174,6.936549746140022,861211.0,0.6397298689135615,28532.0,27781.0,101.0,850.0,794.0,56.0,145360001.31643695,25.01337866339284,15.88494445134554,4.573515019197472,4.573515019197472,3.399289700659569,18.71508379888269,19.939577039274916,3.703703703703698
MV,Maldives,2013-06,76493,432364.631339356,5.652342454072347,830340.0,0.5207079405296096,28615.0,27678.0,100.0,824.0,784.0,40.0,127916911.96402502,28.821637279172773,12.101629007384807,4.3507766551048155,4.3507766551048155,2.768998707082315,17.546362339514985,20.06125574272588,-16.666666666666664
MV,Maldives,2013-07,87972,533512.9939242478,6.06457729646078,862544.0,0.6185342358468064,28701.0,27824.0,100.0,867.0,822.0,45.0,137887023.12552702,14.29982070004938,7.783260019374216,3.581267217630857,3.581267217630857,3.0112698298758067,18.930041152263378,18.958031837916067,18.421052631578938
MV,Maldives,2013-08,98338,617327.6031926895,6.277609908607959,866388.0,0.7125301864669056,28825.0,27948.0,100.0,869.0,832.0,37.0,181660082.392083,23.28001203490122,13.42751151301449,3.4306650383035375,3.4306650383035375,3.48603432182093,22.5669957686883,23.259259259259267,8.823529411764696
MV,Maldives,2013-09,92298,541303.1588124306,5.864733350803165,844140.0,0.6412480854034053,29072.0,28138.0,101.0,844.0,820.0,24.0,181705559.307569,20.170299195375364,14.806191281514657,3.494188612623206,3.494188612623206,4.107430617726049,18.873239436619716,21.842496285289737,-35.13513513513513
MV,Maldives,2013-10,107331,677180.153818867,6.309269025899946,875254.0,0.773695583018035,29406.0,28234.0,101.0,947.0,906.0,41.0,196758294.37016,16.170406208396916,10.67929575708706,3.690917771493618,3.690917771493618,4.953958169748018,20.790816326530614,27.247191011235962,-43.05555555555556
MV,Maldives,2013-11,94584,605731.7238940382,6.404166919289079,858300.0,0.705734269945285,29529.0,28610.0,103.0,959.0,900.0,59.0,192601269.51432,14.91052228742209,8.229964012046388,4.664349734772277,4.664349734772277,5.122819508721954,20.175438596491226,27.298444130127297,-35.16483516483516
MV,Maldives,2013-12,105012,653633.6526091723,6.224371049110314,897822.0,0.7280214258607746,30019.0,28962.0,104.0,1046.0,922.0,124.0,230876095.34144297,14.49567691921889,10.618691211549415,5.975337553514581,5.975337553514581,6.753200568990048,22.4824355971897,22.769640479360852,20.388349514563096
MV,Maldives,2014-01,105296,702057.2396505097,6.667463528059088,901294.0,0.7789436517390659,29815.0,29074.0,105.0,1121.0,949.0,172.0,215405722.34,18.484510909315954,8.447823031203328,5.696731741011374,5.696731741011374,5.5771954674221025,22.113289760348586,19.521410579345087,38.70967741935485
MV,Maldives,2014-02,110705,701834.832208141,6.339685038689679,817124.0,0.8589086016420286,29885.0,29183.0,105.0,988.0,885.0,103.0,360194892.495,5.690009069645319,5.142835917254396,5.900497151359008,5.900497151359008,5.593244293689481,13.172966781214202,9.66542750929369,56.060606060606055
MV,Maldives,2014-03,105560,706437.3218696144,6.6922823216143845,912795.0,0.7739276857011865,30271.0,29445.0,105.0,1055.0,926.0,129.0,284814916.41499996,6.092584775573373,0.49491184537664434,5.966819016086666,5.966819016086666,6.603042682067906,13.319011815252413,11.031175059952037,32.98969072164948
MV,Maldives,2014-04,105309,673309.9897023431,6.3936604630406055,886200.0,0.7597720488629465,30368.0,29540.0,106.0,973.0,874.0,99.0,214979234.22500002,16.188931550377326,10.469808539317672,5.692511359977104,5.692511359977104,6.681655308086842,7.751937984496116,7.768187422934658,7.608695652173902
MV,Maldives,2014-05,91296,577519.5276717894,6.325792232647536,907246.0,0.6365633220447259,30348.0,29266.0,104.0,937.0,871.0,66.0,175621079.25,14.944728426459841,4.823939404240307,5.34537993592743,5.34537993592743,6.364783401093499,10.235294117647054,9.697732997481111,17.85714285714286
MV,Maldives,2014-06,83347,472676.95853012655,5.67119342663955,868140.0,0.544470890098517,30488.0,28938.0,102.0,870.0,844.0,26.0,83233743.35499999,8.960297020642404,9.323687524091229,4.552352048558417,4.552352048558417,6.545518084920499,5.582524271844669,7.653061224489788,-35.0
MV,Maldives,2014-07,100191,576664.6498603256,5.755653200989366,920204.0,0.6266704446626246,30658.0,29684.0,105.0,908.0,879.0,29.0,263724522.20499998,13.88964670577002,8.088210864120926,6.684876365727432,6.684876365727432,6.8185777499041755,4.728950403690879,6.934306569343063,-35.55555555555555
MV,Maldives,2014-08,104186,644401.8674488848,6.185109971098658,919212.0,0.7010372661027976,30696.0,29652.0,104.0,946.0,904.0,42.0,181910712.19000003,5.946836421322388,4.385720663740433,6.09703735508802,6.09703735508802,6.490893321769287,8.860759493670889,8.653846153846146,13.513513513513509
MV,Maldives,2014-09,95114,550854.3308691729,5.791516820543484,891090.0,0.6181803531283854,30803.0,29703.0,104.0,892.0,856.0,36.0,196585896.02000007,3.050987020303797,1.7644774284518716,5.5618736228587595,5.5618736228587595,5.954182718767198,5.687203791469186,4.390243902439028,50.0
MV,Maldives,2014-10,110331,684193.7193357676,6.201282679716195,918375.0,0.7450047304595264,30812.0,29625.0,104.0,992.0,939.0,53.0,217151879.14000002,2.795091818766249,1.0357015747358256,4.92668413968973,4.92668413968973,4.7813371420798445,4.751847940865894,3.6423841059602724,29.268292682926834
MV,Maldives,2014-11,89778,572968.6860254284,6.382061151121971,894450.0,0.640582129828865,31223.0,29815.0,104.0,968.0,910.0,58.0,242587786.25999996,-5.0811976655671165,-5.40883638353754,4.211814051031104,4.211814051031104,5.736733380744363,0.9384775808133572,1.1111111111111072,-1.6949152542372836
MV,Maldives,2014-12,103744,642703.1392063961,6.195087322701998,937998.0,0.6851860443267428,31673.0,30258.0,105.0,1064.0,944.0,120.0,259536528.66666663,-1.2074810497847865,-1.6722690698595222,4.474829086389054,4.474829086389054,5.509843765615119,1.7208413001912115,2.386117136659438,-3.2258064516129004
MV,Maldives,2015-01,97073,663541.5376654477,6.835490174048887,961898.9999999999,0.6898245425615867,32031.0,31029.0,106.0,1146.0,990.0,156.0,195636363.10333332,-7.809413462999548,-5.486119907293519,6.724220953429172,6.724220953429172,7.432500419252053,2.2301516503122176,4.3203371970495175,-9.302325581395355
MV,Maldives,2015-02,120468,713662.1829866924,5.924080942546506,869904.0,0.8203918857560057,32122.0,31068.0,106.0,1034.0,956.0,78.0,346175809.83333343,8.818933200849099,1.6852043010375795,6.459239968474795,6.459239968474795,7.485360548770292,4.6558704453441235,8.022598870056497,-24.271844660194176
MV,Maldives,2015-03,112427,692862.6010920939,6.162777634305762,970517.0000000001,0.7139108342173232,32345.0,31307.0,106.0,1093.0,984.0,109.0,285763368.6333333,6.50530503978779,-1.9215746899660546,6.323654270674139,6.323654270674162,6.851441974166694,3.601895734597149,6.263498920086397,-15.503875968992254
MV,Maldives,2015-04,102242,640521.6015479687,6.26476009416843,936360.0,0.6840548523516261,32443.0,31212.0,105.0,985.0,884.0,101.0,211503270.03666666,-2.9123816577880324,-4.869731424728974,5.660121868652679,5.660121868652679,6.832850368809273,1.2332990750256956,1.1441647597254079,2.020202020202011
MV,Maldives,2015-05,95389,575317.180527425,6.0312738421351,970331.0,0.5929081731155915,32614.0,31301.0,104.0,947.0,870.0,77.0,181753453.1633333,4.483219418156326,-0.3813459179887624,6.9534613544727675,6.9534613544727675,7.466719388427578,1.067235859124871,-0.11481056257175437,16.666666666666675
MV,Maldives,2015-06,81506,447882.4886566248,5.495086112146649,932670.0,0.48021539092779314,32694.0,31089.0,103.0,889.0,822.0,67.0,160857859.00999996,-2.208837750608905,-5.245542315116136,7.433132904831008,7.433132904831008,7.2356336919443764,2.183908045977012,-2.6066350710900466,157.6923076923077
MV,Maldives,2015-07,104517,570407.3966903567,5.457556155365698,965278.0,0.5909255123294602,32740.0,31138.0,104.0,917.0,874.0,43.0,181540704.56333333,4.317753091595056,-1.085076598935708,4.89826168979921,4.89826168979921,6.791049644464731,0.9911894273127775,-0.5688282138794132,48.27586206896552
MV,Maldives,2015-08,110144,634864.8703249856,5.763953282293957,969494.0000000001,0.6548414640265805,32902.0,31274.0,104.0,894.0,862.0,32.0,203169847.4033333,5.71861862438332,-1.479976642782721,5.470120059355188,5.47012005935521,7.186604117800366,-5.496828752642702,-4.6460176991150455,-23.809523809523814
MV,Maldives,2015-09,95511,545085.5366747747,5.707044598787309,944310.0,0.5772315623839361,33041.0,31477.0,104.0,834.0,807.0,27.0,169107490.30999997,0.4173938642050512,-1.0472449559025598,5.972460694205983,5.972460694205983,7.2655260851215875,-6.502242152466364,-5.724299065420557,-25.0
MV,Maldives,2015-10,105498,638669.9316831043,6.053858193360104,973586.0000000001,0.6559974482820256,33415.0,31406.0,103.0,945.0,893.0,52.0,195488886.9133334,-4.38045517578921,-6.653640097260604,6.011814345991562,6.011814345991584,8.448007269894852,-4.73790322580645,-4.898828541001066,-1.8867924528301883
MV,Maldives,2015-11,90218,566992.2651568882,6.284691138762644,964139.9999999999,0.5880808442310123,33591.0,32138.0,105.0,943.0,890.0,53.0,194186162.13666663,0.4900977967876363,-1.0430623896739322,7.791380177762863,7.791380177762863,7.584152707939662,-2.5826446280991733,-2.197802197802201,-8.62068965517241
MV,Maldives,2015-12,119255,632875.4756716675,5.306909359537692,1012088.0,0.6253166480302775,34085.0,32648.0,108.0,1017.0,923.0,94.0,243941820.74000004,14.95122609500308,-1.5291139773898843,7.898737523960597,7.898737523960597,7.615319041454871,-4.417293233082709,-2.2245762711864403,-21.666666666666668
MV,Maldives,2016-01,108396,658991.0225773465,6.079477310761897,1008988.0,0.6531207730690024,34012.0,32548.0,108.0,1127.0,966.0,161.0,256170609.04333335,11.664417500231794,-0.6857920461334377,4.895420413161888,4.895420413161888,6.184633636164971,-1.6579406631762605,-2.4242424242424288,3.205128205128216
MV,Maldives,2016-02,120639,749459.8238434885,6.212417409324418,949489.0000000001,0.789329653996506,34152.0,32741.0,109.0,1013.0,924.0,89.0,259718495.7666667,0.14194640900488942,5.016048448438459,5.384962018797479,9.148710662325964,6.319656310316923,-2.030947775628622,-3.347280334728031,14.102564102564097
MV,Maldives,2016-03,115131,746568.5002946754,6.48451329611204,1019094.0000000001,0.7325806061998945,34364.0,32874.0,109.0,1062.0,978.0,84.0,247928075.84,2.405116208739888,7.751305831477984,5.005270386814442,5.005270386814442,6.242077600865659,-2.836230558096986,-0.6097560975609762,-22.935779816513758
MV,Maldives,2016-04,103493,655921.9009768999,6.3378383173441675,995640.0,0.6587942438802176,34548.0,33188.0,109.0,1011.0,911.0,100.0,228814939.3566667,1.2235676140920582,2.404337245100363,6.330898372420868,6.330898372420868,6.4883025614154155,2.639593908629445,3.054298642533926,-0.990099009900991
MV,Maldives,2016-05,93228,573465.3135863355,6.151213300578533,1031804.0,0.5557890002232357,34912.0,33284.0,109.0,957.0,889.0,68.0,165536408.3966667,-2.2654603780310145,-0.321886257488746,6.335260854285796,6.335260854285796,7.046053841908373,1.055966209081305,2.183908045977012,-11.688311688311693
MV,Maldives,2016-06,79034,443937.13137700246,5.61703989899287,994800.0000000001,0.44625767126759397,35086.0,33160.0,109.0,853.0,815.0,38.0,122669017.42333335,-3.032905552965426,-0.8808911666665087,6.661520151822198,6.661520151822198,7.316327154829638,-4.049493813273342,-0.8515815085158196,-43.28358208955224
MV,Maldives,2016-07,110432,629327.1924959419,5.69877564923158,1041011.0000000001,0.6045346230692489,35517.0,33581.0,111.0,944.0,896.0,48.0,195838756.60333332,5.65936641886009,10.329423522109348,7.845719057100653,7.845719057100653,8.48197923029932,2.9443838604144013,2.517162471395884,11.627906976744185
MV,Maldives,2016-08,112282,679120.2418692764,6.048344720162416,1046094.9999999999,0.6491955719789086,35681.0,33745.0,112.0,946.0,904.0,42.0,177736059.03,1.9410952934340475,6.970833261200382,7.90113193067723,7.901131930677208,8.44629505805119,5.8165548098433995,4.872389791183296,31.25
MV,Maldives,2016-09,101909,589810.6682034726,5.787620997198212,1019010.0,0.5788075369264998,35809.0,33967.0,112.0,887.0,850.0,37.0,194567325.3566667,6.698704861220173,8.205158368636578,7.910537853035549,7.910537853035549,8.37747041554433,6.354916067146288,5.3283767038413865,37.037037037037045
MV,Maldives,2016-10,117489,706407.5310603987,6.012541864007683,1057534.0,0.6679761890023381,36062.0,34114.0,114.0,999.0,926.0,73.0,201953704.57,11.36609224819427,10.606041715285341,8.622556199452337,8.622556199452314,7.921592099356567,5.714285714285716,3.6954087346024567,40.38461538461537
MV,Maldives,2016-11,104572,651958.8822678106,6.234545406684491,1074210.0,0.6069193940363714,36714.0,35807.0,114.0,955.0,885.0,70.0,210396316.59666666,15.910350484382274,14.985498450743773,11.416391810317993,11.416391810318016,9.297133160668025,1.2725344644750836,-0.5617977528089901,32.0754716981132
MV,Maldives,2016-12,119530,685954.4334851725,5.738763770477474,1135158.0,0.6042810194573552,37374.0,36618.0,117.0,1057.0,943.0,114.0,245338025.7573333,0.23059829776528318,8.38695128092497,12.160009801519234,12.160009801519234,9.649405897022145,3.9331366764995046,2.1668472372697645,21.27659574468086
MV,Maldives,2017-01,125336,800126.3561218533,6.383851057332714,1122975.0,0.7125059383529049,37575.0,36225.0,120.0,1109.0,910.0,199.0,289995826.5366667,15.627882947710248,21.416882584002362,11.297161115890386,11.297161115890386,10.475714453722219,-1.5971606033717833,-5.797101449275366,23.60248447204969
MV,Maldives,2017-02,121052,772412.9896266565,6.380836249104984,1039723.9999999999,0.7429019524668629,38146.0,37133.0,120.0,917.0,807.0,110.0,281194885.6033333,0.3423436865358731,3.0626279158576297,13.414373415595126,9.50353295298838,11.694776294214094,-9.476801579466931,-12.662337662337663,23.59550561797752
MV,Maldives,2017-03,112665,750431.7573562671,6.660735431201057,1170963.0,0.6408671814192823,38719.0,37773.0,122.0,942.0,848.0,94.0,257474662.40333337,-2.1419079135940766,0.5174685323673378,14.902354444241638,14.902354444241638,12.67314631591201,-11.299435028248583,-13.292433537832316,11.904761904761907
MV,Maldives,2017-04,119774,742497.6174356472,6.199155220963207,1134510.0,0.654465467413815,39070.0,37817.0,122.0,938.0,825.0,113.0,243028429.02999997,15.73149874870765,13.199089149151044,13.947812462335785,13.947812462335785,13.08903554474934,-7.220573689416421,-9.44017563117453,12.99999999999999
MV,Maldives,2017-05,93491,601496.3682107923,6.4337355275993655,1186184.0,0.5070852146132407,39505.0,38264.0,123.0,882.0,818.0,64.0,101968775.57666665,0.2821040889003257,4.888012223294957,14.962143973080156,14.962143973080156,13.155934922089818,-7.836990595611281,-7.986501687289094,-5.882352941176472
MV,Maldives,2017-06,85222,480889.64024626097,5.642787546012308,1159440.0,0.41476026378791564,39570.0,38648.0,124.0,822.0,801.0,21.0,191985252.04556,7.829541716223387,8.32381575171226,16.550060313630887,16.550060313630865,12.780026221284846,-3.6342321219226315,-1.717791411042946,-44.73684210526315
MV,Maldives,2017-07,113175,688020.7346181332,6.079264277606655,1208349.0,0.5693890876047675,39799.0,38979.0,125.0,943.0,906.0,37.0,172900278.0366667,2.4838814836279255,9.326395366678808,16.074565974807186,16.074565974807165,12.056198440183575,-0.10593220338983578,1.116071428571419,-22.916666666666664
MV,Maldives,2017-08,121310,746618.1234041302,6.154629654637954,1211294.0,0.6163806007493888,39937.0,39074.0,125.0,993.0,930.0,63.0,189006195.21333334,8.040469532071025,9.939017772326464,15.791969180619358,15.791969180619358,11.927916818474827,4.968287526427062,2.8761061946902755,50.0
MV,Maldives,2017-09,105984,604114.7511812324,5.700056151694901,1177860.0,0.5128918132725726,39991.0,39262.0,125.0,927.0,892.0,35.0,194936085.11666664,3.99866547606198,2.4251990933512824,15.588659581358378,15.588659581358378,11.678628277807256,4.509582863585115,4.941176470588227,-5.405405405405405
MV,Maldives,2017-10,127986,794510.634262891,6.207793307571852,1225895.0,0.6481065949880628,40169.0,39545.0,126.0,989.0,926.0,63.0,240837966.2233334,8.934453438194211,12.471993761198942,15.920150085009087,15.920150085009087,11.388719427652383,-1.0010010010010006,0.0,-13.698630136986301
MV,Maldives,2017-11,120506,751130.1224188324,6.23313463577608,1194480.0,0.6288344069543503,40694.0,39816.0,127.0,1020.0,951.0,69.0,249880304.35666668,15.23734842979001,15.211272190365577,11.196134833971016,11.196134833971016,10.840551288336876,6.806282722513091,7.457627118644061,-1.4285714285714235
MV,Maldives,2017-12,143041,863790.0661241827,6.0387585805760775,1257732.0,0.6867838825156573,41255.0,40572.0,130.0,1104.0,1004.0,100.0,330476245.80333334,19.669539027859106,25.925283657030885,10.797968212354569,10.797968212354569,10.384224327072289,4.446546830652798,6.468716861081658,-12.28070175438597
MV,Maldives,2018-01,142351,941496.9372368783,6.613911649632797,1269233.0,0.7417841619599224,41602.0,40943.0,131.0,1207.0,1047.0,160.0,372304123.82000005,13.575509031722731,17.66853198040326,13.024154589371983,13.024154589371983,10.71723220226215,8.836789900811537,15.054945054945046,-19.59798994974874
MV,Maldives,2018-02,144286,925585.20039239,6.414934230572544,1142596.0,0.8100721518300343,41710.0,40807.0,128.0,1059.0,978.0,81.0,344676625.3033333,19.193404487327758,19.830351485902487,9.894164220504663,9.894164220504686,9.343050385361495,15.485278080697928,21.189591078066904,-26.363636363636367
MV,Maldives,2018-03,133466,873729.2709199331,6.54645580837017,1275247.0,0.6851451294689838,42050.0,41137.0,129.0,1034.0,964.0,70.0,301306661.25333333,18.462699152354322,16.43020998978466,8.905832208191033,8.905832208191033,8.603011441411201,9.766454352441611,13.67924528301887,-25.531914893617024
MV,Maldives,2018-04,119713,796839.9449860723,6.656252411902402,1255050.0,0.6349069319836439,42688.0,41835.0,130.0,959.0,863.0,96.0,247663443.02333334,-0.05092925008766125,7.318855478365882,10.624851257371027,10.624851257371027,9.260302022011778,2.238805970149249,4.6060606060606135,-15.04424778761062
MV,Maldives,2018-05,92913,641543.8859070807,6.904780664784053,1286903.0,0.4985176706457913,42736.0,41513.0,128.0,855.0,807.0,48.0,167614659.49,-0.6182413280422683,6.657981629284571,8.491009826468755,8.491009826468755,8.178711555499296,-3.0612244897959218,-1.344743276283622,-25.0
MV,Maldives,2018-06,93786,544549.7082942002,5.806300602373491,1245090.0,0.43735770771125,42822.0,41503.0,127.0,830.0,806.0,24.0,163440458.51000002,10.049048367792345,13.237978679544703,7.387186917822408,7.387186917822408,8.218347232752077,0.9732360097323589,0.6242197253433224,14.28571428571428
MV,Maldives,2018-07,122332,743513.8192884227,6.077835883402729,1287554.0,0.5774622418076621,42929.0,41534.0,127.0,902.0,866.0,36.0,195076164.44666666,8.091009498564162,8.065612252382115,6.554811565201768,6.554811565201768,7.864519209025356,-4.347826086956519,-4.415011037527594,-2.7027027027026973
MV,Maldives,2018-08,123992,822923.1134527917,6.636904908806953,1295180.0,0.6353735491999504,43099.0,41780.0,128.0,862.0,833.0,29.0,189019646.25000003,2.2108647267331527,10.220082751374493,6.925321185443001,6.925321185443001,7.917470015274053,-13.192346424974822,-10.430107526881716,-53.968253968253975
MV,Maldives,2018-09,107620,648410.8222600052,6.025002994424876,1270650.0,0.5102985261559085,43660.0,42355.0,129.0,826.0,809.0,17.0,225339394.89666665,1.5436292270531338,7.332393554727834,7.877846263562738,7.877846263562738,9.174564276962327,-10.895361380798274,-9.304932735426007,-51.42857142857142
MV,Maldives,2018-10,127393,820686.7935765248,6.442165531673835,1317531.0,0.622897520875429,43806.0,42501.0,133.0,991.0,928.0,63.0,258933743.21666664,-0.4633319269295111,3.294626677705681,7.475028448602861,7.475028448602861,9.054245811446648,0.2022244691607611,0.21598272138227959,0.0
MV,Maldives,2018-11,125604,809163.6273205703,6.442180402857953,1288800.0,0.6278426655187542,44345.0,42960.0,135.0,1143.0,1066.0,77.0,253289388.68999997,4.230494747149516,7.726158646767489,7.8963230861964995,7.8963230861964995,8.971838600285054,12.058823529411766,12.092534174553094,11.594202898550732
MV,Maldives,2018-12,150818,909237.1654464101,6.028704567401836,1356870.0,0.670098952328823,45154.0,43770.0,136.0,1267.0,1145.0,122.0,309427246.4766667,5.436902706217106,5.261359340024385,7.882283348121866,7.882283348121866,9.45097563931645,14.764492753623193,14.043824701195229,21.999999999999996
MV,Maldives,2019-01,151552,998457.1569061434,6.588214981696997,1372246.0,0.7276079922303605,45565.0,44266.0,137.0,1360.0,1180.0,180.0,360413227.2166666,6.463600536701541,6.04996335266188,8.116161492807073,8.116161492807073,9.52598432767655,12.676056338028175,12.702960840496647,12.5
MV,Maldives,2019-02,168583,1019637.270040759,6.048280491157228,1251040.0,0.8150317096501783,46073.0,44680.0,139.0,1166.0,1078.0,88.0,324739972.60333335,16.839471605006718,10.161362736622937,9.491018697772446,9.491018697772446,10.460321265883476,10.1038715769594,10.224948875255624,8.64197530864197
MV,Maldives,2019-03,162843,1006770.304085641,6.182459817650382,1401696.0,0.7182515353440696,47107.0,45216.0,140.0,1295.0,1179.0,116.0,365840996.0133333,22.010849205040994,15.22680280879587,9.91564771373703,9.91564771373703,12.02615933412603,25.241779497098648,22.302904564315362,65.71428571428572
MV,Maldives,2019-04,163114,981769.334517837,6.018915203586676,1378080.0,0.7124182445996147,47351.0,45936.0,142.0,1190.0,1081.0,109.0,281385475.34000003,36.25420798075396,23.207846280220945,9.802796701326644,9.802796701326644,10.923444527736127,24.087591240875916,25.26071842410198,13.541666666666675
MV,Maldives,2019-05,103022,717991.8794074837,6.969306355996619,1463076.0,0.490741341808275,48603.0,47196.0,145.0,1030.0,958.0,72.0,192243227.98666665,10.880070603683013,11.91625314803102,13.689687567749864,13.689687567749864,13.728472482216404,20.467836257309948,18.711276332094172,50.0
MV,Maldives,2019-06,113475,714606.9802364814,6.297483853152513,1424310.0,0.5017215214640642,48873.0,47477.0,146.0,983.0,951.0,32.0,173288023.07999998,20.993538481223204,31.2289712678361,14.394140182637404,14.394140182637404,14.130587081406754,18.433734939759038,17.99007444168734,33.33333333333333
MV,Maldives,2019-07,132144,776707.9719019306,5.877739223134842,1462394.0,0.5311208688642942,49189.0,47174.0,147.0,1046.0,1000.0,46.0,181564334.4333333,8.020795866984919,4.464497061436767,13.579236288342077,13.579236288342077,14.582217149246436,15.964523281596454,15.473441108545028,27.777777777777768
MV,Maldives,2019-08,139338,910642.622914,6.535493712512021,1460162.0,0.6236586234363036,49740.0,47102.0,149.0,1070.0,1026.0,44.0,204181286.06333333,12.376604942254342,10.659502452563018,12.73815222594543,12.73815222594543,15.408710178890473,24.129930394431565,23.16926770708283,51.72413793103448
MV,Maldives,2019-09,117619,708842.0191289862,6.026594505385917,1476390.0,0.4801184098571422,50802.0,49213.0,151.0,1016.0,983.0,33.0,197086158.73666665,9.291023973239177,9.319893313678973,16.191712902845,16.191712902845,16.35822262940907,23.002421307506047,21.5080346106304,94.11764705882352
MV,Maldives,2019-10,141928,916411.3348664348,6.456874858142402,1532950.0,0.5978090184718581,51039.0,49450.0,152.0,1112.0,1049.0,63.0,267793616.9166667,11.409575094392931,11.663955365084622,16.350203524622952,16.350203524622952,16.511436789480882,12.209889001009078,13.038793103448265,0.0
MV,Maldives,2019-11,137921,887046.0509672024,6.431551764903114,1489740.0,0.5954368218395172,51149.0,49658.0,152.0,1164.0,1096.0,68.0,278486333.45,9.806216362536224,9.62505246368137,15.59124767225326,15.59124767225326,15.343330702446734,1.8372703412073532,2.814258911819878,-11.688311688311693
MV,Maldives,2019-12,171348,1050365.330632571,6.130012201091176,1547644.0,0.6786866557377348,51432.0,49924.0,152.0,1349.0,1219.0,130.0,330033003.8533334,13.612433529154355,15.521601024400589,14.059858350468367,14.059858350468367,13.90353014129424,6.471981057616416,6.462882096069866,6.557377049180335
MV,Maldives,2020-01,173347,1142718.3892667082,6.5920863312702735,1571049.0,0.7273601200641788,52016.0,50679.0,155.0,1444.0,1265.0,179.0,314740862.97999996,14.381202491554056,14.448414873160708,14.487416979171375,14.487416979171375,14.157796554372881,6.176470588235294,7.203389830508478,-0.5555555555555536
MV,Maldives,2020-02,149785,1020309.668301099,6.811828075582327,1476854.0,0.6908669836700845,52263.0,50926.0,155.0,1102.0,1001.0,101.0,269976433.22333336,-11.15059051031243,0.0659448492220216,13.979409131602516,18.050102314874028,13.435200659822467,-5.488850771869636,-7.14285714285714,14.77272727272727
MV,Maldives,2020-03,59630,562302.2050796564,9.429854185471347,1581031.0,0.35565539516913736,52319.0,51001.0,155.0,749.0,666.0,83.0,85448659.08666667,-63.38190772707455,-44.14791509068745,12.794143665958945,12.794143665958945,11.064173052837155,-42.16216216216216,-43.51145038167938,-28.44827586206896
MV,Maldives,2020-04,13,8844.020262216924,9.428593030082007,230700.0,0.03833558847948385,52319.0,7690.0,30.0,91.0,51.0,40.0,32795829.75666667,-99.99203011390806,-99.09917534075757,-83.25931731104144,-83.25931731104144,10.491858672467313,-92.3529411764706,-95.28214616096207,-63.30275229357798
MV,Maldives,2020-05,41,4776.621155288823,86.84765736888768,92318.0,0.05174095144271781,52319.0,2978.0,14.0,134.0,85.0,49.0,24215407.009999998,-99.96020267515676,-99.33472490535259,-93.69014323247733,-93.69014323247733,7.645618583215019,-86.99029126213593,-91.12734864300627,-31.944444444444443
MV,Maldives,2020-06,1,2325.8011569052783,42.28729376191415,92340.0,0.02518736362253929,52287.0,3078.0,14.0,131.0,92.0,39.0,29991478.34617993,-99.99911874862303,-99.67453422353422,-93.51686079575373,-93.51686079575373,6.9854520901110995,-86.6734486266531,-90.32597266035752,21.875
MV,Maldives,2020-07,1752,24673.424657534248,14.083004941514982,304451.0,0.08104235051792981,52236.0,9821.0,41.0,154.0,111.0,43.0,21298534.584995646,-98.67417362876861,-96.82333315092463,-79.18132869801163,-79.18132869801163,6.194474374351988,-85.27724665391969,-88.9,-6.521739130434778
MV,Maldives,2020-08,7636,71370.69478742512,9.348553810013215,597153.0,0.11951827218053852,52361.0,19263.0,64.0,228.0,165.0,63.0,41847122.25657975,-94.51980077222294,-92.16260111359126,-59.10364740350729,-59.10364740350729,5.2694008845999285,-78.69158878504673,-83.91812865497076,43.18181818181819
MV,Maldives,2020-09,9605,75367.86210216174,9.482419616007402,759840.0,0.09918912152842933,52311.0,25328.0,87.0,213.0,149.0,64.0,36510465.859034844,-91.8338023618633,-89.36746692940515,-48.533923963180456,-48.533923963180456,2.970355497815036,-79.03543307086615,-84.84231943031536,93.93939393939394
MV,Maldives,2020-10,21515,169709.08076305923,9.615995950392305,1010600.0,0.16792903301312015,52867.0,32600.0,111.0,349.0,235.0,114.0,81406852.93333334,-84.84090524773124,-81.48112378075353,-34.07482305358948,-34.07482305358948,3.581574874115878,-68.61510791366908,-77.59771210676836,80.95238095238095
MV,Maldives,2020-11,35757,279030.28204043105,8.877098540145985,1121340.0,0.2488364653365001,52968.0,37378.0,127.0,491.0,328.0,163.0,141163170.53000003,-74.0742889045178,-68.54387867053953,-24.729147367997093,-24.729147367997093,3.556276760053967,-57.81786941580756,-70.07299270072993,139.70588235294116
MV,Maldives,2020-12,96412,623284.3970483738,9.105587695292202,1308014.0,0.476512022844078,51827.0,42194.0,140.0,810.0,647.0,163.0,318475085.2566666,-43.73322128066858,-40.660227554063724,-15.483534973159196,-15.483534973159196,0.768004355265206,-39.95552260934026,-46.92370795734209,25.384615384615383
MV,Maldives,2021-01,92103,835150.4711577181,9.210121539159816,1363504.0,0.6125031324863867,52832.0,43984.0,144.0,1164.0,712.0,452.0,308648913.75666666,-46.86784311236999,-26.915460624236466,-13.2106000513033,-13.2106000513033,1.5687480775146145,-19.39058171745153,-43.71541501976285,152.5139664804469
MV,Maldives,2021-02,96882,762505.954700104,8.8,1268484.0,0.6011159421010466,52928.0,45303.0,146.0,843.0,625.0,218.0,309482471.40000004,-35.319290983743365,-25.267202851293156,-11.041511212347332,-14.109045308473277,1.2724106920766198,-23.502722323048996,-37.562437562437566,115.84158415841586
MV,Maldives,2021-03,109585,870255.0535741892,8.693359395636325,1431549.0,0.6079114676299513,53270.0,46179.0,150.0,1108.0,765.0,343.0,388150952.4233333,83.77494549723295,54.766430882288255,-9.454716574184818,-9.454716574184818,1.8176952923412149,47.930574098798395,14.864864864864868,313.2530120481928
MV,Maldives,2021-04,91200,745954.3638272509,9.3,1447950.0,0.5151796428241658,53985.0,48265.0,154.0,1017.0,736.0,281.0,233105139.64666665,701438.4615384615,8334.561904093413,527.633289986996,527.633289986996,3.1843116267512794,1017.5824175824175,1343.137254901961,602.5
MV,Maldives,2021-05,64613,600186.2535994606,9.1,1490046.0,0.4027971308264715,53859.0,48066.0,154.0,763.0,592.0,171.0,217633496.40333337,157492.68292682926,12465.079667976512,1514.0362659503023,1514.0362659503023,2.9434813356524314,469.4029850746268,596.4705882352941,248.9795918367347
MV,Maldives,2021-06,56166,466724.8790485203,8.978961578400831,1451880.0,0.32146243425663296,53945.0,48396.0,154.0,585.0,530.0,55.0,104603529.64333333,5616500.0,19967.273492526187,1472.3196881091617,1472.3196881091617,3.170960276933088,346.5648854961832,476.0869565217392,41.025641025641036
MV,Maldives,2021-07,101818,768789.2598095988,9.1,1511312.0,0.50868997256,54313.0,48752.0,155.0,882.0,819.0,63.0,231921341.11666664,5711.529680365296,3015.8595552921847,396.4056613379493,396.4056613379493,3.9761850065089144,472.72727272727275,637.8378378378378,46.51162790697674
MV,Maldives,2021-08,143599,1013739.7157784224,9.55004053319104,1562462.0,0.6488091971378648,54919.0,50402.0,155.0,1186.0,1052.0,134.0,230491131.99333337,1780.5526453640648,1320.386502888626,161.65187146342728,161.65187146342728,4.885315406504831,420.1754385964913,537.5757575757576,112.6984126984127
MV,Maldives,2021-09,114896,740309.2471715311,8.139053097439055,1532520.0,0.48306661392447153,55675.0,51084.0,156.0,1150.0,1033.0,117.0,225631456.4033333,1096.2103071317022,882.2611740904046,101.68982943777638,101.68982943777638,6.43076981896733,439.906103286385,593.2885906040268,82.8125
MV,Maldives,2021-10,142066,1021099.3617678499,8.3,1603940.0,0.6366194257689501,56043.0,51740.0,160.0,1299.0,1145.0,154.0,309231488.28999996,560.3114106437368,501.67632584933176,58.711656441717786,58.711656441717786,6.0075283257986944,272.2063037249284,387.2340425531915,35.08771929824561
MV,Maldives,2021-11,144725,1076875.092783386,8.022382765118284,1565820.0,0.6877387520809454,56463.0,52194.0,160.0,1358.0,1155.0,203.0,466551675.0333333,304.7459238750455,285.9348472533703,39.63828990315159,39.63828990315159,6.5983235160851805,176.57841140529533,252.13414634146343,24.53987730061349
MV,Maldives,2021-12,164284,1171814.7777834546,8.4,1647960.0,0.7110699154005283,57091.0,53160.0,161.0,1532.0,1218.0,314.0,482909016.22999996,70.39787578309753,88.00643547836297,25.989477176849785,25.989477176849785,10.156868041754308,89.1358024691358,88.25347758887172,92.63803680981594
MV,Maldives,2022-01,131765,1150713.3636085521,9.0,1677534.0,0.6859553151283683,57452.0,54114.0,162.0,1523.0,1135.0,388.0,469788236.98333335,43.06265811102787,37.78515409485293,23.03110221898872,23.03110221898872,8.744700181708055,30.84192439862543,59.41011235955056,-14.15929203539823
MV,Maldives,2022-02,149011,1100758.9602994234,8.6,1516816.0,0.7257036847576921,57608.0,54172.0,162.0,1277.0,1025.0,252.0,537284162.1566666,53.80669267769038,44.36070348229024,19.577069951217354,19.577069951217354,8.842200725513916,51.48279952550414,63.99999999999999,15.596330275229352
MV,Maldives,2022-03,150748,1137971.7070753367,8.028529684519956,1694491.0,0.6715714082136386,58044.0,54661.0,164.0,1323.0,1111.0,212.0,436006901.94666666,37.562622621709174,30.7630104992346,18.367656293986446,18.367656293986446,8.961892247043357,19.404332129963908,45.228758169934636,-38.19241982507289
MV,Maldives,2022-04,145282,1074531.6077666467,8.1,1645380.0,0.6530598450003322,58319.0,54846.0,164.0,1177.0,1009.0,168.0,355001663.0333333,59.30043859649123,44.047901570489124,13.635139334921774,13.635139334921774,8.028155969250728,15.73254670599804,37.09239130434783,-40.2135231316726
MV,Maldives,2022-05,125528,860190.7055504245,7.218221462667216,1785445.0,0.48177944744891305,58717.0,57595.0,164.0,1235.0,1062.0,173.0,232876156.33333334,94.27669354464273,43.32062762045199,19.824824200058245,19.824824200058245,9.019848121948048,61.8610747051114,79.39189189189189,1.1695906432748648
MV,Maldives,2022-06,110885,780785.8125342011,7.7,1731930.0,0.45081834285115513,58893.0,57731.0,164.0,1089.0,986.0,103.0,212848429.3333333,97.42370829327352,67.29037760445406,19.288784197041075,19.288784197041075,9.172305125590885,86.15384615384616,86.0377358490566,87.27272727272728
MV,Maldives,2022-07,133561,993898.2084258841,8.3,1801100.0,0.5518284428548577,59500.99999999999,58100.0,164.0,1160.0,1058.0,102.0,258117813.68666664,31.176216386100684,29.280969491175867,19.17459796521168,19.17459796521168,9.55204094783937,31.51927437641724,29.18192918192919,61.904761904761905
MV,Maldives,2022-08,131863,1061929.1703655317,8.3,1805223.0,0.5882537339517233,59636.99999999999,58233.0,164.0,1204.0,1081.0,123.0,253284614.00000003,-8.172758863223283,4.753631907388178,15.53708186183087,15.53708186183087,8.590833773375328,1.5177065767284947,2.7566539923954414,-8.208955223880599
MV,Maldives,2022-09,111986,807036.3624577583,7.8,1763280.0,0.4576904192514849,59898.0,58776.0,164.0,1082.0,994.0,88.0,260523107.3333333,-2.5327252471800565,9.0134110226461,15.05755226685459,15.05755226685459,7.585092052088016,-5.913043478260871,-3.7754114230396874,-24.786324786324787
MV,Maldives,2022-10,153737,1078513.3785202014,7.7,1845678.0,0.5843453617154246,60434.0,59538.0,166.0,1275.0,1121.0,154.0,325304889.7200001,8.215195754086135,5.622764923968759,15.07151140316969,15.07151140316969,7.835055225451892,-1.8475750577367167,-2.0960698689956314,0.0
MV,Maldives,2022-11,146886,1063273.9032417238,7.7,1786140.0,0.5952914683293156,60434.0,59538.0,166.0,1362.0,1201.0,161.0,392186056.3333334,1.4931767144584551,-1.2630238764746005,14.070582825612131,14.070582825612131,7.032924215858172,0.2945508100147265,3.9826839826839766,-20.68965517241379
MV,Maldives,2022-12,184051,1150406.041640528,7.8,1852095.0,0.6211377071049422,60640.99999999999,59744.99999999999,168.0,1582.0,1368.0,214.0,764773159.6000001,12.032212510043582,-1.8269727049715412,12.387133182844234,12.387133182844234,6.218142964740481,3.2637075718015662,12.315270935960587,-31.84713375796179
MV,Maldives,2023-01,172499,1339533.2181782206,8.062441155879585,1866014.0,0.7178580751153103,61156.0,60194.0,168.0,1673.0,1398.0,275.0,425902025.28000003,30.914127423822713,16.408939058250205,11.235539786376902,11.235539786376902,6.44712107498433,9.848982271831908,23.171806167400888,-29.12371134020618
MV,Maldives,2023-02,177915,1282307.8685510012,8.0,1689912.0,0.758801563957769,61316.0,60354.0,168.0,1391.0,1262.0,129.0,459547819.745,19.397225708169195,16.493066584004335,11.411799453592252,11.411799453592252,6.436606026940694,8.927173061863748,23.121951219512194,-48.80952380952381
MV,Maldives,2023-03,173514,1244294.8202140098,7.8,1880336.0,0.6617406783755722,61618.0,60656.0,170.0,1472.0,1334.0,138.0,407280566.6678261,15.102024570806915,9.343212355598073,10.9676003000311,10.9676003000311,6.157397836124323,11.26228269085412,20.072007200720066,-34.905660377358494
MV,Maldives,2023-04,164357,1165278.3961951407,7.6,1821480.0,0.6397426247859657,61690.0,60716.0,170.0,1305.0,1174.0,131.0,358397083.1574999,13.129637532522963,8.445241421711746,10.702694818218284,10.702694818218284,5.780277439599435,10.875106202208995,16.35282457879088,-22.023809523809522
MV,Maldives,2023-05,120959,824968.457868827,7.2,1885358.0,0.43756594655700776,61550.0,60818.0,170.0,1150.0,1078.0,72.0,140145124.76,-3.6398253776049994,-4.094702192702638,5.595971872558381,5.595971872558381,4.824837781221802,-6.882591093117407,1.5065913370998052,-58.38150289017341
MV,Maldives,2023-06,120363,796134.169254258,7.14956115203105,1833000.0,0.43433397122436335,61686.0,61100.0,171.0,1082.0,1042.0,40.0,351164501.2124999,8.547594354511423,1.9657576346374217,5.83568619978867,5.83568619978867,4.7424991085528,-0.6427915518824601,5.679513184584173,-61.165048543689316
MV,Maldives,2023-07,145620,909432.8552978174,7.7,1911398.0000000002,0.4757946044192876,62266.0,61658.0,172.0,1211.0,1158.0,53.0,283370601.4375,9.028833267196257,-8.498390721705928,6.12392426850259,6.12392426850259,4.646980723013061,4.3965517241379315,9.451795841209831,-48.0392156862745
MV,Maldives,2023-08,154854,1108437.3551698416,7.5147014371685295,1928882.0,0.5746527548962775,63098.0,62222.0,172.0,1247.0,1172.0,75.0,169760337.55000007,17.435520198994414,4.379593865784948,6.8500678309549645,6.8500678309549645,5.803444170565264,3.571428571428581,8.418131359851987,-39.02439024390244
MV,Maldives,2023-09,130967,851651.1776791447,7.2,1886400.0,0.4514690297281302,63216.0,62880.0,174.0,1153.0,1119.0,34.0,378551675.17,16.949440108585012,5.5282286272102965,6.982441812984885,6.982441812984885,5.5394170089151595,6.561922365988915,12.575452716297786,-61.36363636363637
MV,Maldives,2023-10,159141,1090223.7406667906,7.534300800453163,1955573.0,0.557495803361363,63840.99999999999,63083.00000000001,175.0,1334.0,1238.0,96.0,382584711.96250004,3.5150939591640284,1.0857873791660033,5.9541805233632505,5.954180523363228,5.6375550186980705,4.627450980392167,10.437109723461191,-37.66233766233766
MV,Maldives,2023-11,163658,1152375.2557408456,7.6,1900740.0,0.6062771634946629,64204.0,63358.0,176.0,1344.0,1263.0,81.0,407655320.33,11.418378878858437,8.379905895129024,6.416070408814534,6.416070408814534,6.238210278982037,-1.3215859030836996,5.1623646960865965,-49.68944099378882
MV,Maldives,2023-12,194696,1138797.079605568,7.7,1912886.0,0.5953292980373989,62552.0,61706.0,176.0,1521.0,1370.0,151.0,466014812.46000004,5.783722989823481,-1.0091186602606106,3.2822830362373656,3.2822830362373434,3.1513332563777086,-3.855878634639698,0.14619883040936088,-29.439252336448597
MV,Maldives,2024-01,192385,1327628.723905623,7.9,1892115.9999999998,0.7016634941544931,62720.0,61036.0,171.0,1630.0,1418.0,212.0,589372635.7000002,11.528182772074036,-0.888704670481244,1.3988105126756745,1.3988105126756745,2.557394204983976,-2.570233114166165,1.4306151645207432,-22.909090909090914
MV,Maldives,2024-02,217392,1414064.2308391344,7.8,1778019.0,0.7953032171417372,63092.0,61311.00000000001,171.0,1490.0,1341.0,149.0,553013166.125,22.188685608296097,10.27493985800907,1.585644696291899,5.213703435445161,2.8964707417313607,7.117181883537027,6.259904912836767,15.503875968992254
MV,Maldives,2024-03,194227,1325194.7526281744,8.04749134179913,1908205.0000000002,0.6944719003609017,63338.0,61555.00000000001,171.0,1508.0,1382.0,126.0,501337711.0999999,11.937365284645619,6.501669146243838,1.4821287259298543,1.4821287259298543,2.791392125677561,2.4456521739130377,3.59820089955023,-8.695652173913048
MV,Maldives,2024-04,168366,1155881.9078416247,7.6,1852830.0,0.6238467143999314,63544.0,61760.99999999999,172.0,1354.0,1237.0,117.0,363005149.1100001,2.4392024677987623,-0.8063728276605286,1.7211278740364877,1.7211278740364877,3.005349327281559,3.7547892720306564,5.3662691652470285,-10.687022900763354
MV,Maldives,2024-05,119875,853601.9247903546,7.3,1910096.0,0.446889541044196,63706.0,61616.0,170.0,1211.0,1145.0,66.0,213569302.66750002,-0.8961714299886792,3.470855964056785,1.3121115459238997,1.3121115459238997,3.5028432168968227,5.3043478260869525,6.215213358070493,-8.333333333333337
MV,Maldives,2024-06,123284,734451.9085957941,7.2,1844250.0,0.39823880091950337,63803.00000000001,61475.00000000001,169.0,1144.0,1088.0,56.0,274289247.43000007,2.426825519470266,-7.747721808780284,0.6137479541735047,0.6137479541734825,3.4318970268780724,5.73012939001849,4.414587332053732,39.99999999999999
MV,Maldives,2024-07,167528,1072581.0096657737,7.7,1893325.0,0.5665065478276438,63944.99999999999,61075.00000000001,168.0,1361.0,1255.0,106.0,317298537.53999996,15.04463672572449,17.939549183598523,-0.9455382918680311,-0.9455382918680533,2.6964956798252615,12.386457473162672,8.376511226252159,100.0
MV,Maldives,2024-08,176175,1202277.6451173744,7.7,1894224.0,0.6347072178989256,64120.0,61104.0,167.0,1374.0,1273.0,101.0,299551388.71750003,13.768452865279546,8.46599850770584,-1.796792131400471,-1.796792131400471,1.619702684712676,10.184442662389737,8.617747440273039,34.66666666666667
MV,Maldives,2024-09,132795,826856.3729854618,6.893582887700533,1838220.0,0.44981360935332115,64344.0,61274.0,167.0,1192.0,1142.0,50.0,310158973.75,1.3957714538777033,-2.9113803096300184,-2.554071246819334,-2.554071246819334,1.784358390280949,3.3824804856894986,2.0554066130473725,47.058823529411775
MV,Maldives,2024-10,172621,1131046.4307453649,6.652150537634409,1938740.0,0.5833925285212895,64682.0,62540.0,171.0,1407.0,1284.0,123.0,365003647.6375,8.470475867312643,3.7444323174990357,-0.8607707306247492,-0.860770730624727,1.3173352547735995,5.472263868065963,3.7156704361873905,28.125
MV,Maldives,2024-11,172987,999850.7779204071,6.72386363636364,1887600.0,0.5296942031788553,65062.0,62920.0,171.0,1472.0,1331.0,141.0,473932711.535,5.70030184897774,-13.23566061147179,-0.6913097004324631,-0.6913097004324631,1.336365335493106,9.523809523809534,5.384006334125102,74.07407407407408
MV,Maldives,2024-12,208980,1297439.6112541175,7.028977272727271,1963415.9999999998,0.6608072926237321,65286.0,63336.0,173.0,1687.0,1536.0,151.0,525277169.57250017,7.336565722973254,13.930711141575514,2.6415583573720536,2.6415583573720314,4.370763524747412,10.913872452333994,12.116788321167892,0.0
MV,Maldives,2025-01,214863,1399714.543600579,7.0,1906654.9999999998,0.734120511367069,62956.99999999999,61504.99999999999,174.0,1794.0,1596.0,198.0,467061791.2649999,11.683863087039015,5.429667074609057,0.7683989776525291,0.7683989776525291,0.37786989795918213,10.061349693251543,12.552891396332866,-6.6037735849056585
MV,Maldives,2025-02,214091,1351378.851159039,6.6720238095238145,1738268.0,0.7774283661432178,63371.00000000001,62080.99999999999,175.0,1511.0,1389.0,122.0,724006066.075,-1.5184551409435532,-4.432993799927798,1.2558920911418525,-2.2356903947595597,0.44221137386675213,1.4093959731543704,3.5794183445190253,-18.120805369127513
MV,Maldives,2025-03,203468,1277412.7247638272,6.855487804878047,1970081.0000000002,0.6484061948538294,64840.99999999999,63551.00000000001,175.0,1575.0,1459.0,116.0,584780259.4124999,4.757834904518932,-3.6056608109550803,3.242628543578907,3.242628543578907,2.372983043354693,4.442970822281178,5.571635311143264,-7.936507936507942
MV,Maldives,2025-04,198322,1142705.1009436888,6.927906976744188,1911330.0000000002,0.5978586120364818,65048.99999999999,63711.00000000001,174.0,1484.0,1365.0,119.0,492796758.9999999,17.792190822375066,-1.1399786438859416,3.157332297080706,3.157332297080684,2.3684376180284517,9.601181683899561,10.347615198059824,1.7094017094017033
MV,Maldives,2025-05,135614,860698.9363159279,6.565517241379312,1992680.0000000002,0.4319303331773932,65334.0,64280.0,175.0,1249.0,1152.0,97.0,309982753.82,13.129509906152247,0.8314193442471751,4.323552324071667,4.323552324071689,2.555489278874834,3.137902559867878,0.6113537117903967,46.96969696969697
MV,Maldives,2025-06,141772,756474.3136207773,7.02814371257485,1924470.0,0.3930818945583861,65231.00000000001,64148.99999999999,175.0,1194.0,1127.0,67.0,322532580.5525,14.996268777781374,2.9984815570958334,4.349735664904419,4.349735664904442,2.238139272448003,4.370629370629375,3.5845588235294157,19.64285714285714
MV,Maldives,2025-07,186738,1144173.0333914733,7.5,1989859.0000000002,0.5750020646646187,65995.0,64188.99999999999,175.0,1380.0,1270.0,110.0,340682584.3382353,11.466739888257482,6.674742800826605,5.098649201801031,5.098649201801075,3.2058800531707066,1.3960323291697385,1.195219123505975,3.7735849056603765
MV,Maldives,2025-08,192058,1235048.2090423345,7.0,2022997.9999999998,0.6105039199457115,66479.0,65258.0,175.0,1405.0,1279.0,126.0,363047997.93470585,9.01546757485454,2.725706833030306,6.798245614035081,6.798245614035081,3.6790393013100386,2.2561863173216956,0.47132757266299397,24.752475247524753
MV,Maldives,2025-09,149563,919339.8954188332,6.876190476190479,1969619.9999999998,0.4667600326046817,66852.0,65654.0,175.0,1215.0,1145.0,70.0,358469741.34294116,12.626981437554118,11.184956112686017,7.148219473186024,7.148219473186002,3.89779932860872,1.9295302013422777,0.26269702276706663,39.99999999999999
MV,Maldives,2025-10,190445,1184782.324021824,6.8817647058823574,2046929.9999999998,0.578809399452753,68399.0,66030.0,176.0,1384.0,1253.0,131.0,436894532.05588245,10.325510801119208,4.750989156214125,5.580428525743519,5.580428525743519,5.746575554250022,-1.6346837242359635,-2.414330218068539,6.5040650406503975
MV,Maldives,2025-11,195127,1119157.5617842316,7.1,1997130.0,0.5603829303972357,67485.0,66571.0,177.0,1498.0,1365.0,133.0,575698530.9847057,12.798649609508228,11.932458972725012,5.802606484424677,5.802606484424677,3.7241400510282574,1.7663043478260976,2.554470323065372,-5.6737588652482245
MV,Maldives,2025-12,224455,1307213.600688102,7.2,2091725.0,0.6249452488678492,67615.0,67475.0,178.0,1745.0,1560.0,185.0,595125450.0741177,7.405014833955392,0.7533290450826291,6.5349880005052485,6.5349880005052485,3.5673804491008765,3.4380557202134066,1.5625,22.51655629139073
MV,Maldives,2026-01,224788,1476717.9776729941,6.863793103448274,2070800.0,0.7131147274835784,67886.0,66800.0,179.0,1851.0,1639.0,212.0,566999170.4529412,4.619222481302043,5.50136700547057,8.609056174294793,8.609056174294793,7.829153231570762,3.177257525083621,2.694235588972438,7.070707070707072
MV,Maldives,2026-02,247722,1474924.0796835641,6.869879518072288,1881096.0,0.7840769847384526,68168.0,67182.0,180.0,1678.0,1539.0,139.0,843825189.4082353,15.708740675693988,9.142160869142213,8.216684653919891,8.21668465391987,7.569708541761999,11.052283256121775,10.799136069114468,13.934426229508201
MV,Maldives,2026-03,161259,1186289.3337169907,7.7,2093895.0,0.5665467149580045,68513.0,67545.0,180.0,1447.0,1125.0,322.0,534430340.8235295,-20.744785420803268,-7.133433797888911,6.284716212176034,6.284716212176034,5.6630835428201465,-8.126984126984127,-22.892392049348864,177.58620689655174
MV,Maldives,2026-04,147600,997142.6947237847,7.1,2040149.9999999998,0.4887595003915324,68991.0,68005.0,180.0,1217.0,1039.0,178.0,476065659.68117476,-25.57557910872218,-12.738405219307513,6.739809452056922,6.739809452056922,6.0600470414610585,-17.99191374663073,-23.882783882783887,49.57983193277311
MV,Maldives,2026-05,139746,895186.0099616114,7.6,2093616.0,0.4275788921949447,68522.0,67536.0,179.0,1195.0,1082.0,113.0,,3.0468830651702694,4.006868393877583,5.065339141256997,5.065339141256997,4.879542045489327,-4.32345876701361,-6.076388888888884,16.49484536082475
