freq,freq_label,iccs,iccs_label,unit,unit_label,geo,geo_label,time,time_label,value
A,Annual,ICCS0101,Intentional homicide,NR,Number,BE,Belgium,2023,2023,165.0
A,Annual,ICCS0101,Intentional homicide,NR,Number,BE,Belgium,2024,2024,166.0
A,Annual,ICCS0101,Intentional homicide,NR,Number,BG,Bulgaria,2023,2023,74.0
A,Annual,ICCS0101,Intentional homicide,NR,Number,BG,Bulgaria,2024,2024,79.0
A,Annual,ICCS0101,Intentional homicide,NR,Number,CZ,Czechia,2023,2023,68.0
A,Annual,ICCS0101,Intentional homicide,NR,Number,CZ,Czechia,2024,2024,69.0
A,Annual,ICCS0101,Intentional homicide,NR,Number,DK,Denmark,2023,2023,53.0
A,Annual,ICCS0101,Intentional homicide,NR,Number,DK,Denmark,2024,2024,52.0
A,Annual,ICCS0101,Intentional homicide,NR,Number,DE,Germany,2023,2023,661.0
A,Annual,ICCS0101,Intentional homicide,NR,Number,DE,Germany,2024,2024,694.0
A,Annual,ICCS0101,Intentional homicide,NR,Number,EE,Estonia,2023,2023,18.0
A,Annual,ICCS0101,Intentional homicide,NR,Number,EE,Estonia,2024,2024,25.0
A,Annual,ICCS0101,Intentional homicide,NR,Number,IE,Ireland,2023,2023,33.0
A,Annual,ICCS0101,Intentional homicide,NR,Number,IE,Ireland,2024,2024,37.0
A,Annual,ICCS0101,Intentional homicide,NR,Number,EL,Greece,2023,2023,76.0
A,Annual,ICCS0101,Intentional homicide,NR,Number,EL,Greece,2024,2024,81.0
A,Annual,ICCS0101,Intentional homicide,NR,Number,ES,Spain,2023,2023,333.0
A,Annual,ICCS0101,Intentional homicide,NR,Number,ES,Spain,2024,2024,349.0
A,Annual,ICCS0101,Intentional homicide,NR,Number,FR,France,2023,2023,887.0
A,Annual,ICCS0101,Intentional homicide,NR,Number,FR,France,2024,2024,882.0
A,Annual,ICCS0101,Intentional homicide,NR,Number,HR,Croatia,2023,2023,26.0
A,Annual,ICCS0101,Intentional homicide,NR,Number,HR,Croatia,2024,2024,39.0
A,Annual,ICCS0101,Intentional homicide,NR,Number,IT,Italy,2023,2023,338.0
A,Annual,ICCS0101,Intentional homicide,NR,Number,IT,Italy,2024,2024,336.0
A,Annual,ICCS0101,Intentional homicide,NR,Number,CY,Cyprus,2023,2023,10.0
A,Annual,ICCS0101,Intentional homicide,NR,Number,CY,Cyprus,2024,2024,9.0
A,Annual,ICCS0101,Intentional homicide,NR,Number,LV,Latvia,2023,2023,44.0
A,Annual,ICCS0101,Intentional homicide,NR,Number,LV,Latvia,2024,2024,45.0
A,Annual,ICCS0101,Intentional homicide,NR,Number,LT,Lithuania,2023,2023,69.0
A,Annual,ICCS0101,Intentional homicide,NR,Number,LT,Lithuania,2024,2024,76.0
A,Annual,ICCS0101,Intentional homicide,NR,Number,LU,Luxembourg,2023,2023,4.0
A,Annual,ICCS0101,Intentional homicide,NR,Number,LU,Luxembourg,2024,2024,2.0
A,Annual,ICCS0101,Intentional homicide,NR,Number,HU,Hungary,2023,2023,69.0
A,Annual,ICCS0101,Intentional homicide,NR,Number,HU,Hungary,2024,2024,66.0
A,Annual,ICCS0101,Intentional homicide,NR,Number,MT,Malta,2023,2023,2.0
A,Annual,ICCS0101,Intentional homicide,NR,Number,MT,Malta,2024,2024,5.0
A,Annual,ICCS0101,Intentional homicide,NR,Number,NL,Netherlands,2023,2023,125.0
A,Annual,ICCS0101,Intentional homicide,NR,Number,NL,Netherlands,2024,2024,120.0
A,Annual,ICCS0101,Intentional homicide,NR,Number,AT,Austria,2023,2023,75.0
A,Annual,ICCS0101,Intentional homicide,NR,Number,AT,Austria,2024,2024,78.0
A,Annual,ICCS0101,Intentional homicide,NR,Number,PL,Poland,2023,2023,294.0
A,Annual,ICCS0101,Intentional homicide,NR,Number,PL,Poland,2024,2024,254.0
A,Annual,ICCS0101,Intentional homicide,NR,Number,PT,Portugal,2023,2023,74.0
A,Annual,ICCS0101,Intentional homicide,NR,Number,PT,Portugal,2024,2024,72.0
A,Annual,ICCS0101,Intentional homicide,NR,Number,RO,Romania,2023,2023,139.0
A,Annual,ICCS0101,Intentional homicide,NR,Number,RO,Romania,2024,2024,151.0
A,Annual,ICCS0101,Intentional homicide,NR,Number,SI,Slovenia,2023,2023,13.0
A,Annual,ICCS0101,Intentional homicide,NR,Number,SI,Slovenia,2024,2024,15.0
A,Annual,ICCS0101,Intentional homicide,NR,Number,SK,Slovakia,2023,2023,62.0
A,Annual,ICCS0101,Intentional homicide,NR,Number,SK,Slovakia,2024,2024,59.0
A,Annual,ICCS0101,Intentional homicide,NR,Number,FI,Finland,2023,2023,64.0
A,Annual,ICCS0101,Intentional homicide,NR,Number,FI,Finland,2024,2024,100.0
A,Annual,ICCS0101,Intentional homicide,NR,Number,SE,Sweden,2023,2023,121.0
A,Annual,ICCS0101,Intentional homicide,NR,Number,SE,Sweden,2024,2024,92.0
A,Annual,ICCS0101,Intentional homicide,NR,Number,IS,Iceland,2023,2023,5.0
A,Annual,ICCS0101,Intentional homicide,NR,Number,IS,Iceland,2024,2024,7.0
A,Annual,ICCS0101,Intentional homicide,NR,Number,LI,Liechtenstein,2023,2023,0.0
A,Annual,ICCS0101,Intentional homicide,NR,Number,LI,Liechtenstein,2024,2024,1.0
A,Annual,ICCS0101,Intentional homicide,NR,Number,NO,Norway,2023,2023,40.0
A,Annual,ICCS0101,Intentional homicide,NR,Number,NO,Norway,2024,2024,39.0
A,Annual,ICCS0101,Intentional homicide,NR,Number,CH,Switzerland,2023,2023,53.0
A,Annual,ICCS0101,Intentional homicide,NR,Number,CH,Switzerland,2024,2024,45.0
A,Annual,ICCS0101,Intentional homicide,NR,Number,BA,Bosnia and Herzegovina,2023,2023,35.0
A,Annual,ICCS0101,Intentional homicide,NR,Number,BA,Bosnia and Herzegovina,2024,2024,33.0
A,Annual,ICCS0101,Intentional homicide,NR,Number,ME,Montenegro,2023,2023,5.0
A,Annual,ICCS0101,Intentional homicide,NR,Number,ME,Montenegro,2024,2024,12.0
A,Annual,ICCS0101,Intentional homicide,NR,Number,MK,North Macedonia,2023,2023,23.0
A,Annual,ICCS0101,Intentional homicide,NR,Number,MK,North Macedonia,2024,2024,20.0
A,Annual,ICCS0101,Intentional homicide,NR,Number,AL,Albania,2023,2023,35.0
A,Annual,ICCS0101,Intentional homicide,NR,Number,AL,Albania,2024,2024,41.0
A,Annual,ICCS0101,Intentional homicide,NR,Number,RS,Serbia,2023,2023,78.0
A,Annual,ICCS0101,Intentional homicide,NR,Number,RS,Serbia,2024,2024,54.0
A,Annual,ICCS0101,Intentional homicide,NR,Number,TR,Türkiye,2023,2023,2166.0
A,Annual,ICCS0101,Intentional homicide,NR,Number,TR,Türkiye,2024,2024,1942.0
A,Annual,ICCS0101,Intentional homicide,P_HTHAB,Per hundred thousand inhabitants,BE,Belgium,2023,2023,1.41
A,Annual,ICCS0101,Intentional homicide,P_HTHAB,Per hundred thousand inhabitants,BE,Belgium,2024,2024,1.4
A,Annual,ICCS0101,Intentional homicide,P_HTHAB,Per hundred thousand inhabitants,BG,Bulgaria,2023,2023,1.15
A,Annual,ICCS0101,Intentional homicide,P_HTHAB,Per hundred thousand inhabitants,BG,Bulgaria,2024,2024,1.23
A,Annual,ICCS0101,Intentional homicide,P_HTHAB,Per hundred thousand inhabitants,CZ,Czechia,2023,2023,0.63
A,Annual,ICCS0101,Intentional homicide,P_HTHAB,Per hundred thousand inhabitants,CZ,Czechia,2024,2024,0.63
A,Annual,ICCS0101,Intentional homicide,P_HTHAB,Per hundred thousand inhabitants,DK,Denmark,2023,2023,0.89
A,Annual,ICCS0101,Intentional homicide,P_HTHAB,Per hundred thousand inhabitants,DK,Denmark,2024,2024,0.87
A,Annual,ICCS0101,Intentional homicide,P_HTHAB,Per hundred thousand inhabitants,DE,Germany,2023,2023,0.8
A,Annual,ICCS0101,Intentional homicide,P_HTHAB,Per hundred thousand inhabitants,DE,Germany,2024,2024,0.83
A,Annual,ICCS0101,Intentional homicide,P_HTHAB,Per hundred thousand inhabitants,EE,Estonia,2023,2023,1.32
A,Annual,ICCS0101,Intentional homicide,P_HTHAB,Per hundred thousand inhabitants,EE,Estonia,2024,2024,1.82
A,Annual,ICCS0101,Intentional homicide,P_HTHAB,Per hundred thousand inhabitants,IE,Ireland,2023,2023,0.63
A,Annual,ICCS0101,Intentional homicide,P_HTHAB,Per hundred thousand inhabitants,IE,Ireland,2024,2024,0.69
A,Annual,ICCS0101,Intentional homicide,P_HTHAB,Per hundred thousand inhabitants,EL,Greece,2023,2023,0.73
A,Annual,ICCS0101,Intentional homicide,P_HTHAB,Per hundred thousand inhabitants,EL,Greece,2024,2024,0.78
A,Annual,ICCS0101,Intentional homicide,P_HTHAB,Per hundred thousand inhabitants,ES,Spain,2023,2023,0.69
A,Annual,ICCS0101,Intentional homicide,P_HTHAB,Per hundred thousand inhabitants,ES,Spain,2024,2024,0.72
A,Annual,ICCS0101,Intentional homicide,P_HTHAB,Per hundred thousand inhabitants,FR,France,2023,2023,1.3
A,Annual,ICCS0101,Intentional homicide,P_HTHAB,Per hundred thousand inhabitants,FR,France,2024,2024,1.28
A,Annual,ICCS0101,Intentional homicide,P_HTHAB,Per hundred thousand inhabitants,HR,Croatia,2023,2023,0.68
A,Annual,ICCS0101,Intentional homicide,P_HTHAB,Per hundred thousand inhabitants,HR,Croatia,2024,2024,1.01
A,Annual,ICCS0101,Intentional homicide,P_HTHAB,Per hundred thousand inhabitants,IT,Italy,2023,2023,0.57
A,Annual,ICCS0101,Intentional homicide,P_HTHAB,Per hundred thousand inhabitants,IT,Italy,2024,2024,0.57
A,Annual,ICCS0101,Intentional homicide,P_HTHAB,Per hundred thousand inhabitants,CY,Cyprus,2023,2023,1.05
A,Annual,ICCS0101,Intentional homicide,P_HTHAB,Per hundred thousand inhabitants,CY,Cyprus,2024,2024,0.93
A,Annual,ICCS0101,Intentional homicide,P_HTHAB,Per hundred thousand inhabitants,LV,Latvia,2023,2023,2.32
A,Annual,ICCS0101,Intentional homicide,P_HTHAB,Per hundred thousand inhabitants,LV,Latvia,2024,2024,2.4
A,Annual,ICCS0101,Intentional homicide,P_HTHAB,Per hundred thousand inhabitants,LT,Lithuania,2023,2023,2.41
A,Annual,ICCS0101,Intentional homicide,P_HTHAB,Per hundred thousand inhabitants,LT,Lithuania,2024,2024,2.63
A,Annual,ICCS0101,Intentional homicide,P_HTHAB,Per hundred thousand inhabitants,LU,Luxembourg,2023,2023,0.61
A,Annual,ICCS0101,Intentional homicide,P_HTHAB,Per hundred thousand inhabitants,LU,Luxembourg,2024,2024,0.3
A,Annual,ICCS0101,Intentional homicide,P_HTHAB,Per hundred thousand inhabitants,HU,Hungary,2023,2023,0.72
A,Annual,ICCS0101,Intentional homicide,P_HTHAB,Per hundred thousand inhabitants,HU,Hungary,2024,2024,0.69
A,Annual,ICCS0101,Intentional homicide,P_HTHAB,Per hundred thousand inhabitants,MT,Malta,2023,2023,0.37
A,Annual,ICCS0101,Intentional homicide,P_HTHAB,Per hundred thousand inhabitants,MT,Malta,2024,2024,0.89
A,Annual,ICCS0101,Intentional homicide,P_HTHAB,Per hundred thousand inhabitants,NL,Netherlands,2023,2023,0.7
A,Annual,ICCS0101,Intentional homicide,P_HTHAB,Per hundred thousand inhabitants,NL,Netherlands,2024,2024,0.67
A,Annual,ICCS0101,Intentional homicide,P_HTHAB,Per hundred thousand inhabitants,AT,Austria,2023,2023,0.82
A,Annual,ICCS0101,Intentional homicide,P_HTHAB,Per hundred thousand inhabitants,AT,Austria,2024,2024,0.85
A,Annual,ICCS0101,Intentional homicide,P_HTHAB,Per hundred thousand inhabitants,PL,Poland,2023,2023,0.8
A,Annual,ICCS0101,Intentional homicide,P_HTHAB,Per hundred thousand inhabitants,PL,Poland,2024,2024,0.69
A,Annual,ICCS0101,Intentional homicide,P_HTHAB,Per hundred thousand inhabitants,PT,Portugal,2023,2023,0.7
A,Annual,ICCS0101,Intentional homicide,P_HTHAB,Per hundred thousand inhabitants,PT,Portugal,2024,2024,0.68
A,Annual,ICCS0101,Intentional homicide,P_HTHAB,Per hundred thousand inhabitants,RO,Romania,2023,2023,0.73
A,Annual,ICCS0101,Intentional homicide,P_HTHAB,Per hundred thousand inhabitants,RO,Romania,2024,2024,0.79
A,Annual,ICCS0101,Intentional homicide,P_HTHAB,Per hundred thousand inhabitants,SI,Slovenia,2023,2023,0.61
A,Annual,ICCS0101,Intentional homicide,P_HTHAB,Per hundred thousand inhabitants,SI,Slovenia,2024,2024,0.71
A,Annual,ICCS0101,Intentional homicide,P_HTHAB,Per hundred thousand inhabitants,SK,Slovakia,2023,2023,1.14
A,Annual,ICCS0101,Intentional homicide,P_HTHAB,Per hundred thousand inhabitants,SK,Slovakia,2024,2024,1.09
A,Annual,ICCS0101,Intentional homicide,P_HTHAB,Per hundred thousand inhabitants,FI,Finland,2023,2023,1.15
A,Annual,ICCS0101,Intentional homicide,P_HTHAB,Per hundred thousand inhabitants,FI,Finland,2024,2024,1.78
A,Annual,ICCS0101,Intentional homicide,P_HTHAB,Per hundred thousand inhabitants,SE,Sweden,2023,2023,1.15
A,Annual,ICCS0101,Intentional homicide,P_HTHAB,Per hundred thousand inhabitants,SE,Sweden,2024,2024,0.87
A,Annual,ICCS0101,Intentional homicide,P_HTHAB,Per hundred thousand inhabitants,IS,Iceland,2023,2023,1.29
A,Annual,ICCS0101,Intentional homicide,P_HTHAB,Per hundred thousand inhabitants,IS,Iceland,2024,2024,1.82
A,Annual,ICCS0101,Intentional homicide,P_HTHAB,Per hundred thousand inhabitants,LI,Liechtenstein,2023,2023,0.0
A,Annual,ICCS0101,Intentional homicide,P_HTHAB,Per hundred thousand inhabitants,LI,Liechtenstein,2024,2024,2.5
A,Annual,ICCS0101,Intentional homicide,P_HTHAB,Per hundred thousand inhabitants,NO,Norway,2023,2023,0.73
A,Annual,ICCS0101,Intentional homicide,P_HTHAB,Per hundred thousand inhabitants,NO,Norway,2024,2024,0.7
A,Annual,ICCS0101,Intentional homicide,P_HTHAB,Per hundred thousand inhabitants,CH,Switzerland,2023,2023,0.6
A,Annual,ICCS0101,Intentional homicide,P_HTHAB,Per hundred thousand inhabitants,CH,Switzerland,2024,2024,0.5
A,Annual,ICCS0101,Intentional homicide,P_HTHAB,Per hundred thousand inhabitants,ME,Montenegro,2023,2023,0.81
A,Annual,ICCS0101,Intentional homicide,P_HTHAB,Per hundred thousand inhabitants,ME,Montenegro,2024,2024,1.92
A,Annual,ICCS0101,Intentional homicide,P_HTHAB,Per hundred thousand inhabitants,MK,North Macedonia,2023,2023,1.26
A,Annual,ICCS0101,Intentional homicide,P_HTHAB,Per hundred thousand inhabitants,MK,North Macedonia,2024,2024,1.1
A,Annual,ICCS0101,Intentional homicide,P_HTHAB,Per hundred thousand inhabitants,AL,Albania,2023,2023,1.27
A,Annual,ICCS0101,Intentional homicide,P_HTHAB,Per hundred thousand inhabitants,RS,Serbia,2023,2023,1.17
A,Annual,ICCS0101,Intentional homicide,P_HTHAB,Per hundred thousand inhabitants,RS,Serbia,2024,2024,0.82
A,Annual,ICCS0101,Intentional homicide,P_HTHAB,Per hundred thousand inhabitants,TR,Türkiye,2023,2023,2.54
A,Annual,ICCS0101,Intentional homicide,P_HTHAB,Per hundred thousand inhabitants,TR,Türkiye,2024,2024,2.27
A,Annual,ICCS0102,Attempted intentional homicide,NR,Number,BE,Belgium,2023,2023,1253.0
A,Annual,ICCS0102,Attempted intentional homicide,NR,Number,BE,Belgium,2024,2024,1295.0
A,Annual,ICCS0102,Attempted intentional homicide,NR,Number,BG,Bulgaria,2023,2023,45.0
A,Annual,ICCS0102,Attempted intentional homicide,NR,Number,BG,Bulgaria,2024,2024,33.0
A,Annual,ICCS0102,Attempted intentional homicide,NR,Number,CZ,Czechia,2023,2023,86.0
A,Annual,ICCS0102,Attempted intentional homicide,NR,Number,CZ,Czechia,2024,2024,75.0
A,Annual,ICCS0102,Attempted intentional homicide,NR,Number,DK,Denmark,2023,2023,135.0
A,Annual,ICCS0102,Attempted intentional homicide,NR,Number,DK,Denmark,2024,2024,135.0
A,Annual,ICCS0102,Attempted intentional homicide,NR,Number,DE,Germany,2023,2023,1711.0
A,Annual,ICCS0102,Attempted intentional homicide,NR,Number,DE,Germany,2024,2024,1719.0
A,Annual,ICCS0102,Attempted intentional homicide,NR,Number,EE,Estonia,2023,2023,5.0
A,Annual,ICCS0102,Attempted intentional homicide,NR,Number,EE,Estonia,2024,2024,8.0
A,Annual,ICCS0102,Attempted intentional homicide,NR,Number,IE,Ireland,2023,2023,14.0
A,Annual,ICCS0102,Attempted intentional homicide,NR,Number,IE,Ireland,2024,2024,13.0
A,Annual,ICCS0102,Attempted intentional homicide,NR,Number,EL,Greece,2023,2023,192.0
A,Annual,ICCS0102,Attempted intentional homicide,NR,Number,EL,Greece,2024,2024,210.0
A,Annual,ICCS0102,Attempted intentional homicide,NR,Number,ES,Spain,2023,2023,1360.0
A,Annual,ICCS0102,Attempted intentional homicide,NR,Number,ES,Spain,2024,2024,1343.0
A,Annual,ICCS0102,Attempted intentional homicide,NR,Number,FR,France,2023,2023,4015.0
A,Annual,ICCS0102,Attempted intentional homicide,NR,Number,FR,France,2024,2024,4290.0
A,Annual,ICCS0102,Attempted intentional homicide,NR,Number,HR,Croatia,2023,2023,111.0
A,Annual,ICCS0102,Attempted intentional homicide,NR,Number,HR,Croatia,2024,2024,115.0
A,Annual,ICCS0102,Attempted intentional homicide,NR,Number,IT,Italy,2023,2023,1033.0
A,Annual,ICCS0102,Attempted intentional homicide,NR,Number,IT,Italy,2024,2024,1143.0
A,Annual,ICCS0102,Attempted intentional homicide,NR,Number,CY,Cyprus,2023,2023,15.0
A,Annual,ICCS0102,Attempted intentional homicide,NR,Number,CY,Cyprus,2024,2024,14.0
A,Annual,ICCS0102,Attempted intentional homicide,NR,Number,LV,Latvia,2023,2023,26.0
A,Annual,ICCS0102,Attempted intentional homicide,NR,Number,LV,Latvia,2024,2024,36.0
A,Annual,ICCS0102,Attempted intentional homicide,NR,Number,LT,Lithuania,2023,2023,4.0
A,Annual,ICCS0102,Attempted intentional homicide,NR,Number,LT,Lithuania,2024,2024,16.0
A,Annual,ICCS0102,Attempted intentional homicide,NR,Number,LU,Luxembourg,2023,2023,97.0
A,Annual,ICCS0102,Attempted intentional homicide,NR,Number,LU,Luxembourg,2024,2024,89.0
A,Annual,ICCS0102,Attempted intentional homicide,NR,Number,HU,Hungary,2023,2023,83.0
A,Annual,ICCS0102,Attempted intentional homicide,NR,Number,HU,Hungary,2024,2024,100.0
A,Annual,ICCS0102,Attempted intentional homicide,NR,Number,MT,Malta,2023,2023,2.0
A,Annual,ICCS0102,Attempted intentional homicide,NR,Number,MT,Malta,2024,2024,6.0
A,Annual,ICCS0102,Attempted intentional homicide,NR,Number,AT,Austria,2023,2023,144.0
A,Annual,ICCS0102,Attempted intentional homicide,NR,Number,AT,Austria,2024,2024,164.0
A,Annual,ICCS0102,Attempted intentional homicide,NR,Number,PL,Poland,2023,2023,265.0
A,Annual,ICCS0102,Attempted intentional homicide,NR,Number,PL,Poland,2024,2024,246.0
A,Annual,ICCS0102,Attempted intentional homicide,NR,Number,RO,Romania,2023,2023,252.0
A,Annual,ICCS0102,Attempted intentional homicide,NR,Number,RO,Romania,2024,2024,232.0
A,Annual,ICCS0102,Attempted intentional homicide,NR,Number,SI,Slovenia,2023,2023,16.0
A,Annual,ICCS0102,Attempted intentional homicide,NR,Number,SI,Slovenia,2024,2024,16.0
A,Annual,ICCS0102,Attempted intentional homicide,NR,Number,FI,Finland,2023,2023,355.0
A,Annual,ICCS0102,Attempted intentional homicide,NR,Number,FI,Finland,2024,2024,381.0
A,Annual,ICCS0102,Attempted intentional homicide,NR,Number,SE,Sweden,2023,2023,1329.0
A,Annual,ICCS0102,Attempted intentional homicide,NR,Number,SE,Sweden,2024,2024,1383.0
A,Annual,ICCS0102,Attempted intentional homicide,NR,Number,IS,Iceland,2023,2023,11.0
A,Annual,ICCS0102,Attempted intentional homicide,NR,Number,IS,Iceland,2024,2024,15.0
A,Annual,ICCS0102,Attempted intentional homicide,NR,Number,LI,Liechtenstein,2023,2023,0.0
A,Annual,ICCS0102,Attempted intentional homicide,NR,Number,LI,Liechtenstein,2024,2024,0.0
A,Annual,ICCS0102,Attempted intentional homicide,NR,Number,NO,Norway,2023,2023,109.0
A,Annual,ICCS0102,Attempted intentional homicide,NR,Number,NO,Norway,2024,2024,98.0
A,Annual,ICCS0102,Attempted intentional homicide,NR,Number,CH,Switzerland,2023,2023,229.0
A,Annual,ICCS0102,Attempted intentional homicide,NR,Number,CH,Switzerland,2024,2024,233.0
A,Annual,ICCS0102,Attempted intentional homicide,NR,Number,BA,Bosnia and Herzegovina,2023,2023,43.0
A,Annual,ICCS0102,Attempted intentional homicide,NR,Number,BA,Bosnia and Herzegovina,2024,2024,53.0
A,Annual,ICCS0102,Attempted intentional homicide,NR,Number,ME,Montenegro,2023,2023,33.0
A,Annual,ICCS0102,Attempted intentional homicide,NR,Number,ME,Montenegro,2024,2024,41.0
A,Annual,ICCS0102,Attempted intentional homicide,NR,Number,MK,North Macedonia,2023,2023,24.0
A,Annual,ICCS0102,Attempted intentional homicide,NR,Number,MK,North Macedonia,2024,2024,52.0
A,Annual,ICCS0102,Attempted intentional homicide,NR,Number,AL,Albania,2023,2023,94.0
A,Annual,ICCS0102,Attempted intentional homicide,NR,Number,AL,Albania,2024,2024,83.0
A,Annual,ICCS0102,Attempted intentional homicide,NR,Number,RS,Serbia,2023,2023,143.0
A,Annual,ICCS0102,Attempted intentional homicide,NR,Number,RS,Serbia,2024,2024,116.0
A,Annual,ICCS0102,Attempted intentional homicide,P_HTHAB,Per hundred thousand inhabitants,BE,Belgium,2023,2023,10.67
A,Annual,ICCS0102,Attempted intentional homicide,P_HTHAB,Per hundred thousand inhabitants,BE,Belgium,2024,2024,10.96
A,Annual,ICCS0102,Attempted intentional homicide,P_HTHAB,Per hundred thousand inhabitants,BG,Bulgaria,2023,2023,0.7
A,Annual,ICCS0102,Attempted intentional homicide,P_HTHAB,Per hundred thousand inhabitants,BG,Bulgaria,2024,2024,0.51
A,Annual,ICCS0102,Attempted intentional homicide,P_HTHAB,Per hundred thousand inhabitants,CZ,Czechia,2023,2023,0.79
A,Annual,ICCS0102,Attempted intentional homicide,P_HTHAB,Per hundred thousand inhabitants,CZ,Czechia,2024,2024,0.69
A,Annual,ICCS0102,Attempted intentional homicide,P_HTHAB,Per hundred thousand inhabitants,DK,Denmark,2023,2023,2.28
A,Annual,ICCS0102,Attempted intentional homicide,P_HTHAB,Per hundred thousand inhabitants,DK,Denmark,2024,2024,2.26
A,Annual,ICCS0102,Attempted intentional homicide,P_HTHAB,Per hundred thousand inhabitants,DE,Germany,2023,2023,2.06
A,Annual,ICCS0102,Attempted intentional homicide,P_HTHAB,Per hundred thousand inhabitants,DE,Germany,2024,2024,2.06
A,Annual,ICCS0102,Attempted intentional homicide,P_HTHAB,Per hundred thousand inhabitants,EE,Estonia,2023,2023,0.37
A,Annual,ICCS0102,Attempted intentional homicide,P_HTHAB,Per hundred thousand inhabitants,EE,Estonia,2024,2024,0.58
A,Annual,ICCS0102,Attempted intentional homicide,P_HTHAB,Per hundred thousand inhabitants,IE,Ireland,2023,2023,0.27
A,Annual,ICCS0102,Attempted intentional homicide,P_HTHAB,Per hundred thousand inhabitants,IE,Ireland,2024,2024,0.24
A,Annual,ICCS0102,Attempted intentional homicide,P_HTHAB,Per hundred thousand inhabitants,EL,Greece,2023,2023,1.84
A,Annual,ICCS0102,Attempted intentional homicide,P_HTHAB,Per hundred thousand inhabitants,EL,Greece,2024,2024,2.02
A,Annual,ICCS0102,Attempted intentional homicide,P_HTHAB,Per hundred thousand inhabitants,ES,Spain,2023,2023,2.83
A,Annual,ICCS0102,Attempted intentional homicide,P_HTHAB,Per hundred thousand inhabitants,ES,Spain,2024,2024,2.76
A,Annual,ICCS0102,Attempted intentional homicide,P_HTHAB,Per hundred thousand inhabitants,FR,France,2023,2023,5.88
A,Annual,ICCS0102,Attempted intentional homicide,P_HTHAB,Per hundred thousand inhabitants,FR,France,2024,2024,6.25
A,Annual,ICCS0102,Attempted intentional homicide,P_HTHAB,Per hundred thousand inhabitants,HR,Croatia,2023,2023,2.88
A,Annual,ICCS0102,Attempted intentional homicide,P_HTHAB,Per hundred thousand inhabitants,HR,Croatia,2024,2024,2.98
A,Annual,ICCS0102,Attempted intentional homicide,P_HTHAB,Per hundred thousand inhabitants,IT,Italy,2023,2023,1.75
A,Annual,ICCS0102,Attempted intentional homicide,P_HTHAB,Per hundred thousand inhabitants,IT,Italy,2024,2024,1.94
A,Annual,ICCS0102,Attempted intentional homicide,P_HTHAB,Per hundred thousand inhabitants,CY,Cyprus,2023,2023,1.58
A,Annual,ICCS0102,Attempted intentional homicide,P_HTHAB,Per hundred thousand inhabitants,CY,Cyprus,2024,2024,1.45
A,Annual,ICCS0102,Attempted intentional homicide,P_HTHAB,Per hundred thousand inhabitants,LV,Latvia,2023,2023,1.37
A,Annual,ICCS0102,Attempted intentional homicide,P_HTHAB,Per hundred thousand inhabitants,LV,Latvia,2024,2024,1.92
A,Annual,ICCS0102,Attempted intentional homicide,P_HTHAB,Per hundred thousand inhabitants,LT,Lithuania,2023,2023,0.14
A,Annual,ICCS0102,Attempted intentional homicide,P_HTHAB,Per hundred thousand inhabitants,LT,Lithuania,2024,2024,0.55
A,Annual,ICCS0102,Attempted intentional homicide,P_HTHAB,Per hundred thousand inhabitants,LU,Luxembourg,2023,2023,14.68
A,Annual,ICCS0102,Attempted intentional homicide,P_HTHAB,Per hundred thousand inhabitants,LU,Luxembourg,2024,2024,13.24
A,Annual,ICCS0102,Attempted intentional homicide,P_HTHAB,Per hundred thousand inhabitants,HU,Hungary,2023,2023,0.86
A,Annual,ICCS0102,Attempted intentional homicide,P_HTHAB,Per hundred thousand inhabitants,HU,Hungary,2024,2024,1.04
A,Annual,ICCS0102,Attempted intentional homicide,P_HTHAB,Per hundred thousand inhabitants,MT,Malta,2023,2023,0.37
A,Annual,ICCS0102,Attempted intentional homicide,P_HTHAB,Per hundred thousand inhabitants,MT,Malta,2024,2024,1.06
A,Annual,ICCS0102,Attempted intentional homicide,P_HTHAB,Per hundred thousand inhabitants,AT,Austria,2023,2023,1.58
A,Annual,ICCS0102,Attempted intentional homicide,P_HTHAB,Per hundred thousand inhabitants,AT,Austria,2024,2024,1.79
A,Annual,ICCS0102,Attempted intentional homicide,P_HTHAB,Per hundred thousand inhabitants,PL,Poland,2023,2023,0.72
A,Annual,ICCS0102,Attempted intentional homicide,P_HTHAB,Per hundred thousand inhabitants,PL,Poland,2024,2024,0.67
A,Annual,ICCS0102,Attempted intentional homicide,P_HTHAB,Per hundred thousand inhabitants,RO,Romania,2023,2023,1.32
A,Annual,ICCS0102,Attempted intentional homicide,P_HTHAB,Per hundred thousand inhabitants,RO,Romania,2024,2024,1.22
A,Annual,ICCS0102,Attempted intentional homicide,P_HTHAB,Per hundred thousand inhabitants,SI,Slovenia,2023,2023,0.76
A,Annual,ICCS0102,Attempted intentional homicide,P_HTHAB,Per hundred thousand inhabitants,SI,Slovenia,2024,2024,0.75
A,Annual,ICCS0102,Attempted intentional homicide,P_HTHAB,Per hundred thousand inhabitants,FI,Finland,2023,2023,6.38
A,Annual,ICCS0102,Attempted intentional homicide,P_HTHAB,Per hundred thousand inhabitants,FI,Finland,2024,2024,6.8
A,Annual,ICCS0102,Attempted intentional homicide,P_HTHAB,Per hundred thousand inhabitants,SE,Sweden,2023,2023,12.63
A,Annual,ICCS0102,Attempted intentional homicide,P_HTHAB,Per hundred thousand inhabitants,SE,Sweden,2024,2024,13.11
A,Annual,ICCS0102,Attempted intentional homicide,P_HTHAB,Per hundred thousand inhabitants,IS,Iceland,2023,2023,2.84
A,Annual,ICCS0102,Attempted intentional homicide,P_HTHAB,Per hundred thousand inhabitants,IS,Iceland,2024,2024,3.91
A,Annual,ICCS0102,Attempted intentional homicide,P_HTHAB,Per hundred thousand inhabitants,LI,Liechtenstein,2023,2023,0.0
A,Annual,ICCS0102,Attempted intentional homicide,P_HTHAB,Per hundred thousand inhabitants,LI,Liechtenstein,2024,2024,0.0
A,Annual,ICCS0102,Attempted intentional homicide,P_HTHAB,Per hundred thousand inhabitants,NO,Norway,2023,2023,1.99
A,Annual,ICCS0102,Attempted intentional homicide,P_HTHAB,Per hundred thousand inhabitants,NO,Norway,2024,2024,1.77
A,Annual,ICCS0102,Attempted intentional homicide,P_HTHAB,Per hundred thousand inhabitants,CH,Switzerland,2023,2023,2.6
A,Annual,ICCS0102,Attempted intentional homicide,P_HTHAB,Per hundred thousand inhabitants,CH,Switzerland,2024,2024,2.6
A,Annual,ICCS0102,Attempted intentional homicide,P_HTHAB,Per hundred thousand inhabitants,ME,Montenegro,2023,2023,5.35
A,Annual,ICCS0102,Attempted intentional homicide,P_HTHAB,Per hundred thousand inhabitants,ME,Montenegro,2024,2024,6.57
A,Annual,ICCS0102,Attempted intentional homicide,P_HTHAB,Per hundred thousand inhabitants,MK,North Macedonia,2023,2023,1.31
A,Annual,ICCS0102,Attempted intentional homicide,P_HTHAB,Per hundred thousand inhabitants,MK,North Macedonia,2024,2024,2.85
A,Annual,ICCS0102,Attempted intentional homicide,P_HTHAB,Per hundred thousand inhabitants,AL,Albania,2023,2023,3.4
A,Annual,ICCS0102,Attempted intentional homicide,P_HTHAB,Per hundred thousand inhabitants,RS,Serbia,2023,2023,2.15
A,Annual,ICCS0102,Attempted intentional homicide,P_HTHAB,Per hundred thousand inhabitants,RS,Serbia,2024,2024,1.76
A,Annual,ICCS020111,Serious assault,NR,Number,BE,Belgium,2023,2023,68475.0
A,Annual,ICCS020111,Serious assault,NR,Number,BE,Belgium,2024,2024,67759.0
A,Annual,ICCS020111,Serious assault,NR,Number,BG,Bulgaria,2023,2023,3856.0
A,Annual,ICCS020111,Serious assault,NR,Number,BG,Bulgaria,2024,2024,5300.0
A,Annual,ICCS020111,Serious assault,NR,Number,CZ,Czechia,2023,2023,4263.0
A,Annual,ICCS020111,Serious assault,NR,Number,CZ,Czechia,2024,2024,4253.0
A,Annual,ICCS020111,Serious assault,NR,Number,DK,Denmark,2023,2023,2072.0
A,Annual,ICCS020111,Serious assault,NR,Number,DK,Denmark,2024,2024,2202.0
A,Annual,ICCS020111,Serious assault,NR,Number,DE,Germany,2023,2023,154541.0
A,Annual,ICCS020111,Serious assault,NR,Number,DE,Germany,2024,2024,158177.0
A,Annual,ICCS020111,Serious assault,NR,Number,EE,Estonia,2023,2023,37.0
A,Annual,ICCS020111,Serious assault,NR,Number,EE,Estonia,2024,2024,34.0
A,Annual,ICCS020111,Serious assault,NR,Number,IE,Ireland,2023,2023,5757.0
A,Annual,ICCS020111,Serious assault,NR,Number,IE,Ireland,2024,2024,5865.0
A,Annual,ICCS020111,Serious assault,NR,Number,EL,Greece,2023,2023,1307.0
A,Annual,ICCS020111,Serious assault,NR,Number,EL,Greece,2024,2024,1732.0
A,Annual,ICCS020111,Serious assault,NR,Number,ES,Spain,2023,2023,26483.0
A,Annual,ICCS020111,Serious assault,NR,Number,ES,Spain,2024,2024,28724.0
A,Annual,ICCS020111,Serious assault,NR,Number,FR,France,2023,2023,417453.0
A,Annual,ICCS020111,Serious assault,NR,Number,FR,France,2024,2024,421089.0
A,Annual,ICCS020111,Serious assault,NR,Number,HR,Croatia,2023,2023,920.0
A,Annual,ICCS020111,Serious assault,NR,Number,HR,Croatia,2024,2024,1012.0
A,Annual,ICCS020111,Serious assault,NR,Number,IT,Italy,2023,2023,809.0
A,Annual,ICCS020111,Serious assault,NR,Number,IT,Italy,2024,2024,1201.0
A,Annual,ICCS020111,Serious assault,NR,Number,CY,Cyprus,2023,2023,156.0
A,Annual,ICCS020111,Serious assault,NR,Number,CY,Cyprus,2024,2024,170.0
A,Annual,ICCS020111,Serious assault,NR,Number,LV,Latvia,2023,2023,507.0
A,Annual,ICCS020111,Serious assault,NR,Number,LV,Latvia,2024,2024,548.0
A,Annual,ICCS020111,Serious assault,NR,Number,LT,Lithuania,2023,2023,136.0
A,Annual,ICCS020111,Serious assault,NR,Number,LT,Lithuania,2024,2024,135.0
A,Annual,ICCS020111,Serious assault,NR,Number,LU,Luxembourg,2023,2023,683.0
A,Annual,ICCS020111,Serious assault,NR,Number,LU,Luxembourg,2024,2024,749.0
A,Annual,ICCS020111,Serious assault,NR,Number,MT,Malta,2023,2023,219.0
A,Annual,ICCS020111,Serious assault,NR,Number,MT,Malta,2024,2024,236.0
A,Annual,ICCS020111,Serious assault,NR,Number,NL,Netherlands,2023,2023,4610.0
A,Annual,ICCS020111,Serious assault,NR,Number,NL,Netherlands,2024,2024,4760.0
A,Annual,ICCS020111,Serious assault,NR,Number,AT,Austria,2023,2023,4463.0
A,Annual,ICCS020111,Serious assault,NR,Number,AT,Austria,2024,2024,4731.0
A,Annual,ICCS020111,Serious assault,NR,Number,PL,Poland,2023,2023,5145.0
A,Annual,ICCS020111,Serious assault,NR,Number,PL,Poland,2024,2024,5281.0
A,Annual,ICCS020111,Serious assault,NR,Number,PT,Portugal,2023,2023,760.0
A,Annual,ICCS020111,Serious assault,NR,Number,PT,Portugal,2024,2024,714.0
A,Annual,ICCS020111,Serious assault,NR,Number,RO,Romania,2023,2023,196.0
A,Annual,ICCS020111,Serious assault,NR,Number,RO,Romania,2024,2024,203.0
A,Annual,ICCS020111,Serious assault,NR,Number,SI,Slovenia,2023,2023,161.0
A,Annual,ICCS020111,Serious assault,NR,Number,SI,Slovenia,2024,2024,170.0
A,Annual,ICCS020111,Serious assault,NR,Number,SK,Slovakia,2023,2023,1272.0
A,Annual,ICCS020111,Serious assault,NR,Number,SK,Slovakia,2024,2024,1168.0
A,Annual,ICCS020111,Serious assault,NR,Number,FI,Finland,2023,2023,1801.0
A,Annual,ICCS020111,Serious assault,NR,Number,FI,Finland,2024,2024,1656.0
A,Annual,ICCS020111,Serious assault,NR,Number,SE,Sweden,2023,2023,4800.0
A,Annual,ICCS020111,Serious assault,NR,Number,SE,Sweden,2024,2024,4460.0
A,Annual,ICCS020111,Serious assault,NR,Number,IS,Iceland,2023,2023,193.0
A,Annual,ICCS020111,Serious assault,NR,Number,IS,Iceland,2024,2024,222.0
A,Annual,ICCS020111,Serious assault,NR,Number,LI,Liechtenstein,2023,2023,93.0
A,Annual,ICCS020111,Serious assault,NR,Number,LI,Liechtenstein,2024,2024,104.0
A,Annual,ICCS020111,Serious assault,NR,Number,NO,Norway,2023,2023,2050.0
A,Annual,ICCS020111,Serious assault,NR,Number,NO,Norway,2024,2024,2095.0
A,Annual,ICCS020111,Serious assault,NR,Number,CH,Switzerland,2023,2023,880.0
A,Annual,ICCS020111,Serious assault,NR,Number,CH,Switzerland,2024,2024,1029.0
A,Annual,ICCS020111,Serious assault,NR,Number,BA,Bosnia and Herzegovina,2023,2023,793.0
A,Annual,ICCS020111,Serious assault,NR,Number,BA,Bosnia and Herzegovina,2024,2024,606.0
A,Annual,ICCS020111,Serious assault,NR,Number,ME,Montenegro,2023,2023,151.0
A,Annual,ICCS020111,Serious assault,NR,Number,ME,Montenegro,2024,2024,162.0
A,Annual,ICCS020111,Serious assault,NR,Number,MK,North Macedonia,2023,2023,150.0
A,Annual,ICCS020111,Serious assault,NR,Number,MK,North Macedonia,2024,2024,166.0
A,Annual,ICCS020111,Serious assault,NR,Number,AL,Albania,2023,2023,137.0
A,Annual,ICCS020111,Serious assault,NR,Number,AL,Albania,2024,2024,150.0
A,Annual,ICCS020111,Serious assault,NR,Number,RS,Serbia,2023,2023,5423.0
A,Annual,ICCS020111,Serious assault,NR,Number,RS,Serbia,2024,2024,4987.0
A,Annual,ICCS020111,Serious assault,P_HTHAB,Per hundred thousand inhabitants,BE,Belgium,2023,2023,583.12
A,Annual,ICCS020111,Serious assault,P_HTHAB,Per hundred thousand inhabitants,BE,Belgium,2024,2024,573.4
A,Annual,ICCS020111,Serious assault,P_HTHAB,Per hundred thousand inhabitants,BG,Bulgaria,2023,2023,59.8
A,Annual,ICCS020111,Serious assault,P_HTHAB,Per hundred thousand inhabitants,BG,Bulgaria,2024,2024,82.23
A,Annual,ICCS020111,Serious assault,P_HTHAB,Per hundred thousand inhabitants,CZ,Czechia,2023,2023,39.37
A,Annual,ICCS020111,Serious assault,P_HTHAB,Per hundred thousand inhabitants,CZ,Czechia,2024,2024,39.02
A,Annual,ICCS020111,Serious assault,P_HTHAB,Per hundred thousand inhabitants,DK,Denmark,2023,2023,34.93
A,Annual,ICCS020111,Serious assault,P_HTHAB,Per hundred thousand inhabitants,DK,Denmark,2024,2024,36.94
A,Annual,ICCS020111,Serious assault,P_HTHAB,Per hundred thousand inhabitants,DE,Germany,2023,2023,185.93
A,Annual,ICCS020111,Serious assault,P_HTHAB,Per hundred thousand inhabitants,DE,Germany,2024,2024,189.53
A,Annual,ICCS020111,Serious assault,P_HTHAB,Per hundred thousand inhabitants,EE,Estonia,2023,2023,2.71
A,Annual,ICCS020111,Serious assault,P_HTHAB,Per hundred thousand inhabitants,EE,Estonia,2024,2024,2.47
A,Annual,ICCS020111,Serious assault,P_HTHAB,Per hundred thousand inhabitants,IE,Ireland,2023,2023,109.21
A,Annual,ICCS020111,Serious assault,P_HTHAB,Per hundred thousand inhabitants,IE,Ireland,2024,2024,109.59
A,Annual,ICCS020111,Serious assault,P_HTHAB,Per hundred thousand inhabitants,EL,Greece,2023,2023,12.55
A,Annual,ICCS020111,Serious assault,P_HTHAB,Per hundred thousand inhabitants,EL,Greece,2024,2024,16.69
A,Annual,ICCS020111,Serious assault,P_HTHAB,Per hundred thousand inhabitants,ES,Spain,2023,2023,55.07
A,Annual,ICCS020111,Serious assault,P_HTHAB,Per hundred thousand inhabitants,ES,Spain,2024,2024,59.08
A,Annual,ICCS020111,Serious assault,P_HTHAB,Per hundred thousand inhabitants,FR,France,2023,2023,611.41
A,Annual,ICCS020111,Serious assault,P_HTHAB,Per hundred thousand inhabitants,FR,France,2024,2024,613.21
A,Annual,ICCS020111,Serious assault,P_HTHAB,Per hundred thousand inhabitants,HR,Croatia,2023,2023,23.89
A,Annual,ICCS020111,Serious assault,P_HTHAB,Per hundred thousand inhabitants,HR,Croatia,2024,2024,26.2
A,Annual,ICCS020111,Serious assault,P_HTHAB,Per hundred thousand inhabitants,IT,Italy,2023,2023,1.37
A,Annual,ICCS020111,Serious assault,P_HTHAB,Per hundred thousand inhabitants,IT,Italy,2024,2024,2.04
A,Annual,ICCS020111,Serious assault,P_HTHAB,Per hundred thousand inhabitants,CY,Cyprus,2023,2023,16.44
A,Annual,ICCS020111,Serious assault,P_HTHAB,Per hundred thousand inhabitants,CY,Cyprus,2024,2024,17.59
A,Annual,ICCS020111,Serious assault,P_HTHAB,Per hundred thousand inhabitants,LV,Latvia,2023,2023,26.75
A,Annual,ICCS020111,Serious assault,P_HTHAB,Per hundred thousand inhabitants,LV,Latvia,2024,2024,29.17
A,Annual,ICCS020111,Serious assault,P_HTHAB,Per hundred thousand inhabitants,LT,Lithuania,2023,2023,4.76
A,Annual,ICCS020111,Serious assault,P_HTHAB,Per hundred thousand inhabitants,LT,Lithuania,2024,2024,4.68
A,Annual,ICCS020111,Serious assault,P_HTHAB,Per hundred thousand inhabitants,LU,Luxembourg,2023,2023,103.36
A,Annual,ICCS020111,Serious assault,P_HTHAB,Per hundred thousand inhabitants,LU,Luxembourg,2024,2024,111.45
A,Annual,ICCS020111,Serious assault,P_HTHAB,Per hundred thousand inhabitants,MT,Malta,2023,2023,40.4
A,Annual,ICCS020111,Serious assault,P_HTHAB,Per hundred thousand inhabitants,MT,Malta,2024,2024,41.89
A,Annual,ICCS020111,Serious assault,P_HTHAB,Per hundred thousand inhabitants,NL,Netherlands,2023,2023,25.88
A,Annual,ICCS020111,Serious assault,P_HTHAB,Per hundred thousand inhabitants,NL,Netherlands,2024,2024,26.53
A,Annual,ICCS020111,Serious assault,P_HTHAB,Per hundred thousand inhabitants,AT,Austria,2023,2023,49.02
A,Annual,ICCS020111,Serious assault,P_HTHAB,Per hundred thousand inhabitants,AT,Austria,2024,2024,51.66
A,Annual,ICCS020111,Serious assault,P_HTHAB,Per hundred thousand inhabitants,PL,Poland,2023,2023,14.0
A,Annual,ICCS020111,Serious assault,P_HTHAB,Per hundred thousand inhabitants,PL,Poland,2024,2024,14.42
A,Annual,ICCS020111,Serious assault,P_HTHAB,Per hundred thousand inhabitants,PT,Portugal,2023,2023,7.23
A,Annual,ICCS020111,Serious assault,P_HTHAB,Per hundred thousand inhabitants,PT,Portugal,2024,2024,6.71
A,Annual,ICCS020111,Serious assault,P_HTHAB,Per hundred thousand inhabitants,RO,Romania,2023,2023,1.03
A,Annual,ICCS020111,Serious assault,P_HTHAB,Per hundred thousand inhabitants,RO,Romania,2024,2024,1.06
A,Annual,ICCS020111,Serious assault,P_HTHAB,Per hundred thousand inhabitants,SI,Slovenia,2023,2023,7.61
A,Annual,ICCS020111,Serious assault,P_HTHAB,Per hundred thousand inhabitants,SI,Slovenia,2024,2024,8.0
A,Annual,ICCS020111,Serious assault,P_HTHAB,Per hundred thousand inhabitants,SK,Slovakia,2023,2023,23.43
A,Annual,ICCS020111,Serious assault,P_HTHAB,Per hundred thousand inhabitants,SK,Slovakia,2024,2024,21.53
A,Annual,ICCS020111,Serious assault,P_HTHAB,Per hundred thousand inhabitants,FI,Finland,2023,2023,32.37
A,Annual,ICCS020111,Serious assault,P_HTHAB,Per hundred thousand inhabitants,FI,Finland,2024,2024,29.55
A,Annual,ICCS020111,Serious assault,P_HTHAB,Per hundred thousand inhabitants,SE,Sweden,2023,2023,45.62
A,Annual,ICCS020111,Serious assault,P_HTHAB,Per hundred thousand inhabitants,SE,Sweden,2024,2024,42.27
A,Annual,ICCS020111,Serious assault,P_HTHAB,Per hundred thousand inhabitants,IS,Iceland,2023,2023,49.77
A,Annual,ICCS020111,Serious assault,P_HTHAB,Per hundred thousand inhabitants,IS,Iceland,2024,2024,57.88
A,Annual,ICCS020111,Serious assault,P_HTHAB,Per hundred thousand inhabitants,LI,Liechtenstein,2023,2023,234.39
A,Annual,ICCS020111,Serious assault,P_HTHAB,Per hundred thousand inhabitants,LI,Liechtenstein,2024,2024,259.9
A,Annual,ICCS020111,Serious assault,P_HTHAB,Per hundred thousand inhabitants,NO,Norway,2023,2023,37.35
A,Annual,ICCS020111,Serious assault,P_HTHAB,Per hundred thousand inhabitants,NO,Norway,2024,2024,37.75
A,Annual,ICCS020111,Serious assault,P_HTHAB,Per hundred thousand inhabitants,CH,Switzerland,2023,2023,9.98
A,Annual,ICCS020111,Serious assault,P_HTHAB,Per hundred thousand inhabitants,CH,Switzerland,2024,2024,11.48
A,Annual,ICCS020111,Serious assault,P_HTHAB,Per hundred thousand inhabitants,ME,Montenegro,2023,2023,24.49
A,Annual,ICCS020111,Serious assault,P_HTHAB,Per hundred thousand inhabitants,ME,Montenegro,2024,2024,25.97
A,Annual,ICCS020111,Serious assault,P_HTHAB,Per hundred thousand inhabitants,MK,North Macedonia,2023,2023,8.2
A,Annual,ICCS020111,Serious assault,P_HTHAB,Per hundred thousand inhabitants,MK,North Macedonia,2024,2024,9.09
A,Annual,ICCS020111,Serious assault,P_HTHAB,Per hundred thousand inhabitants,AL,Albania,2023,2023,4.96
A,Annual,ICCS020111,Serious assault,P_HTHAB,Per hundred thousand inhabitants,RS,Serbia,2023,2023,81.66
A,Annual,ICCS020111,Serious assault,P_HTHAB,Per hundred thousand inhabitants,RS,Serbia,2024,2024,75.5
A,Annual,ICCS020221,Kidnapping,NR,Number,BG,Bulgaria,2023,2023,89.0
A,Annual,ICCS020221,Kidnapping,NR,Number,BG,Bulgaria,2024,2024,93.0
A,Annual,ICCS020221,Kidnapping,NR,Number,CZ,Czechia,2023,2023,8.0
A,Annual,ICCS020221,Kidnapping,NR,Number,CZ,Czechia,2024,2024,3.0
A,Annual,ICCS020221,Kidnapping,NR,Number,DE,Germany,2023,2023,5041.0
A,Annual,ICCS020221,Kidnapping,NR,Number,DE,Germany,2024,2024,5093.0
A,Annual,ICCS020221,Kidnapping,NR,Number,EE,Estonia,2023,2023,0.0
A,Annual,ICCS020221,Kidnapping,NR,Number,EE,Estonia,2024,2024,0.0
A,Annual,ICCS020221,Kidnapping,NR,Number,IE,Ireland,2023,2023,113.0
A,Annual,ICCS020221,Kidnapping,NR,Number,IE,Ireland,2024,2024,121.0
A,Annual,ICCS020221,Kidnapping,NR,Number,EL,Greece,2023,2023,74.0
A,Annual,ICCS020221,Kidnapping,NR,Number,EL,Greece,2024,2024,78.0
A,Annual,ICCS020221,Kidnapping,NR,Number,ES,Spain,2023,2023,122.0
A,Annual,ICCS020221,Kidnapping,NR,Number,ES,Spain,2024,2024,104.0
A,Annual,ICCS020221,Kidnapping,NR,Number,HR,Croatia,2023,2023,0.0
A,Annual,ICCS020221,Kidnapping,NR,Number,HR,Croatia,2024,2024,0.0
A,Annual,ICCS020221,Kidnapping,NR,Number,IT,Italy,2023,2023,129.0
A,Annual,ICCS020221,Kidnapping,NR,Number,IT,Italy,2024,2024,116.0
A,Annual,ICCS020221,Kidnapping,NR,Number,CY,Cyprus,2023,2023,0.0
A,Annual,ICCS020221,Kidnapping,NR,Number,CY,Cyprus,2024,2024,0.0
A,Annual,ICCS020221,Kidnapping,NR,Number,LV,Latvia,2023,2023,16.0
A,Annual,ICCS020221,Kidnapping,NR,Number,LV,Latvia,2024,2024,9.0
A,Annual,ICCS020221,Kidnapping,NR,Number,LT,Lithuania,2023,2023,0.0
A,Annual,ICCS020221,Kidnapping,NR,Number,LT,Lithuania,2024,2024,0.0
A,Annual,ICCS020221,Kidnapping,NR,Number,LU,Luxembourg,2024,2024,32.0
A,Annual,ICCS020221,Kidnapping,NR,Number,HU,Hungary,2023,2023,11.0
A,Annual,ICCS020221,Kidnapping,NR,Number,HU,Hungary,2024,2024,4.0
A,Annual,ICCS020221,Kidnapping,NR,Number,MT,Malta,2023,2023,0.0
A,Annual,ICCS020221,Kidnapping,NR,Number,MT,Malta,2024,2024,0.0
A,Annual,ICCS020221,Kidnapping,NR,Number,NL,Netherlands,2023,2023,455.0
A,Annual,ICCS020221,Kidnapping,NR,Number,NL,Netherlands,2024,2024,490.0
A,Annual,ICCS020221,Kidnapping,NR,Number,AT,Austria,2023,2023,6.0
A,Annual,ICCS020221,Kidnapping,NR,Number,AT,Austria,2024,2024,10.0
A,Annual,ICCS020221,Kidnapping,NR,Number,PT,Portugal,2023,2023,305.0
A,Annual,ICCS020221,Kidnapping,NR,Number,PT,Portugal,2024,2024,322.0
A,Annual,ICCS020221,Kidnapping,NR,Number,RO,Romania,2023,2023,390.0
A,Annual,ICCS020221,Kidnapping,NR,Number,RO,Romania,2024,2024,364.0
A,Annual,ICCS020221,Kidnapping,NR,Number,SI,Slovenia,2023,2023,3.0
A,Annual,ICCS020221,Kidnapping,NR,Number,SI,Slovenia,2024,2024,1.0
A,Annual,ICCS020221,Kidnapping,NR,Number,SK,Slovakia,2023,2023,46.0
A,Annual,ICCS020221,Kidnapping,NR,Number,SK,Slovakia,2024,2024,38.0
A,Annual,ICCS020221,Kidnapping,NR,Number,FI,Finland,2023,2023,4.0
A,Annual,ICCS020221,Kidnapping,NR,Number,FI,Finland,2024,2024,0.0
A,Annual,ICCS020221,Kidnapping,NR,Number,SE,Sweden,2023,2023,469.0
A,Annual,ICCS020221,Kidnapping,NR,Number,SE,Sweden,2024,2024,471.0
A,Annual,ICCS020221,Kidnapping,NR,Number,LI,Liechtenstein,2023,2023,0.0
A,Annual,ICCS020221,Kidnapping,NR,Number,LI,Liechtenstein,2024,2024,0.0
A,Annual,ICCS020221,Kidnapping,NR,Number,CH,Switzerland,2023,2023,6.0
A,Annual,ICCS020221,Kidnapping,NR,Number,CH,Switzerland,2024,2024,9.0
A,Annual,ICCS020221,Kidnapping,NR,Number,BA,Bosnia and Herzegovina,2023,2023,30.0
A,Annual,ICCS020221,Kidnapping,NR,Number,BA,Bosnia and Herzegovina,2024,2024,16.0
A,Annual,ICCS020221,Kidnapping,NR,Number,ME,Montenegro,2023,2023,1.0
A,Annual,ICCS020221,Kidnapping,NR,Number,ME,Montenegro,2024,2024,6.0
A,Annual,ICCS020221,Kidnapping,NR,Number,MK,North Macedonia,2023,2023,13.0
A,Annual,ICCS020221,Kidnapping,NR,Number,MK,North Macedonia,2024,2024,9.0
A,Annual,ICCS020221,Kidnapping,NR,Number,AL,Albania,2023,2023,4.0
A,Annual,ICCS020221,Kidnapping,NR,Number,AL,Albania,2024,2024,2.0
A,Annual,ICCS020221,Kidnapping,NR,Number,RS,Serbia,2023,2023,10.0
A,Annual,ICCS020221,Kidnapping,NR,Number,RS,Serbia,2024,2024,9.0
A,Annual,ICCS020221,Kidnapping,P_HTHAB,Per hundred thousand inhabitants,BG,Bulgaria,2023,2023,1.38
A,Annual,ICCS020221,Kidnapping,P_HTHAB,Per hundred thousand inhabitants,BG,Bulgaria,2024,2024,1.44
A,Annual,ICCS020221,Kidnapping,P_HTHAB,Per hundred thousand inhabitants,CZ,Czechia,2023,2023,0.07
A,Annual,ICCS020221,Kidnapping,P_HTHAB,Per hundred thousand inhabitants,CZ,Czechia,2024,2024,0.03
A,Annual,ICCS020221,Kidnapping,P_HTHAB,Per hundred thousand inhabitants,DE,Germany,2023,2023,6.06
A,Annual,ICCS020221,Kidnapping,P_HTHAB,Per hundred thousand inhabitants,DE,Germany,2024,2024,6.1
A,Annual,ICCS020221,Kidnapping,P_HTHAB,Per hundred thousand inhabitants,EE,Estonia,2023,2023,0.0
A,Annual,ICCS020221,Kidnapping,P_HTHAB,Per hundred thousand inhabitants,EE,Estonia,2024,2024,0.0
A,Annual,ICCS020221,Kidnapping,P_HTHAB,Per hundred thousand inhabitants,IE,Ireland,2023,2023,2.14
A,Annual,ICCS020221,Kidnapping,P_HTHAB,Per hundred thousand inhabitants,IE,Ireland,2024,2024,2.26
A,Annual,ICCS020221,Kidnapping,P_HTHAB,Per hundred thousand inhabitants,EL,Greece,2023,2023,0.71
A,Annual,ICCS020221,Kidnapping,P_HTHAB,Per hundred thousand inhabitants,EL,Greece,2024,2024,0.75
A,Annual,ICCS020221,Kidnapping,P_HTHAB,Per hundred thousand inhabitants,ES,Spain,2023,2023,0.25
A,Annual,ICCS020221,Kidnapping,P_HTHAB,Per hundred thousand inhabitants,ES,Spain,2024,2024,0.21
A,Annual,ICCS020221,Kidnapping,P_HTHAB,Per hundred thousand inhabitants,HR,Croatia,2023,2023,0.0
A,Annual,ICCS020221,Kidnapping,P_HTHAB,Per hundred thousand inhabitants,HR,Croatia,2024,2024,0.0
A,Annual,ICCS020221,Kidnapping,P_HTHAB,Per hundred thousand inhabitants,IT,Italy,2023,2023,0.22
A,Annual,ICCS020221,Kidnapping,P_HTHAB,Per hundred thousand inhabitants,IT,Italy,2024,2024,0.2
A,Annual,ICCS020221,Kidnapping,P_HTHAB,Per hundred thousand inhabitants,CY,Cyprus,2023,2023,0.0
A,Annual,ICCS020221,Kidnapping,P_HTHAB,Per hundred thousand inhabitants,CY,Cyprus,2024,2024,0.0
A,Annual,ICCS020221,Kidnapping,P_HTHAB,Per hundred thousand inhabitants,LV,Latvia,2023,2023,0.85
A,Annual,ICCS020221,Kidnapping,P_HTHAB,Per hundred thousand inhabitants,LV,Latvia,2024,2024,0.48
A,Annual,ICCS020221,Kidnapping,P_HTHAB,Per hundred thousand inhabitants,LT,Lithuania,2023,2023,0.0
A,Annual,ICCS020221,Kidnapping,P_HTHAB,Per hundred thousand inhabitants,LT,Lithuania,2024,2024,0.0
A,Annual,ICCS020221,Kidnapping,P_HTHAB,Per hundred thousand inhabitants,LU,Luxembourg,2024,2024,4.76
A,Annual,ICCS020221,Kidnapping,P_HTHAB,Per hundred thousand inhabitants,HU,Hungary,2023,2023,0.11
A,Annual,ICCS020221,Kidnapping,P_HTHAB,Per hundred thousand inhabitants,HU,Hungary,2024,2024,0.04
A,Annual,ICCS020221,Kidnapping,P_HTHAB,Per hundred thousand inhabitants,MT,Malta,2023,2023,0.0
A,Annual,ICCS020221,Kidnapping,P_HTHAB,Per hundred thousand inhabitants,MT,Malta,2024,2024,0.0
A,Annual,ICCS020221,Kidnapping,P_HTHAB,Per hundred thousand inhabitants,NL,Netherlands,2023,2023,2.55
A,Annual,ICCS020221,Kidnapping,P_HTHAB,Per hundred thousand inhabitants,NL,Netherlands,2024,2024,2.73
A,Annual,ICCS020221,Kidnapping,P_HTHAB,Per hundred thousand inhabitants,AT,Austria,2023,2023,0.07
A,Annual,ICCS020221,Kidnapping,P_HTHAB,Per hundred thousand inhabitants,AT,Austria,2024,2024,0.11
A,Annual,ICCS020221,Kidnapping,P_HTHAB,Per hundred thousand inhabitants,PT,Portugal,2023,2023,2.9
A,Annual,ICCS020221,Kidnapping,P_HTHAB,Per hundred thousand inhabitants,PT,Portugal,2024,2024,3.03
A,Annual,ICCS020221,Kidnapping,P_HTHAB,Per hundred thousand inhabitants,RO,Romania,2023,2023,2.05
A,Annual,ICCS020221,Kidnapping,P_HTHAB,Per hundred thousand inhabitants,RO,Romania,2024,2024,1.91
A,Annual,ICCS020221,Kidnapping,P_HTHAB,Per hundred thousand inhabitants,SI,Slovenia,2023,2023,0.14
A,Annual,ICCS020221,Kidnapping,P_HTHAB,Per hundred thousand inhabitants,SI,Slovenia,2024,2024,0.05
A,Annual,ICCS020221,Kidnapping,P_HTHAB,Per hundred thousand inhabitants,SK,Slovakia,2023,2023,0.85
A,Annual,ICCS020221,Kidnapping,P_HTHAB,Per hundred thousand inhabitants,SK,Slovakia,2024,2024,0.7
A,Annual,ICCS020221,Kidnapping,P_HTHAB,Per hundred thousand inhabitants,FI,Finland,2023,2023,0.07
A,Annual,ICCS020221,Kidnapping,P_HTHAB,Per hundred thousand inhabitants,FI,Finland,2024,2024,0.0
A,Annual,ICCS020221,Kidnapping,P_HTHAB,Per hundred thousand inhabitants,SE,Sweden,2023,2023,4.46
A,Annual,ICCS020221,Kidnapping,P_HTHAB,Per hundred thousand inhabitants,SE,Sweden,2024,2024,4.46
A,Annual,ICCS020221,Kidnapping,P_HTHAB,Per hundred thousand inhabitants,LI,Liechtenstein,2023,2023,0.0
A,Annual,ICCS020221,Kidnapping,P_HTHAB,Per hundred thousand inhabitants,LI,Liechtenstein,2024,2024,0.0
A,Annual,ICCS020221,Kidnapping,P_HTHAB,Per hundred thousand inhabitants,CH,Switzerland,2023,2023,0.07
A,Annual,ICCS020221,Kidnapping,P_HTHAB,Per hundred thousand inhabitants,CH,Switzerland,2024,2024,0.1
A,Annual,ICCS020221,Kidnapping,P_HTHAB,Per hundred thousand inhabitants,ME,Montenegro,2023,2023,0.16
A,Annual,ICCS020221,Kidnapping,P_HTHAB,Per hundred thousand inhabitants,ME,Montenegro,2024,2024,0.96
A,Annual,ICCS020221,Kidnapping,P_HTHAB,Per hundred thousand inhabitants,MK,North Macedonia,2023,2023,0.71
A,Annual,ICCS020221,Kidnapping,P_HTHAB,Per hundred thousand inhabitants,MK,North Macedonia,2024,2024,0.49
A,Annual,ICCS020221,Kidnapping,P_HTHAB,Per hundred thousand inhabitants,AL,Albania,2023,2023,0.14
A,Annual,ICCS020221,Kidnapping,P_HTHAB,Per hundred thousand inhabitants,RS,Serbia,2023,2023,0.15
A,Annual,ICCS020221,Kidnapping,P_HTHAB,Per hundred thousand inhabitants,RS,Serbia,2024,2024,0.14
A,Annual,ICCS0301,Sexual violence,NR,Number,BE,Belgium,2023,2023,12549.0
A,Annual,ICCS0301,Sexual violence,NR,Number,BE,Belgium,2024,2024,12409.0
A,Annual,ICCS0301,Sexual violence,NR,Number,BG,Bulgaria,2023,2023,624.0
A,Annual,ICCS0301,Sexual violence,NR,Number,BG,Bulgaria,2024,2024,606.0
A,Annual,ICCS0301,Sexual violence,NR,Number,CZ,Czechia,2023,2023,1864.0
A,Annual,ICCS0301,Sexual violence,NR,Number,CZ,Czechia,2024,2024,1943.0
A,Annual,ICCS0301,Sexual violence,NR,Number,DK,Denmark,2023,2023,6766.0
A,Annual,ICCS0301,Sexual violence,NR,Number,DK,Denmark,2024,2024,5427.0
A,Annual,ICCS0301,Sexual violence,NR,Number,DE,Germany,2023,2023,52656.0
A,Annual,ICCS0301,Sexual violence,NR,Number,DE,Germany,2024,2024,54361.0
A,Annual,ICCS0301,Sexual violence,NR,Number,EE,Estonia,2023,2023,426.0
A,Annual,ICCS0301,Sexual violence,NR,Number,EE,Estonia,2024,2024,472.0
A,Annual,ICCS0301,Sexual violence,NR,Number,IE,Ireland,2023,2023,2969.0
A,Annual,ICCS0301,Sexual violence,NR,Number,IE,Ireland,2024,2024,3336.0
A,Annual,ICCS0301,Sexual violence,NR,Number,EL,Greece,2023,2023,1047.0
A,Annual,ICCS0301,Sexual violence,NR,Number,EL,Greece,2024,2024,1250.0
A,Annual,ICCS0301,Sexual violence,NR,Number,ES,Spain,2023,2023,18380.0
A,Annual,ICCS0301,Sexual violence,NR,Number,ES,Spain,2024,2024,19655.0
A,Annual,ICCS0301,Sexual violence,NR,Number,FR,France,2023,2023,89619.0
A,Annual,ICCS0301,Sexual violence,NR,Number,FR,France,2024,2024,96654.0
A,Annual,ICCS0301,Sexual violence,NR,Number,HR,Croatia,2023,2023,836.0
A,Annual,ICCS0301,Sexual violence,NR,Number,HR,Croatia,2024,2024,942.0
A,Annual,ICCS0301,Sexual violence,NR,Number,IT,Italy,2023,2023,6742.0
A,Annual,ICCS0301,Sexual violence,NR,Number,IT,Italy,2024,2024,7423.0
A,Annual,ICCS0301,Sexual violence,NR,Number,CY,Cyprus,2023,2023,70.0
A,Annual,ICCS0301,Sexual violence,NR,Number,CY,Cyprus,2024,2024,58.0
A,Annual,ICCS0301,Sexual violence,NR,Number,LV,Latvia,2023,2023,551.0
A,Annual,ICCS0301,Sexual violence,NR,Number,LV,Latvia,2024,2024,528.0
A,Annual,ICCS0301,Sexual violence,NR,Number,LT,Lithuania,2023,2023,181.0
A,Annual,ICCS0301,Sexual violence,NR,Number,LT,Lithuania,2024,2024,167.0
A,Annual,ICCS0301,Sexual violence,NR,Number,LU,Luxembourg,2023,2023,434.0
A,Annual,ICCS0301,Sexual violence,NR,Number,LU,Luxembourg,2024,2024,464.0
A,Annual,ICCS0301,Sexual violence,NR,Number,HU,Hungary,2023,2023,537.0
A,Annual,ICCS0301,Sexual violence,NR,Number,HU,Hungary,2024,2024,489.0
A,Annual,ICCS0301,Sexual violence,NR,Number,MT,Malta,2023,2023,157.0
A,Annual,ICCS0301,Sexual violence,NR,Number,MT,Malta,2024,2024,141.0
A,Annual,ICCS0301,Sexual violence,NR,Number,NL,Netherlands,2023,2023,5020.0
A,Annual,ICCS0301,Sexual violence,NR,Number,NL,Netherlands,2024,2024,4330.0
A,Annual,ICCS0301,Sexual violence,NR,Number,AT,Austria,2023,2023,5447.0
A,Annual,ICCS0301,Sexual violence,NR,Number,AT,Austria,2024,2024,5593.0
A,Annual,ICCS0301,Sexual violence,NR,Number,PL,Poland,2023,2023,3515.0
A,Annual,ICCS0301,Sexual violence,NR,Number,PL,Poland,2024,2024,3500.0
A,Annual,ICCS0301,Sexual violence,NR,Number,PT,Portugal,2023,2023,3218.0
A,Annual,ICCS0301,Sexual violence,NR,Number,PT,Portugal,2024,2024,3237.0
A,Annual,ICCS0301,Sexual violence,NR,Number,RO,Romania,2023,2023,3217.0
A,Annual,ICCS0301,Sexual violence,NR,Number,RO,Romania,2024,2024,3240.0
A,Annual,ICCS0301,Sexual violence,NR,Number,SI,Slovenia,2023,2023,344.0
A,Annual,ICCS0301,Sexual violence,NR,Number,SI,Slovenia,2024,2024,336.0
A,Annual,ICCS0301,Sexual violence,NR,Number,SK,Slovakia,2023,2023,588.0
A,Annual,ICCS0301,Sexual violence,NR,Number,SK,Slovakia,2024,2024,587.0
A,Annual,ICCS0301,Sexual violence,NR,Number,FI,Finland,2023,2023,6238.0
A,Annual,ICCS0301,Sexual violence,NR,Number,FI,Finland,2024,2024,7947.0
A,Annual,ICCS0301,Sexual violence,NR,Number,SE,Sweden,2023,2023,20210.0
A,Annual,ICCS0301,Sexual violence,NR,Number,SE,Sweden,2024,2024,21207.0
A,Annual,ICCS0301,Sexual violence,NR,Number,IS,Iceland,2023,2023,504.0
A,Annual,ICCS0301,Sexual violence,NR,Number,IS,Iceland,2024,2024,556.0
A,Annual,ICCS0301,Sexual violence,NR,Number,LI,Liechtenstein,2023,2023,20.0
A,Annual,ICCS0301,Sexual violence,NR,Number,LI,Liechtenstein,2024,2024,28.0
A,Annual,ICCS0301,Sexual violence,NR,Number,NO,Norway,2023,2023,5262.0
A,Annual,ICCS0301,Sexual violence,NR,Number,NO,Norway,2024,2024,5010.0
A,Annual,ICCS0301,Sexual violence,NR,Number,CH,Switzerland,2023,2023,4563.0
A,Annual,ICCS0301,Sexual violence,NR,Number,CH,Switzerland,2024,2024,4830.0
A,Annual,ICCS0301,Sexual violence,NR,Number,BA,Bosnia and Herzegovina,2023,2023,197.0
A,Annual,ICCS0301,Sexual violence,NR,Number,BA,Bosnia and Herzegovina,2024,2024,244.0
A,Annual,ICCS0301,Sexual violence,NR,Number,ME,Montenegro,2023,2023,40.0
A,Annual,ICCS0301,Sexual violence,NR,Number,ME,Montenegro,2024,2024,49.0
A,Annual,ICCS0301,Sexual violence,NR,Number,MK,North Macedonia,2023,2023,130.0
A,Annual,ICCS0301,Sexual violence,NR,Number,MK,North Macedonia,2024,2024,131.0
A,Annual,ICCS0301,Sexual violence,NR,Number,AL,Albania,2023,2023,134.0
A,Annual,ICCS0301,Sexual violence,NR,Number,AL,Albania,2024,2024,124.0
A,Annual,ICCS0301,Sexual violence,NR,Number,RS,Serbia,2023,2023,537.0
A,Annual,ICCS0301,Sexual violence,NR,Number,RS,Serbia,2024,2024,489.0
A,Annual,ICCS0301,Sexual violence,P_HTHAB,Per hundred thousand inhabitants,BE,Belgium,2023,2023,106.87
A,Annual,ICCS0301,Sexual violence,P_HTHAB,Per hundred thousand inhabitants,BE,Belgium,2024,2024,105.01
A,Annual,ICCS0301,Sexual violence,P_HTHAB,Per hundred thousand inhabitants,BG,Bulgaria,2023,2023,9.68
A,Annual,ICCS0301,Sexual violence,P_HTHAB,Per hundred thousand inhabitants,BG,Bulgaria,2024,2024,9.4
A,Annual,ICCS0301,Sexual violence,P_HTHAB,Per hundred thousand inhabitants,CZ,Czechia,2023,2023,17.22
A,Annual,ICCS0301,Sexual violence,P_HTHAB,Per hundred thousand inhabitants,CZ,Czechia,2024,2024,17.82
A,Annual,ICCS0301,Sexual violence,P_HTHAB,Per hundred thousand inhabitants,DK,Denmark,2023,2023,114.05
A,Annual,ICCS0301,Sexual violence,P_HTHAB,Per hundred thousand inhabitants,DK,Denmark,2024,2024,91.04
A,Annual,ICCS0301,Sexual violence,P_HTHAB,Per hundred thousand inhabitants,DE,Germany,2023,2023,63.35
A,Annual,ICCS0301,Sexual violence,P_HTHAB,Per hundred thousand inhabitants,DE,Germany,2024,2024,65.14
A,Annual,ICCS0301,Sexual violence,P_HTHAB,Per hundred thousand inhabitants,EE,Estonia,2023,2023,31.19
A,Annual,ICCS0301,Sexual violence,P_HTHAB,Per hundred thousand inhabitants,EE,Estonia,2024,2024,34.34
A,Annual,ICCS0301,Sexual violence,P_HTHAB,Per hundred thousand inhabitants,IE,Ireland,2023,2023,56.32
A,Annual,ICCS0301,Sexual violence,P_HTHAB,Per hundred thousand inhabitants,IE,Ireland,2024,2024,62.34
A,Annual,ICCS0301,Sexual violence,P_HTHAB,Per hundred thousand inhabitants,EL,Greece,2023,2023,10.05
A,Annual,ICCS0301,Sexual violence,P_HTHAB,Per hundred thousand inhabitants,EL,Greece,2024,2024,12.05
A,Annual,ICCS0301,Sexual violence,P_HTHAB,Per hundred thousand inhabitants,ES,Spain,2023,2023,38.22
A,Annual,ICCS0301,Sexual violence,P_HTHAB,Per hundred thousand inhabitants,ES,Spain,2024,2024,40.43
A,Annual,ICCS0301,Sexual violence,P_HTHAB,Per hundred thousand inhabitants,FR,France,2023,2023,131.26
A,Annual,ICCS0301,Sexual violence,P_HTHAB,Per hundred thousand inhabitants,FR,France,2024,2024,140.75
A,Annual,ICCS0301,Sexual violence,P_HTHAB,Per hundred thousand inhabitants,HR,Croatia,2023,2023,21.71
A,Annual,ICCS0301,Sexual violence,P_HTHAB,Per hundred thousand inhabitants,HR,Croatia,2024,2024,24.39
A,Annual,ICCS0301,Sexual violence,P_HTHAB,Per hundred thousand inhabitants,IT,Italy,2023,2023,11.43
A,Annual,ICCS0301,Sexual violence,P_HTHAB,Per hundred thousand inhabitants,IT,Italy,2024,2024,12.59
A,Annual,ICCS0301,Sexual violence,P_HTHAB,Per hundred thousand inhabitants,CY,Cyprus,2023,2023,7.38
A,Annual,ICCS0301,Sexual violence,P_HTHAB,Per hundred thousand inhabitants,CY,Cyprus,2024,2024,6.0
A,Annual,ICCS0301,Sexual violence,P_HTHAB,Per hundred thousand inhabitants,LV,Latvia,2023,2023,29.26
A,Annual,ICCS0301,Sexual violence,P_HTHAB,Per hundred thousand inhabitants,LV,Latvia,2024,2024,28.11
A,Annual,ICCS0301,Sexual violence,P_HTHAB,Per hundred thousand inhabitants,LT,Lithuania,2023,2023,6.33
A,Annual,ICCS0301,Sexual violence,P_HTHAB,Per hundred thousand inhabitants,LT,Lithuania,2024,2024,5.79
A,Annual,ICCS0301,Sexual violence,P_HTHAB,Per hundred thousand inhabitants,LU,Luxembourg,2023,2023,65.68
A,Annual,ICCS0301,Sexual violence,P_HTHAB,Per hundred thousand inhabitants,LU,Luxembourg,2024,2024,69.04
A,Annual,ICCS0301,Sexual violence,P_HTHAB,Per hundred thousand inhabitants,HU,Hungary,2023,2023,5.59
A,Annual,ICCS0301,Sexual violence,P_HTHAB,Per hundred thousand inhabitants,HU,Hungary,2024,2024,5.1
A,Annual,ICCS0301,Sexual violence,P_HTHAB,Per hundred thousand inhabitants,MT,Malta,2023,2023,28.96
A,Annual,ICCS0301,Sexual violence,P_HTHAB,Per hundred thousand inhabitants,MT,Malta,2024,2024,25.02
A,Annual,ICCS0301,Sexual violence,P_HTHAB,Per hundred thousand inhabitants,NL,Netherlands,2023,2023,28.18
A,Annual,ICCS0301,Sexual violence,P_HTHAB,Per hundred thousand inhabitants,NL,Netherlands,2024,2024,24.13
A,Annual,ICCS0301,Sexual violence,P_HTHAB,Per hundred thousand inhabitants,AT,Austria,2023,2023,59.83
A,Annual,ICCS0301,Sexual violence,P_HTHAB,Per hundred thousand inhabitants,AT,Austria,2024,2024,61.07
A,Annual,ICCS0301,Sexual violence,P_HTHAB,Per hundred thousand inhabitants,PL,Poland,2023,2023,9.56
A,Annual,ICCS0301,Sexual violence,P_HTHAB,Per hundred thousand inhabitants,PL,Poland,2024,2024,9.56
A,Annual,ICCS0301,Sexual violence,P_HTHAB,Per hundred thousand inhabitants,PT,Portugal,2023,2023,30.6
A,Annual,ICCS0301,Sexual violence,P_HTHAB,Per hundred thousand inhabitants,PT,Portugal,2024,2024,30.42
A,Annual,ICCS0301,Sexual violence,P_HTHAB,Per hundred thousand inhabitants,RO,Romania,2023,2023,16.88
A,Annual,ICCS0301,Sexual violence,P_HTHAB,Per hundred thousand inhabitants,RO,Romania,2024,2024,16.99
A,Annual,ICCS0301,Sexual violence,P_HTHAB,Per hundred thousand inhabitants,SI,Slovenia,2023,2023,16.25
A,Annual,ICCS0301,Sexual violence,P_HTHAB,Per hundred thousand inhabitants,SI,Slovenia,2024,2024,15.82
A,Annual,ICCS0301,Sexual violence,P_HTHAB,Per hundred thousand inhabitants,SK,Slovakia,2023,2023,10.83
A,Annual,ICCS0301,Sexual violence,P_HTHAB,Per hundred thousand inhabitants,SK,Slovakia,2024,2024,10.82
A,Annual,ICCS0301,Sexual violence,P_HTHAB,Per hundred thousand inhabitants,FI,Finland,2023,2023,112.11
A,Annual,ICCS0301,Sexual violence,P_HTHAB,Per hundred thousand inhabitants,FI,Finland,2024,2024,141.81
A,Annual,ICCS0301,Sexual violence,P_HTHAB,Per hundred thousand inhabitants,SE,Sweden,2023,2023,192.08
A,Annual,ICCS0301,Sexual violence,P_HTHAB,Per hundred thousand inhabitants,SE,Sweden,2024,2024,200.98
A,Annual,ICCS0301,Sexual violence,P_HTHAB,Per hundred thousand inhabitants,IS,Iceland,2023,2023,129.98
A,Annual,ICCS0301,Sexual violence,P_HTHAB,Per hundred thousand inhabitants,IS,Iceland,2024,2024,144.96
A,Annual,ICCS0301,Sexual violence,P_HTHAB,Per hundred thousand inhabitants,LI,Liechtenstein,2023,2023,50.41
A,Annual,ICCS0301,Sexual violence,P_HTHAB,Per hundred thousand inhabitants,LI,Liechtenstein,2024,2024,69.97
A,Annual,ICCS0301,Sexual violence,P_HTHAB,Per hundred thousand inhabitants,NO,Norway,2023,2023,95.86
A,Annual,ICCS0301,Sexual violence,P_HTHAB,Per hundred thousand inhabitants,NO,Norway,2024,2024,90.27
A,Annual,ICCS0301,Sexual violence,P_HTHAB,Per hundred thousand inhabitants,CH,Switzerland,2023,2023,51.76
A,Annual,ICCS0301,Sexual violence,P_HTHAB,Per hundred thousand inhabitants,CH,Switzerland,2024,2024,53.89
A,Annual,ICCS0301,Sexual violence,P_HTHAB,Per hundred thousand inhabitants,ME,Montenegro,2023,2023,6.49
A,Annual,ICCS0301,Sexual violence,P_HTHAB,Per hundred thousand inhabitants,ME,Montenegro,2024,2024,7.86
A,Annual,ICCS0301,Sexual violence,P_HTHAB,Per hundred thousand inhabitants,MK,North Macedonia,2023,2023,7.1
A,Annual,ICCS0301,Sexual violence,P_HTHAB,Per hundred thousand inhabitants,MK,North Macedonia,2024,2024,7.17
A,Annual,ICCS0301,Sexual violence,P_HTHAB,Per hundred thousand inhabitants,AL,Albania,2023,2023,4.85
A,Annual,ICCS0301,Sexual violence,P_HTHAB,Per hundred thousand inhabitants,RS,Serbia,2023,2023,8.09
A,Annual,ICCS0301,Sexual violence,P_HTHAB,Per hundred thousand inhabitants,RS,Serbia,2024,2024,7.4
A,Annual,ICCS03011,Rape,NR,Number,BE,Belgium,2023,2023,4843.0
A,Annual,ICCS03011,Rape,NR,Number,BE,Belgium,2024,2024,4792.0
A,Annual,ICCS03011,Rape,NR,Number,BG,Bulgaria,2023,2023,75.0
A,Annual,ICCS03011,Rape,NR,Number,BG,Bulgaria,2024,2024,111.0
A,Annual,ICCS03011,Rape,NR,Number,CZ,Czechia,2023,2023,1748.0
A,Annual,ICCS03011,Rape,NR,Number,CZ,Czechia,2024,2024,1867.0
A,Annual,ICCS03011,Rape,NR,Number,DK,Denmark,2023,2023,2375.0
A,Annual,ICCS03011,Rape,NR,Number,DK,Denmark,2024,2024,2315.0
A,Annual,ICCS03011,Rape,NR,Number,DE,Germany,2023,2023,13108.0
A,Annual,ICCS03011,Rape,NR,Number,DE,Germany,2024,2024,14266.0
A,Annual,ICCS03011,Rape,NR,Number,EE,Estonia,2023,2023,191.0
A,Annual,ICCS03011,Rape,NR,Number,EE,Estonia,2024,2024,202.0
A,Annual,ICCS03011,Rape,NR,Number,IE,Ireland,2023,2023,1022.0
A,Annual,ICCS03011,Rape,NR,Number,IE,Ireland,2024,2024,1040.0
A,Annual,ICCS03011,Rape,NR,Number,EL,Greece,2023,2023,293.0
A,Annual,ICCS03011,Rape,NR,Number,EL,Greece,2024,2024,352.0
A,Annual,ICCS03011,Rape,NR,Number,ES,Spain,2023,2023,4890.0
A,Annual,ICCS03011,Rape,NR,Number,ES,Spain,2024,2024,5222.0
A,Annual,ICCS03011,Rape,NR,Number,FR,France,2023,2023,41652.0
A,Annual,ICCS03011,Rape,NR,Number,FR,France,2024,2024,45288.0
A,Annual,ICCS03011,Rape,NR,Number,HR,Croatia,2023,2023,422.0
A,Annual,ICCS03011,Rape,NR,Number,HR,Croatia,2024,2024,479.0
A,Annual,ICCS03011,Rape,NR,Number,CY,Cyprus,2023,2023,41.0
A,Annual,ICCS03011,Rape,NR,Number,CY,Cyprus,2024,2024,48.0
A,Annual,ICCS03011,Rape,NR,Number,LV,Latvia,2023,2023,283.0
A,Annual,ICCS03011,Rape,NR,Number,LV,Latvia,2024,2024,288.0
A,Annual,ICCS03011,Rape,NR,Number,LT,Lithuania,2023,2023,92.0
A,Annual,ICCS03011,Rape,NR,Number,LT,Lithuania,2024,2024,86.0
A,Annual,ICCS03011,Rape,NR,Number,LU,Luxembourg,2023,2023,146.0
A,Annual,ICCS03011,Rape,NR,Number,LU,Luxembourg,2024,2024,138.0
A,Annual,ICCS03011,Rape,NR,Number,HU,Hungary,2023,2023,537.0
A,Annual,ICCS03011,Rape,NR,Number,HU,Hungary,2024,2024,489.0
A,Annual,ICCS03011,Rape,NR,Number,MT,Malta,2023,2023,63.0
A,Annual,ICCS03011,Rape,NR,Number,MT,Malta,2024,2024,78.0
A,Annual,ICCS03011,Rape,NR,Number,NL,Netherlands,2023,2023,2455.0
A,Annual,ICCS03011,Rape,NR,Number,NL,Netherlands,2024,2024,2415.0
A,Annual,ICCS03011,Rape,NR,Number,AT,Austria,2023,2023,2328.0
A,Annual,ICCS03011,Rape,NR,Number,AT,Austria,2024,2024,2408.0
A,Annual,ICCS03011,Rape,NR,Number,PL,Poland,2023,2023,499.0
A,Annual,ICCS03011,Rape,NR,Number,PL,Poland,2024,2024,533.0
A,Annual,ICCS03011,Rape,NR,Number,PT,Portugal,2023,2023,494.0
A,Annual,ICCS03011,Rape,NR,Number,PT,Portugal,2024,2024,543.0
A,Annual,ICCS03011,Rape,NR,Number,RO,Romania,2023,2023,2660.0
A,Annual,ICCS03011,Rape,NR,Number,RO,Romania,2024,2024,2580.0
A,Annual,ICCS03011,Rape,NR,Number,SI,Slovenia,2023,2023,258.0
A,Annual,ICCS03011,Rape,NR,Number,SI,Slovenia,2024,2024,226.0
A,Annual,ICCS03011,Rape,NR,Number,SK,Slovakia,2023,2023,100.0
A,Annual,ICCS03011,Rape,NR,Number,SK,Slovakia,2024,2024,131.0
A,Annual,ICCS03011,Rape,NR,Number,FI,Finland,2023,2023,2416.0
A,Annual,ICCS03011,Rape,NR,Number,FI,Finland,2024,2024,2984.0
A,Annual,ICCS03011,Rape,NR,Number,SE,Sweden,2023,2023,8908.0
A,Annual,ICCS03011,Rape,NR,Number,SE,Sweden,2024,2024,9309.0
A,Annual,ICCS03011,Rape,NR,Number,IS,Iceland,2023,2023,176.0
A,Annual,ICCS03011,Rape,NR,Number,IS,Iceland,2024,2024,182.0
A,Annual,ICCS03011,Rape,NR,Number,LI,Liechtenstein,2023,2023,5.0
A,Annual,ICCS03011,Rape,NR,Number,LI,Liechtenstein,2024,2024,5.0
A,Annual,ICCS03011,Rape,NR,Number,NO,Norway,2023,2023,2325.0
A,Annual,ICCS03011,Rape,NR,Number,NO,Norway,2024,2024,2174.0
A,Annual,ICCS03011,Rape,NR,Number,CH,Switzerland,2023,2023,839.0
A,Annual,ICCS03011,Rape,NR,Number,CH,Switzerland,2024,2024,1086.0
A,Annual,ICCS03011,Rape,NR,Number,BA,Bosnia and Herzegovina,2023,2023,36.0
A,Annual,ICCS03011,Rape,NR,Number,BA,Bosnia and Herzegovina,2024,2024,25.0
A,Annual,ICCS03011,Rape,NR,Number,ME,Montenegro,2023,2023,15.0
A,Annual,ICCS03011,Rape,NR,Number,ME,Montenegro,2024,2024,27.0
A,Annual,ICCS03011,Rape,NR,Number,MK,North Macedonia,2023,2023,33.0
A,Annual,ICCS03011,Rape,NR,Number,MK,North Macedonia,2024,2024,31.0
A,Annual,ICCS03011,Rape,NR,Number,AL,Albania,2023,2023,46.0
A,Annual,ICCS03011,Rape,NR,Number,AL,Albania,2024,2024,43.0
A,Annual,ICCS03011,Rape,NR,Number,RS,Serbia,2023,2023,87.0
A,Annual,ICCS03011,Rape,NR,Number,RS,Serbia,2024,2024,100.0
A,Annual,ICCS03011,Rape,P_HTHAB,Per hundred thousand inhabitants,BE,Belgium,2023,2023,41.24
A,Annual,ICCS03011,Rape,P_HTHAB,Per hundred thousand inhabitants,BE,Belgium,2024,2024,40.55
A,Annual,ICCS03011,Rape,P_HTHAB,Per hundred thousand inhabitants,BG,Bulgaria,2023,2023,1.16
A,Annual,ICCS03011,Rape,P_HTHAB,Per hundred thousand inhabitants,BG,Bulgaria,2024,2024,1.72
A,Annual,ICCS03011,Rape,P_HTHAB,Per hundred thousand inhabitants,CZ,Czechia,2023,2023,16.14
A,Annual,ICCS03011,Rape,P_HTHAB,Per hundred thousand inhabitants,CZ,Czechia,2024,2024,17.13
A,Annual,ICCS03011,Rape,P_HTHAB,Per hundred thousand inhabitants,DK,Denmark,2023,2023,40.03
A,Annual,ICCS03011,Rape,P_HTHAB,Per hundred thousand inhabitants,DK,Denmark,2024,2024,38.83
A,Annual,ICCS03011,Rape,P_HTHAB,Per hundred thousand inhabitants,DE,Germany,2023,2023,15.77
A,Annual,ICCS03011,Rape,P_HTHAB,Per hundred thousand inhabitants,DE,Germany,2024,2024,17.09
A,Annual,ICCS03011,Rape,P_HTHAB,Per hundred thousand inhabitants,EE,Estonia,2023,2023,13.98
A,Annual,ICCS03011,Rape,P_HTHAB,Per hundred thousand inhabitants,EE,Estonia,2024,2024,14.69
A,Annual,ICCS03011,Rape,P_HTHAB,Per hundred thousand inhabitants,IE,Ireland,2023,2023,19.39
A,Annual,ICCS03011,Rape,P_HTHAB,Per hundred thousand inhabitants,IE,Ireland,2024,2024,19.43
A,Annual,ICCS03011,Rape,P_HTHAB,Per hundred thousand inhabitants,EL,Greece,2023,2023,2.81
A,Annual,ICCS03011,Rape,P_HTHAB,Per hundred thousand inhabitants,EL,Greece,2024,2024,3.39
A,Annual,ICCS03011,Rape,P_HTHAB,Per hundred thousand inhabitants,ES,Spain,2023,2023,10.17
A,Annual,ICCS03011,Rape,P_HTHAB,Per hundred thousand inhabitants,ES,Spain,2024,2024,10.74
A,Annual,ICCS03011,Rape,P_HTHAB,Per hundred thousand inhabitants,FR,France,2023,2023,61.0
A,Annual,ICCS03011,Rape,P_HTHAB,Per hundred thousand inhabitants,FR,France,2024,2024,65.95
A,Annual,ICCS03011,Rape,P_HTHAB,Per hundred thousand inhabitants,HR,Croatia,2023,2023,10.96
A,Annual,ICCS03011,Rape,P_HTHAB,Per hundred thousand inhabitants,HR,Croatia,2024,2024,12.4
A,Annual,ICCS03011,Rape,P_HTHAB,Per hundred thousand inhabitants,CY,Cyprus,2023,2023,4.32
A,Annual,ICCS03011,Rape,P_HTHAB,Per hundred thousand inhabitants,CY,Cyprus,2024,2024,4.97
A,Annual,ICCS03011,Rape,P_HTHAB,Per hundred thousand inhabitants,LV,Latvia,2023,2023,15.03
A,Annual,ICCS03011,Rape,P_HTHAB,Per hundred thousand inhabitants,LV,Latvia,2024,2024,15.33
A,Annual,ICCS03011,Rape,P_HTHAB,Per hundred thousand inhabitants,LT,Lithuania,2023,2023,3.22
A,Annual,ICCS03011,Rape,P_HTHAB,Per hundred thousand inhabitants,LT,Lithuania,2024,2024,2.98
A,Annual,ICCS03011,Rape,P_HTHAB,Per hundred thousand inhabitants,LU,Luxembourg,2023,2023,22.09
A,Annual,ICCS03011,Rape,P_HTHAB,Per hundred thousand inhabitants,LU,Luxembourg,2024,2024,20.53
A,Annual,ICCS03011,Rape,P_HTHAB,Per hundred thousand inhabitants,HU,Hungary,2023,2023,5.59
A,Annual,ICCS03011,Rape,P_HTHAB,Per hundred thousand inhabitants,HU,Hungary,2024,2024,5.1
A,Annual,ICCS03011,Rape,P_HTHAB,Per hundred thousand inhabitants,MT,Malta,2023,2023,11.62
A,Annual,ICCS03011,Rape,P_HTHAB,Per hundred thousand inhabitants,MT,Malta,2024,2024,13.84
A,Annual,ICCS03011,Rape,P_HTHAB,Per hundred thousand inhabitants,NL,Netherlands,2023,2023,13.78
A,Annual,ICCS03011,Rape,P_HTHAB,Per hundred thousand inhabitants,NL,Netherlands,2024,2024,13.46
A,Annual,ICCS03011,Rape,P_HTHAB,Per hundred thousand inhabitants,AT,Austria,2023,2023,25.57
A,Annual,ICCS03011,Rape,P_HTHAB,Per hundred thousand inhabitants,AT,Austria,2024,2024,26.29
A,Annual,ICCS03011,Rape,P_HTHAB,Per hundred thousand inhabitants,PL,Poland,2023,2023,1.36
A,Annual,ICCS03011,Rape,P_HTHAB,Per hundred thousand inhabitants,PL,Poland,2024,2024,1.46
A,Annual,ICCS03011,Rape,P_HTHAB,Per hundred thousand inhabitants,PT,Portugal,2023,2023,4.7
A,Annual,ICCS03011,Rape,P_HTHAB,Per hundred thousand inhabitants,PT,Portugal,2024,2024,5.1
A,Annual,ICCS03011,Rape,P_HTHAB,Per hundred thousand inhabitants,RO,Romania,2023,2023,13.96
A,Annual,ICCS03011,Rape,P_HTHAB,Per hundred thousand inhabitants,RO,Romania,2024,2024,13.53
A,Annual,ICCS03011,Rape,P_HTHAB,Per hundred thousand inhabitants,SI,Slovenia,2023,2023,12.19
A,Annual,ICCS03011,Rape,P_HTHAB,Per hundred thousand inhabitants,SI,Slovenia,2024,2024,10.64
A,Annual,ICCS03011,Rape,P_HTHAB,Per hundred thousand inhabitants,SK,Slovakia,2023,2023,1.84
A,Annual,ICCS03011,Rape,P_HTHAB,Per hundred thousand inhabitants,SK,Slovakia,2024,2024,2.41
A,Annual,ICCS03011,Rape,P_HTHAB,Per hundred thousand inhabitants,FI,Finland,2023,2023,43.42
A,Annual,ICCS03011,Rape,P_HTHAB,Per hundred thousand inhabitants,FI,Finland,2024,2024,53.25
A,Annual,ICCS03011,Rape,P_HTHAB,Per hundred thousand inhabitants,SE,Sweden,2023,2023,84.66
A,Annual,ICCS03011,Rape,P_HTHAB,Per hundred thousand inhabitants,SE,Sweden,2024,2024,88.22
A,Annual,ICCS03011,Rape,P_HTHAB,Per hundred thousand inhabitants,IS,Iceland,2023,2023,45.39
A,Annual,ICCS03011,Rape,P_HTHAB,Per hundred thousand inhabitants,IS,Iceland,2024,2024,47.45
A,Annual,ICCS03011,Rape,P_HTHAB,Per hundred thousand inhabitants,LI,Liechtenstein,2023,2023,12.6
A,Annual,ICCS03011,Rape,P_HTHAB,Per hundred thousand inhabitants,LI,Liechtenstein,2024,2024,12.5
A,Annual,ICCS03011,Rape,P_HTHAB,Per hundred thousand inhabitants,NO,Norway,2023,2023,42.36
A,Annual,ICCS03011,Rape,P_HTHAB,Per hundred thousand inhabitants,NO,Norway,2024,2024,39.17
A,Annual,ICCS03011,Rape,P_HTHAB,Per hundred thousand inhabitants,CH,Switzerland,2023,2023,9.52
A,Annual,ICCS03011,Rape,P_HTHAB,Per hundred thousand inhabitants,CH,Switzerland,2024,2024,12.12
A,Annual,ICCS03011,Rape,P_HTHAB,Per hundred thousand inhabitants,ME,Montenegro,2023,2023,2.43
A,Annual,ICCS03011,Rape,P_HTHAB,Per hundred thousand inhabitants,ME,Montenegro,2024,2024,4.33
A,Annual,ICCS03011,Rape,P_HTHAB,Per hundred thousand inhabitants,MK,North Macedonia,2023,2023,1.8
A,Annual,ICCS03011,Rape,P_HTHAB,Per hundred thousand inhabitants,MK,North Macedonia,2024,2024,1.7
A,Annual,ICCS03011,Rape,P_HTHAB,Per hundred thousand inhabitants,AL,Albania,2023,2023,1.67
A,Annual,ICCS03011,Rape,P_HTHAB,Per hundred thousand inhabitants,RS,Serbia,2023,2023,1.31
A,Annual,ICCS03011,Rape,P_HTHAB,Per hundred thousand inhabitants,RS,Serbia,2024,2024,1.51
A,Annual,ICCS03012,Sexual assault,NR,Number,BE,Belgium,2023,2023,7706.0
A,Annual,ICCS03012,Sexual assault,NR,Number,BE,Belgium,2024,2024,7617.0
A,Annual,ICCS03012,Sexual assault,NR,Number,BG,Bulgaria,2023,2023,549.0
A,Annual,ICCS03012,Sexual assault,NR,Number,BG,Bulgaria,2024,2024,495.0
A,Annual,ICCS03012,Sexual assault,NR,Number,CZ,Czechia,2023,2023,95.0
A,Annual,ICCS03012,Sexual assault,NR,Number,CZ,Czechia,2024,2024,70.0
A,Annual,ICCS03012,Sexual assault,NR,Number,DK,Denmark,2023,2023,4391.0
A,Annual,ICCS03012,Sexual assault,NR,Number,DK,Denmark,2024,2024,3112.0
A,Annual,ICCS03012,Sexual assault,NR,Number,DE,Germany,2023,2023,39548.0
A,Annual,ICCS03012,Sexual assault,NR,Number,DE,Germany,2024,2024,40095.0
A,Annual,ICCS03012,Sexual assault,NR,Number,EE,Estonia,2023,2023,235.0
A,Annual,ICCS03012,Sexual assault,NR,Number,EE,Estonia,2024,2024,180.0
A,Annual,ICCS03012,Sexual assault,NR,Number,IE,Ireland,2023,2023,1947.0
A,Annual,ICCS03012,Sexual assault,NR,Number,IE,Ireland,2024,2024,2296.0
A,Annual,ICCS03012,Sexual assault,NR,Number,EL,Greece,2023,2023,684.0
A,Annual,ICCS03012,Sexual assault,NR,Number,EL,Greece,2024,2024,820.0
A,Annual,ICCS03012,Sexual assault,NR,Number,ES,Spain,2023,2023,13490.0
A,Annual,ICCS03012,Sexual assault,NR,Number,ES,Spain,2024,2024,14433.0
A,Annual,ICCS03012,Sexual assault,NR,Number,FR,France,2023,2023,47967.0
A,Annual,ICCS03012,Sexual assault,NR,Number,FR,France,2024,2024,51366.0
A,Annual,ICCS03012,Sexual assault,NR,Number,HR,Croatia,2023,2023,359.0
A,Annual,ICCS03012,Sexual assault,NR,Number,HR,Croatia,2024,2024,415.0
A,Annual,ICCS03012,Sexual assault,NR,Number,CY,Cyprus,2023,2023,29.0
A,Annual,ICCS03012,Sexual assault,NR,Number,CY,Cyprus,2024,2024,10.0
A,Annual,ICCS03012,Sexual assault,NR,Number,LV,Latvia,2023,2023,280.0
A,Annual,ICCS03012,Sexual assault,NR,Number,LV,Latvia,2024,2024,257.0
A,Annual,ICCS03012,Sexual assault,NR,Number,LT,Lithuania,2023,2023,89.0
A,Annual,ICCS03012,Sexual assault,NR,Number,LT,Lithuania,2024,2024,81.0
A,Annual,ICCS03012,Sexual assault,NR,Number,MT,Malta,2023,2023,94.0
A,Annual,ICCS03012,Sexual assault,NR,Number,MT,Malta,2024,2024,63.0
A,Annual,ICCS03012,Sexual assault,NR,Number,NL,Netherlands,2023,2023,2560.0
A,Annual,ICCS03012,Sexual assault,NR,Number,NL,Netherlands,2024,2024,1915.0
A,Annual,ICCS03012,Sexual assault,NR,Number,AT,Austria,2023,2023,2805.0
A,Annual,ICCS03012,Sexual assault,NR,Number,AT,Austria,2024,2024,2887.0
A,Annual,ICCS03012,Sexual assault,NR,Number,PL,Poland,2023,2023,400.0
A,Annual,ICCS03012,Sexual assault,NR,Number,PL,Poland,2024,2024,401.0
A,Annual,ICCS03012,Sexual assault,NR,Number,PT,Portugal,2023,2023,2724.0
A,Annual,ICCS03012,Sexual assault,NR,Number,PT,Portugal,2024,2024,2694.0
A,Annual,ICCS03012,Sexual assault,NR,Number,RO,Romania,2023,2023,557.0
A,Annual,ICCS03012,Sexual assault,NR,Number,RO,Romania,2024,2024,660.0
A,Annual,ICCS03012,Sexual assault,NR,Number,SI,Slovenia,2023,2023,86.0
A,Annual,ICCS03012,Sexual assault,NR,Number,SI,Slovenia,2024,2024,110.0
A,Annual,ICCS03012,Sexual assault,NR,Number,SK,Slovakia,2023,2023,71.0
A,Annual,ICCS03012,Sexual assault,NR,Number,SK,Slovakia,2024,2024,92.0
A,Annual,ICCS03012,Sexual assault,NR,Number,FI,Finland,2023,2023,3822.0
A,Annual,ICCS03012,Sexual assault,NR,Number,FI,Finland,2024,2024,4963.0
A,Annual,ICCS03012,Sexual assault,NR,Number,SE,Sweden,2023,2023,10734.0
A,Annual,ICCS03012,Sexual assault,NR,Number,SE,Sweden,2024,2024,11308.0
A,Annual,ICCS03012,Sexual assault,NR,Number,IS,Iceland,2023,2023,70.0
A,Annual,ICCS03012,Sexual assault,NR,Number,IS,Iceland,2024,2024,62.0
A,Annual,ICCS03012,Sexual assault,NR,Number,NO,Norway,2023,2023,2490.0
A,Annual,ICCS03012,Sexual assault,NR,Number,NO,Norway,2024,2024,2437.0
A,Annual,ICCS03012,Sexual assault,NR,Number,CH,Switzerland,2023,2023,676.0
A,Annual,ICCS03012,Sexual assault,NR,Number,CH,Switzerland,2024,2024,743.0
A,Annual,ICCS03012,Sexual assault,NR,Number,BA,Bosnia and Herzegovina,2023,2023,72.0
A,Annual,ICCS03012,Sexual assault,NR,Number,BA,Bosnia and Herzegovina,2024,2024,101.0
A,Annual,ICCS03012,Sexual assault,NR,Number,ME,Montenegro,2023,2023,25.0
A,Annual,ICCS03012,Sexual assault,NR,Number,ME,Montenegro,2024,2024,22.0
A,Annual,ICCS03012,Sexual assault,NR,Number,AL,Albania,2023,2023,69.0
A,Annual,ICCS03012,Sexual assault,NR,Number,AL,Albania,2024,2024,81.0
A,Annual,ICCS03012,Sexual assault,NR,Number,RS,Serbia,2023,2023,450.0
A,Annual,ICCS03012,Sexual assault,NR,Number,RS,Serbia,2024,2024,389.0
A,Annual,ICCS03012,Sexual assault,NR,Number,TR,Türkiye,2023,2023,8508.0
A,Annual,ICCS03012,Sexual assault,NR,Number,TR,Türkiye,2024,2024,8284.0
A,Annual,ICCS03012,Sexual assault,P_HTHAB,Per hundred thousand inhabitants,BE,Belgium,2023,2023,65.62
A,Annual,ICCS03012,Sexual assault,P_HTHAB,Per hundred thousand inhabitants,BE,Belgium,2024,2024,64.46
A,Annual,ICCS03012,Sexual assault,P_HTHAB,Per hundred thousand inhabitants,BG,Bulgaria,2023,2023,8.51
A,Annual,ICCS03012,Sexual assault,P_HTHAB,Per hundred thousand inhabitants,BG,Bulgaria,2024,2024,7.68
A,Annual,ICCS03012,Sexual assault,P_HTHAB,Per hundred thousand inhabitants,CZ,Czechia,2023,2023,0.88
A,Annual,ICCS03012,Sexual assault,P_HTHAB,Per hundred thousand inhabitants,CZ,Czechia,2024,2024,0.64
A,Annual,ICCS03012,Sexual assault,P_HTHAB,Per hundred thousand inhabitants,DK,Denmark,2023,2023,74.01
A,Annual,ICCS03012,Sexual assault,P_HTHAB,Per hundred thousand inhabitants,DK,Denmark,2024,2024,52.2
A,Annual,ICCS03012,Sexual assault,P_HTHAB,Per hundred thousand inhabitants,DE,Germany,2023,2023,47.58
A,Annual,ICCS03012,Sexual assault,P_HTHAB,Per hundred thousand inhabitants,DE,Germany,2024,2024,48.04
A,Annual,ICCS03012,Sexual assault,P_HTHAB,Per hundred thousand inhabitants,EE,Estonia,2023,2023,17.2
A,Annual,ICCS03012,Sexual assault,P_HTHAB,Per hundred thousand inhabitants,EE,Estonia,2024,2024,13.09
A,Annual,ICCS03012,Sexual assault,P_HTHAB,Per hundred thousand inhabitants,IE,Ireland,2023,2023,36.94
A,Annual,ICCS03012,Sexual assault,P_HTHAB,Per hundred thousand inhabitants,IE,Ireland,2024,2024,42.9
A,Annual,ICCS03012,Sexual assault,P_HTHAB,Per hundred thousand inhabitants,EL,Greece,2023,2023,6.57
A,Annual,ICCS03012,Sexual assault,P_HTHAB,Per hundred thousand inhabitants,EL,Greece,2024,2024,7.9
A,Annual,ICCS03012,Sexual assault,P_HTHAB,Per hundred thousand inhabitants,ES,Spain,2023,2023,28.05
A,Annual,ICCS03012,Sexual assault,P_HTHAB,Per hundred thousand inhabitants,ES,Spain,2024,2024,29.69
A,Annual,ICCS03012,Sexual assault,P_HTHAB,Per hundred thousand inhabitants,FR,France,2023,2023,70.25
A,Annual,ICCS03012,Sexual assault,P_HTHAB,Per hundred thousand inhabitants,FR,France,2024,2024,74.8
A,Annual,ICCS03012,Sexual assault,P_HTHAB,Per hundred thousand inhabitants,HR,Croatia,2023,2023,9.32
A,Annual,ICCS03012,Sexual assault,P_HTHAB,Per hundred thousand inhabitants,HR,Croatia,2024,2024,10.75
A,Annual,ICCS03012,Sexual assault,P_HTHAB,Per hundred thousand inhabitants,CY,Cyprus,2023,2023,3.06
A,Annual,ICCS03012,Sexual assault,P_HTHAB,Per hundred thousand inhabitants,CY,Cyprus,2024,2024,1.03
A,Annual,ICCS03012,Sexual assault,P_HTHAB,Per hundred thousand inhabitants,LV,Latvia,2023,2023,14.87
A,Annual,ICCS03012,Sexual assault,P_HTHAB,Per hundred thousand inhabitants,LV,Latvia,2024,2024,13.68
A,Annual,ICCS03012,Sexual assault,P_HTHAB,Per hundred thousand inhabitants,LT,Lithuania,2023,2023,3.11
A,Annual,ICCS03012,Sexual assault,P_HTHAB,Per hundred thousand inhabitants,LT,Lithuania,2024,2024,2.81
A,Annual,ICCS03012,Sexual assault,P_HTHAB,Per hundred thousand inhabitants,MT,Malta,2023,2023,17.34
A,Annual,ICCS03012,Sexual assault,P_HTHAB,Per hundred thousand inhabitants,MT,Malta,2024,2024,11.18
A,Annual,ICCS03012,Sexual assault,P_HTHAB,Per hundred thousand inhabitants,NL,Netherlands,2023,2023,14.37
A,Annual,ICCS03012,Sexual assault,P_HTHAB,Per hundred thousand inhabitants,NL,Netherlands,2024,2024,10.67
A,Annual,ICCS03012,Sexual assault,P_HTHAB,Per hundred thousand inhabitants,AT,Austria,2023,2023,30.81
A,Annual,ICCS03012,Sexual assault,P_HTHAB,Per hundred thousand inhabitants,AT,Austria,2024,2024,31.52
A,Annual,ICCS03012,Sexual assault,P_HTHAB,Per hundred thousand inhabitants,PL,Poland,2023,2023,1.09
A,Annual,ICCS03012,Sexual assault,P_HTHAB,Per hundred thousand inhabitants,PL,Poland,2024,2024,1.1
A,Annual,ICCS03012,Sexual assault,P_HTHAB,Per hundred thousand inhabitants,PT,Portugal,2023,2023,25.9
A,Annual,ICCS03012,Sexual assault,P_HTHAB,Per hundred thousand inhabitants,PT,Portugal,2024,2024,25.32
A,Annual,ICCS03012,Sexual assault,P_HTHAB,Per hundred thousand inhabitants,RO,Romania,2023,2023,2.92
A,Annual,ICCS03012,Sexual assault,P_HTHAB,Per hundred thousand inhabitants,RO,Romania,2024,2024,3.46
A,Annual,ICCS03012,Sexual assault,P_HTHAB,Per hundred thousand inhabitants,SI,Slovenia,2023,2023,4.06
A,Annual,ICCS03012,Sexual assault,P_HTHAB,Per hundred thousand inhabitants,SI,Slovenia,2024,2024,5.18
A,Annual,ICCS03012,Sexual assault,P_HTHAB,Per hundred thousand inhabitants,SK,Slovakia,2023,2023,1.31
A,Annual,ICCS03012,Sexual assault,P_HTHAB,Per hundred thousand inhabitants,SK,Slovakia,2024,2024,1.7
A,Annual,ICCS03012,Sexual assault,P_HTHAB,Per hundred thousand inhabitants,FI,Finland,2023,2023,68.69
A,Annual,ICCS03012,Sexual assault,P_HTHAB,Per hundred thousand inhabitants,FI,Finland,2024,2024,88.56
A,Annual,ICCS03012,Sexual assault,P_HTHAB,Per hundred thousand inhabitants,SE,Sweden,2023,2023,102.02
A,Annual,ICCS03012,Sexual assault,P_HTHAB,Per hundred thousand inhabitants,SE,Sweden,2024,2024,107.17
A,Annual,ICCS03012,Sexual assault,P_HTHAB,Per hundred thousand inhabitants,IS,Iceland,2023,2023,18.05
A,Annual,ICCS03012,Sexual assault,P_HTHAB,Per hundred thousand inhabitants,IS,Iceland,2024,2024,16.16
A,Annual,ICCS03012,Sexual assault,P_HTHAB,Per hundred thousand inhabitants,NO,Norway,2023,2023,45.36
A,Annual,ICCS03012,Sexual assault,P_HTHAB,Per hundred thousand inhabitants,NO,Norway,2024,2024,43.91
A,Annual,ICCS03012,Sexual assault,P_HTHAB,Per hundred thousand inhabitants,CH,Switzerland,2023,2023,7.67
A,Annual,ICCS03012,Sexual assault,P_HTHAB,Per hundred thousand inhabitants,CH,Switzerland,2024,2024,8.29
A,Annual,ICCS03012,Sexual assault,P_HTHAB,Per hundred thousand inhabitants,ME,Montenegro,2023,2023,4.05
A,Annual,ICCS03012,Sexual assault,P_HTHAB,Per hundred thousand inhabitants,ME,Montenegro,2024,2024,3.53
A,Annual,ICCS03012,Sexual assault,P_HTHAB,Per hundred thousand inhabitants,AL,Albania,2023,2023,2.5
A,Annual,ICCS03012,Sexual assault,P_HTHAB,Per hundred thousand inhabitants,RS,Serbia,2023,2023,6.78
A,Annual,ICCS03012,Sexual assault,P_HTHAB,Per hundred thousand inhabitants,RS,Serbia,2024,2024,5.89
A,Annual,ICCS03012,Sexual assault,P_HTHAB,Per hundred thousand inhabitants,TR,Türkiye,2023,2023,9.98
A,Annual,ICCS03012,Sexual assault,P_HTHAB,Per hundred thousand inhabitants,TR,Türkiye,2024,2024,9.7
A,Annual,ICCS0302,Sexual exploitation,NR,Number,BE,Belgium,2023,2023,2348.0
A,Annual,ICCS0302,Sexual exploitation,NR,Number,BE,Belgium,2024,2024,2410.0
A,Annual,ICCS0302,Sexual exploitation,NR,Number,BG,Bulgaria,2023,2023,63.0
A,Annual,ICCS0302,Sexual exploitation,NR,Number,BG,Bulgaria,2024,2024,52.0
A,Annual,ICCS0302,Sexual exploitation,NR,Number,CZ,Czechia,2023,2023,878.0
A,Annual,ICCS0302,Sexual exploitation,NR,Number,CZ,Czechia,2024,2024,946.0
A,Annual,ICCS0302,Sexual exploitation,NR,Number,DK,Denmark,2023,2023,2974.0
A,Annual,ICCS0302,Sexual exploitation,NR,Number,DK,Denmark,2024,2024,2869.0
A,Annual,ICCS0302,Sexual exploitation,NR,Number,DE,Germany,2023,2023,59351.0
A,Annual,ICCS0302,Sexual exploitation,NR,Number,DE,Germany,2024,2024,58258.0
A,Annual,ICCS0302,Sexual exploitation,NR,Number,IE,Ireland,2023,2023,164.0
A,Annual,ICCS0302,Sexual exploitation,NR,Number,IE,Ireland,2024,2024,187.0
A,Annual,ICCS0302,Sexual exploitation,NR,Number,EL,Greece,2023,2023,416.0
A,Annual,ICCS0302,Sexual exploitation,NR,Number,EL,Greece,2024,2024,381.0
A,Annual,ICCS0302,Sexual exploitation,NR,Number,ES,Spain,2023,2023,3445.0
A,Annual,ICCS0302,Sexual exploitation,NR,Number,ES,Spain,2024,2024,3191.0
A,Annual,ICCS0302,Sexual exploitation,NR,Number,FR,France,2023,2023,14208.0
A,Annual,ICCS0302,Sexual exploitation,NR,Number,FR,France,2024,2024,15451.0
A,Annual,ICCS0302,Sexual exploitation,NR,Number,HR,Croatia,2023,2023,736.0
A,Annual,ICCS0302,Sexual exploitation,NR,Number,HR,Croatia,2024,2024,660.0
A,Annual,ICCS0302,Sexual exploitation,NR,Number,IT,Italy,2023,2023,1883.0
A,Annual,ICCS0302,Sexual exploitation,NR,Number,IT,Italy,2024,2024,2090.0
A,Annual,ICCS0302,Sexual exploitation,NR,Number,CY,Cyprus,2023,2023,185.0
A,Annual,ICCS0302,Sexual exploitation,NR,Number,CY,Cyprus,2024,2024,157.0
A,Annual,ICCS0302,Sexual exploitation,NR,Number,LV,Latvia,2023,2023,208.0
A,Annual,ICCS0302,Sexual exploitation,NR,Number,LV,Latvia,2024,2024,208.0
A,Annual,ICCS0302,Sexual exploitation,NR,Number,LT,Lithuania,2023,2023,454.0
A,Annual,ICCS0302,Sexual exploitation,NR,Number,LT,Lithuania,2024,2024,490.0
A,Annual,ICCS0302,Sexual exploitation,NR,Number,LU,Luxembourg,2023,2023,26.0
A,Annual,ICCS0302,Sexual exploitation,NR,Number,LU,Luxembourg,2024,2024,10.0
A,Annual,ICCS0302,Sexual exploitation,NR,Number,HU,Hungary,2023,2023,802.0
A,Annual,ICCS0302,Sexual exploitation,NR,Number,HU,Hungary,2024,2024,583.0
A,Annual,ICCS0302,Sexual exploitation,NR,Number,MT,Malta,2023,2023,14.0
A,Annual,ICCS0302,Sexual exploitation,NR,Number,MT,Malta,2024,2024,24.0
A,Annual,ICCS0302,Sexual exploitation,NR,Number,NL,Netherlands,2023,2023,660.0
A,Annual,ICCS0302,Sexual exploitation,NR,Number,NL,Netherlands,2024,2024,665.0
A,Annual,ICCS0302,Sexual exploitation,NR,Number,AT,Austria,2023,2023,2388.0
A,Annual,ICCS0302,Sexual exploitation,NR,Number,AT,Austria,2024,2024,2076.0
A,Annual,ICCS0302,Sexual exploitation,NR,Number,PL,Poland,2023,2023,6665.0
A,Annual,ICCS0302,Sexual exploitation,NR,Number,PL,Poland,2024,2024,2302.0
A,Annual,ICCS0302,Sexual exploitation,NR,Number,PT,Portugal,2023,2023,314.0
A,Annual,ICCS0302,Sexual exploitation,NR,Number,PT,Portugal,2024,2024,377.0
A,Annual,ICCS0302,Sexual exploitation,NR,Number,RO,Romania,2023,2023,975.0
A,Annual,ICCS0302,Sexual exploitation,NR,Number,RO,Romania,2024,2024,1250.0
A,Annual,ICCS0302,Sexual exploitation,NR,Number,SI,Slovenia,2023,2023,246.0
A,Annual,ICCS0302,Sexual exploitation,NR,Number,SI,Slovenia,2024,2024,285.0
A,Annual,ICCS0302,Sexual exploitation,NR,Number,SK,Slovakia,2023,2023,8.0
A,Annual,ICCS0302,Sexual exploitation,NR,Number,SK,Slovakia,2024,2024,2.0
A,Annual,ICCS0302,Sexual exploitation,NR,Number,FI,Finland,2023,2023,1328.0
A,Annual,ICCS0302,Sexual exploitation,NR,Number,FI,Finland,2024,2024,1695.0
A,Annual,ICCS0302,Sexual exploitation,NR,Number,SE,Sweden,2023,2023,18273.0
A,Annual,ICCS0302,Sexual exploitation,NR,Number,SE,Sweden,2024,2024,8388.0
A,Annual,ICCS0302,Sexual exploitation,NR,Number,IS,Iceland,2023,2023,0.0
A,Annual,ICCS0302,Sexual exploitation,NR,Number,NO,Norway,2023,2023,1787.0
A,Annual,ICCS0302,Sexual exploitation,NR,Number,NO,Norway,2024,2024,1810.0
A,Annual,ICCS0302,Sexual exploitation,NR,Number,CH,Switzerland,2023,2023,1898.0
A,Annual,ICCS0302,Sexual exploitation,NR,Number,CH,Switzerland,2024,2024,2335.0
A,Annual,ICCS0302,Sexual exploitation,NR,Number,BA,Bosnia and Herzegovina,2023,2023,77.0
A,Annual,ICCS0302,Sexual exploitation,NR,Number,BA,Bosnia and Herzegovina,2024,2024,51.0
A,Annual,ICCS0302,Sexual exploitation,NR,Number,ME,Montenegro,2023,2023,14.0
A,Annual,ICCS0302,Sexual exploitation,NR,Number,ME,Montenegro,2024,2024,13.0
A,Annual,ICCS0302,Sexual exploitation,NR,Number,AL,Albania,2023,2023,165.0
A,Annual,ICCS0302,Sexual exploitation,NR,Number,AL,Albania,2024,2024,196.0
A,Annual,ICCS0302,Sexual exploitation,NR,Number,RS,Serbia,2023,2023,102.0
A,Annual,ICCS0302,Sexual exploitation,NR,Number,RS,Serbia,2024,2024,112.0
A,Annual,ICCS0302,Sexual exploitation,P_HTHAB,Per hundred thousand inhabitants,BE,Belgium,2023,2023,20.0
A,Annual,ICCS0302,Sexual exploitation,P_HTHAB,Per hundred thousand inhabitants,BE,Belgium,2024,2024,20.39
A,Annual,ICCS0302,Sexual exploitation,P_HTHAB,Per hundred thousand inhabitants,BG,Bulgaria,2023,2023,0.98
A,Annual,ICCS0302,Sexual exploitation,P_HTHAB,Per hundred thousand inhabitants,BG,Bulgaria,2024,2024,0.81
A,Annual,ICCS0302,Sexual exploitation,P_HTHAB,Per hundred thousand inhabitants,CZ,Czechia,2023,2023,8.11
A,Annual,ICCS0302,Sexual exploitation,P_HTHAB,Per hundred thousand inhabitants,CZ,Czechia,2024,2024,8.68
A,Annual,ICCS0302,Sexual exploitation,P_HTHAB,Per hundred thousand inhabitants,DK,Denmark,2023,2023,50.13
A,Annual,ICCS0302,Sexual exploitation,P_HTHAB,Per hundred thousand inhabitants,DK,Denmark,2024,2024,48.13
A,Annual,ICCS0302,Sexual exploitation,P_HTHAB,Per hundred thousand inhabitants,DE,Germany,2023,2023,71.41
A,Annual,ICCS0302,Sexual exploitation,P_HTHAB,Per hundred thousand inhabitants,DE,Germany,2024,2024,69.81
A,Annual,ICCS0302,Sexual exploitation,P_HTHAB,Per hundred thousand inhabitants,IE,Ireland,2023,2023,3.11
A,Annual,ICCS0302,Sexual exploitation,P_HTHAB,Per hundred thousand inhabitants,IE,Ireland,2024,2024,3.49
A,Annual,ICCS0302,Sexual exploitation,P_HTHAB,Per hundred thousand inhabitants,EL,Greece,2023,2023,3.99
A,Annual,ICCS0302,Sexual exploitation,P_HTHAB,Per hundred thousand inhabitants,EL,Greece,2024,2024,3.67
A,Annual,ICCS0302,Sexual exploitation,P_HTHAB,Per hundred thousand inhabitants,ES,Spain,2023,2023,7.16
A,Annual,ICCS0302,Sexual exploitation,P_HTHAB,Per hundred thousand inhabitants,ES,Spain,2024,2024,6.56
A,Annual,ICCS0302,Sexual exploitation,P_HTHAB,Per hundred thousand inhabitants,FR,France,2023,2023,20.81
A,Annual,ICCS0302,Sexual exploitation,P_HTHAB,Per hundred thousand inhabitants,FR,France,2024,2024,22.5
A,Annual,ICCS0302,Sexual exploitation,P_HTHAB,Per hundred thousand inhabitants,HR,Croatia,2023,2023,19.11
A,Annual,ICCS0302,Sexual exploitation,P_HTHAB,Per hundred thousand inhabitants,HR,Croatia,2024,2024,17.09
A,Annual,ICCS0302,Sexual exploitation,P_HTHAB,Per hundred thousand inhabitants,IT,Italy,2023,2023,3.19
A,Annual,ICCS0302,Sexual exploitation,P_HTHAB,Per hundred thousand inhabitants,IT,Italy,2024,2024,3.54
A,Annual,ICCS0302,Sexual exploitation,P_HTHAB,Per hundred thousand inhabitants,CY,Cyprus,2023,2023,19.49
A,Annual,ICCS0302,Sexual exploitation,P_HTHAB,Per hundred thousand inhabitants,CY,Cyprus,2024,2024,16.25
A,Annual,ICCS0302,Sexual exploitation,P_HTHAB,Per hundred thousand inhabitants,LV,Latvia,2023,2023,11.05
A,Annual,ICCS0302,Sexual exploitation,P_HTHAB,Per hundred thousand inhabitants,LV,Latvia,2024,2024,11.07
A,Annual,ICCS0302,Sexual exploitation,P_HTHAB,Per hundred thousand inhabitants,LT,Lithuania,2023,2023,15.89
A,Annual,ICCS0302,Sexual exploitation,P_HTHAB,Per hundred thousand inhabitants,LT,Lithuania,2024,2024,16.98
A,Annual,ICCS0302,Sexual exploitation,P_HTHAB,Per hundred thousand inhabitants,LU,Luxembourg,2023,2023,3.93
A,Annual,ICCS0302,Sexual exploitation,P_HTHAB,Per hundred thousand inhabitants,LU,Luxembourg,2024,2024,1.49
A,Annual,ICCS0302,Sexual exploitation,P_HTHAB,Per hundred thousand inhabitants,HU,Hungary,2023,2023,8.35
A,Annual,ICCS0302,Sexual exploitation,P_HTHAB,Per hundred thousand inhabitants,HU,Hungary,2024,2024,6.08
A,Annual,ICCS0302,Sexual exploitation,P_HTHAB,Per hundred thousand inhabitants,MT,Malta,2023,2023,2.58
A,Annual,ICCS0302,Sexual exploitation,P_HTHAB,Per hundred thousand inhabitants,MT,Malta,2024,2024,4.26
A,Annual,ICCS0302,Sexual exploitation,P_HTHAB,Per hundred thousand inhabitants,NL,Netherlands,2023,2023,3.71
A,Annual,ICCS0302,Sexual exploitation,P_HTHAB,Per hundred thousand inhabitants,NL,Netherlands,2024,2024,3.71
A,Annual,ICCS0302,Sexual exploitation,P_HTHAB,Per hundred thousand inhabitants,AT,Austria,2023,2023,26.23
A,Annual,ICCS0302,Sexual exploitation,P_HTHAB,Per hundred thousand inhabitants,AT,Austria,2024,2024,22.67
A,Annual,ICCS0302,Sexual exploitation,P_HTHAB,Per hundred thousand inhabitants,PL,Poland,2023,2023,18.13
A,Annual,ICCS0302,Sexual exploitation,P_HTHAB,Per hundred thousand inhabitants,PL,Poland,2024,2024,6.29
A,Annual,ICCS0302,Sexual exploitation,P_HTHAB,Per hundred thousand inhabitants,PT,Portugal,2023,2023,2.99
A,Annual,ICCS0302,Sexual exploitation,P_HTHAB,Per hundred thousand inhabitants,PT,Portugal,2024,2024,3.54
A,Annual,ICCS0302,Sexual exploitation,P_HTHAB,Per hundred thousand inhabitants,RO,Romania,2023,2023,5.12
A,Annual,ICCS0302,Sexual exploitation,P_HTHAB,Per hundred thousand inhabitants,RO,Romania,2024,2024,6.56
A,Annual,ICCS0302,Sexual exploitation,P_HTHAB,Per hundred thousand inhabitants,SI,Slovenia,2023,2023,11.62
A,Annual,ICCS0302,Sexual exploitation,P_HTHAB,Per hundred thousand inhabitants,SI,Slovenia,2024,2024,13.42
A,Annual,ICCS0302,Sexual exploitation,P_HTHAB,Per hundred thousand inhabitants,SK,Slovakia,2023,2023,0.15
A,Annual,ICCS0302,Sexual exploitation,P_HTHAB,Per hundred thousand inhabitants,SK,Slovakia,2024,2024,0.04
A,Annual,ICCS0302,Sexual exploitation,P_HTHAB,Per hundred thousand inhabitants,FI,Finland,2023,2023,23.87
A,Annual,ICCS0302,Sexual exploitation,P_HTHAB,Per hundred thousand inhabitants,FI,Finland,2024,2024,30.25
A,Annual,ICCS0302,Sexual exploitation,P_HTHAB,Per hundred thousand inhabitants,SE,Sweden,2023,2023,173.67
A,Annual,ICCS0302,Sexual exploitation,P_HTHAB,Per hundred thousand inhabitants,SE,Sweden,2024,2024,79.49
A,Annual,ICCS0302,Sexual exploitation,P_HTHAB,Per hundred thousand inhabitants,IS,Iceland,2023,2023,0.0
A,Annual,ICCS0302,Sexual exploitation,P_HTHAB,Per hundred thousand inhabitants,NO,Norway,2023,2023,32.56
A,Annual,ICCS0302,Sexual exploitation,P_HTHAB,Per hundred thousand inhabitants,NO,Norway,2024,2024,32.61
A,Annual,ICCS0302,Sexual exploitation,P_HTHAB,Per hundred thousand inhabitants,CH,Switzerland,2023,2023,21.53
A,Annual,ICCS0302,Sexual exploitation,P_HTHAB,Per hundred thousand inhabitants,CH,Switzerland,2024,2024,26.05
A,Annual,ICCS0302,Sexual exploitation,P_HTHAB,Per hundred thousand inhabitants,ME,Montenegro,2023,2023,2.27
A,Annual,ICCS0302,Sexual exploitation,P_HTHAB,Per hundred thousand inhabitants,ME,Montenegro,2024,2024,2.08
A,Annual,ICCS0302,Sexual exploitation,P_HTHAB,Per hundred thousand inhabitants,AL,Albania,2023,2023,5.97
A,Annual,ICCS0302,Sexual exploitation,P_HTHAB,Per hundred thousand inhabitants,RS,Serbia,2023,2023,1.54
A,Annual,ICCS0302,Sexual exploitation,P_HTHAB,Per hundred thousand inhabitants,RS,Serbia,2024,2024,1.7
A,Annual,ICCS030221,Child pornography,NR,Number,BE,Belgium,2023,2023,1093.0
A,Annual,ICCS030221,Child pornography,NR,Number,BG,Bulgaria,2023,2023,19.0
A,Annual,ICCS030221,Child pornography,NR,Number,CZ,Czechia,2023,2023,716.0
A,Annual,ICCS030221,Child pornography,NR,Number,DK,Denmark,2023,2023,2824.0
A,Annual,ICCS030221,Child pornography,NR,Number,DE,Germany,2023,2023,45332.0
A,Annual,ICCS030221,Child pornography,NR,Number,EE,Estonia,2023,2023,172.0
A,Annual,ICCS030221,Child pornography,NR,Number,IE,Ireland,2023,2023,283.0
A,Annual,ICCS030221,Child pornography,NR,Number,EL,Greece,2023,2023,298.0
A,Annual,ICCS030221,Child pornography,NR,Number,ES,Spain,2023,2023,909.0
A,Annual,ICCS030221,Child pornography,NR,Number,FR,France,2023,2023,5903.0
A,Annual,ICCS030221,Child pornography,NR,Number,HR,Croatia,2023,2023,463.0
A,Annual,ICCS030221,Child pornography,NR,Number,IT,Italy,2023,2023,819.0
A,Annual,ICCS030221,Child pornography,NR,Number,CY,Cyprus,2023,2023,177.0
A,Annual,ICCS030221,Child pornography,NR,Number,LV,Latvia,2023,2023,167.0
A,Annual,ICCS030221,Child pornography,NR,Number,LT,Lithuania,2023,2023,236.0
A,Annual,ICCS030221,Child pornography,NR,Number,HU,Hungary,2023,2023,652.0
A,Annual,ICCS030221,Child pornography,NR,Number,MT,Malta,2023,2023,10.0
A,Annual,ICCS030221,Child pornography,NR,Number,AT,Austria,2023,2023,2247.0
A,Annual,ICCS030221,Child pornography,NR,Number,PL,Poland,2023,2023,5244.0
A,Annual,ICCS030221,Child pornography,NR,Number,RO,Romania,2023,2023,601.0
A,Annual,ICCS030221,Child pornography,NR,Number,SI,Slovenia,2023,2023,193.0
A,Annual,ICCS030221,Child pornography,NR,Number,SK,Slovakia,2023,2023,277.0
A,Annual,ICCS030221,Child pornography,NR,Number,FI,Finland,2023,2023,741.0
A,Annual,ICCS030221,Child pornography,NR,Number,SE,Sweden,2023,2023,15896.0
A,Annual,ICCS030221,Child pornography,NR,Number,IS,Iceland,2023,2023,37.0
A,Annual,ICCS030221,Child pornography,NR,Number,LI,Liechtenstein,2023,2023,5.0
A,Annual,ICCS030221,Child pornography,NR,Number,NO,Norway,2023,2023,1557.0
A,Annual,ICCS030221,Child pornography,NR,Number,CH,Switzerland,2023,2023,1768.0
A,Annual,ICCS030221,Child pornography,NR,Number,BA,Bosnia and Herzegovina,2023,2023,78.0
A,Annual,ICCS030221,Child pornography,NR,Number,ME,Montenegro,2023,2023,11.0
A,Annual,ICCS030221,Child pornography,NR,Number,MK,North Macedonia,2023,2023,11.0
A,Annual,ICCS030221,Child pornography,NR,Number,AL,Albania,2023,2023,38.0
A,Annual,ICCS030221,Child pornography,NR,Number,RS,Serbia,2023,2023,88.0
A,Annual,ICCS030221,Child pornography,P_HTHAB,Per hundred thousand inhabitants,BE,Belgium,2023,2023,9.31
A,Annual,ICCS030221,Child pornography,P_HTHAB,Per hundred thousand inhabitants,BG,Bulgaria,2023,2023,0.29
A,Annual,ICCS030221,Child pornography,P_HTHAB,Per hundred thousand inhabitants,CZ,Czechia,2023,2023,6.61
A,Annual,ICCS030221,Child pornography,P_HTHAB,Per hundred thousand inhabitants,DK,Denmark,2023,2023,47.6
A,Annual,ICCS030221,Child pornography,P_HTHAB,Per hundred thousand inhabitants,DE,Germany,2023,2023,54.54
A,Annual,ICCS030221,Child pornography,P_HTHAB,Per hundred thousand inhabitants,EE,Estonia,2023,2023,12.59
A,Annual,ICCS030221,Child pornography,P_HTHAB,Per hundred thousand inhabitants,IE,Ireland,2023,2023,5.37
A,Annual,ICCS030221,Child pornography,P_HTHAB,Per hundred thousand inhabitants,EL,Greece,2023,2023,2.86
A,Annual,ICCS030221,Child pornography,P_HTHAB,Per hundred thousand inhabitants,ES,Spain,2023,2023,1.89
A,Annual,ICCS030221,Child pornography,P_HTHAB,Per hundred thousand inhabitants,FR,France,2023,2023,8.65
A,Annual,ICCS030221,Child pornography,P_HTHAB,Per hundred thousand inhabitants,HR,Croatia,2023,2023,12.02
A,Annual,ICCS030221,Child pornography,P_HTHAB,Per hundred thousand inhabitants,IT,Italy,2023,2023,1.39
A,Annual,ICCS030221,Child pornography,P_HTHAB,Per hundred thousand inhabitants,CY,Cyprus,2023,2023,18.65
A,Annual,ICCS030221,Child pornography,P_HTHAB,Per hundred thousand inhabitants,LV,Latvia,2023,2023,8.87
A,Annual,ICCS030221,Child pornography,P_HTHAB,Per hundred thousand inhabitants,LT,Lithuania,2023,2023,8.26
A,Annual,ICCS030221,Child pornography,P_HTHAB,Per hundred thousand inhabitants,HU,Hungary,2023,2023,6.79
A,Annual,ICCS030221,Child pornography,P_HTHAB,Per hundred thousand inhabitants,MT,Malta,2023,2023,1.84
A,Annual,ICCS030221,Child pornography,P_HTHAB,Per hundred thousand inhabitants,AT,Austria,2023,2023,24.68
A,Annual,ICCS030221,Child pornography,P_HTHAB,Per hundred thousand inhabitants,PL,Poland,2023,2023,14.27
A,Annual,ICCS030221,Child pornography,P_HTHAB,Per hundred thousand inhabitants,RO,Romania,2023,2023,3.15
A,Annual,ICCS030221,Child pornography,P_HTHAB,Per hundred thousand inhabitants,SI,Slovenia,2023,2023,9.12
A,Annual,ICCS030221,Child pornography,P_HTHAB,Per hundred thousand inhabitants,SK,Slovakia,2023,2023,5.1
A,Annual,ICCS030221,Child pornography,P_HTHAB,Per hundred thousand inhabitants,FI,Finland,2023,2023,13.32
A,Annual,ICCS030221,Child pornography,P_HTHAB,Per hundred thousand inhabitants,SE,Sweden,2023,2023,151.08
A,Annual,ICCS030221,Child pornography,P_HTHAB,Per hundred thousand inhabitants,IS,Iceland,2023,2023,9.54
A,Annual,ICCS030221,Child pornography,P_HTHAB,Per hundred thousand inhabitants,LI,Liechtenstein,2023,2023,12.6
A,Annual,ICCS030221,Child pornography,P_HTHAB,Per hundred thousand inhabitants,NO,Norway,2023,2023,28.37
A,Annual,ICCS030221,Child pornography,P_HTHAB,Per hundred thousand inhabitants,CH,Switzerland,2023,2023,20.06
A,Annual,ICCS030221,Child pornography,P_HTHAB,Per hundred thousand inhabitants,ME,Montenegro,2023,2023,1.78
A,Annual,ICCS030221,Child pornography,P_HTHAB,Per hundred thousand inhabitants,MK,North Macedonia,2023,2023,0.6
A,Annual,ICCS030221,Child pornography,P_HTHAB,Per hundred thousand inhabitants,AL,Albania,2023,2023,1.38
A,Annual,ICCS030221,Child pornography,P_HTHAB,Per hundred thousand inhabitants,RS,Serbia,2023,2023,1.33
A,Annual,ICCS0401,Robbery,NR,Number,BE,Belgium,2023,2023,14372.0
A,Annual,ICCS0401,Robbery,NR,Number,BE,Belgium,2024,2024,13747.0
A,Annual,ICCS0401,Robbery,NR,Number,BG,Bulgaria,2023,2023,899.0
A,Annual,ICCS0401,Robbery,NR,Number,BG,Bulgaria,2024,2024,913.0
A,Annual,ICCS0401,Robbery,NR,Number,CZ,Czechia,2023,2023,1439.0
A,Annual,ICCS0401,Robbery,NR,Number,CZ,Czechia,2024,2024,1389.0
A,Annual,ICCS0401,Robbery,NR,Number,DK,Denmark,2023,2023,1326.0
A,Annual,ICCS0401,Robbery,NR,Number,DK,Denmark,2024,2024,1454.0
A,Annual,ICCS0401,Robbery,NR,Number,DE,Germany,2023,2023,44857.0
A,Annual,ICCS0401,Robbery,NR,Number,DE,Germany,2024,2024,43194.0
A,Annual,ICCS0401,Robbery,NR,Number,EE,Estonia,2023,2023,77.0
A,Annual,ICCS0401,Robbery,NR,Number,EE,Estonia,2024,2024,101.0
A,Annual,ICCS0401,Robbery,NR,Number,IE,Ireland,2023,2023,1620.0
A,Annual,ICCS0401,Robbery,NR,Number,IE,Ireland,2024,2024,1537.0
A,Annual,ICCS0401,Robbery,NR,Number,EL,Greece,2023,2023,2781.0
A,Annual,ICCS0401,Robbery,NR,Number,EL,Greece,2024,2024,2894.0
A,Annual,ICCS0401,Robbery,NR,Number,ES,Spain,2023,2023,64711.0
A,Annual,ICCS0401,Robbery,NR,Number,ES,Spain,2024,2024,62976.0
A,Annual,ICCS0401,Robbery,NR,Number,FR,France,2023,2023,62934.0
A,Annual,ICCS0401,Robbery,NR,Number,FR,France,2024,2024,56867.0
A,Annual,ICCS0401,Robbery,NR,Number,HR,Croatia,2023,2023,630.0
A,Annual,ICCS0401,Robbery,NR,Number,HR,Croatia,2024,2024,756.0
A,Annual,ICCS0401,Robbery,NR,Number,IT,Italy,2023,2023,28710.0
A,Annual,ICCS0401,Robbery,NR,Number,IT,Italy,2024,2024,29351.0
A,Annual,ICCS0401,Robbery,NR,Number,CY,Cyprus,2023,2023,62.0
A,Annual,ICCS0401,Robbery,NR,Number,CY,Cyprus,2024,2024,93.0
A,Annual,ICCS0401,Robbery,NR,Number,LV,Latvia,2023,2023,321.0
A,Annual,ICCS0401,Robbery,NR,Number,LV,Latvia,2024,2024,271.0
A,Annual,ICCS0401,Robbery,NR,Number,LT,Lithuania,2023,2023,340.0
A,Annual,ICCS0401,Robbery,NR,Number,LT,Lithuania,2024,2024,336.0
A,Annual,ICCS0401,Robbery,NR,Number,LU,Luxembourg,2023,2023,573.0
A,Annual,ICCS0401,Robbery,NR,Number,HU,Hungary,2023,2023,531.0
A,Annual,ICCS0401,Robbery,NR,Number,HU,Hungary,2024,2024,665.0
A,Annual,ICCS0401,Robbery,NR,Number,MT,Malta,2023,2023,176.0
A,Annual,ICCS0401,Robbery,NR,Number,MT,Malta,2024,2024,246.0
A,Annual,ICCS0401,Robbery,NR,Number,NL,Netherlands,2023,2023,6015.0
A,Annual,ICCS0401,Robbery,NR,Number,NL,Netherlands,2024,2024,6325.0
A,Annual,ICCS0401,Robbery,NR,Number,AT,Austria,2023,2023,2678.0
A,Annual,ICCS0401,Robbery,NR,Number,AT,Austria,2024,2024,2986.0
A,Annual,ICCS0401,Robbery,NR,Number,PL,Poland,2023,2023,4652.0
A,Annual,ICCS0401,Robbery,NR,Number,PL,Poland,2024,2024,4249.0
A,Annual,ICCS0401,Robbery,NR,Number,PT,Portugal,2023,2023,8963.0
A,Annual,ICCS0401,Robbery,NR,Number,PT,Portugal,2024,2024,9402.0
A,Annual,ICCS0401,Robbery,NR,Number,RO,Romania,2023,2023,3235.0
A,Annual,ICCS0401,Robbery,NR,Number,RO,Romania,2024,2024,2876.0
A,Annual,ICCS0401,Robbery,NR,Number,SI,Slovenia,2023,2023,292.0
A,Annual,ICCS0401,Robbery,NR,Number,SI,Slovenia,2024,2024,299.0
A,Annual,ICCS0401,Robbery,NR,Number,SK,Slovakia,2023,2023,333.0
A,Annual,ICCS0401,Robbery,NR,Number,SK,Slovakia,2024,2024,310.0
A,Annual,ICCS0401,Robbery,NR,Number,FI,Finland,2023,2023,2732.0
A,Annual,ICCS0401,Robbery,NR,Number,FI,Finland,2024,2024,2592.0
A,Annual,ICCS0401,Robbery,NR,Number,SE,Sweden,2023,2023,6402.0
A,Annual,ICCS0401,Robbery,NR,Number,SE,Sweden,2024,2024,4760.0
A,Annual,ICCS0401,Robbery,NR,Number,IS,Iceland,2023,2023,101.0
A,Annual,ICCS0401,Robbery,NR,Number,IS,Iceland,2024,2024,109.0
A,Annual,ICCS0401,Robbery,NR,Number,LI,Liechtenstein,2023,2023,6.0
A,Annual,ICCS0401,Robbery,NR,Number,LI,Liechtenstein,2024,2024,7.0
A,Annual,ICCS0401,Robbery,NR,Number,NO,Norway,2023,2023,1382.0
A,Annual,ICCS0401,Robbery,NR,Number,NO,Norway,2024,2024,1519.0
A,Annual,ICCS0401,Robbery,NR,Number,CH,Switzerland,2023,2023,1930.0
A,Annual,ICCS0401,Robbery,NR,Number,CH,Switzerland,2024,2024,2113.0
A,Annual,ICCS0401,Robbery,NR,Number,BA,Bosnia and Herzegovina,2023,2023,267.0
A,Annual,ICCS0401,Robbery,NR,Number,BA,Bosnia and Herzegovina,2024,2024,345.0
A,Annual,ICCS0401,Robbery,NR,Number,ME,Montenegro,2023,2023,27.0
A,Annual,ICCS0401,Robbery,NR,Number,ME,Montenegro,2024,2024,32.0
A,Annual,ICCS0401,Robbery,NR,Number,MK,North Macedonia,2023,2023,295.0
A,Annual,ICCS0401,Robbery,NR,Number,MK,North Macedonia,2024,2024,179.0
A,Annual,ICCS0401,Robbery,NR,Number,AL,Albania,2023,2023,89.0
A,Annual,ICCS0401,Robbery,NR,Number,AL,Albania,2024,2024,80.0
A,Annual,ICCS0401,Robbery,NR,Number,RS,Serbia,2023,2023,649.0
A,Annual,ICCS0401,Robbery,NR,Number,RS,Serbia,2024,2024,574.0
A,Annual,ICCS0401,Robbery,NR,Number,TR,Türkiye,2023,2023,14893.0
A,Annual,ICCS0401,Robbery,NR,Number,TR,Türkiye,2024,2024,11926.0
A,Annual,ICCS0401,Robbery,P_HTHAB,Per hundred thousand inhabitants,BE,Belgium,2023,2023,122.39
A,Annual,ICCS0401,Robbery,P_HTHAB,Per hundred thousand inhabitants,BE,Belgium,2024,2024,116.33
A,Annual,ICCS0401,Robbery,P_HTHAB,Per hundred thousand inhabitants,BG,Bulgaria,2023,2023,13.94
A,Annual,ICCS0401,Robbery,P_HTHAB,Per hundred thousand inhabitants,BG,Bulgaria,2024,2024,14.16
A,Annual,ICCS0401,Robbery,P_HTHAB,Per hundred thousand inhabitants,CZ,Czechia,2023,2023,13.29
A,Annual,ICCS0401,Robbery,P_HTHAB,Per hundred thousand inhabitants,CZ,Czechia,2024,2024,12.74
A,Annual,ICCS0401,Robbery,P_HTHAB,Per hundred thousand inhabitants,DK,Denmark,2023,2023,22.35
A,Annual,ICCS0401,Robbery,P_HTHAB,Per hundred thousand inhabitants,DK,Denmark,2024,2024,24.39
A,Annual,ICCS0401,Robbery,P_HTHAB,Per hundred thousand inhabitants,DE,Germany,2023,2023,53.97
A,Annual,ICCS0401,Robbery,P_HTHAB,Per hundred thousand inhabitants,DE,Germany,2024,2024,51.76
A,Annual,ICCS0401,Robbery,P_HTHAB,Per hundred thousand inhabitants,EE,Estonia,2023,2023,5.64
A,Annual,ICCS0401,Robbery,P_HTHAB,Per hundred thousand inhabitants,EE,Estonia,2024,2024,7.35
A,Annual,ICCS0401,Robbery,P_HTHAB,Per hundred thousand inhabitants,IE,Ireland,2023,2023,30.73
A,Annual,ICCS0401,Robbery,P_HTHAB,Per hundred thousand inhabitants,IE,Ireland,2024,2024,28.72
A,Annual,ICCS0401,Robbery,P_HTHAB,Per hundred thousand inhabitants,EL,Greece,2023,2023,26.7
A,Annual,ICCS0401,Robbery,P_HTHAB,Per hundred thousand inhabitants,EL,Greece,2024,2024,27.89
A,Annual,ICCS0401,Robbery,P_HTHAB,Per hundred thousand inhabitants,ES,Spain,2023,2023,134.58
A,Annual,ICCS0401,Robbery,P_HTHAB,Per hundred thousand inhabitants,ES,Spain,2024,2024,129.53
A,Annual,ICCS0401,Robbery,P_HTHAB,Per hundred thousand inhabitants,FR,France,2023,2023,92.17
A,Annual,ICCS0401,Robbery,P_HTHAB,Per hundred thousand inhabitants,FR,France,2024,2024,82.81
A,Annual,ICCS0401,Robbery,P_HTHAB,Per hundred thousand inhabitants,HR,Croatia,2023,2023,16.36
A,Annual,ICCS0401,Robbery,P_HTHAB,Per hundred thousand inhabitants,HR,Croatia,2024,2024,19.58
A,Annual,ICCS0401,Robbery,P_HTHAB,Per hundred thousand inhabitants,IT,Italy,2023,2023,48.66
A,Annual,ICCS0401,Robbery,P_HTHAB,Per hundred thousand inhabitants,IT,Italy,2024,2024,49.77
A,Annual,ICCS0401,Robbery,P_HTHAB,Per hundred thousand inhabitants,CY,Cyprus,2023,2023,6.53
A,Annual,ICCS0401,Robbery,P_HTHAB,Per hundred thousand inhabitants,CY,Cyprus,2024,2024,9.62
A,Annual,ICCS0401,Robbery,P_HTHAB,Per hundred thousand inhabitants,LV,Latvia,2023,2023,17.05
A,Annual,ICCS0401,Robbery,P_HTHAB,Per hundred thousand inhabitants,LV,Latvia,2024,2024,14.43
A,Annual,ICCS0401,Robbery,P_HTHAB,Per hundred thousand inhabitants,LT,Lithuania,2023,2023,11.9
A,Annual,ICCS0401,Robbery,P_HTHAB,Per hundred thousand inhabitants,LT,Lithuania,2024,2024,11.64
A,Annual,ICCS0401,Robbery,P_HTHAB,Per hundred thousand inhabitants,LU,Luxembourg,2023,2023,86.71
A,Annual,ICCS0401,Robbery,P_HTHAB,Per hundred thousand inhabitants,HU,Hungary,2023,2023,5.53
A,Annual,ICCS0401,Robbery,P_HTHAB,Per hundred thousand inhabitants,HU,Hungary,2024,2024,6.94
A,Annual,ICCS0401,Robbery,P_HTHAB,Per hundred thousand inhabitants,MT,Malta,2023,2023,32.47
A,Annual,ICCS0401,Robbery,P_HTHAB,Per hundred thousand inhabitants,MT,Malta,2024,2024,43.66
A,Annual,ICCS0401,Robbery,P_HTHAB,Per hundred thousand inhabitants,NL,Netherlands,2023,2023,33.77
A,Annual,ICCS0401,Robbery,P_HTHAB,Per hundred thousand inhabitants,NL,Netherlands,2024,2024,35.25
A,Annual,ICCS0401,Robbery,P_HTHAB,Per hundred thousand inhabitants,AT,Austria,2023,2023,29.41
A,Annual,ICCS0401,Robbery,P_HTHAB,Per hundred thousand inhabitants,AT,Austria,2024,2024,32.6
A,Annual,ICCS0401,Robbery,P_HTHAB,Per hundred thousand inhabitants,PL,Poland,2023,2023,12.66
A,Annual,ICCS0401,Robbery,P_HTHAB,Per hundred thousand inhabitants,PL,Poland,2024,2024,11.6
A,Annual,ICCS0401,Robbery,P_HTHAB,Per hundred thousand inhabitants,PT,Portugal,2023,2023,85.23
A,Annual,ICCS0401,Robbery,P_HTHAB,Per hundred thousand inhabitants,PT,Portugal,2024,2024,88.37
A,Annual,ICCS0401,Robbery,P_HTHAB,Per hundred thousand inhabitants,RO,Romania,2023,2023,16.98
A,Annual,ICCS0401,Robbery,P_HTHAB,Per hundred thousand inhabitants,RO,Romania,2024,2024,15.08
A,Annual,ICCS0401,Robbery,P_HTHAB,Per hundred thousand inhabitants,SI,Slovenia,2023,2023,13.79
A,Annual,ICCS0401,Robbery,P_HTHAB,Per hundred thousand inhabitants,SI,Slovenia,2024,2024,14.08
A,Annual,ICCS0401,Robbery,P_HTHAB,Per hundred thousand inhabitants,SK,Slovakia,2023,2023,6.13
A,Annual,ICCS0401,Robbery,P_HTHAB,Per hundred thousand inhabitants,SK,Slovakia,2024,2024,5.71
A,Annual,ICCS0401,Robbery,P_HTHAB,Per hundred thousand inhabitants,FI,Finland,2023,2023,49.1
A,Annual,ICCS0401,Robbery,P_HTHAB,Per hundred thousand inhabitants,FI,Finland,2024,2024,46.25
A,Annual,ICCS0401,Robbery,P_HTHAB,Per hundred thousand inhabitants,SE,Sweden,2023,2023,60.85
A,Annual,ICCS0401,Robbery,P_HTHAB,Per hundred thousand inhabitants,SE,Sweden,2024,2024,45.11
A,Annual,ICCS0401,Robbery,P_HTHAB,Per hundred thousand inhabitants,IS,Iceland,2023,2023,26.05
A,Annual,ICCS0401,Robbery,P_HTHAB,Per hundred thousand inhabitants,IS,Iceland,2024,2024,28.42
A,Annual,ICCS0401,Robbery,P_HTHAB,Per hundred thousand inhabitants,LI,Liechtenstein,2023,2023,15.12
A,Annual,ICCS0401,Robbery,P_HTHAB,Per hundred thousand inhabitants,LI,Liechtenstein,2024,2024,17.49
A,Annual,ICCS0401,Robbery,P_HTHAB,Per hundred thousand inhabitants,NO,Norway,2023,2023,25.18
A,Annual,ICCS0401,Robbery,P_HTHAB,Per hundred thousand inhabitants,NO,Norway,2024,2024,27.37
A,Annual,ICCS0401,Robbery,P_HTHAB,Per hundred thousand inhabitants,CH,Switzerland,2023,2023,21.89
A,Annual,ICCS0401,Robbery,P_HTHAB,Per hundred thousand inhabitants,CH,Switzerland,2024,2024,23.58
A,Annual,ICCS0401,Robbery,P_HTHAB,Per hundred thousand inhabitants,ME,Montenegro,2023,2023,4.38
A,Annual,ICCS0401,Robbery,P_HTHAB,Per hundred thousand inhabitants,ME,Montenegro,2024,2024,5.13
A,Annual,ICCS0401,Robbery,P_HTHAB,Per hundred thousand inhabitants,MK,North Macedonia,2023,2023,16.12
A,Annual,ICCS0401,Robbery,P_HTHAB,Per hundred thousand inhabitants,MK,North Macedonia,2024,2024,9.8
A,Annual,ICCS0401,Robbery,P_HTHAB,Per hundred thousand inhabitants,AL,Albania,2023,2023,3.22
A,Annual,ICCS0401,Robbery,P_HTHAB,Per hundred thousand inhabitants,RS,Serbia,2023,2023,9.77
A,Annual,ICCS0401,Robbery,P_HTHAB,Per hundred thousand inhabitants,RS,Serbia,2024,2024,8.69
A,Annual,ICCS0401,Robbery,P_HTHAB,Per hundred thousand inhabitants,TR,Türkiye,2023,2023,17.46
A,Annual,ICCS0401,Robbery,P_HTHAB,Per hundred thousand inhabitants,TR,Türkiye,2024,2024,13.97
A,Annual,ICCS0501,Burglary,NR,Number,BE,Belgium,2023,2023,50513.0
A,Annual,ICCS0501,Burglary,NR,Number,BE,Belgium,2024,2024,48107.0
A,Annual,ICCS0501,Burglary,NR,Number,BG,Bulgaria,2023,2023,3337.0
A,Annual,ICCS0501,Burglary,NR,Number,BG,Bulgaria,2024,2024,2970.0
A,Annual,ICCS0501,Burglary,NR,Number,CZ,Czechia,2023,2023,30986.0
A,Annual,ICCS0501,Burglary,NR,Number,CZ,Czechia,2024,2024,29094.0
A,Annual,ICCS0501,Burglary,NR,Number,DK,Denmark,2023,2023,31409.0
A,Annual,ICCS0501,Burglary,NR,Number,DK,Denmark,2024,2024,30919.0
A,Annual,ICCS0501,Burglary,NR,Number,DE,Germany,2023,2023,297432.0
A,Annual,ICCS0501,Burglary,NR,Number,DE,Germany,2024,2024,297986.0
A,Annual,ICCS0501,Burglary,NR,Number,IE,Ireland,2023,2023,9260.0
A,Annual,ICCS0501,Burglary,NR,Number,IE,Ireland,2024,2024,9338.0
A,Annual,ICCS0501,Burglary,NR,Number,EL,Greece,2023,2023,13432.0
A,Annual,ICCS0501,Burglary,NR,Number,EL,Greece,2024,2024,12523.0
A,Annual,ICCS0501,Burglary,NR,Number,ES,Spain,2023,2023,151333.0
A,Annual,ICCS0501,Burglary,NR,Number,ES,Spain,2024,2024,142587.0
A,Annual,ICCS0501,Burglary,NR,Number,FR,France,2023,2023,310282.0
A,Annual,ICCS0501,Burglary,NR,Number,FR,France,2024,2024,304881.0
A,Annual,ICCS0501,Burglary,NR,Number,HR,Croatia,2023,2023,7245.0
A,Annual,ICCS0501,Burglary,NR,Number,HR,Croatia,2024,2024,7211.0
A,Annual,ICCS0501,Burglary,NR,Number,CY,Cyprus,2023,2023,1126.0
A,Annual,ICCS0501,Burglary,NR,Number,CY,Cyprus,2024,2024,985.0
A,Annual,ICCS0501,Burglary,NR,Number,LV,Latvia,2023,2023,2376.0
A,Annual,ICCS0501,Burglary,NR,Number,LV,Latvia,2024,2024,2330.0
A,Annual,ICCS0501,Burglary,NR,Number,LT,Lithuania,2023,2023,725.0
A,Annual,ICCS0501,Burglary,NR,Number,LT,Lithuania,2024,2024,691.0
A,Annual,ICCS0501,Burglary,NR,Number,LU,Luxembourg,2023,2023,3973.0
A,Annual,ICCS0501,Burglary,NR,Number,LU,Luxembourg,2024,2024,3817.0
A,Annual,ICCS0501,Burglary,NR,Number,MT,Malta,2023,2023,839.0
A,Annual,ICCS0501,Burglary,NR,Number,MT,Malta,2024,2024,726.0
A,Annual,ICCS0501,Burglary,NR,Number,NL,Netherlands,2023,2023,35270.0
A,Annual,ICCS0501,Burglary,NR,Number,NL,Netherlands,2024,2024,33055.0
A,Annual,ICCS0501,Burglary,NR,Number,AT,Austria,2023,2023,58897.0
A,Annual,ICCS0501,Burglary,NR,Number,AT,Austria,2024,2024,64122.0
A,Annual,ICCS0501,Burglary,NR,Number,PL,Poland,2023,2023,64502.0
A,Annual,ICCS0501,Burglary,NR,Number,PL,Poland,2024,2024,57240.0
A,Annual,ICCS0501,Burglary,NR,Number,PT,Portugal,2023,2023,15994.0
A,Annual,ICCS0501,Burglary,NR,Number,PT,Portugal,2024,2024,15591.0
A,Annual,ICCS0501,Burglary,NR,Number,RO,Romania,2023,2023,27486.0
A,Annual,ICCS0501,Burglary,NR,Number,RO,Romania,2024,2024,25103.0
A,Annual,ICCS0501,Burglary,NR,Number,SI,Slovenia,2023,2023,6173.0
A,Annual,ICCS0501,Burglary,NR,Number,SI,Slovenia,2024,2024,7113.0
A,Annual,ICCS0501,Burglary,NR,Number,SK,Slovakia,2023,2023,3667.0
A,Annual,ICCS0501,Burglary,NR,Number,SK,Slovakia,2024,2024,3328.0
A,Annual,ICCS0501,Burglary,NR,Number,FI,Finland,2023,2023,5834.0
A,Annual,ICCS0501,Burglary,NR,Number,FI,Finland,2024,2024,6210.0
A,Annual,ICCS0501,Burglary,NR,Number,SE,Sweden,2023,2023,69835.0
A,Annual,ICCS0501,Burglary,NR,Number,SE,Sweden,2024,2024,63410.0
A,Annual,ICCS0501,Burglary,NR,Number,IS,Iceland,2023,2023,963.0
A,Annual,ICCS0501,Burglary,NR,Number,IS,Iceland,2024,2024,1168.0
A,Annual,ICCS0501,Burglary,NR,Number,LI,Liechtenstein,2023,2023,138.0
A,Annual,ICCS0501,Burglary,NR,Number,LI,Liechtenstein,2024,2024,144.0
A,Annual,ICCS0501,Burglary,NR,Number,CH,Switzerland,2023,2023,41429.0
A,Annual,ICCS0501,Burglary,NR,Number,CH,Switzerland,2024,2024,46070.0
A,Annual,ICCS0501,Burglary,NR,Number,BA,Bosnia and Herzegovina,2023,2023,3056.0
A,Annual,ICCS0501,Burglary,NR,Number,BA,Bosnia and Herzegovina,2024,2024,2841.0
A,Annual,ICCS0501,Burglary,NR,Number,ME,Montenegro,2023,2023,443.0
A,Annual,ICCS0501,Burglary,NR,Number,ME,Montenegro,2024,2024,319.0
A,Annual,ICCS0501,Burglary,NR,Number,MK,North Macedonia,2023,2023,34.0
A,Annual,ICCS0501,Burglary,NR,Number,MK,North Macedonia,2024,2024,35.0
A,Annual,ICCS0501,Burglary,NR,Number,AL,Albania,2023,2023,593.0
A,Annual,ICCS0501,Burglary,NR,Number,AL,Albania,2024,2024,396.0
A,Annual,ICCS0501,Burglary,NR,Number,RS,Serbia,2023,2023,8849.0
A,Annual,ICCS0501,Burglary,NR,Number,RS,Serbia,2024,2024,6816.0
A,Annual,ICCS0501,Burglary,NR,Number,TR,Türkiye,2023,2023,91300.0
A,Annual,ICCS0501,Burglary,NR,Number,TR,Türkiye,2024,2024,51370.0
A,Annual,ICCS0501,Burglary,P_HTHAB,Per hundred thousand inhabitants,BE,Belgium,2023,2023,430.16
A,Annual,ICCS0501,Burglary,P_HTHAB,Per hundred thousand inhabitants,BE,Belgium,2024,2024,407.1
A,Annual,ICCS0501,Burglary,P_HTHAB,Per hundred thousand inhabitants,BG,Bulgaria,2023,2023,51.75
A,Annual,ICCS0501,Burglary,P_HTHAB,Per hundred thousand inhabitants,BG,Bulgaria,2024,2024,46.08
A,Annual,ICCS0501,Burglary,P_HTHAB,Per hundred thousand inhabitants,CZ,Czechia,2023,2023,286.18
A,Annual,ICCS0501,Burglary,P_HTHAB,Per hundred thousand inhabitants,CZ,Czechia,2024,2024,266.9
A,Annual,ICCS0501,Burglary,P_HTHAB,Per hundred thousand inhabitants,DK,Denmark,2023,2023,529.43
A,Annual,ICCS0501,Burglary,P_HTHAB,Per hundred thousand inhabitants,DK,Denmark,2024,2024,518.67
A,Annual,ICCS0501,Burglary,P_HTHAB,Per hundred thousand inhabitants,DE,Germany,2023,2023,357.84
A,Annual,ICCS0501,Burglary,P_HTHAB,Per hundred thousand inhabitants,DE,Germany,2024,2024,357.06
A,Annual,ICCS0501,Burglary,P_HTHAB,Per hundred thousand inhabitants,IE,Ireland,2023,2023,175.67
A,Annual,ICCS0501,Burglary,P_HTHAB,Per hundred thousand inhabitants,IE,Ireland,2024,2024,174.49
A,Annual,ICCS0501,Burglary,P_HTHAB,Per hundred thousand inhabitants,EL,Greece,2023,2023,129.13
A,Annual,ICCS0501,Burglary,P_HTHAB,Per hundred thousand inhabitants,EL,Greece,2024,2024,120.69
A,Annual,ICCS0501,Burglary,P_HTHAB,Per hundred thousand inhabitants,ES,Spain,2023,2023,314.72
A,Annual,ICCS0501,Burglary,P_HTHAB,Per hundred thousand inhabitants,ES,Spain,2024,2024,293.27
A,Annual,ICCS0501,Burglary,P_HTHAB,Per hundred thousand inhabitants,FR,France,2023,2023,454.44
A,Annual,ICCS0501,Burglary,P_HTHAB,Per hundred thousand inhabitants,FR,France,2024,2024,443.98
A,Annual,ICCS0501,Burglary,P_HTHAB,Per hundred thousand inhabitants,HR,Croatia,2023,2023,188.14
A,Annual,ICCS0501,Burglary,P_HTHAB,Per hundred thousand inhabitants,HR,Croatia,2024,2024,186.72
A,Annual,ICCS0501,Burglary,P_HTHAB,Per hundred thousand inhabitants,CY,Cyprus,2023,2023,118.64
A,Annual,ICCS0501,Burglary,P_HTHAB,Per hundred thousand inhabitants,CY,Cyprus,2024,2024,101.93
A,Annual,ICCS0501,Burglary,P_HTHAB,Per hundred thousand inhabitants,LV,Latvia,2023,2023,125.37
A,Annual,ICCS0501,Burglary,P_HTHAB,Per hundred thousand inhabitants,LV,Latvia,2024,2024,124.03
A,Annual,ICCS0501,Burglary,P_HTHAB,Per hundred thousand inhabitants,LT,Lithuania,2023,2023,25.37
A,Annual,ICCS0501,Burglary,P_HTHAB,Per hundred thousand inhabitants,LT,Lithuania,2024,2024,23.94
A,Annual,ICCS0501,Burglary,P_HTHAB,Per hundred thousand inhabitants,LU,Luxembourg,2023,2023,601.23
A,Annual,ICCS0501,Burglary,P_HTHAB,Per hundred thousand inhabitants,LU,Luxembourg,2024,2024,567.96
A,Annual,ICCS0501,Burglary,P_HTHAB,Per hundred thousand inhabitants,MT,Malta,2023,2023,154.78
A,Annual,ICCS0501,Burglary,P_HTHAB,Per hundred thousand inhabitants,MT,Malta,2024,2024,128.85
A,Annual,ICCS0501,Burglary,P_HTHAB,Per hundred thousand inhabitants,NL,Netherlands,2023,2023,198.02
A,Annual,ICCS0501,Burglary,P_HTHAB,Per hundred thousand inhabitants,NL,Netherlands,2024,2024,184.22
A,Annual,ICCS0501,Burglary,P_HTHAB,Per hundred thousand inhabitants,AT,Austria,2023,2023,646.88
A,Annual,ICCS0501,Burglary,P_HTHAB,Per hundred thousand inhabitants,AT,Austria,2024,2024,700.12
A,Annual,ICCS0501,Burglary,P_HTHAB,Per hundred thousand inhabitants,PL,Poland,2023,2023,175.5
A,Annual,ICCS0501,Burglary,P_HTHAB,Per hundred thousand inhabitants,PL,Poland,2024,2024,156.3
A,Annual,ICCS0501,Burglary,P_HTHAB,Per hundred thousand inhabitants,PT,Portugal,2023,2023,152.08
A,Annual,ICCS0501,Burglary,P_HTHAB,Per hundred thousand inhabitants,PT,Portugal,2024,2024,146.54
A,Annual,ICCS0501,Burglary,P_HTHAB,Per hundred thousand inhabitants,RO,Romania,2023,2023,144.24
A,Annual,ICCS0501,Burglary,P_HTHAB,Per hundred thousand inhabitants,RO,Romania,2024,2024,131.65
A,Annual,ICCS0501,Burglary,P_HTHAB,Per hundred thousand inhabitants,SI,Slovenia,2023,2023,291.6
A,Annual,ICCS0501,Burglary,P_HTHAB,Per hundred thousand inhabitants,SI,Slovenia,2024,2024,334.9
A,Annual,ICCS0501,Burglary,P_HTHAB,Per hundred thousand inhabitants,SK,Slovakia,2023,2023,67.55
A,Annual,ICCS0501,Burglary,P_HTHAB,Per hundred thousand inhabitants,SK,Slovakia,2024,2024,61.35
A,Annual,ICCS0501,Burglary,P_HTHAB,Per hundred thousand inhabitants,FI,Finland,2023,2023,104.85
A,Annual,ICCS0501,Burglary,P_HTHAB,Per hundred thousand inhabitants,FI,Finland,2024,2024,110.82
A,Annual,ICCS0501,Burglary,P_HTHAB,Per hundred thousand inhabitants,SE,Sweden,2023,2023,663.73
A,Annual,ICCS0501,Burglary,P_HTHAB,Per hundred thousand inhabitants,SE,Sweden,2024,2024,600.95
A,Annual,ICCS0501,Burglary,P_HTHAB,Per hundred thousand inhabitants,IS,Iceland,2023,2023,248.35
A,Annual,ICCS0501,Burglary,P_HTHAB,Per hundred thousand inhabitants,IS,Iceland,2024,2024,304.51
A,Annual,ICCS0501,Burglary,P_HTHAB,Per hundred thousand inhabitants,LI,Liechtenstein,2023,2023,347.81
A,Annual,ICCS0501,Burglary,P_HTHAB,Per hundred thousand inhabitants,LI,Liechtenstein,2024,2024,359.87
A,Annual,ICCS0501,Burglary,P_HTHAB,Per hundred thousand inhabitants,CH,Switzerland,2023,2023,469.96
A,Annual,ICCS0501,Burglary,P_HTHAB,Per hundred thousand inhabitants,CH,Switzerland,2024,2024,514.04
A,Annual,ICCS0501,Burglary,P_HTHAB,Per hundred thousand inhabitants,ME,Montenegro,2023,2023,71.83
A,Annual,ICCS0501,Burglary,P_HTHAB,Per hundred thousand inhabitants,ME,Montenegro,2024,2024,51.15
A,Annual,ICCS0501,Burglary,P_HTHAB,Per hundred thousand inhabitants,MK,North Macedonia,2023,2023,1.86
A,Annual,ICCS0501,Burglary,P_HTHAB,Per hundred thousand inhabitants,MK,North Macedonia,2024,2024,1.92
A,Annual,ICCS0501,Burglary,P_HTHAB,Per hundred thousand inhabitants,AL,Albania,2023,2023,21.47
A,Annual,ICCS0501,Burglary,P_HTHAB,Per hundred thousand inhabitants,RS,Serbia,2023,2023,133.24
A,Annual,ICCS0501,Burglary,P_HTHAB,Per hundred thousand inhabitants,RS,Serbia,2024,2024,103.19
A,Annual,ICCS0501,Burglary,P_HTHAB,Per hundred thousand inhabitants,TR,Türkiye,2023,2023,107.06
A,Annual,ICCS0501,Burglary,P_HTHAB,Per hundred thousand inhabitants,TR,Türkiye,2024,2024,60.17
A,Annual,ICCS05012,Burglary of private residential premises,NR,Number,BE,Belgium,2023,2023,37402.0
A,Annual,ICCS05012,Burglary of private residential premises,NR,Number,BE,Belgium,2024,2024,36815.0
A,Annual,ICCS05012,Burglary of private residential premises,NR,Number,BG,Bulgaria,2023,2023,3565.0
A,Annual,ICCS05012,Burglary of private residential premises,NR,Number,BG,Bulgaria,2024,2024,3337.0
A,Annual,ICCS05012,Burglary of private residential premises,NR,Number,CZ,Czechia,2023,2023,5022.0
A,Annual,ICCS05012,Burglary of private residential premises,NR,Number,CZ,Czechia,2024,2024,4470.0
A,Annual,ICCS05012,Burglary of private residential premises,NR,Number,DK,Denmark,2023,2023,22953.0
A,Annual,ICCS05012,Burglary of private residential premises,NR,Number,DK,Denmark,2024,2024,22112.0
A,Annual,ICCS05012,Burglary of private residential premises,NR,Number,DE,Germany,2023,2023,77819.0
A,Annual,ICCS05012,Burglary of private residential premises,NR,Number,DE,Germany,2024,2024,78436.0
A,Annual,ICCS05012,Burglary of private residential premises,NR,Number,EE,Estonia,2023,2023,441.0
A,Annual,ICCS05012,Burglary of private residential premises,NR,Number,EE,Estonia,2024,2024,500.0
A,Annual,ICCS05012,Burglary of private residential premises,NR,Number,EL,Greece,2023,2023,6315.0
A,Annual,ICCS05012,Burglary of private residential premises,NR,Number,EL,Greece,2024,2024,6007.0
A,Annual,ICCS05012,Burglary of private residential premises,NR,Number,ES,Spain,2023,2023,84721.0
A,Annual,ICCS05012,Burglary of private residential premises,NR,Number,ES,Spain,2024,2024,81094.0
A,Annual,ICCS05012,Burglary of private residential premises,NR,Number,FR,France,2023,2023,201664.0
A,Annual,ICCS05012,Burglary of private residential premises,NR,Number,FR,France,2024,2024,202894.0
A,Annual,ICCS05012,Burglary of private residential premises,NR,Number,HR,Croatia,2023,2023,2310.0
A,Annual,ICCS05012,Burglary of private residential premises,NR,Number,HR,Croatia,2024,2024,2193.0
A,Annual,ICCS05012,Burglary of private residential premises,NR,Number,IT,Italy,2023,2023,147660.0
A,Annual,ICCS05012,Burglary of private residential premises,NR,Number,IT,Italy,2024,2024,155590.0
A,Annual,ICCS05012,Burglary of private residential premises,NR,Number,LV,Latvia,2023,2023,421.0
A,Annual,ICCS05012,Burglary of private residential premises,NR,Number,LV,Latvia,2024,2024,458.0
A,Annual,ICCS05012,Burglary of private residential premises,NR,Number,LT,Lithuania,2023,2023,725.0
A,Annual,ICCS05012,Burglary of private residential premises,NR,Number,LT,Lithuania,2024,2024,691.0
A,Annual,ICCS05012,Burglary of private residential premises,NR,Number,MT,Malta,2023,2023,381.0
A,Annual,ICCS05012,Burglary of private residential premises,NR,Number,MT,Malta,2024,2024,409.0
A,Annual,ICCS05012,Burglary of private residential premises,NR,Number,NL,Netherlands,2023,2023,22060.0
A,Annual,ICCS05012,Burglary of private residential premises,NR,Number,NL,Netherlands,2024,2024,20995.0
A,Annual,ICCS05012,Burglary of private residential premises,NR,Number,AT,Austria,2023,2023,7584.0
A,Annual,ICCS05012,Burglary of private residential premises,NR,Number,AT,Austria,2024,2024,6372.0
A,Annual,ICCS05012,Burglary of private residential premises,NR,Number,PL,Poland,2023,2023,16664.0
A,Annual,ICCS05012,Burglary of private residential premises,NR,Number,PL,Poland,2024,2024,13983.0
A,Annual,ICCS05012,Burglary of private residential premises,NR,Number,PT,Portugal,2023,2023,8237.0
A,Annual,ICCS05012,Burglary of private residential premises,NR,Number,PT,Portugal,2024,2024,7881.0
A,Annual,ICCS05012,Burglary of private residential premises,NR,Number,RO,Romania,2023,2023,15523.0
A,Annual,ICCS05012,Burglary of private residential premises,NR,Number,RO,Romania,2024,2024,14532.0
A,Annual,ICCS05012,Burglary of private residential premises,NR,Number,SI,Slovenia,2023,2023,1675.0
A,Annual,ICCS05012,Burglary of private residential premises,NR,Number,SI,Slovenia,2024,2024,2010.0
A,Annual,ICCS05012,Burglary of private residential premises,NR,Number,SK,Slovakia,2023,2023,982.0
A,Annual,ICCS05012,Burglary of private residential premises,NR,Number,SK,Slovakia,2024,2024,836.0
A,Annual,ICCS05012,Burglary of private residential premises,NR,Number,FI,Finland,2023,2023,3754.0
A,Annual,ICCS05012,Burglary of private residential premises,NR,Number,FI,Finland,2024,2024,4144.0
A,Annual,ICCS05012,Burglary of private residential premises,NR,Number,SE,Sweden,2023,2023,35373.0
A,Annual,ICCS05012,Burglary of private residential premises,NR,Number,SE,Sweden,2024,2024,33756.0
A,Annual,ICCS05012,Burglary of private residential premises,NR,Number,IS,Iceland,2023,2023,384.0
A,Annual,ICCS05012,Burglary of private residential premises,NR,Number,IS,Iceland,2024,2024,381.0
A,Annual,ICCS05012,Burglary of private residential premises,NR,Number,CH,Switzerland,2023,2023,24763.0
A,Annual,ICCS05012,Burglary of private residential premises,NR,Number,CH,Switzerland,2024,2024,27576.0
A,Annual,ICCS05012,Burglary of private residential premises,NR,Number,BA,Bosnia and Herzegovina,2023,2023,448.0
A,Annual,ICCS05012,Burglary of private residential premises,NR,Number,BA,Bosnia and Herzegovina,2024,2024,369.0
A,Annual,ICCS05012,Burglary of private residential premises,NR,Number,AL,Albania,2023,2023,589.0
A,Annual,ICCS05012,Burglary of private residential premises,NR,Number,AL,Albania,2024,2024,389.0
A,Annual,ICCS05012,Burglary of private residential premises,NR,Number,RS,Serbia,2023,2023,3266.0
A,Annual,ICCS05012,Burglary of private residential premises,NR,Number,RS,Serbia,2024,2024,2337.0
A,Annual,ICCS05012,Burglary of private residential premises,NR,Number,TR,Türkiye,2023,2023,56398.0
A,Annual,ICCS05012,Burglary of private residential premises,NR,Number,TR,Türkiye,2024,2024,29976.0
A,Annual,ICCS05012,Burglary of private residential premises,P_HTHAB,Per hundred thousand inhabitants,BE,Belgium,2023,2023,318.51
A,Annual,ICCS05012,Burglary of private residential premises,P_HTHAB,Per hundred thousand inhabitants,BE,Belgium,2024,2024,311.54
A,Annual,ICCS05012,Burglary of private residential premises,P_HTHAB,Per hundred thousand inhabitants,BG,Bulgaria,2023,2023,55.29
A,Annual,ICCS05012,Burglary of private residential premises,P_HTHAB,Per hundred thousand inhabitants,BG,Bulgaria,2024,2024,51.77
A,Annual,ICCS05012,Burglary of private residential premises,P_HTHAB,Per hundred thousand inhabitants,CZ,Czechia,2023,2023,46.38
A,Annual,ICCS05012,Burglary of private residential premises,P_HTHAB,Per hundred thousand inhabitants,CZ,Czechia,2024,2024,41.01
A,Annual,ICCS05012,Burglary of private residential premises,P_HTHAB,Per hundred thousand inhabitants,DK,Denmark,2023,2023,386.89
A,Annual,ICCS05012,Burglary of private residential premises,P_HTHAB,Per hundred thousand inhabitants,DK,Denmark,2024,2024,370.93
A,Annual,ICCS05012,Burglary of private residential premises,P_HTHAB,Per hundred thousand inhabitants,DE,Germany,2023,2023,93.62
A,Annual,ICCS05012,Burglary of private residential premises,P_HTHAB,Per hundred thousand inhabitants,DE,Germany,2024,2024,93.98
A,Annual,ICCS05012,Burglary of private residential premises,P_HTHAB,Per hundred thousand inhabitants,EE,Estonia,2023,2023,32.29
A,Annual,ICCS05012,Burglary of private residential premises,P_HTHAB,Per hundred thousand inhabitants,EE,Estonia,2024,2024,36.37
A,Annual,ICCS05012,Burglary of private residential premises,P_HTHAB,Per hundred thousand inhabitants,EL,Greece,2023,2023,60.64
A,Annual,ICCS05012,Burglary of private residential premises,P_HTHAB,Per hundred thousand inhabitants,EL,Greece,2024,2024,57.89
A,Annual,ICCS05012,Burglary of private residential premises,P_HTHAB,Per hundred thousand inhabitants,ES,Spain,2023,2023,176.19
A,Annual,ICCS05012,Burglary of private residential premises,P_HTHAB,Per hundred thousand inhabitants,ES,Spain,2024,2024,166.79
A,Annual,ICCS05012,Burglary of private residential premises,P_HTHAB,Per hundred thousand inhabitants,FR,France,2023,2023,295.36
A,Annual,ICCS05012,Burglary of private residential premises,P_HTHAB,Per hundred thousand inhabitants,FR,France,2024,2024,295.47
A,Annual,ICCS05012,Burglary of private residential premises,P_HTHAB,Per hundred thousand inhabitants,HR,Croatia,2023,2023,59.99
A,Annual,ICCS05012,Burglary of private residential premises,P_HTHAB,Per hundred thousand inhabitants,HR,Croatia,2024,2024,56.78
A,Annual,ICCS05012,Burglary of private residential premises,P_HTHAB,Per hundred thousand inhabitants,IT,Italy,2023,2023,250.28
A,Annual,ICCS05012,Burglary of private residential premises,P_HTHAB,Per hundred thousand inhabitants,IT,Italy,2024,2024,263.84
A,Annual,ICCS05012,Burglary of private residential premises,P_HTHAB,Per hundred thousand inhabitants,LV,Latvia,2023,2023,22.36
A,Annual,ICCS05012,Burglary of private residential premises,P_HTHAB,Per hundred thousand inhabitants,LV,Latvia,2024,2024,24.38
A,Annual,ICCS05012,Burglary of private residential premises,P_HTHAB,Per hundred thousand inhabitants,LT,Lithuania,2023,2023,25.37
A,Annual,ICCS05012,Burglary of private residential premises,P_HTHAB,Per hundred thousand inhabitants,LT,Lithuania,2024,2024,23.94
A,Annual,ICCS05012,Burglary of private residential premises,P_HTHAB,Per hundred thousand inhabitants,MT,Malta,2023,2023,70.29
A,Annual,ICCS05012,Burglary of private residential premises,P_HTHAB,Per hundred thousand inhabitants,MT,Malta,2024,2024,72.59
A,Annual,ICCS05012,Burglary of private residential premises,P_HTHAB,Per hundred thousand inhabitants,NL,Netherlands,2023,2023,123.85
A,Annual,ICCS05012,Burglary of private residential premises,P_HTHAB,Per hundred thousand inhabitants,NL,Netherlands,2024,2024,117.01
A,Annual,ICCS05012,Burglary of private residential premises,P_HTHAB,Per hundred thousand inhabitants,AT,Austria,2023,2023,83.3
A,Annual,ICCS05012,Burglary of private residential premises,P_HTHAB,Per hundred thousand inhabitants,AT,Austria,2024,2024,69.57
A,Annual,ICCS05012,Burglary of private residential premises,P_HTHAB,Per hundred thousand inhabitants,PL,Poland,2023,2023,45.34
A,Annual,ICCS05012,Burglary of private residential premises,P_HTHAB,Per hundred thousand inhabitants,PL,Poland,2024,2024,38.18
A,Annual,ICCS05012,Burglary of private residential premises,P_HTHAB,Per hundred thousand inhabitants,PT,Portugal,2023,2023,78.32
A,Annual,ICCS05012,Burglary of private residential premises,P_HTHAB,Per hundred thousand inhabitants,PT,Portugal,2024,2024,74.07
A,Annual,ICCS05012,Burglary of private residential premises,P_HTHAB,Per hundred thousand inhabitants,RO,Romania,2023,2023,81.47
A,Annual,ICCS05012,Burglary of private residential premises,P_HTHAB,Per hundred thousand inhabitants,RO,Romania,2024,2024,76.21
A,Annual,ICCS05012,Burglary of private residential premises,P_HTHAB,Per hundred thousand inhabitants,SI,Slovenia,2023,2023,79.12
A,Annual,ICCS05012,Burglary of private residential premises,P_HTHAB,Per hundred thousand inhabitants,SI,Slovenia,2024,2024,94.64
A,Annual,ICCS05012,Burglary of private residential premises,P_HTHAB,Per hundred thousand inhabitants,SK,Slovakia,2023,2023,18.09
A,Annual,ICCS05012,Burglary of private residential premises,P_HTHAB,Per hundred thousand inhabitants,SK,Slovakia,2024,2024,15.41
A,Annual,ICCS05012,Burglary of private residential premises,P_HTHAB,Per hundred thousand inhabitants,FI,Finland,2023,2023,67.47
A,Annual,ICCS05012,Burglary of private residential premises,P_HTHAB,Per hundred thousand inhabitants,FI,Finland,2024,2024,73.95
A,Annual,ICCS05012,Burglary of private residential premises,P_HTHAB,Per hundred thousand inhabitants,SE,Sweden,2023,2023,336.2
A,Annual,ICCS05012,Burglary of private residential premises,P_HTHAB,Per hundred thousand inhabitants,SE,Sweden,2024,2024,319.91
A,Annual,ICCS05012,Burglary of private residential premises,P_HTHAB,Per hundred thousand inhabitants,IS,Iceland,2023,2023,99.03
A,Annual,ICCS05012,Burglary of private residential premises,P_HTHAB,Per hundred thousand inhabitants,IS,Iceland,2024,2024,99.33
A,Annual,ICCS05012,Burglary of private residential premises,P_HTHAB,Per hundred thousand inhabitants,CH,Switzerland,2023,2023,280.91
A,Annual,ICCS05012,Burglary of private residential premises,P_HTHAB,Per hundred thousand inhabitants,CH,Switzerland,2024,2024,307.69
A,Annual,ICCS05012,Burglary of private residential premises,P_HTHAB,Per hundred thousand inhabitants,AL,Albania,2023,2023,21.33
A,Annual,ICCS05012,Burglary of private residential premises,P_HTHAB,Per hundred thousand inhabitants,RS,Serbia,2023,2023,49.18
A,Annual,ICCS05012,Burglary of private residential premises,P_HTHAB,Per hundred thousand inhabitants,RS,Serbia,2024,2024,35.38
A,Annual,ICCS05012,Burglary of private residential premises,P_HTHAB,Per hundred thousand inhabitants,TR,Türkiye,2023,2023,66.13
A,Annual,ICCS05012,Burglary of private residential premises,P_HTHAB,Per hundred thousand inhabitants,TR,Türkiye,2024,2024,35.11
A,Annual,ICCS0502,Theft,NR,Number,BE,Belgium,2023,2023,210675.0
A,Annual,ICCS0502,Theft,NR,Number,BE,Belgium,2024,2024,195924.0
A,Annual,ICCS0502,Theft,NR,Number,BG,Bulgaria,2023,2023,26153.0
A,Annual,ICCS0502,Theft,NR,Number,BG,Bulgaria,2024,2024,24610.0
A,Annual,ICCS0502,Theft,NR,Number,CZ,Czechia,2023,2023,35373.0
A,Annual,ICCS0502,Theft,NR,Number,CZ,Czechia,2024,2024,32267.0
A,Annual,ICCS0502,Theft,NR,Number,DK,Denmark,2023,2023,158491.0
A,Annual,ICCS0502,Theft,NR,Number,DK,Denmark,2024,2024,156382.0
A,Annual,ICCS0502,Theft,NR,Number,DE,Germany,2023,2023,1172337.0
A,Annual,ICCS0502,Theft,NR,Number,DE,Germany,2024,2024,1148913.0
A,Annual,ICCS0502,Theft,NR,Number,EE,Estonia,2023,2023,9699.0
A,Annual,ICCS0502,Theft,NR,Number,EE,Estonia,2024,2024,10049.0
A,Annual,ICCS0502,Theft,NR,Number,IE,Ireland,2023,2023,69143.0
A,Annual,ICCS0502,Theft,NR,Number,IE,Ireland,2024,2024,71429.0
A,Annual,ICCS0502,Theft,NR,Number,EL,Greece,2023,2023,68659.0
A,Annual,ICCS0502,Theft,NR,Number,EL,Greece,2024,2024,62944.0
A,Annual,ICCS0502,Theft,NR,Number,ES,Spain,2023,2023,222334.0
A,Annual,ICCS0502,Theft,NR,Number,ES,Spain,2024,2024,219211.0
A,Annual,ICCS0502,Theft,NR,Number,FR,France,2023,2023,1335511.0
A,Annual,ICCS0502,Theft,NR,Number,FR,France,2024,2024,1312589.0
A,Annual,ICCS0502,Theft,NR,Number,HR,Croatia,2023,2023,11270.0
A,Annual,ICCS0502,Theft,NR,Number,HR,Croatia,2024,2024,11621.0
A,Annual,ICCS0502,Theft,NR,Number,IT,Italy,2023,2023,888340.0
A,Annual,ICCS0502,Theft,NR,Number,IT,Italy,2024,2024,915385.0
A,Annual,ICCS0502,Theft,NR,Number,CY,Cyprus,2023,2023,583.0
A,Annual,ICCS0502,Theft,NR,Number,CY,Cyprus,2024,2024,632.0
A,Annual,ICCS0502,Theft,NR,Number,LV,Latvia,2023,2023,10712.0
A,Annual,ICCS0502,Theft,NR,Number,LV,Latvia,2024,2024,12203.0
A,Annual,ICCS0502,Theft,NR,Number,LT,Lithuania,2023,2023,10108.0
A,Annual,ICCS0502,Theft,NR,Number,LT,Lithuania,2024,2024,11818.0
A,Annual,ICCS0502,Theft,NR,Number,LU,Luxembourg,2023,2023,18404.0
A,Annual,ICCS0502,Theft,NR,Number,LU,Luxembourg,2024,2024,18225.0
A,Annual,ICCS0502,Theft,NR,Number,HU,Hungary,2023,2023,50934.0
A,Annual,ICCS0502,Theft,NR,Number,HU,Hungary,2024,2024,60346.0
A,Annual,ICCS0502,Theft,NR,Number,MT,Malta,2023,2023,3716.0
A,Annual,ICCS0502,Theft,NR,Number,MT,Malta,2024,2024,4235.0
A,Annual,ICCS0502,Theft,NR,Number,NL,Netherlands,2023,2023,245390.0
A,Annual,ICCS0502,Theft,NR,Number,NL,Netherlands,2024,2024,238730.0
A,Annual,ICCS0502,Theft,NR,Number,AT,Austria,2023,2023,110359.0
A,Annual,ICCS0502,Theft,NR,Number,AT,Austria,2024,2024,108072.0
A,Annual,ICCS0502,Theft,NR,Number,PL,Poland,2023,2023,117183.0
A,Annual,ICCS0502,Theft,NR,Number,PL,Poland,2024,2024,91252.0
A,Annual,ICCS0502,Theft,NR,Number,PT,Portugal,2023,2023,75123.0
A,Annual,ICCS0502,Theft,NR,Number,PT,Portugal,2024,2024,76860.0
A,Annual,ICCS0502,Theft,NR,Number,RO,Romania,2023,2023,63734.0
A,Annual,ICCS0502,Theft,NR,Number,RO,Romania,2024,2024,51296.0
A,Annual,ICCS0502,Theft,NR,Number,SI,Slovenia,2023,2023,24892.0
A,Annual,ICCS0502,Theft,NR,Number,SI,Slovenia,2024,2024,26057.0
A,Annual,ICCS0502,Theft,NR,Number,SK,Slovakia,2023,2023,11826.0
A,Annual,ICCS0502,Theft,NR,Number,SK,Slovakia,2024,2024,7749.0
A,Annual,ICCS0502,Theft,NR,Number,FI,Finland,2023,2023,127543.0
A,Annual,ICCS0502,Theft,NR,Number,FI,Finland,2024,2024,127600.0
A,Annual,ICCS0502,Theft,NR,Number,SE,Sweden,2023,2023,287940.0
A,Annual,ICCS0502,Theft,NR,Number,SE,Sweden,2024,2024,264868.0
A,Annual,ICCS0502,Theft,NR,Number,IS,Iceland,2023,2023,3629.0
A,Annual,ICCS0502,Theft,NR,Number,IS,Iceland,2024,2024,3844.0
A,Annual,ICCS0502,Theft,NR,Number,LI,Liechtenstein,2023,2023,254.0
A,Annual,ICCS0502,Theft,NR,Number,LI,Liechtenstein,2024,2024,256.0
A,Annual,ICCS0502,Theft,NR,Number,NO,Norway,2023,2023,110995.0
A,Annual,ICCS0502,Theft,NR,Number,NO,Norway,2024,2024,116549.0
A,Annual,ICCS0502,Theft,NR,Number,CH,Switzerland,2023,2023,168575.0
A,Annual,ICCS0502,Theft,NR,Number,CH,Switzerland,2024,2024,176206.0
A,Annual,ICCS0502,Theft,NR,Number,BA,Bosnia and Herzegovina,2023,2023,2744.0
A,Annual,ICCS0502,Theft,NR,Number,BA,Bosnia and Herzegovina,2024,2024,2988.0
A,Annual,ICCS0502,Theft,NR,Number,ME,Montenegro,2023,2023,332.0
A,Annual,ICCS0502,Theft,NR,Number,ME,Montenegro,2024,2024,360.0
A,Annual,ICCS0502,Theft,NR,Number,MK,North Macedonia,2023,2023,9483.0
A,Annual,ICCS0502,Theft,NR,Number,MK,North Macedonia,2024,2024,8051.0
A,Annual,ICCS0502,Theft,NR,Number,AL,Albania,2023,2023,2334.0
A,Annual,ICCS0502,Theft,NR,Number,AL,Albania,2024,2024,2001.0
A,Annual,ICCS0502,Theft,NR,Number,RS,Serbia,2023,2023,14784.0
A,Annual,ICCS0502,Theft,NR,Number,RS,Serbia,2024,2024,13923.0
A,Annual,ICCS0502,Theft,NR,Number,TR,Türkiye,2023,2023,181678.0
A,Annual,ICCS0502,Theft,NR,Number,TR,Türkiye,2024,2024,85958.0
A,Annual,ICCS0502,Theft,P_HTHAB,Per hundred thousand inhabitants,BE,Belgium,2023,2023,1794.08
A,Annual,ICCS0502,Theft,P_HTHAB,Per hundred thousand inhabitants,BE,Belgium,2024,2024,1657.97
A,Annual,ICCS0502,Theft,P_HTHAB,Per hundred thousand inhabitants,BG,Bulgaria,2023,2023,405.62
A,Annual,ICCS0502,Theft,P_HTHAB,Per hundred thousand inhabitants,BG,Bulgaria,2024,2024,381.82
A,Annual,ICCS0502,Theft,P_HTHAB,Per hundred thousand inhabitants,CZ,Czechia,2023,2023,326.7
A,Annual,ICCS0502,Theft,P_HTHAB,Per hundred thousand inhabitants,CZ,Czechia,2024,2024,296.01
A,Annual,ICCS0502,Theft,P_HTHAB,Per hundred thousand inhabitants,DK,Denmark,2023,2023,2671.5
A,Annual,ICCS0502,Theft,P_HTHAB,Per hundred thousand inhabitants,DK,Denmark,2024,2024,2623.31
A,Annual,ICCS0502,Theft,P_HTHAB,Per hundred thousand inhabitants,DE,Germany,2023,2023,1410.44
A,Annual,ICCS0502,Theft,P_HTHAB,Per hundred thousand inhabitants,DE,Germany,2024,2024,1376.67
A,Annual,ICCS0502,Theft,P_HTHAB,Per hundred thousand inhabitants,EE,Estonia,2023,2023,710.09
A,Annual,ICCS0502,Theft,P_HTHAB,Per hundred thousand inhabitants,EE,Estonia,2024,2024,731.0
A,Annual,ICCS0502,Theft,P_HTHAB,Per hundred thousand inhabitants,IE,Ireland,2023,2023,1311.66
A,Annual,ICCS0502,Theft,P_HTHAB,Per hundred thousand inhabitants,IE,Ireland,2024,2024,1334.7
A,Annual,ICCS0502,Theft,P_HTHAB,Per hundred thousand inhabitants,EL,Greece,2023,2023,660.06
A,Annual,ICCS0502,Theft,P_HTHAB,Per hundred thousand inhabitants,EL,Greece,2024,2024,606.64
A,Annual,ICCS0502,Theft,P_HTHAB,Per hundred thousand inhabitants,ES,Spain,2023,2023,462.37
A,Annual,ICCS0502,Theft,P_HTHAB,Per hundred thousand inhabitants,ES,Spain,2024,2024,450.87
A,Annual,ICCS0502,Theft,P_HTHAB,Per hundred thousand inhabitants,FR,France,2023,2023,1956.01
A,Annual,ICCS0502,Theft,P_HTHAB,Per hundred thousand inhabitants,FR,France,2024,2024,1911.46
A,Annual,ICCS0502,Theft,P_HTHAB,Per hundred thousand inhabitants,HR,Croatia,2023,2023,292.66
A,Annual,ICCS0502,Theft,P_HTHAB,Per hundred thousand inhabitants,HR,Croatia,2024,2024,300.91
A,Annual,ICCS0502,Theft,P_HTHAB,Per hundred thousand inhabitants,IT,Italy,2023,2023,1505.73
A,Annual,ICCS0502,Theft,P_HTHAB,Per hundred thousand inhabitants,IT,Italy,2024,2024,1552.26
A,Annual,ICCS0502,Theft,P_HTHAB,Per hundred thousand inhabitants,CY,Cyprus,2023,2023,61.43
A,Annual,ICCS0502,Theft,P_HTHAB,Per hundred thousand inhabitants,CY,Cyprus,2024,2024,65.4
A,Annual,ICCS0502,Theft,P_HTHAB,Per hundred thousand inhabitants,LV,Latvia,2023,2023,565.21
A,Annual,ICCS0502,Theft,P_HTHAB,Per hundred thousand inhabitants,LV,Latvia,2024,2024,649.59
A,Annual,ICCS0502,Theft,P_HTHAB,Per hundred thousand inhabitants,LT,Lithuania,2023,2023,353.76
A,Annual,ICCS0502,Theft,P_HTHAB,Per hundred thousand inhabitants,LT,Lithuania,2024,2024,409.51
A,Annual,ICCS0502,Theft,P_HTHAB,Per hundred thousand inhabitants,LU,Luxembourg,2023,2023,2785.07
A,Annual,ICCS0502,Theft,P_HTHAB,Per hundred thousand inhabitants,LU,Luxembourg,2024,2024,2711.85
A,Annual,ICCS0502,Theft,P_HTHAB,Per hundred thousand inhabitants,HU,Hungary,2023,2023,530.58
A,Annual,ICCS0502,Theft,P_HTHAB,Per hundred thousand inhabitants,HU,Hungary,2024,2024,629.61
A,Annual,ICCS0502,Theft,P_HTHAB,Per hundred thousand inhabitants,MT,Malta,2023,2023,685.54
A,Annual,ICCS0502,Theft,P_HTHAB,Per hundred thousand inhabitants,MT,Malta,2024,2024,751.63
A,Annual,ICCS0502,Theft,P_HTHAB,Per hundred thousand inhabitants,NL,Netherlands,2023,2023,1377.72
A,Annual,ICCS0502,Theft,P_HTHAB,Per hundred thousand inhabitants,NL,Netherlands,2024,2024,1330.5
A,Annual,ICCS0502,Theft,P_HTHAB,Per hundred thousand inhabitants,AT,Austria,2023,2023,1212.1
A,Annual,ICCS0502,Theft,P_HTHAB,Per hundred thousand inhabitants,AT,Austria,2024,2024,1179.99
A,Annual,ICCS0502,Theft,P_HTHAB,Per hundred thousand inhabitants,PL,Poland,2023,2023,318.83
A,Annual,ICCS0502,Theft,P_HTHAB,Per hundred thousand inhabitants,PL,Poland,2024,2024,249.18
A,Annual,ICCS0502,Theft,P_HTHAB,Per hundred thousand inhabitants,PT,Portugal,2023,2023,714.33
A,Annual,ICCS0502,Theft,P_HTHAB,Per hundred thousand inhabitants,PT,Portugal,2024,2024,722.39
A,Annual,ICCS0502,Theft,P_HTHAB,Per hundred thousand inhabitants,RO,Romania,2023,2023,334.47
A,Annual,ICCS0502,Theft,P_HTHAB,Per hundred thousand inhabitants,RO,Romania,2024,2024,269.02
A,Annual,ICCS0502,Theft,P_HTHAB,Per hundred thousand inhabitants,SI,Slovenia,2023,2023,1175.83
A,Annual,ICCS0502,Theft,P_HTHAB,Per hundred thousand inhabitants,SI,Slovenia,2024,2024,1226.82
A,Annual,ICCS0502,Theft,P_HTHAB,Per hundred thousand inhabitants,SK,Slovakia,2023,2023,217.84
A,Annual,ICCS0502,Theft,P_HTHAB,Per hundred thousand inhabitants,SK,Slovakia,2024,2024,142.85
A,Annual,ICCS0502,Theft,P_HTHAB,Per hundred thousand inhabitants,FI,Finland,2023,2023,2292.3
A,Annual,ICCS0502,Theft,P_HTHAB,Per hundred thousand inhabitants,FI,Finland,2024,2024,2277.01
A,Annual,ICCS0502,Theft,P_HTHAB,Per hundred thousand inhabitants,SE,Sweden,2023,2023,2736.67
A,Annual,ICCS0502,Theft,P_HTHAB,Per hundred thousand inhabitants,SE,Sweden,2024,2024,2510.19
A,Annual,ICCS0502,Theft,P_HTHAB,Per hundred thousand inhabitants,IS,Iceland,2023,2023,935.89
A,Annual,ICCS0502,Theft,P_HTHAB,Per hundred thousand inhabitants,IS,Iceland,2024,2024,1002.17
A,Annual,ICCS0502,Theft,P_HTHAB,Per hundred thousand inhabitants,LI,Liechtenstein,2023,2023,640.17
A,Annual,ICCS0502,Theft,P_HTHAB,Per hundred thousand inhabitants,LI,Liechtenstein,2024,2024,639.76
A,Annual,ICCS0502,Theft,P_HTHAB,Per hundred thousand inhabitants,NO,Norway,2023,2023,2022.14
A,Annual,ICCS0502,Theft,P_HTHAB,Per hundred thousand inhabitants,NO,Norway,2024,2024,2099.91
A,Annual,ICCS0502,Theft,P_HTHAB,Per hundred thousand inhabitants,CH,Switzerland,2023,2023,1912.28
A,Annual,ICCS0502,Theft,P_HTHAB,Per hundred thousand inhabitants,CH,Switzerland,2024,2024,1966.09
A,Annual,ICCS0502,Theft,P_HTHAB,Per hundred thousand inhabitants,ME,Montenegro,2023,2023,53.84
A,Annual,ICCS0502,Theft,P_HTHAB,Per hundred thousand inhabitants,ME,Montenegro,2024,2024,57.72
A,Annual,ICCS0502,Theft,P_HTHAB,Per hundred thousand inhabitants,MK,North Macedonia,2023,2023,518.21
A,Annual,ICCS0502,Theft,P_HTHAB,Per hundred thousand inhabitants,MK,North Macedonia,2024,2024,440.85
A,Annual,ICCS0502,Theft,P_HTHAB,Per hundred thousand inhabitants,AL,Albania,2023,2023,84.51
A,Annual,ICCS0502,Theft,P_HTHAB,Per hundred thousand inhabitants,RS,Serbia,2023,2023,222.61
A,Annual,ICCS0502,Theft,P_HTHAB,Per hundred thousand inhabitants,RS,Serbia,2024,2024,210.79
A,Annual,ICCS0502,Theft,P_HTHAB,Per hundred thousand inhabitants,TR,Türkiye,2023,2023,213.04
A,Annual,ICCS0502,Theft,P_HTHAB,Per hundred thousand inhabitants,TR,Türkiye,2024,2024,100.69
A,Annual,ICCS05021,Theft of a motorized vehicle or parts thereof,NR,Number,BE,Belgium,2023,2023,11163.0
A,Annual,ICCS05021,Theft of a motorized vehicle or parts thereof,NR,Number,BE,Belgium,2024,2024,11156.0
A,Annual,ICCS05021,Theft of a motorized vehicle or parts thereof,NR,Number,BG,Bulgaria,2023,2023,1316.0
A,Annual,ICCS05021,Theft of a motorized vehicle or parts thereof,NR,Number,BG,Bulgaria,2024,2024,1185.0
A,Annual,ICCS05021,Theft of a motorized vehicle or parts thereof,NR,Number,CZ,Czechia,2023,2023,3069.0
A,Annual,ICCS05021,Theft of a motorized vehicle or parts thereof,NR,Number,CZ,Czechia,2024,2024,3041.0
A,Annual,ICCS05021,Theft of a motorized vehicle or parts thereof,NR,Number,DK,Denmark,2023,2023,1185.0
A,Annual,ICCS05021,Theft of a motorized vehicle or parts thereof,NR,Number,DK,Denmark,2024,2024,1175.0
A,Annual,ICCS05021,Theft of a motorized vehicle or parts thereof,NR,Number,DE,Germany,2023,2023,58899.0
A,Annual,ICCS05021,Theft of a motorized vehicle or parts thereof,NR,Number,DE,Germany,2024,2024,58183.0
A,Annual,ICCS05021,Theft of a motorized vehicle or parts thereof,NR,Number,EE,Estonia,2023,2023,124.0
A,Annual,ICCS05021,Theft of a motorized vehicle or parts thereof,NR,Number,IE,Ireland,2023,2023,4938.0
A,Annual,ICCS05021,Theft of a motorized vehicle or parts thereof,NR,Number,IE,Ireland,2024,2024,5184.0
A,Annual,ICCS05021,Theft of a motorized vehicle or parts thereof,NR,Number,EL,Greece,2023,2023,19223.0
A,Annual,ICCS05021,Theft of a motorized vehicle or parts thereof,NR,Number,EL,Greece,2024,2024,18063.0
A,Annual,ICCS05021,Theft of a motorized vehicle or parts thereof,NR,Number,ES,Spain,2023,2023,24940.0
A,Annual,ICCS05021,Theft of a motorized vehicle or parts thereof,NR,Number,ES,Spain,2024,2024,23472.0
A,Annual,ICCS05021,Theft of a motorized vehicle or parts thereof,NR,Number,FR,France,2023,2023,138673.0
A,Annual,ICCS05021,Theft of a motorized vehicle or parts thereof,NR,Number,FR,France,2024,2024,136246.0
A,Annual,ICCS05021,Theft of a motorized vehicle or parts thereof,NR,Number,HR,Croatia,2023,2023,1452.0
A,Annual,ICCS05021,Theft of a motorized vehicle or parts thereof,NR,Number,HR,Croatia,2024,2024,1586.0
A,Annual,ICCS05021,Theft of a motorized vehicle or parts thereof,NR,Number,IT,Italy,2023,2023,134105.0
A,Annual,ICCS05021,Theft of a motorized vehicle or parts thereof,NR,Number,IT,Italy,2024,2024,136544.0
A,Annual,ICCS05021,Theft of a motorized vehicle or parts thereof,NR,Number,CY,Cyprus,2023,2023,106.0
A,Annual,ICCS05021,Theft of a motorized vehicle or parts thereof,NR,Number,CY,Cyprus,2024,2024,127.0
A,Annual,ICCS05021,Theft of a motorized vehicle or parts thereof,NR,Number,LV,Latvia,2023,2023,457.0
A,Annual,ICCS05021,Theft of a motorized vehicle or parts thereof,NR,Number,LV,Latvia,2024,2024,375.0
A,Annual,ICCS05021,Theft of a motorized vehicle or parts thereof,NR,Number,LT,Lithuania,2023,2023,335.0
A,Annual,ICCS05021,Theft of a motorized vehicle or parts thereof,NR,Number,LT,Lithuania,2024,2024,779.0
A,Annual,ICCS05021,Theft of a motorized vehicle or parts thereof,NR,Number,LU,Luxembourg,2023,2023,2826.0
A,Annual,ICCS05021,Theft of a motorized vehicle or parts thereof,NR,Number,LU,Luxembourg,2024,2024,3777.0
A,Annual,ICCS05021,Theft of a motorized vehicle or parts thereof,NR,Number,MT,Malta,2023,2023,298.0
A,Annual,ICCS05021,Theft of a motorized vehicle or parts thereof,NR,Number,MT,Malta,2024,2024,222.0
A,Annual,ICCS05021,Theft of a motorized vehicle or parts thereof,NR,Number,NL,Netherlands,2023,2023,24100.0
A,Annual,ICCS05021,Theft of a motorized vehicle or parts thereof,NR,Number,NL,Netherlands,2024,2024,24175.0
A,Annual,ICCS05021,Theft of a motorized vehicle or parts thereof,NR,Number,AT,Austria,2023,2023,3401.0
A,Annual,ICCS05021,Theft of a motorized vehicle or parts thereof,NR,Number,AT,Austria,2024,2024,3589.0
A,Annual,ICCS05021,Theft of a motorized vehicle or parts thereof,NR,Number,PL,Poland,2023,2023,7909.0
A,Annual,ICCS05021,Theft of a motorized vehicle or parts thereof,NR,Number,PL,Poland,2024,2024,7148.0
A,Annual,ICCS05021,Theft of a motorized vehicle or parts thereof,NR,Number,PT,Portugal,2023,2023,8189.0
A,Annual,ICCS05021,Theft of a motorized vehicle or parts thereof,NR,Number,PT,Portugal,2024,2024,8354.0
A,Annual,ICCS05021,Theft of a motorized vehicle or parts thereof,NR,Number,RO,Romania,2023,2023,6228.0
A,Annual,ICCS05021,Theft of a motorized vehicle or parts thereof,NR,Number,RO,Romania,2024,2024,2643.0
A,Annual,ICCS05021,Theft of a motorized vehicle or parts thereof,NR,Number,SI,Slovenia,2023,2023,400.0
A,Annual,ICCS05021,Theft of a motorized vehicle or parts thereof,NR,Number,SI,Slovenia,2024,2024,399.0
A,Annual,ICCS05021,Theft of a motorized vehicle or parts thereof,NR,Number,SK,Slovakia,2023,2023,987.0
A,Annual,ICCS05021,Theft of a motorized vehicle or parts thereof,NR,Number,SK,Slovakia,2024,2024,786.0
A,Annual,ICCS05021,Theft of a motorized vehicle or parts thereof,NR,Number,FI,Finland,2023,2023,5038.0
A,Annual,ICCS05021,Theft of a motorized vehicle or parts thereof,NR,Number,FI,Finland,2024,2024,4975.0
A,Annual,ICCS05021,Theft of a motorized vehicle or parts thereof,NR,Number,SE,Sweden,2023,2023,38929.0
A,Annual,ICCS05021,Theft of a motorized vehicle or parts thereof,NR,Number,SE,Sweden,2024,2024,28242.0
A,Annual,ICCS05021,Theft of a motorized vehicle or parts thereof,NR,Number,IS,Iceland,2023,2023,16.0
A,Annual,ICCS05021,Theft of a motorized vehicle or parts thereof,NR,Number,IS,Iceland,2024,2024,11.0
A,Annual,ICCS05021,Theft of a motorized vehicle or parts thereof,NR,Number,LI,Liechtenstein,2023,2023,14.0
A,Annual,ICCS05021,Theft of a motorized vehicle or parts thereof,NR,Number,LI,Liechtenstein,2024,2024,20.0
A,Annual,ICCS05021,Theft of a motorized vehicle or parts thereof,NR,Number,NO,Norway,2023,2023,5167.0
A,Annual,ICCS05021,Theft of a motorized vehicle or parts thereof,NR,Number,NO,Norway,2024,2024,5619.0
A,Annual,ICCS05021,Theft of a motorized vehicle or parts thereof,NR,Number,CH,Switzerland,2023,2023,27101.0
A,Annual,ICCS05021,Theft of a motorized vehicle or parts thereof,NR,Number,CH,Switzerland,2024,2024,32022.0
A,Annual,ICCS05021,Theft of a motorized vehicle or parts thereof,NR,Number,BA,Bosnia and Herzegovina,2023,2023,190.0
A,Annual,ICCS05021,Theft of a motorized vehicle or parts thereof,NR,Number,BA,Bosnia and Herzegovina,2024,2024,153.0
A,Annual,ICCS05021,Theft of a motorized vehicle or parts thereof,NR,Number,ME,Montenegro,2023,2023,91.0
A,Annual,ICCS05021,Theft of a motorized vehicle or parts thereof,NR,Number,ME,Montenegro,2024,2024,41.0
A,Annual,ICCS05021,Theft of a motorized vehicle or parts thereof,NR,Number,MK,North Macedonia,2023,2023,256.0
A,Annual,ICCS05021,Theft of a motorized vehicle or parts thereof,NR,Number,MK,North Macedonia,2024,2024,234.0
A,Annual,ICCS05021,Theft of a motorized vehicle or parts thereof,NR,Number,AL,Albania,2023,2023,142.0
A,Annual,ICCS05021,Theft of a motorized vehicle or parts thereof,NR,Number,AL,Albania,2024,2024,113.0
A,Annual,ICCS05021,Theft of a motorized vehicle or parts thereof,NR,Number,RS,Serbia,2023,2023,452.0
A,Annual,ICCS05021,Theft of a motorized vehicle or parts thereof,NR,Number,RS,Serbia,2024,2024,393.0
A,Annual,ICCS05021,Theft of a motorized vehicle or parts thereof,P_HTHAB,Per hundred thousand inhabitants,BE,Belgium,2023,2023,95.06
A,Annual,ICCS05021,Theft of a motorized vehicle or parts thereof,P_HTHAB,Per hundred thousand inhabitants,BE,Belgium,2024,2024,94.41
A,Annual,ICCS05021,Theft of a motorized vehicle or parts thereof,P_HTHAB,Per hundred thousand inhabitants,BG,Bulgaria,2023,2023,20.41
A,Annual,ICCS05021,Theft of a motorized vehicle or parts thereof,P_HTHAB,Per hundred thousand inhabitants,BG,Bulgaria,2024,2024,18.38
A,Annual,ICCS05021,Theft of a motorized vehicle or parts thereof,P_HTHAB,Per hundred thousand inhabitants,CZ,Czechia,2023,2023,28.34
A,Annual,ICCS05021,Theft of a motorized vehicle or parts thereof,P_HTHAB,Per hundred thousand inhabitants,CZ,Czechia,2024,2024,27.9
A,Annual,ICCS05021,Theft of a motorized vehicle or parts thereof,P_HTHAB,Per hundred thousand inhabitants,DK,Denmark,2023,2023,19.97
A,Annual,ICCS05021,Theft of a motorized vehicle or parts thereof,P_HTHAB,Per hundred thousand inhabitants,DK,Denmark,2024,2024,19.71
A,Annual,ICCS05021,Theft of a motorized vehicle or parts thereof,P_HTHAB,Per hundred thousand inhabitants,DE,Germany,2023,2023,70.86
A,Annual,ICCS05021,Theft of a motorized vehicle or parts thereof,P_HTHAB,Per hundred thousand inhabitants,DE,Germany,2024,2024,69.72
A,Annual,ICCS05021,Theft of a motorized vehicle or parts thereof,P_HTHAB,Per hundred thousand inhabitants,EE,Estonia,2023,2023,9.08
A,Annual,ICCS05021,Theft of a motorized vehicle or parts thereof,P_HTHAB,Per hundred thousand inhabitants,IE,Ireland,2023,2023,93.68
A,Annual,ICCS05021,Theft of a motorized vehicle or parts thereof,P_HTHAB,Per hundred thousand inhabitants,IE,Ireland,2024,2024,96.87
A,Annual,ICCS05021,Theft of a motorized vehicle or parts thereof,P_HTHAB,Per hundred thousand inhabitants,EL,Greece,2023,2023,184.8
A,Annual,ICCS05021,Theft of a motorized vehicle or parts thereof,P_HTHAB,Per hundred thousand inhabitants,EL,Greece,2024,2024,174.09
A,Annual,ICCS05021,Theft of a motorized vehicle or parts thereof,P_HTHAB,Per hundred thousand inhabitants,ES,Spain,2023,2023,51.87
A,Annual,ICCS05021,Theft of a motorized vehicle or parts thereof,P_HTHAB,Per hundred thousand inhabitants,ES,Spain,2024,2024,48.28
A,Annual,ICCS05021,Theft of a motorized vehicle or parts thereof,P_HTHAB,Per hundred thousand inhabitants,FR,France,2023,2023,203.1
A,Annual,ICCS05021,Theft of a motorized vehicle or parts thereof,P_HTHAB,Per hundred thousand inhabitants,FR,France,2024,2024,198.41
A,Annual,ICCS05021,Theft of a motorized vehicle or parts thereof,P_HTHAB,Per hundred thousand inhabitants,HR,Croatia,2023,2023,37.71
A,Annual,ICCS05021,Theft of a motorized vehicle or parts thereof,P_HTHAB,Per hundred thousand inhabitants,HR,Croatia,2024,2024,41.07
A,Annual,ICCS05021,Theft of a motorized vehicle or parts thereof,P_HTHAB,Per hundred thousand inhabitants,IT,Italy,2023,2023,227.31
A,Annual,ICCS05021,Theft of a motorized vehicle or parts thereof,P_HTHAB,Per hundred thousand inhabitants,IT,Italy,2024,2024,231.54
A,Annual,ICCS05021,Theft of a motorized vehicle or parts thereof,P_HTHAB,Per hundred thousand inhabitants,CY,Cyprus,2023,2023,11.17
A,Annual,ICCS05021,Theft of a motorized vehicle or parts thereof,P_HTHAB,Per hundred thousand inhabitants,CY,Cyprus,2024,2024,13.14
A,Annual,ICCS05021,Theft of a motorized vehicle or parts thereof,P_HTHAB,Per hundred thousand inhabitants,LV,Latvia,2023,2023,24.11
A,Annual,ICCS05021,Theft of a motorized vehicle or parts thereof,P_HTHAB,Per hundred thousand inhabitants,LV,Latvia,2024,2024,19.96
A,Annual,ICCS05021,Theft of a motorized vehicle or parts thereof,P_HTHAB,Per hundred thousand inhabitants,LT,Lithuania,2023,2023,11.72
A,Annual,ICCS05021,Theft of a motorized vehicle or parts thereof,P_HTHAB,Per hundred thousand inhabitants,LT,Lithuania,2024,2024,26.99
A,Annual,ICCS05021,Theft of a motorized vehicle or parts thereof,P_HTHAB,Per hundred thousand inhabitants,LU,Luxembourg,2023,2023,427.66
A,Annual,ICCS05021,Theft of a motorized vehicle or parts thereof,P_HTHAB,Per hundred thousand inhabitants,LU,Luxembourg,2024,2024,562.01
A,Annual,ICCS05021,Theft of a motorized vehicle or parts thereof,P_HTHAB,Per hundred thousand inhabitants,MT,Malta,2023,2023,54.98
A,Annual,ICCS05021,Theft of a motorized vehicle or parts thereof,P_HTHAB,Per hundred thousand inhabitants,MT,Malta,2024,2024,39.4
A,Annual,ICCS05021,Theft of a motorized vehicle or parts thereof,P_HTHAB,Per hundred thousand inhabitants,NL,Netherlands,2023,2023,135.31
A,Annual,ICCS05021,Theft of a motorized vehicle or parts thereof,P_HTHAB,Per hundred thousand inhabitants,NL,Netherlands,2024,2024,134.73
A,Annual,ICCS05021,Theft of a motorized vehicle or parts thereof,P_HTHAB,Per hundred thousand inhabitants,AT,Austria,2023,2023,37.35
A,Annual,ICCS05021,Theft of a motorized vehicle or parts thereof,P_HTHAB,Per hundred thousand inhabitants,AT,Austria,2024,2024,39.19
A,Annual,ICCS05021,Theft of a motorized vehicle or parts thereof,P_HTHAB,Per hundred thousand inhabitants,PL,Poland,2023,2023,21.52
A,Annual,ICCS05021,Theft of a motorized vehicle or parts thereof,P_HTHAB,Per hundred thousand inhabitants,PL,Poland,2024,2024,19.52
A,Annual,ICCS05021,Theft of a motorized vehicle or parts thereof,P_HTHAB,Per hundred thousand inhabitants,PT,Portugal,2023,2023,77.87
A,Annual,ICCS05021,Theft of a motorized vehicle or parts thereof,P_HTHAB,Per hundred thousand inhabitants,PT,Portugal,2024,2024,78.52
A,Annual,ICCS05021,Theft of a motorized vehicle or parts thereof,P_HTHAB,Per hundred thousand inhabitants,RO,Romania,2023,2023,32.68
A,Annual,ICCS05021,Theft of a motorized vehicle or parts thereof,P_HTHAB,Per hundred thousand inhabitants,RO,Romania,2024,2024,13.86
A,Annual,ICCS05021,Theft of a motorized vehicle or parts thereof,P_HTHAB,Per hundred thousand inhabitants,SI,Slovenia,2023,2023,18.89
A,Annual,ICCS05021,Theft of a motorized vehicle or parts thereof,P_HTHAB,Per hundred thousand inhabitants,SI,Slovenia,2024,2024,18.79
A,Annual,ICCS05021,Theft of a motorized vehicle or parts thereof,P_HTHAB,Per hundred thousand inhabitants,SK,Slovakia,2023,2023,18.18
A,Annual,ICCS05021,Theft of a motorized vehicle or parts thereof,P_HTHAB,Per hundred thousand inhabitants,SK,Slovakia,2024,2024,14.49
A,Annual,ICCS05021,Theft of a motorized vehicle or parts thereof,P_HTHAB,Per hundred thousand inhabitants,FI,Finland,2023,2023,90.55
A,Annual,ICCS05021,Theft of a motorized vehicle or parts thereof,P_HTHAB,Per hundred thousand inhabitants,FI,Finland,2024,2024,88.78
A,Annual,ICCS05021,Theft of a motorized vehicle or parts thereof,P_HTHAB,Per hundred thousand inhabitants,SE,Sweden,2023,2023,369.99
A,Annual,ICCS05021,Theft of a motorized vehicle or parts thereof,P_HTHAB,Per hundred thousand inhabitants,SE,Sweden,2024,2024,267.65
A,Annual,ICCS05021,Theft of a motorized vehicle or parts thereof,P_HTHAB,Per hundred thousand inhabitants,IS,Iceland,2023,2023,4.13
A,Annual,ICCS05021,Theft of a motorized vehicle or parts thereof,P_HTHAB,Per hundred thousand inhabitants,IS,Iceland,2024,2024,2.87
A,Annual,ICCS05021,Theft of a motorized vehicle or parts thereof,P_HTHAB,Per hundred thousand inhabitants,LI,Liechtenstein,2023,2023,35.28
A,Annual,ICCS05021,Theft of a motorized vehicle or parts thereof,P_HTHAB,Per hundred thousand inhabitants,LI,Liechtenstein,2024,2024,49.98
A,Annual,ICCS05021,Theft of a motorized vehicle or parts thereof,P_HTHAB,Per hundred thousand inhabitants,NO,Norway,2023,2023,94.13
A,Annual,ICCS05021,Theft of a motorized vehicle or parts thereof,P_HTHAB,Per hundred thousand inhabitants,NO,Norway,2024,2024,101.24
A,Annual,ICCS05021,Theft of a motorized vehicle or parts thereof,P_HTHAB,Per hundred thousand inhabitants,CH,Switzerland,2023,2023,307.43
A,Annual,ICCS05021,Theft of a motorized vehicle or parts thereof,P_HTHAB,Per hundred thousand inhabitants,CH,Switzerland,2024,2024,357.3
A,Annual,ICCS05021,Theft of a motorized vehicle or parts thereof,P_HTHAB,Per hundred thousand inhabitants,ME,Montenegro,2023,2023,14.76
A,Annual,ICCS05021,Theft of a motorized vehicle or parts thereof,P_HTHAB,Per hundred thousand inhabitants,ME,Montenegro,2024,2024,6.57
A,Annual,ICCS05021,Theft of a motorized vehicle or parts thereof,P_HTHAB,Per hundred thousand inhabitants,MK,North Macedonia,2023,2023,13.99
A,Annual,ICCS05021,Theft of a motorized vehicle or parts thereof,P_HTHAB,Per hundred thousand inhabitants,MK,North Macedonia,2024,2024,12.81
A,Annual,ICCS05021,Theft of a motorized vehicle or parts thereof,P_HTHAB,Per hundred thousand inhabitants,AL,Albania,2023,2023,5.14
A,Annual,ICCS05021,Theft of a motorized vehicle or parts thereof,P_HTHAB,Per hundred thousand inhabitants,RS,Serbia,2023,2023,6.81
A,Annual,ICCS05021,Theft of a motorized vehicle or parts thereof,P_HTHAB,Per hundred thousand inhabitants,RS,Serbia,2024,2024,5.95
A,Annual,ICCS0601,Unlawful acts involving controlled drugs or precursors,NR,Number,BE,Belgium,2023,2023,60823.0
A,Annual,ICCS0601,Unlawful acts involving controlled drugs or precursors,NR,Number,BE,Belgium,2024,2024,60152.0
A,Annual,ICCS0601,Unlawful acts involving controlled drugs or precursors,NR,Number,BG,Bulgaria,2023,2023,5691.0
A,Annual,ICCS0601,Unlawful acts involving controlled drugs or precursors,NR,Number,BG,Bulgaria,2024,2024,6713.0
A,Annual,ICCS0601,Unlawful acts involving controlled drugs or precursors,NR,Number,CZ,Czechia,2023,2023,4328.0
A,Annual,ICCS0601,Unlawful acts involving controlled drugs or precursors,NR,Number,CZ,Czechia,2024,2024,4224.0
A,Annual,ICCS0601,Unlawful acts involving controlled drugs or precursors,NR,Number,DK,Denmark,2023,2023,29934.0
A,Annual,ICCS0601,Unlawful acts involving controlled drugs or precursors,NR,Number,DK,Denmark,2024,2024,28469.0
A,Annual,ICCS0601,Unlawful acts involving controlled drugs or precursors,NR,Number,DE,Germany,2023,2023,346877.0
A,Annual,ICCS0601,Unlawful acts involving controlled drugs or precursors,NR,Number,DE,Germany,2024,2024,228104.0
A,Annual,ICCS0601,Unlawful acts involving controlled drugs or precursors,NR,Number,EE,Estonia,2023,2023,3301.0
A,Annual,ICCS0601,Unlawful acts involving controlled drugs or precursors,NR,Number,EE,Estonia,2024,2024,3110.0
A,Annual,ICCS0601,Unlawful acts involving controlled drugs or precursors,NR,Number,IE,Ireland,2023,2023,16665.0
A,Annual,ICCS0601,Unlawful acts involving controlled drugs or precursors,NR,Number,IE,Ireland,2024,2024,15429.0
A,Annual,ICCS0601,Unlawful acts involving controlled drugs or precursors,NR,Number,EL,Greece,2023,2023,12713.0
A,Annual,ICCS0601,Unlawful acts involving controlled drugs or precursors,NR,Number,EL,Greece,2024,2024,15140.0
A,Annual,ICCS0601,Unlawful acts involving controlled drugs or precursors,NR,Number,ES,Spain,2023,2023,21033.0
A,Annual,ICCS0601,Unlawful acts involving controlled drugs or precursors,NR,Number,ES,Spain,2024,2024,21540.0
A,Annual,ICCS0601,Unlawful acts involving controlled drugs or precursors,NR,Number,FR,France,2023,2023,346682.0
A,Annual,ICCS0601,Unlawful acts involving controlled drugs or precursors,NR,Number,FR,France,2024,2024,384307.0
A,Annual,ICCS0601,Unlawful acts involving controlled drugs or precursors,NR,Number,HR,Croatia,2023,2023,10356.0
A,Annual,ICCS0601,Unlawful acts involving controlled drugs or precursors,NR,Number,HR,Croatia,2024,2024,11241.0
A,Annual,ICCS0601,Unlawful acts involving controlled drugs or precursors,NR,Number,IT,Italy,2023,2023,30365.0
A,Annual,ICCS0601,Unlawful acts involving controlled drugs or precursors,NR,Number,IT,Italy,2024,2024,31841.0
A,Annual,ICCS0601,Unlawful acts involving controlled drugs or precursors,NR,Number,CY,Cyprus,2023,2023,1094.0
A,Annual,ICCS0601,Unlawful acts involving controlled drugs or precursors,NR,Number,CY,Cyprus,2024,2024,1062.0
A,Annual,ICCS0601,Unlawful acts involving controlled drugs or precursors,NR,Number,LV,Latvia,2023,2023,1350.0
A,Annual,ICCS0601,Unlawful acts involving controlled drugs or precursors,NR,Number,LV,Latvia,2024,2024,1290.0
A,Annual,ICCS0601,Unlawful acts involving controlled drugs or precursors,NR,Number,LT,Lithuania,2023,2023,3811.0
A,Annual,ICCS0601,Unlawful acts involving controlled drugs or precursors,NR,Number,LT,Lithuania,2024,2024,4383.0
A,Annual,ICCS0601,Unlawful acts involving controlled drugs or precursors,NR,Number,LU,Luxembourg,2023,2023,3129.0
A,Annual,ICCS0601,Unlawful acts involving controlled drugs or precursors,NR,Number,LU,Luxembourg,2024,2024,2807.0
A,Annual,ICCS0601,Unlawful acts involving controlled drugs or precursors,NR,Number,HU,Hungary,2023,2023,6589.0
A,Annual,ICCS0601,Unlawful acts involving controlled drugs or precursors,NR,Number,HU,Hungary,2024,2024,6671.0
A,Annual,ICCS0601,Unlawful acts involving controlled drugs or precursors,NR,Number,MT,Malta,2023,2023,200.0
A,Annual,ICCS0601,Unlawful acts involving controlled drugs or precursors,NR,Number,MT,Malta,2024,2024,217.0
A,Annual,ICCS0601,Unlawful acts involving controlled drugs or precursors,NR,Number,NL,Netherlands,2023,2023,13615.0
A,Annual,ICCS0601,Unlawful acts involving controlled drugs or precursors,NR,Number,NL,Netherlands,2024,2024,14470.0
A,Annual,ICCS0601,Unlawful acts involving controlled drugs or precursors,NR,Number,AT,Austria,2023,2023,35737.0
A,Annual,ICCS0601,Unlawful acts involving controlled drugs or precursors,NR,Number,AT,Austria,2024,2024,37770.0
A,Annual,ICCS0601,Unlawful acts involving controlled drugs or precursors,NR,Number,PL,Poland,2023,2023,67346.0
A,Annual,ICCS0601,Unlawful acts involving controlled drugs or precursors,NR,Number,PL,Poland,2024,2024,71139.0
A,Annual,ICCS0601,Unlawful acts involving controlled drugs or precursors,NR,Number,PT,Portugal,2023,2023,7661.0
A,Annual,ICCS0601,Unlawful acts involving controlled drugs or precursors,NR,Number,PT,Portugal,2024,2024,5711.0
A,Annual,ICCS0601,Unlawful acts involving controlled drugs or precursors,NR,Number,RO,Romania,2023,2023,12775.0
A,Annual,ICCS0601,Unlawful acts involving controlled drugs or precursors,NR,Number,RO,Romania,2024,2024,12034.0
A,Annual,ICCS0601,Unlawful acts involving controlled drugs or precursors,NR,Number,SI,Slovenia,2023,2023,1296.0
A,Annual,ICCS0601,Unlawful acts involving controlled drugs or precursors,NR,Number,SI,Slovenia,2024,2024,930.0
A,Annual,ICCS0601,Unlawful acts involving controlled drugs or precursors,NR,Number,SK,Slovakia,2023,2023,1392.0
A,Annual,ICCS0601,Unlawful acts involving controlled drugs or precursors,NR,Number,SK,Slovakia,2024,2024,1287.0
A,Annual,ICCS0601,Unlawful acts involving controlled drugs or precursors,NR,Number,FI,Finland,2023,2023,26872.0
A,Annual,ICCS0601,Unlawful acts involving controlled drugs or precursors,NR,Number,FI,Finland,2024,2024,25642.0
A,Annual,ICCS0601,Unlawful acts involving controlled drugs or precursors,NR,Number,SE,Sweden,2023,2023,115164.0
A,Annual,ICCS0601,Unlawful acts involving controlled drugs or precursors,NR,Number,SE,Sweden,2024,2024,134440.0
A,Annual,ICCS0601,Unlawful acts involving controlled drugs or precursors,NR,Number,IS,Iceland,2023,2023,1807.0
A,Annual,ICCS0601,Unlawful acts involving controlled drugs or precursors,NR,Number,IS,Iceland,2024,2024,1762.0
A,Annual,ICCS0601,Unlawful acts involving controlled drugs or precursors,NR,Number,LI,Liechtenstein,2023,2023,762.0
A,Annual,ICCS0601,Unlawful acts involving controlled drugs or precursors,NR,Number,LI,Liechtenstein,2024,2024,404.0
A,Annual,ICCS0601,Unlawful acts involving controlled drugs or precursors,NR,Number,NO,Norway,2023,2023,16146.0
A,Annual,ICCS0601,Unlawful acts involving controlled drugs or precursors,NR,Number,NO,Norway,2024,2024,17173.0
A,Annual,ICCS0601,Unlawful acts involving controlled drugs or precursors,NR,Number,CH,Switzerland,2023,2023,54458.0
A,Annual,ICCS0601,Unlawful acts involving controlled drugs or precursors,NR,Number,CH,Switzerland,2024,2024,48208.0
A,Annual,ICCS0601,Unlawful acts involving controlled drugs or precursors,NR,Number,BA,Bosnia and Herzegovina,2023,2023,4799.0
A,Annual,ICCS0601,Unlawful acts involving controlled drugs or precursors,NR,Number,BA,Bosnia and Herzegovina,2024,2024,5037.0
A,Annual,ICCS0601,Unlawful acts involving controlled drugs or precursors,NR,Number,ME,Montenegro,2023,2023,381.0
A,Annual,ICCS0601,Unlawful acts involving controlled drugs or precursors,NR,Number,ME,Montenegro,2024,2024,296.0
A,Annual,ICCS0601,Unlawful acts involving controlled drugs or precursors,NR,Number,MK,North Macedonia,2023,2023,815.0
A,Annual,ICCS0601,Unlawful acts involving controlled drugs or precursors,NR,Number,MK,North Macedonia,2024,2024,891.0
A,Annual,ICCS0601,Unlawful acts involving controlled drugs or precursors,NR,Number,AL,Albania,2023,2023,3105.0
A,Annual,ICCS0601,Unlawful acts involving controlled drugs or precursors,NR,Number,AL,Albania,2024,2024,2908.0
A,Annual,ICCS0601,Unlawful acts involving controlled drugs or precursors,NR,Number,RS,Serbia,2023,2023,10146.0
A,Annual,ICCS0601,Unlawful acts involving controlled drugs or precursors,NR,Number,RS,Serbia,2024,2024,11859.0
A,Annual,ICCS0601,Unlawful acts involving controlled drugs or precursors,P_HTHAB,Per hundred thousand inhabitants,BE,Belgium,2023,2023,517.96
A,Annual,ICCS0601,Unlawful acts involving controlled drugs or precursors,P_HTHAB,Per hundred thousand inhabitants,BE,Belgium,2024,2024,509.03
A,Annual,ICCS0601,Unlawful acts involving controlled drugs or precursors,P_HTHAB,Per hundred thousand inhabitants,BG,Bulgaria,2023,2023,88.26
A,Annual,ICCS0601,Unlawful acts involving controlled drugs or precursors,P_HTHAB,Per hundred thousand inhabitants,BG,Bulgaria,2024,2024,104.15
A,Annual,ICCS0601,Unlawful acts involving controlled drugs or precursors,P_HTHAB,Per hundred thousand inhabitants,CZ,Czechia,2023,2023,39.97
A,Annual,ICCS0601,Unlawful acts involving controlled drugs or precursors,P_HTHAB,Per hundred thousand inhabitants,CZ,Czechia,2024,2024,38.75
A,Annual,ICCS0601,Unlawful acts involving controlled drugs or precursors,P_HTHAB,Per hundred thousand inhabitants,DK,Denmark,2023,2023,504.56
A,Annual,ICCS0601,Unlawful acts involving controlled drugs or precursors,P_HTHAB,Per hundred thousand inhabitants,DK,Denmark,2024,2024,477.57
A,Annual,ICCS0601,Unlawful acts involving controlled drugs or precursors,P_HTHAB,Per hundred thousand inhabitants,DE,Germany,2023,2023,417.33
A,Annual,ICCS0601,Unlawful acts involving controlled drugs or precursors,P_HTHAB,Per hundred thousand inhabitants,DE,Germany,2024,2024,273.32
A,Annual,ICCS0601,Unlawful acts involving controlled drugs or precursors,P_HTHAB,Per hundred thousand inhabitants,EE,Estonia,2023,2023,241.67
A,Annual,ICCS0601,Unlawful acts involving controlled drugs or precursors,P_HTHAB,Per hundred thousand inhabitants,EE,Estonia,2024,2024,226.23
A,Annual,ICCS0601,Unlawful acts involving controlled drugs or precursors,P_HTHAB,Per hundred thousand inhabitants,IE,Ireland,2023,2023,316.14
A,Annual,ICCS0601,Unlawful acts involving controlled drugs or precursors,P_HTHAB,Per hundred thousand inhabitants,IE,Ireland,2024,2024,288.3
A,Annual,ICCS0601,Unlawful acts involving controlled drugs or precursors,P_HTHAB,Per hundred thousand inhabitants,EL,Greece,2023,2023,122.08
A,Annual,ICCS0601,Unlawful acts involving controlled drugs or precursors,P_HTHAB,Per hundred thousand inhabitants,EL,Greece,2024,2024,145.92
A,Annual,ICCS0601,Unlawful acts involving controlled drugs or precursors,P_HTHAB,Per hundred thousand inhabitants,ES,Spain,2023,2023,43.74
A,Annual,ICCS0601,Unlawful acts involving controlled drugs or precursors,P_HTHAB,Per hundred thousand inhabitants,ES,Spain,2024,2024,44.3
A,Annual,ICCS0601,Unlawful acts involving controlled drugs or precursors,P_HTHAB,Per hundred thousand inhabitants,FR,France,2023,2023,507.76
A,Annual,ICCS0601,Unlawful acts involving controlled drugs or precursors,P_HTHAB,Per hundred thousand inhabitants,FR,France,2024,2024,559.65
A,Annual,ICCS0601,Unlawful acts involving controlled drugs or precursors,P_HTHAB,Per hundred thousand inhabitants,HR,Croatia,2023,2023,268.92
A,Annual,ICCS0601,Unlawful acts involving controlled drugs or precursors,P_HTHAB,Per hundred thousand inhabitants,HR,Croatia,2024,2024,291.07
A,Annual,ICCS0601,Unlawful acts involving controlled drugs or precursors,P_HTHAB,Per hundred thousand inhabitants,IT,Italy,2023,2023,51.47
A,Annual,ICCS0601,Unlawful acts involving controlled drugs or precursors,P_HTHAB,Per hundred thousand inhabitants,IT,Italy,2024,2024,53.99
A,Annual,ICCS0601,Unlawful acts involving controlled drugs or precursors,P_HTHAB,Per hundred thousand inhabitants,CY,Cyprus,2023,2023,115.27
A,Annual,ICCS0601,Unlawful acts involving controlled drugs or precursors,P_HTHAB,Per hundred thousand inhabitants,CY,Cyprus,2024,2024,109.9
A,Annual,ICCS0601,Unlawful acts involving controlled drugs or precursors,P_HTHAB,Per hundred thousand inhabitants,LV,Latvia,2023,2023,71.69
A,Annual,ICCS0601,Unlawful acts involving controlled drugs or precursors,P_HTHAB,Per hundred thousand inhabitants,LV,Latvia,2024,2024,68.67
A,Annual,ICCS0601,Unlawful acts involving controlled drugs or precursors,P_HTHAB,Per hundred thousand inhabitants,LT,Lithuania,2023,2023,133.38
A,Annual,ICCS0601,Unlawful acts involving controlled drugs or precursors,P_HTHAB,Per hundred thousand inhabitants,LT,Lithuania,2024,2024,151.88
A,Annual,ICCS0601,Unlawful acts involving controlled drugs or precursors,P_HTHAB,Per hundred thousand inhabitants,LU,Luxembourg,2023,2023,473.51
A,Annual,ICCS0601,Unlawful acts involving controlled drugs or precursors,P_HTHAB,Per hundred thousand inhabitants,LU,Luxembourg,2024,2024,417.68
A,Annual,ICCS0601,Unlawful acts involving controlled drugs or precursors,P_HTHAB,Per hundred thousand inhabitants,HU,Hungary,2023,2023,68.64
A,Annual,ICCS0601,Unlawful acts involving controlled drugs or precursors,P_HTHAB,Per hundred thousand inhabitants,HU,Hungary,2024,2024,69.6
A,Annual,ICCS0601,Unlawful acts involving controlled drugs or precursors,P_HTHAB,Per hundred thousand inhabitants,MT,Malta,2023,2023,36.9
A,Annual,ICCS0601,Unlawful acts involving controlled drugs or precursors,P_HTHAB,Per hundred thousand inhabitants,MT,Malta,2024,2024,38.51
A,Annual,ICCS0601,Unlawful acts involving controlled drugs or precursors,P_HTHAB,Per hundred thousand inhabitants,NL,Netherlands,2023,2023,76.44
A,Annual,ICCS0601,Unlawful acts involving controlled drugs or precursors,P_HTHAB,Per hundred thousand inhabitants,NL,Netherlands,2024,2024,80.64
A,Annual,ICCS0601,Unlawful acts involving controlled drugs or precursors,P_HTHAB,Per hundred thousand inhabitants,AT,Austria,2023,2023,392.51
A,Annual,ICCS0601,Unlawful acts involving controlled drugs or precursors,P_HTHAB,Per hundred thousand inhabitants,AT,Austria,2024,2024,412.39
A,Annual,ICCS0601,Unlawful acts involving controlled drugs or precursors,P_HTHAB,Per hundred thousand inhabitants,PL,Poland,2023,2023,183.24
A,Annual,ICCS0601,Unlawful acts involving controlled drugs or precursors,P_HTHAB,Per hundred thousand inhabitants,PL,Poland,2024,2024,194.26
A,Annual,ICCS0601,Unlawful acts involving controlled drugs or precursors,P_HTHAB,Per hundred thousand inhabitants,PT,Portugal,2023,2023,72.85
A,Annual,ICCS0601,Unlawful acts involving controlled drugs or precursors,P_HTHAB,Per hundred thousand inhabitants,PT,Portugal,2024,2024,53.68
A,Annual,ICCS0601,Unlawful acts involving controlled drugs or precursors,P_HTHAB,Per hundred thousand inhabitants,RO,Romania,2023,2023,67.04
A,Annual,ICCS0601,Unlawful acts involving controlled drugs or precursors,P_HTHAB,Per hundred thousand inhabitants,RO,Romania,2024,2024,63.11
A,Annual,ICCS0601,Unlawful acts involving controlled drugs or precursors,P_HTHAB,Per hundred thousand inhabitants,SI,Slovenia,2023,2023,61.22
A,Annual,ICCS0601,Unlawful acts involving controlled drugs or precursors,P_HTHAB,Per hundred thousand inhabitants,SI,Slovenia,2024,2024,43.79
A,Annual,ICCS0601,Unlawful acts involving controlled drugs or precursors,P_HTHAB,Per hundred thousand inhabitants,SK,Slovakia,2023,2023,25.64
A,Annual,ICCS0601,Unlawful acts involving controlled drugs or precursors,P_HTHAB,Per hundred thousand inhabitants,SK,Slovakia,2024,2024,23.72
A,Annual,ICCS0601,Unlawful acts involving controlled drugs or precursors,P_HTHAB,Per hundred thousand inhabitants,FI,Finland,2023,2023,482.96
A,Annual,ICCS0601,Unlawful acts involving controlled drugs or precursors,P_HTHAB,Per hundred thousand inhabitants,FI,Finland,2024,2024,457.58
A,Annual,ICCS0601,Unlawful acts involving controlled drugs or precursors,P_HTHAB,Per hundred thousand inhabitants,SE,Sweden,2023,2023,1094.55
A,Annual,ICCS0601,Unlawful acts involving controlled drugs or precursors,P_HTHAB,Per hundred thousand inhabitants,SE,Sweden,2024,2024,1274.11
A,Annual,ICCS0601,Unlawful acts involving controlled drugs or precursors,P_HTHAB,Per hundred thousand inhabitants,IS,Iceland,2023,2023,466.01
A,Annual,ICCS0601,Unlawful acts involving controlled drugs or precursors,P_HTHAB,Per hundred thousand inhabitants,IS,Iceland,2024,2024,459.37
A,Annual,ICCS0601,Unlawful acts involving controlled drugs or precursors,P_HTHAB,Per hundred thousand inhabitants,LI,Liechtenstein,2023,2023,1920.51
A,Annual,ICCS0601,Unlawful acts involving controlled drugs or precursors,P_HTHAB,Per hundred thousand inhabitants,LI,Liechtenstein,2024,2024,1009.62
A,Annual,ICCS0601,Unlawful acts involving controlled drugs or precursors,P_HTHAB,Per hundred thousand inhabitants,NO,Norway,2023,2023,294.15
A,Annual,ICCS0601,Unlawful acts involving controlled drugs or precursors,P_HTHAB,Per hundred thousand inhabitants,NO,Norway,2024,2024,309.41
A,Annual,ICCS0601,Unlawful acts involving controlled drugs or precursors,P_HTHAB,Per hundred thousand inhabitants,CH,Switzerland,2023,2023,617.76
A,Annual,ICCS0601,Unlawful acts involving controlled drugs or precursors,P_HTHAB,Per hundred thousand inhabitants,CH,Switzerland,2024,2024,537.9
A,Annual,ICCS0601,Unlawful acts involving controlled drugs or precursors,P_HTHAB,Per hundred thousand inhabitants,ME,Montenegro,2023,2023,61.78
A,Annual,ICCS0601,Unlawful acts involving controlled drugs or precursors,P_HTHAB,Per hundred thousand inhabitants,ME,Montenegro,2024,2024,47.46
A,Annual,ICCS0601,Unlawful acts involving controlled drugs or precursors,P_HTHAB,Per hundred thousand inhabitants,MK,North Macedonia,2023,2023,44.54
A,Annual,ICCS0601,Unlawful acts involving controlled drugs or precursors,P_HTHAB,Per hundred thousand inhabitants,MK,North Macedonia,2024,2024,48.79
A,Annual,ICCS0601,Unlawful acts involving controlled drugs or precursors,P_HTHAB,Per hundred thousand inhabitants,AL,Albania,2023,2023,112.43
A,Annual,ICCS0601,Unlawful acts involving controlled drugs or precursors,P_HTHAB,Per hundred thousand inhabitants,RS,Serbia,2023,2023,152.77
A,Annual,ICCS0601,Unlawful acts involving controlled drugs or precursors,P_HTHAB,Per hundred thousand inhabitants,RS,Serbia,2024,2024,179.54
A,Annual,ICCS0701,Fraud,NR,Number,BE,Belgium,2023,2023,121795.0
A,Annual,ICCS0701,Fraud,NR,Number,BE,Belgium,2024,2024,123126.0
A,Annual,ICCS0701,Fraud,NR,Number,BG,Bulgaria,2023,2023,2379.0
A,Annual,ICCS0701,Fraud,NR,Number,BG,Bulgaria,2024,2024,2748.0
A,Annual,ICCS0701,Fraud,NR,Number,CZ,Czechia,2023,2023,16926.0
A,Annual,ICCS0701,Fraud,NR,Number,CZ,Czechia,2024,2024,17986.0
A,Annual,ICCS0701,Fraud,NR,Number,DK,Denmark,2023,2023,58514.0
A,Annual,ICCS0701,Fraud,NR,Number,DK,Denmark,2024,2024,61591.0
A,Annual,ICCS0701,Fraud,NR,Number,DE,Germany,2023,2023,757658.0
A,Annual,ICCS0701,Fraud,NR,Number,DE,Germany,2024,2024,746397.0
A,Annual,ICCS0701,Fraud,NR,Number,EE,Estonia,2023,2023,3258.0
A,Annual,ICCS0701,Fraud,NR,Number,EE,Estonia,2024,2024,3706.0
A,Annual,ICCS0701,Fraud,NR,Number,IE,Ireland,2024,2024,11507.0
A,Annual,ICCS0701,Fraud,NR,Number,EL,Greece,2023,2023,8954.0
A,Annual,ICCS0701,Fraud,NR,Number,EL,Greece,2024,2024,9047.0
A,Annual,ICCS0701,Fraud,NR,Number,ES,Spain,2023,2023,533379.0
A,Annual,ICCS0701,Fraud,NR,Number,ES,Spain,2024,2024,517271.0
A,Annual,ICCS0701,Fraud,NR,Number,FR,France,2023,2023,333277.0
A,Annual,ICCS0701,Fraud,NR,Number,FR,France,2024,2024,346548.0
A,Annual,ICCS0701,Fraud,NR,Number,HR,Croatia,2023,2023,3748.0
A,Annual,ICCS0701,Fraud,NR,Number,HR,Croatia,2024,2024,4685.0
A,Annual,ICCS0701,Fraud,NR,Number,IT,Italy,2023,2023,450242.0
A,Annual,ICCS0701,Fraud,NR,Number,IT,Italy,2024,2024,432063.0
A,Annual,ICCS0701,Fraud,NR,Number,CY,Cyprus,2023,2023,577.0
A,Annual,ICCS0701,Fraud,NR,Number,CY,Cyprus,2024,2024,472.0
A,Annual,ICCS0701,Fraud,NR,Number,LV,Latvia,2023,2023,2586.0
A,Annual,ICCS0701,Fraud,NR,Number,LV,Latvia,2024,2024,2858.0
A,Annual,ICCS0701,Fraud,NR,Number,LT,Lithuania,2023,2023,4154.0
A,Annual,ICCS0701,Fraud,NR,Number,LT,Lithuania,2024,2024,4916.0
A,Annual,ICCS0701,Fraud,NR,Number,LU,Luxembourg,2023,2023,6143.0
A,Annual,ICCS0701,Fraud,NR,Number,LU,Luxembourg,2024,2024,6382.0
A,Annual,ICCS0701,Fraud,NR,Number,HU,Hungary,2023,2023,28283.0
A,Annual,ICCS0701,Fraud,NR,Number,HU,Hungary,2024,2024,41753.0
A,Annual,ICCS0701,Fraud,NR,Number,MT,Malta,2023,2023,2855.0
A,Annual,ICCS0701,Fraud,NR,Number,MT,Malta,2024,2024,2347.0
A,Annual,ICCS0701,Fraud,NR,Number,AT,Austria,2023,2023,81622.0
A,Annual,ICCS0701,Fraud,NR,Number,AT,Austria,2024,2024,79903.0
A,Annual,ICCS0701,Fraud,NR,Number,PL,Poland,2023,2023,169428.0
A,Annual,ICCS0701,Fraud,NR,Number,PL,Poland,2024,2024,172497.0
A,Annual,ICCS0701,Fraud,NR,Number,PT,Portugal,2023,2023,52238.0
A,Annual,ICCS0701,Fraud,NR,Number,PT,Portugal,2024,2024,45487.0
A,Annual,ICCS0701,Fraud,NR,Number,RO,Romania,2023,2023,12831.0
A,Annual,ICCS0701,Fraud,NR,Number,RO,Romania,2024,2024,14583.0
A,Annual,ICCS0701,Fraud,NR,Number,SI,Slovenia,2023,2023,4333.0
A,Annual,ICCS0701,Fraud,NR,Number,SI,Slovenia,2024,2024,6122.0
A,Annual,ICCS0701,Fraud,NR,Number,SK,Slovakia,2023,2023,2459.0
A,Annual,ICCS0701,Fraud,NR,Number,SK,Slovakia,2024,2024,1449.0
A,Annual,ICCS0701,Fraud,NR,Number,FI,Finland,2023,2023,65023.0
A,Annual,ICCS0701,Fraud,NR,Number,FI,Finland,2024,2024,70983.0
A,Annual,ICCS0701,Fraud,NR,Number,SE,Sweden,2023,2023,295406.0
A,Annual,ICCS0701,Fraud,NR,Number,SE,Sweden,2024,2024,292612.0
A,Annual,ICCS0701,Fraud,NR,Number,IS,Iceland,2023,2023,545.0
A,Annual,ICCS0701,Fraud,NR,Number,IS,Iceland,2024,2024,478.0
A,Annual,ICCS0701,Fraud,NR,Number,LI,Liechtenstein,2024,2024,213.0
A,Annual,ICCS0701,Fraud,NR,Number,NO,Norway,2023,2023,25986.0
A,Annual,ICCS0701,Fraud,NR,Number,NO,Norway,2024,2024,29484.0
A,Annual,ICCS0701,Fraud,NR,Number,CH,Switzerland,2023,2023,31935.0
A,Annual,ICCS0701,Fraud,NR,Number,CH,Switzerland,2024,2024,36947.0
A,Annual,ICCS0701,Fraud,NR,Number,BA,Bosnia and Herzegovina,2023,2023,529.0
A,Annual,ICCS0701,Fraud,NR,Number,BA,Bosnia and Herzegovina,2024,2024,442.0
A,Annual,ICCS0701,Fraud,NR,Number,ME,Montenegro,2024,2024,161.0
A,Annual,ICCS0701,Fraud,NR,Number,MK,North Macedonia,2023,2023,268.0
A,Annual,ICCS0701,Fraud,NR,Number,MK,North Macedonia,2024,2024,254.0
A,Annual,ICCS0701,Fraud,NR,Number,AL,Albania,2023,2023,949.0
A,Annual,ICCS0701,Fraud,NR,Number,AL,Albania,2024,2024,802.0
A,Annual,ICCS0701,Fraud,NR,Number,RS,Serbia,2023,2023,2832.0
A,Annual,ICCS0701,Fraud,NR,Number,RS,Serbia,2024,2024,2645.0
A,Annual,ICCS0701,Fraud,P_HTHAB,Per hundred thousand inhabitants,BE,Belgium,2023,2023,1037.19
A,Annual,ICCS0701,Fraud,P_HTHAB,Per hundred thousand inhabitants,BE,Belgium,2024,2024,1041.93
A,Annual,ICCS0701,Fraud,P_HTHAB,Per hundred thousand inhabitants,BG,Bulgaria,2023,2023,36.9
A,Annual,ICCS0701,Fraud,P_HTHAB,Per hundred thousand inhabitants,BG,Bulgaria,2024,2024,42.63
A,Annual,ICCS0701,Fraud,P_HTHAB,Per hundred thousand inhabitants,CZ,Czechia,2023,2023,156.32
A,Annual,ICCS0701,Fraud,P_HTHAB,Per hundred thousand inhabitants,CZ,Czechia,2024,2024,165.0
A,Annual,ICCS0701,Fraud,P_HTHAB,Per hundred thousand inhabitants,DK,Denmark,2023,2023,986.3
A,Annual,ICCS0701,Fraud,P_HTHAB,Per hundred thousand inhabitants,DK,Denmark,2024,2024,1033.19
A,Annual,ICCS0701,Fraud,P_HTHAB,Per hundred thousand inhabitants,DE,Germany,2023,2023,911.54
A,Annual,ICCS0701,Fraud,P_HTHAB,Per hundred thousand inhabitants,DE,Germany,2024,2024,894.36
A,Annual,ICCS0701,Fraud,P_HTHAB,Per hundred thousand inhabitants,EE,Estonia,2023,2023,238.53
A,Annual,ICCS0701,Fraud,P_HTHAB,Per hundred thousand inhabitants,EE,Estonia,2024,2024,269.59
A,Annual,ICCS0701,Fraud,P_HTHAB,Per hundred thousand inhabitants,IE,Ireland,2024,2024,215.02
A,Annual,ICCS0701,Fraud,P_HTHAB,Per hundred thousand inhabitants,EL,Greece,2023,2023,86.08
A,Annual,ICCS0701,Fraud,P_HTHAB,Per hundred thousand inhabitants,EL,Greece,2024,2024,87.19
A,Annual,ICCS0701,Fraud,P_HTHAB,Per hundred thousand inhabitants,ES,Spain,2023,2023,1109.23
A,Annual,ICCS0701,Fraud,P_HTHAB,Per hundred thousand inhabitants,ES,Spain,2024,2024,1063.91
A,Annual,ICCS0701,Fraud,P_HTHAB,Per hundred thousand inhabitants,FR,France,2023,2023,488.12
A,Annual,ICCS0701,Fraud,P_HTHAB,Per hundred thousand inhabitants,FR,France,2024,2024,504.66
A,Annual,ICCS0701,Fraud,P_HTHAB,Per hundred thousand inhabitants,HR,Croatia,2023,2023,97.33
A,Annual,ICCS0701,Fraud,P_HTHAB,Per hundred thousand inhabitants,HR,Croatia,2024,2024,121.31
A,Annual,ICCS0701,Fraud,P_HTHAB,Per hundred thousand inhabitants,IT,Italy,2023,2023,763.16
A,Annual,ICCS0701,Fraud,P_HTHAB,Per hundred thousand inhabitants,IT,Italy,2024,2024,732.67
A,Annual,ICCS0701,Fraud,P_HTHAB,Per hundred thousand inhabitants,CY,Cyprus,2023,2023,60.8
A,Annual,ICCS0701,Fraud,P_HTHAB,Per hundred thousand inhabitants,CY,Cyprus,2024,2024,48.84
A,Annual,ICCS0701,Fraud,P_HTHAB,Per hundred thousand inhabitants,LV,Latvia,2023,2023,136.45
A,Annual,ICCS0701,Fraud,P_HTHAB,Per hundred thousand inhabitants,LV,Latvia,2024,2024,152.14
A,Annual,ICCS0701,Fraud,P_HTHAB,Per hundred thousand inhabitants,LT,Lithuania,2023,2023,145.38
A,Annual,ICCS0701,Fraud,P_HTHAB,Per hundred thousand inhabitants,LT,Lithuania,2024,2024,170.35
A,Annual,ICCS0701,Fraud,P_HTHAB,Per hundred thousand inhabitants,LU,Luxembourg,2023,2023,929.62
A,Annual,ICCS0701,Fraud,P_HTHAB,Per hundred thousand inhabitants,LU,Luxembourg,2024,2024,949.63
A,Annual,ICCS0701,Fraud,P_HTHAB,Per hundred thousand inhabitants,HU,Hungary,2023,2023,294.62
A,Annual,ICCS0701,Fraud,P_HTHAB,Per hundred thousand inhabitants,HU,Hungary,2024,2024,435.62
A,Annual,ICCS0701,Fraud,P_HTHAB,Per hundred thousand inhabitants,MT,Malta,2023,2023,526.7
A,Annual,ICCS0701,Fraud,P_HTHAB,Per hundred thousand inhabitants,MT,Malta,2024,2024,416.55
A,Annual,ICCS0701,Fraud,P_HTHAB,Per hundred thousand inhabitants,AT,Austria,2023,2023,896.47
A,Annual,ICCS0701,Fraud,P_HTHAB,Per hundred thousand inhabitants,AT,Austria,2024,2024,872.42
A,Annual,ICCS0701,Fraud,P_HTHAB,Per hundred thousand inhabitants,PL,Poland,2023,2023,460.98
A,Annual,ICCS0701,Fraud,P_HTHAB,Per hundred thousand inhabitants,PL,Poland,2024,2024,471.03
A,Annual,ICCS0701,Fraud,P_HTHAB,Per hundred thousand inhabitants,PT,Portugal,2023,2023,496.72
A,Annual,ICCS0701,Fraud,P_HTHAB,Per hundred thousand inhabitants,PT,Portugal,2024,2024,427.52
A,Annual,ICCS0701,Fraud,P_HTHAB,Per hundred thousand inhabitants,RO,Romania,2023,2023,67.34
A,Annual,ICCS0701,Fraud,P_HTHAB,Per hundred thousand inhabitants,RO,Romania,2024,2024,76.48
A,Annual,ICCS0701,Fraud,P_HTHAB,Per hundred thousand inhabitants,SI,Slovenia,2023,2023,204.68
A,Annual,ICCS0701,Fraud,P_HTHAB,Per hundred thousand inhabitants,SI,Slovenia,2024,2024,288.24
A,Annual,ICCS0701,Fraud,P_HTHAB,Per hundred thousand inhabitants,SK,Slovakia,2023,2023,45.3
A,Annual,ICCS0701,Fraud,P_HTHAB,Per hundred thousand inhabitants,SK,Slovakia,2024,2024,26.71
A,Annual,ICCS0701,Fraud,P_HTHAB,Per hundred thousand inhabitants,FI,Finland,2023,2023,1168.64
A,Annual,ICCS0701,Fraud,P_HTHAB,Per hundred thousand inhabitants,FI,Finland,2024,2024,1266.68
A,Annual,ICCS0701,Fraud,P_HTHAB,Per hundred thousand inhabitants,SE,Sweden,2023,2023,2807.63
A,Annual,ICCS0701,Fraud,P_HTHAB,Per hundred thousand inhabitants,SE,Sweden,2024,2024,2773.12
A,Annual,ICCS0701,Fraud,P_HTHAB,Per hundred thousand inhabitants,IS,Iceland,2023,2023,140.55
A,Annual,ICCS0701,Fraud,P_HTHAB,Per hundred thousand inhabitants,IS,Iceland,2024,2024,124.62
A,Annual,ICCS0701,Fraud,P_HTHAB,Per hundred thousand inhabitants,LI,Liechtenstein,2024,2024,532.3
A,Annual,ICCS0701,Fraud,P_HTHAB,Per hundred thousand inhabitants,NO,Norway,2023,2023,473.42
A,Annual,ICCS0701,Fraud,P_HTHAB,Per hundred thousand inhabitants,NO,Norway,2024,2024,531.22
A,Annual,ICCS0701,Fraud,P_HTHAB,Per hundred thousand inhabitants,CH,Switzerland,2023,2023,362.26
A,Annual,ICCS0701,Fraud,P_HTHAB,Per hundred thousand inhabitants,CH,Switzerland,2024,2024,412.25
A,Annual,ICCS0701,Fraud,P_HTHAB,Per hundred thousand inhabitants,ME,Montenegro,2024,2024,25.81
A,Annual,ICCS0701,Fraud,P_HTHAB,Per hundred thousand inhabitants,MK,North Macedonia,2023,2023,14.65
A,Annual,ICCS0701,Fraud,P_HTHAB,Per hundred thousand inhabitants,MK,North Macedonia,2024,2024,13.91
A,Annual,ICCS0701,Fraud,P_HTHAB,Per hundred thousand inhabitants,AL,Albania,2023,2023,34.36
A,Annual,ICCS0701,Fraud,P_HTHAB,Per hundred thousand inhabitants,RS,Serbia,2023,2023,42.64
A,Annual,ICCS0701,Fraud,P_HTHAB,Per hundred thousand inhabitants,RS,Serbia,2024,2024,40.04
A,Annual,ICCS0703,Corruption,NR,Number,BE,Belgium,2023,2023,5247.0
A,Annual,ICCS0703,Corruption,NR,Number,BE,Belgium,2024,2024,4561.0
A,Annual,ICCS0703,Corruption,NR,Number,BG,Bulgaria,2023,2023,572.0
A,Annual,ICCS0703,Corruption,NR,Number,BG,Bulgaria,2024,2024,522.0
A,Annual,ICCS0703,Corruption,NR,Number,CZ,Czechia,2023,2023,1581.0
A,Annual,ICCS0703,Corruption,NR,Number,CZ,Czechia,2024,2024,1501.0
A,Annual,ICCS0703,Corruption,NR,Number,DK,Denmark,2023,2023,7171.0
A,Annual,ICCS0703,Corruption,NR,Number,DK,Denmark,2024,2024,4839.0
A,Annual,ICCS0703,Corruption,NR,Number,DE,Germany,2023,2023,7413.0
A,Annual,ICCS0703,Corruption,NR,Number,DE,Germany,2024,2024,7383.0
A,Annual,ICCS0703,Corruption,NR,Number,EE,Estonia,2023,2023,71.0
A,Annual,ICCS0703,Corruption,NR,Number,EE,Estonia,2024,2024,62.0
A,Annual,ICCS0703,Corruption,NR,Number,IE,Ireland,2023,2023,2.0
A,Annual,ICCS0703,Corruption,NR,Number,IE,Ireland,2024,2024,3.0
A,Annual,ICCS0703,Corruption,NR,Number,EL,Greece,2023,2023,626.0
A,Annual,ICCS0703,Corruption,NR,Number,EL,Greece,2024,2024,713.0
A,Annual,ICCS0703,Corruption,NR,Number,ES,Spain,2023,2023,1187.0
A,Annual,ICCS0703,Corruption,NR,Number,ES,Spain,2024,2024,1505.0
A,Annual,ICCS0703,Corruption,NR,Number,FR,France,2023,2023,2584.0
A,Annual,ICCS0703,Corruption,NR,Number,FR,France,2024,2024,2893.0
A,Annual,ICCS0703,Corruption,NR,Number,HR,Croatia,2023,2023,862.0
A,Annual,ICCS0703,Corruption,NR,Number,HR,Croatia,2024,2024,601.0
A,Annual,ICCS0703,Corruption,NR,Number,IT,Italy,2023,2023,2760.0
A,Annual,ICCS0703,Corruption,NR,Number,IT,Italy,2024,2024,2504.0
A,Annual,ICCS0703,Corruption,NR,Number,CY,Cyprus,2023,2023,7.0
A,Annual,ICCS0703,Corruption,NR,Number,CY,Cyprus,2024,2024,11.0
A,Annual,ICCS0703,Corruption,NR,Number,LV,Latvia,2023,2023,157.0
A,Annual,ICCS0703,Corruption,NR,Number,LV,Latvia,2024,2024,94.0
A,Annual,ICCS0703,Corruption,NR,Number,LT,Lithuania,2023,2023,329.0
A,Annual,ICCS0703,Corruption,NR,Number,LT,Lithuania,2024,2024,294.0
A,Annual,ICCS0703,Corruption,NR,Number,LU,Luxembourg,2023,2023,4.0
A,Annual,ICCS0703,Corruption,NR,Number,LU,Luxembourg,2024,2024,3.0
A,Annual,ICCS0703,Corruption,NR,Number,HU,Hungary,2023,2023,2117.0
A,Annual,ICCS0703,Corruption,NR,Number,HU,Hungary,2024,2024,6317.0
A,Annual,ICCS0703,Corruption,NR,Number,MT,Malta,2023,2023,77.0
A,Annual,ICCS0703,Corruption,NR,Number,MT,Malta,2024,2024,101.0
A,Annual,ICCS0703,Corruption,NR,Number,NL,Netherlands,2023,2023,5460.0
A,Annual,ICCS0703,Corruption,NR,Number,NL,Netherlands,2024,2024,5590.0
A,Annual,ICCS0703,Corruption,NR,Number,AT,Austria,2023,2023,4503.0
A,Annual,ICCS0703,Corruption,NR,Number,AT,Austria,2024,2024,5318.0
A,Annual,ICCS0703,Corruption,NR,Number,PL,Poland,2023,2023,3429.0
A,Annual,ICCS0703,Corruption,NR,Number,PL,Poland,2024,2024,3577.0
A,Annual,ICCS0703,Corruption,NR,Number,PT,Portugal,2023,2023,223.0
A,Annual,ICCS0703,Corruption,NR,Number,PT,Portugal,2024,2024,217.0
A,Annual,ICCS0703,Corruption,NR,Number,RO,Romania,2023,2023,3246.0
A,Annual,ICCS0703,Corruption,NR,Number,RO,Romania,2024,2024,2964.0
A,Annual,ICCS0703,Corruption,NR,Number,SI,Slovenia,2023,2023,213.0
A,Annual,ICCS0703,Corruption,NR,Number,SI,Slovenia,2024,2024,702.0
A,Annual,ICCS0703,Corruption,NR,Number,SK,Slovakia,2023,2023,82.0
A,Annual,ICCS0703,Corruption,NR,Number,SK,Slovakia,2024,2024,49.0
A,Annual,ICCS0703,Corruption,NR,Number,FI,Finland,2023,2023,4850.0
A,Annual,ICCS0703,Corruption,NR,Number,FI,Finland,2024,2024,7097.0
A,Annual,ICCS0703,Corruption,NR,Number,SE,Sweden,2023,2023,20784.0
A,Annual,ICCS0703,Corruption,NR,Number,SE,Sweden,2024,2024,23526.0
A,Annual,ICCS0703,Corruption,NR,Number,LI,Liechtenstein,2023,2023,13.0
A,Annual,ICCS0703,Corruption,NR,Number,LI,Liechtenstein,2024,2024,5.0
A,Annual,ICCS0703,Corruption,NR,Number,NO,Norway,2023,2023,28.0
A,Annual,ICCS0703,Corruption,NR,Number,NO,Norway,2024,2024,31.0
A,Annual,ICCS0703,Corruption,NR,Number,CH,Switzerland,2023,2023,30.0
A,Annual,ICCS0703,Corruption,NR,Number,CH,Switzerland,2024,2024,39.0
A,Annual,ICCS0703,Corruption,NR,Number,BA,Bosnia and Herzegovina,2023,2023,693.0
A,Annual,ICCS0703,Corruption,NR,Number,BA,Bosnia and Herzegovina,2024,2024,562.0
A,Annual,ICCS0703,Corruption,NR,Number,ME,Montenegro,2023,2023,104.0
A,Annual,ICCS0703,Corruption,NR,Number,ME,Montenegro,2024,2024,141.0
A,Annual,ICCS0703,Corruption,NR,Number,MK,North Macedonia,2023,2023,22.0
A,Annual,ICCS0703,Corruption,NR,Number,MK,North Macedonia,2024,2024,22.0
A,Annual,ICCS0703,Corruption,NR,Number,AL,Albania,2023,2023,853.0
A,Annual,ICCS0703,Corruption,NR,Number,AL,Albania,2024,2024,720.0
A,Annual,ICCS0703,Corruption,NR,Number,RS,Serbia,2023,2023,701.0
A,Annual,ICCS0703,Corruption,NR,Number,RS,Serbia,2024,2024,672.0
A,Annual,ICCS0703,Corruption,P_HTHAB,Per hundred thousand inhabitants,BE,Belgium,2023,2023,44.68
A,Annual,ICCS0703,Corruption,P_HTHAB,Per hundred thousand inhabitants,BE,Belgium,2024,2024,38.6
A,Annual,ICCS0703,Corruption,P_HTHAB,Per hundred thousand inhabitants,BG,Bulgaria,2023,2023,8.87
A,Annual,ICCS0703,Corruption,P_HTHAB,Per hundred thousand inhabitants,BG,Bulgaria,2024,2024,8.1
A,Annual,ICCS0703,Corruption,P_HTHAB,Per hundred thousand inhabitants,CZ,Czechia,2023,2023,14.6
A,Annual,ICCS0703,Corruption,P_HTHAB,Per hundred thousand inhabitants,CZ,Czechia,2024,2024,13.77
A,Annual,ICCS0703,Corruption,P_HTHAB,Per hundred thousand inhabitants,DK,Denmark,2023,2023,120.87
A,Annual,ICCS0703,Corruption,P_HTHAB,Per hundred thousand inhabitants,DK,Denmark,2024,2024,81.17
A,Annual,ICCS0703,Corruption,P_HTHAB,Per hundred thousand inhabitants,DE,Germany,2023,2023,8.92
A,Annual,ICCS0703,Corruption,P_HTHAB,Per hundred thousand inhabitants,DE,Germany,2024,2024,8.85
A,Annual,ICCS0703,Corruption,P_HTHAB,Per hundred thousand inhabitants,EE,Estonia,2023,2023,5.2
A,Annual,ICCS0703,Corruption,P_HTHAB,Per hundred thousand inhabitants,EE,Estonia,2024,2024,4.51
A,Annual,ICCS0703,Corruption,P_HTHAB,Per hundred thousand inhabitants,IE,Ireland,2023,2023,0.04
A,Annual,ICCS0703,Corruption,P_HTHAB,Per hundred thousand inhabitants,IE,Ireland,2024,2024,0.06
A,Annual,ICCS0703,Corruption,P_HTHAB,Per hundred thousand inhabitants,EL,Greece,2023,2023,6.01
A,Annual,ICCS0703,Corruption,P_HTHAB,Per hundred thousand inhabitants,EL,Greece,2024,2024,6.87
A,Annual,ICCS0703,Corruption,P_HTHAB,Per hundred thousand inhabitants,ES,Spain,2023,2023,2.47
A,Annual,ICCS0703,Corruption,P_HTHAB,Per hundred thousand inhabitants,ES,Spain,2024,2024,3.1
A,Annual,ICCS0703,Corruption,P_HTHAB,Per hundred thousand inhabitants,FR,France,2023,2023,3.78
A,Annual,ICCS0703,Corruption,P_HTHAB,Per hundred thousand inhabitants,FR,France,2024,2024,4.21
A,Annual,ICCS0703,Corruption,P_HTHAB,Per hundred thousand inhabitants,HR,Croatia,2023,2023,22.38
A,Annual,ICCS0703,Corruption,P_HTHAB,Per hundred thousand inhabitants,HR,Croatia,2024,2024,15.56
A,Annual,ICCS0703,Corruption,P_HTHAB,Per hundred thousand inhabitants,IT,Italy,2023,2023,4.68
A,Annual,ICCS0703,Corruption,P_HTHAB,Per hundred thousand inhabitants,IT,Italy,2024,2024,4.25
A,Annual,ICCS0703,Corruption,P_HTHAB,Per hundred thousand inhabitants,CY,Cyprus,2023,2023,0.74
A,Annual,ICCS0703,Corruption,P_HTHAB,Per hundred thousand inhabitants,CY,Cyprus,2024,2024,1.14
A,Annual,ICCS0703,Corruption,P_HTHAB,Per hundred thousand inhabitants,LV,Latvia,2023,2023,8.34
A,Annual,ICCS0703,Corruption,P_HTHAB,Per hundred thousand inhabitants,LV,Latvia,2024,2024,5.0
A,Annual,ICCS0703,Corruption,P_HTHAB,Per hundred thousand inhabitants,LT,Lithuania,2023,2023,11.51
A,Annual,ICCS0703,Corruption,P_HTHAB,Per hundred thousand inhabitants,LT,Lithuania,2024,2024,10.19
A,Annual,ICCS0703,Corruption,P_HTHAB,Per hundred thousand inhabitants,LU,Luxembourg,2023,2023,0.61
A,Annual,ICCS0703,Corruption,P_HTHAB,Per hundred thousand inhabitants,LU,Luxembourg,2024,2024,0.45
A,Annual,ICCS0703,Corruption,P_HTHAB,Per hundred thousand inhabitants,HU,Hungary,2023,2023,22.05
A,Annual,ICCS0703,Corruption,P_HTHAB,Per hundred thousand inhabitants,HU,Hungary,2024,2024,65.91
A,Annual,ICCS0703,Corruption,P_HTHAB,Per hundred thousand inhabitants,MT,Malta,2023,2023,14.21
A,Annual,ICCS0703,Corruption,P_HTHAB,Per hundred thousand inhabitants,MT,Malta,2024,2024,17.93
A,Annual,ICCS0703,Corruption,P_HTHAB,Per hundred thousand inhabitants,NL,Netherlands,2023,2023,30.65
A,Annual,ICCS0703,Corruption,P_HTHAB,Per hundred thousand inhabitants,NL,Netherlands,2024,2024,31.15
A,Annual,ICCS0703,Corruption,P_HTHAB,Per hundred thousand inhabitants,AT,Austria,2023,2023,49.46
A,Annual,ICCS0703,Corruption,P_HTHAB,Per hundred thousand inhabitants,AT,Austria,2024,2024,58.06
A,Annual,ICCS0703,Corruption,P_HTHAB,Per hundred thousand inhabitants,PL,Poland,2023,2023,9.33
A,Annual,ICCS0703,Corruption,P_HTHAB,Per hundred thousand inhabitants,PL,Poland,2024,2024,9.77
A,Annual,ICCS0703,Corruption,P_HTHAB,Per hundred thousand inhabitants,PT,Portugal,2023,2023,2.12
A,Annual,ICCS0703,Corruption,P_HTHAB,Per hundred thousand inhabitants,PT,Portugal,2024,2024,2.04
A,Annual,ICCS0703,Corruption,P_HTHAB,Per hundred thousand inhabitants,RO,Romania,2023,2023,17.04
A,Annual,ICCS0703,Corruption,P_HTHAB,Per hundred thousand inhabitants,RO,Romania,2024,2024,15.54
A,Annual,ICCS0703,Corruption,P_HTHAB,Per hundred thousand inhabitants,SI,Slovenia,2023,2023,10.06
A,Annual,ICCS0703,Corruption,P_HTHAB,Per hundred thousand inhabitants,SI,Slovenia,2024,2024,33.05
A,Annual,ICCS0703,Corruption,P_HTHAB,Per hundred thousand inhabitants,SK,Slovakia,2023,2023,1.51
A,Annual,ICCS0703,Corruption,P_HTHAB,Per hundred thousand inhabitants,SK,Slovakia,2024,2024,0.9
A,Annual,ICCS0703,Corruption,P_HTHAB,Per hundred thousand inhabitants,FI,Finland,2023,2023,87.17
A,Annual,ICCS0703,Corruption,P_HTHAB,Per hundred thousand inhabitants,FI,Finland,2024,2024,126.65
A,Annual,ICCS0703,Corruption,P_HTHAB,Per hundred thousand inhabitants,SE,Sweden,2023,2023,197.54
A,Annual,ICCS0703,Corruption,P_HTHAB,Per hundred thousand inhabitants,SE,Sweden,2024,2024,222.96
A,Annual,ICCS0703,Corruption,P_HTHAB,Per hundred thousand inhabitants,LI,Liechtenstein,2023,2023,32.76
A,Annual,ICCS0703,Corruption,P_HTHAB,Per hundred thousand inhabitants,LI,Liechtenstein,2024,2024,12.5
A,Annual,ICCS0703,Corruption,P_HTHAB,Per hundred thousand inhabitants,NO,Norway,2023,2023,0.51
A,Annual,ICCS0703,Corruption,P_HTHAB,Per hundred thousand inhabitants,NO,Norway,2024,2024,0.56
A,Annual,ICCS0703,Corruption,P_HTHAB,Per hundred thousand inhabitants,CH,Switzerland,2023,2023,0.34
A,Annual,ICCS0703,Corruption,P_HTHAB,Per hundred thousand inhabitants,CH,Switzerland,2024,2024,0.44
A,Annual,ICCS0703,Corruption,P_HTHAB,Per hundred thousand inhabitants,ME,Montenegro,2023,2023,16.86
A,Annual,ICCS0703,Corruption,P_HTHAB,Per hundred thousand inhabitants,ME,Montenegro,2024,2024,22.61
A,Annual,ICCS0703,Corruption,P_HTHAB,Per hundred thousand inhabitants,MK,North Macedonia,2023,2023,1.2
A,Annual,ICCS0703,Corruption,P_HTHAB,Per hundred thousand inhabitants,MK,North Macedonia,2024,2024,1.2
A,Annual,ICCS0703,Corruption,P_HTHAB,Per hundred thousand inhabitants,AL,Albania,2023,2023,30.89
A,Annual,ICCS0703,Corruption,P_HTHAB,Per hundred thousand inhabitants,RS,Serbia,2023,2023,10.56
A,Annual,ICCS0703,Corruption,P_HTHAB,Per hundred thousand inhabitants,RS,Serbia,2024,2024,10.17
A,Annual,ICCS07031,Bribery,NR,Number,BE,Belgium,2023,2023,104.0
A,Annual,ICCS07031,Bribery,NR,Number,BE,Belgium,2024,2024,64.0
A,Annual,ICCS07031,Bribery,NR,Number,BG,Bulgaria,2023,2023,98.0
A,Annual,ICCS07031,Bribery,NR,Number,BG,Bulgaria,2024,2024,78.0
A,Annual,ICCS07031,Bribery,NR,Number,CZ,Czechia,2023,2023,136.0
A,Annual,ICCS07031,Bribery,NR,Number,CZ,Czechia,2024,2024,122.0
A,Annual,ICCS07031,Bribery,NR,Number,DK,Denmark,2023,2023,143.0
A,Annual,ICCS07031,Bribery,NR,Number,DK,Denmark,2024,2024,19.0
A,Annual,ICCS07031,Bribery,NR,Number,DE,Germany,2023,2023,1463.0
A,Annual,ICCS07031,Bribery,NR,Number,DE,Germany,2024,2024,1173.0
A,Annual,ICCS07031,Bribery,NR,Number,EE,Estonia,2023,2023,25.0
A,Annual,ICCS07031,Bribery,NR,Number,EE,Estonia,2024,2024,25.0
A,Annual,ICCS07031,Bribery,NR,Number,EL,Greece,2023,2023,147.0
A,Annual,ICCS07031,Bribery,NR,Number,EL,Greece,2024,2024,240.0
A,Annual,ICCS07031,Bribery,NR,Number,ES,Spain,2023,2023,86.0
A,Annual,ICCS07031,Bribery,NR,Number,ES,Spain,2024,2024,87.0
A,Annual,ICCS07031,Bribery,NR,Number,FR,France,2023,2023,286.0
A,Annual,ICCS07031,Bribery,NR,Number,FR,France,2024,2024,390.0
A,Annual,ICCS07031,Bribery,NR,Number,HR,Croatia,2023,2023,115.0
A,Annual,ICCS07031,Bribery,NR,Number,HR,Croatia,2024,2024,171.0
A,Annual,ICCS07031,Bribery,NR,Number,IT,Italy,2023,2023,244.0
A,Annual,ICCS07031,Bribery,NR,Number,IT,Italy,2024,2024,306.0
A,Annual,ICCS07031,Bribery,NR,Number,CY,Cyprus,2023,2023,6.0
A,Annual,ICCS07031,Bribery,NR,Number,CY,Cyprus,2024,2024,11.0
A,Annual,ICCS07031,Bribery,NR,Number,LV,Latvia,2023,2023,93.0
A,Annual,ICCS07031,Bribery,NR,Number,LV,Latvia,2024,2024,57.0
A,Annual,ICCS07031,Bribery,NR,Number,LT,Lithuania,2023,2023,162.0
A,Annual,ICCS07031,Bribery,NR,Number,LT,Lithuania,2024,2024,80.0
A,Annual,ICCS07031,Bribery,NR,Number,LU,Luxembourg,2023,2023,4.0
A,Annual,ICCS07031,Bribery,NR,Number,LU,Luxembourg,2024,2024,3.0
A,Annual,ICCS07031,Bribery,NR,Number,HU,Hungary,2023,2023,1078.0
A,Annual,ICCS07031,Bribery,NR,Number,HU,Hungary,2024,2024,3737.0
A,Annual,ICCS07031,Bribery,NR,Number,MT,Malta,2023,2023,4.0
A,Annual,ICCS07031,Bribery,NR,Number,MT,Malta,2024,2024,2.0
A,Annual,ICCS07031,Bribery,NR,Number,AT,Austria,2023,2023,1230.0
A,Annual,ICCS07031,Bribery,NR,Number,AT,Austria,2024,2024,52.0
A,Annual,ICCS07031,Bribery,NR,Number,PL,Poland,2023,2023,2875.0
A,Annual,ICCS07031,Bribery,NR,Number,PL,Poland,2024,2024,1880.0
A,Annual,ICCS07031,Bribery,NR,Number,PT,Portugal,2023,2023,72.0
A,Annual,ICCS07031,Bribery,NR,Number,PT,Portugal,2024,2024,51.0
A,Annual,ICCS07031,Bribery,NR,Number,RO,Romania,2023,2023,335.0
A,Annual,ICCS07031,Bribery,NR,Number,RO,Romania,2024,2024,311.0
A,Annual,ICCS07031,Bribery,NR,Number,SI,Slovenia,2023,2023,105.0
A,Annual,ICCS07031,Bribery,NR,Number,SI,Slovenia,2024,2024,98.0
A,Annual,ICCS07031,Bribery,NR,Number,SK,Slovakia,2023,2023,76.0
A,Annual,ICCS07031,Bribery,NR,Number,SK,Slovakia,2024,2024,42.0
A,Annual,ICCS07031,Bribery,NR,Number,FI,Finland,2023,2023,12.0
A,Annual,ICCS07031,Bribery,NR,Number,FI,Finland,2024,2024,56.0
A,Annual,ICCS07031,Bribery,NR,Number,SE,Sweden,2023,2023,269.0
A,Annual,ICCS07031,Bribery,NR,Number,SE,Sweden,2024,2024,152.0
A,Annual,ICCS07031,Bribery,NR,Number,CH,Switzerland,2023,2023,29.0
A,Annual,ICCS07031,Bribery,NR,Number,CH,Switzerland,2024,2024,37.0
A,Annual,ICCS07031,Bribery,NR,Number,BA,Bosnia and Herzegovina,2023,2023,69.0
A,Annual,ICCS07031,Bribery,NR,Number,BA,Bosnia and Herzegovina,2024,2024,57.0
A,Annual,ICCS07031,Bribery,NR,Number,ME,Montenegro,2023,2023,9.0
A,Annual,ICCS07031,Bribery,NR,Number,ME,Montenegro,2024,2024,25.0
A,Annual,ICCS07031,Bribery,NR,Number,MK,North Macedonia,2023,2023,22.0
A,Annual,ICCS07031,Bribery,NR,Number,MK,North Macedonia,2024,2024,22.0
A,Annual,ICCS07031,Bribery,NR,Number,AL,Albania,2023,2023,291.0
A,Annual,ICCS07031,Bribery,NR,Number,AL,Albania,2024,2024,261.0
A,Annual,ICCS07031,Bribery,NR,Number,RS,Serbia,2023,2023,112.0
A,Annual,ICCS07031,Bribery,NR,Number,RS,Serbia,2024,2024,121.0
A,Annual,ICCS07031,Bribery,P_HTHAB,Per hundred thousand inhabitants,BE,Belgium,2023,2023,0.89
A,Annual,ICCS07031,Bribery,P_HTHAB,Per hundred thousand inhabitants,BE,Belgium,2024,2024,0.54
A,Annual,ICCS07031,Bribery,P_HTHAB,Per hundred thousand inhabitants,BG,Bulgaria,2023,2023,1.52
A,Annual,ICCS07031,Bribery,P_HTHAB,Per hundred thousand inhabitants,BG,Bulgaria,2024,2024,1.21
A,Annual,ICCS07031,Bribery,P_HTHAB,Per hundred thousand inhabitants,CZ,Czechia,2023,2023,1.26
A,Annual,ICCS07031,Bribery,P_HTHAB,Per hundred thousand inhabitants,CZ,Czechia,2024,2024,1.12
A,Annual,ICCS07031,Bribery,P_HTHAB,Per hundred thousand inhabitants,DK,Denmark,2023,2023,2.41
A,Annual,ICCS07031,Bribery,P_HTHAB,Per hundred thousand inhabitants,DK,Denmark,2024,2024,0.32
A,Annual,ICCS07031,Bribery,P_HTHAB,Per hundred thousand inhabitants,DE,Germany,2023,2023,1.76
A,Annual,ICCS07031,Bribery,P_HTHAB,Per hundred thousand inhabitants,DE,Germany,2024,2024,1.41
A,Annual,ICCS07031,Bribery,P_HTHAB,Per hundred thousand inhabitants,EE,Estonia,2023,2023,1.83
A,Annual,ICCS07031,Bribery,P_HTHAB,Per hundred thousand inhabitants,EE,Estonia,2024,2024,1.82
A,Annual,ICCS07031,Bribery,P_HTHAB,Per hundred thousand inhabitants,EL,Greece,2023,2023,1.41
A,Annual,ICCS07031,Bribery,P_HTHAB,Per hundred thousand inhabitants,EL,Greece,2024,2024,2.31
A,Annual,ICCS07031,Bribery,P_HTHAB,Per hundred thousand inhabitants,ES,Spain,2023,2023,0.18
A,Annual,ICCS07031,Bribery,P_HTHAB,Per hundred thousand inhabitants,ES,Spain,2024,2024,0.18
A,Annual,ICCS07031,Bribery,P_HTHAB,Per hundred thousand inhabitants,FR,France,2023,2023,0.42
A,Annual,ICCS07031,Bribery,P_HTHAB,Per hundred thousand inhabitants,FR,France,2024,2024,0.57
A,Annual,ICCS07031,Bribery,P_HTHAB,Per hundred thousand inhabitants,HR,Croatia,2023,2023,2.99
A,Annual,ICCS07031,Bribery,P_HTHAB,Per hundred thousand inhabitants,HR,Croatia,2024,2024,4.43
A,Annual,ICCS07031,Bribery,P_HTHAB,Per hundred thousand inhabitants,IT,Italy,2023,2023,0.41
A,Annual,ICCS07031,Bribery,P_HTHAB,Per hundred thousand inhabitants,IT,Italy,2024,2024,0.52
A,Annual,ICCS07031,Bribery,P_HTHAB,Per hundred thousand inhabitants,CY,Cyprus,2023,2023,0.63
A,Annual,ICCS07031,Bribery,P_HTHAB,Per hundred thousand inhabitants,CY,Cyprus,2024,2024,1.14
A,Annual,ICCS07031,Bribery,P_HTHAB,Per hundred thousand inhabitants,LV,Latvia,2023,2023,4.94
A,Annual,ICCS07031,Bribery,P_HTHAB,Per hundred thousand inhabitants,LV,Latvia,2024,2024,3.03
A,Annual,ICCS07031,Bribery,P_HTHAB,Per hundred thousand inhabitants,LT,Lithuania,2023,2023,5.67
A,Annual,ICCS07031,Bribery,P_HTHAB,Per hundred thousand inhabitants,LT,Lithuania,2024,2024,2.77
A,Annual,ICCS07031,Bribery,P_HTHAB,Per hundred thousand inhabitants,LU,Luxembourg,2023,2023,0.61
A,Annual,ICCS07031,Bribery,P_HTHAB,Per hundred thousand inhabitants,LU,Luxembourg,2024,2024,0.45
A,Annual,ICCS07031,Bribery,P_HTHAB,Per hundred thousand inhabitants,HU,Hungary,2023,2023,11.23
A,Annual,ICCS07031,Bribery,P_HTHAB,Per hundred thousand inhabitants,HU,Hungary,2024,2024,38.99
A,Annual,ICCS07031,Bribery,P_HTHAB,Per hundred thousand inhabitants,MT,Malta,2023,2023,0.74
A,Annual,ICCS07031,Bribery,P_HTHAB,Per hundred thousand inhabitants,MT,Malta,2024,2024,0.35
A,Annual,ICCS07031,Bribery,P_HTHAB,Per hundred thousand inhabitants,AT,Austria,2023,2023,13.51
A,Annual,ICCS07031,Bribery,P_HTHAB,Per hundred thousand inhabitants,AT,Austria,2024,2024,0.57
A,Annual,ICCS07031,Bribery,P_HTHAB,Per hundred thousand inhabitants,PL,Poland,2023,2023,7.82
A,Annual,ICCS07031,Bribery,P_HTHAB,Per hundred thousand inhabitants,PL,Poland,2024,2024,5.13
A,Annual,ICCS07031,Bribery,P_HTHAB,Per hundred thousand inhabitants,PT,Portugal,2023,2023,0.68
A,Annual,ICCS07031,Bribery,P_HTHAB,Per hundred thousand inhabitants,PT,Portugal,2024,2024,0.48
A,Annual,ICCS07031,Bribery,P_HTHAB,Per hundred thousand inhabitants,RO,Romania,2023,2023,1.76
A,Annual,ICCS07031,Bribery,P_HTHAB,Per hundred thousand inhabitants,RO,Romania,2024,2024,1.63
A,Annual,ICCS07031,Bribery,P_HTHAB,Per hundred thousand inhabitants,SI,Slovenia,2023,2023,4.96
A,Annual,ICCS07031,Bribery,P_HTHAB,Per hundred thousand inhabitants,SI,Slovenia,2024,2024,4.61
A,Annual,ICCS07031,Bribery,P_HTHAB,Per hundred thousand inhabitants,SK,Slovakia,2023,2023,1.4
A,Annual,ICCS07031,Bribery,P_HTHAB,Per hundred thousand inhabitants,SK,Slovakia,2024,2024,0.77
A,Annual,ICCS07031,Bribery,P_HTHAB,Per hundred thousand inhabitants,FI,Finland,2023,2023,0.22
A,Annual,ICCS07031,Bribery,P_HTHAB,Per hundred thousand inhabitants,FI,Finland,2024,2024,1.0
A,Annual,ICCS07031,Bribery,P_HTHAB,Per hundred thousand inhabitants,SE,Sweden,2023,2023,2.56
A,Annual,ICCS07031,Bribery,P_HTHAB,Per hundred thousand inhabitants,SE,Sweden,2024,2024,1.44
A,Annual,ICCS07031,Bribery,P_HTHAB,Per hundred thousand inhabitants,CH,Switzerland,2023,2023,0.33
A,Annual,ICCS07031,Bribery,P_HTHAB,Per hundred thousand inhabitants,CH,Switzerland,2024,2024,0.41
A,Annual,ICCS07031,Bribery,P_HTHAB,Per hundred thousand inhabitants,ME,Montenegro,2023,2023,1.46
A,Annual,ICCS07031,Bribery,P_HTHAB,Per hundred thousand inhabitants,ME,Montenegro,2024,2024,4.01
A,Annual,ICCS07031,Bribery,P_HTHAB,Per hundred thousand inhabitants,MK,North Macedonia,2023,2023,1.2
A,Annual,ICCS07031,Bribery,P_HTHAB,Per hundred thousand inhabitants,MK,North Macedonia,2024,2024,1.2
A,Annual,ICCS07031,Bribery,P_HTHAB,Per hundred thousand inhabitants,AL,Albania,2023,2023,10.54
A,Annual,ICCS07031,Bribery,P_HTHAB,Per hundred thousand inhabitants,RS,Serbia,2023,2023,1.69
A,Annual,ICCS07031,Bribery,P_HTHAB,Per hundred thousand inhabitants,RS,Serbia,2024,2024,1.83
A,Annual,ICCS07041,Money laundering,NR,Number,BE,Belgium,2023,2023,5080.0
A,Annual,ICCS07041,Money laundering,NR,Number,BE,Belgium,2024,2024,4897.0
A,Annual,ICCS07041,Money laundering,NR,Number,BG,Bulgaria,2023,2023,42.0
A,Annual,ICCS07041,Money laundering,NR,Number,BG,Bulgaria,2024,2024,51.0
A,Annual,ICCS07041,Money laundering,NR,Number,CZ,Czechia,2023,2023,1064.0
A,Annual,ICCS07041,Money laundering,NR,Number,CZ,Czechia,2024,2024,1346.0
A,Annual,ICCS07041,Money laundering,NR,Number,DK,Denmark,2023,2023,3950.0
A,Annual,ICCS07041,Money laundering,NR,Number,DK,Denmark,2024,2024,2660.0
A,Annual,ICCS07041,Money laundering,NR,Number,DE,Germany,2023,2023,32573.0
A,Annual,ICCS07041,Money laundering,NR,Number,DE,Germany,2024,2024,37663.0
A,Annual,ICCS07041,Money laundering,NR,Number,EE,Estonia,2023,2023,16.0
A,Annual,ICCS07041,Money laundering,NR,Number,EE,Estonia,2024,2024,19.0
A,Annual,ICCS07041,Money laundering,NR,Number,IE,Ireland,2024,2024,612.0
A,Annual,ICCS07041,Money laundering,NR,Number,EL,Greece,2023,2023,145.0
A,Annual,ICCS07041,Money laundering,NR,Number,EL,Greece,2024,2024,154.0
A,Annual,ICCS07041,Money laundering,NR,Number,ES,Spain,2023,2023,516.0
A,Annual,ICCS07041,Money laundering,NR,Number,ES,Spain,2024,2024,808.0
A,Annual,ICCS07041,Money laundering,NR,Number,FR,France,2023,2023,2978.0
A,Annual,ICCS07041,Money laundering,NR,Number,FR,France,2024,2024,3845.0
A,Annual,ICCS07041,Money laundering,NR,Number,HR,Croatia,2023,2023,178.0
A,Annual,ICCS07041,Money laundering,NR,Number,HR,Croatia,2024,2024,141.0
A,Annual,ICCS07041,Money laundering,NR,Number,IT,Italy,2023,2023,1517.0
A,Annual,ICCS07041,Money laundering,NR,Number,IT,Italy,2024,2024,1906.0
A,Annual,ICCS07041,Money laundering,NR,Number,LV,Latvia,2023,2023,288.0
A,Annual,ICCS07041,Money laundering,NR,Number,LV,Latvia,2024,2024,282.0
A,Annual,ICCS07041,Money laundering,NR,Number,LT,Lithuania,2023,2023,29.0
A,Annual,ICCS07041,Money laundering,NR,Number,LT,Lithuania,2024,2024,78.0
A,Annual,ICCS07041,Money laundering,NR,Number,HU,Hungary,2023,2023,748.0
A,Annual,ICCS07041,Money laundering,NR,Number,HU,Hungary,2024,2024,1272.0
A,Annual,ICCS07041,Money laundering,NR,Number,MT,Malta,2023,2023,84.0
A,Annual,ICCS07041,Money laundering,NR,Number,MT,Malta,2024,2024,64.0
A,Annual,ICCS07041,Money laundering,NR,Number,NL,Netherlands,2023,2023,1530.0
A,Annual,ICCS07041,Money laundering,NR,Number,NL,Netherlands,2024,2024,1475.0
A,Annual,ICCS07041,Money laundering,NR,Number,AT,Austria,2023,2023,877.0
A,Annual,ICCS07041,Money laundering,NR,Number,AT,Austria,2024,2024,881.0
A,Annual,ICCS07041,Money laundering,NR,Number,PL,Poland,2023,2023,1098.0
A,Annual,ICCS07041,Money laundering,NR,Number,PL,Poland,2024,2024,1512.0
A,Annual,ICCS07041,Money laundering,NR,Number,PT,Portugal,2023,2023,104.0
A,Annual,ICCS07041,Money laundering,NR,Number,PT,Portugal,2024,2024,132.0
A,Annual,ICCS07041,Money laundering,NR,Number,RO,Romania,2023,2023,463.0
A,Annual,ICCS07041,Money laundering,NR,Number,RO,Romania,2024,2024,291.0
A,Annual,ICCS07041,Money laundering,NR,Number,SI,Slovenia,2023,2023,164.0
A,Annual,ICCS07041,Money laundering,NR,Number,SI,Slovenia,2024,2024,309.0
A,Annual,ICCS07041,Money laundering,NR,Number,SK,Slovakia,2023,2023,56.0
A,Annual,ICCS07041,Money laundering,NR,Number,SK,Slovakia,2024,2024,66.0
A,Annual,ICCS07041,Money laundering,NR,Number,FI,Finland,2023,2023,1001.0
A,Annual,ICCS07041,Money laundering,NR,Number,FI,Finland,2024,2024,1423.0
A,Annual,ICCS07041,Money laundering,NR,Number,SE,Sweden,2023,2023,19033.0
A,Annual,ICCS07041,Money laundering,NR,Number,SE,Sweden,2024,2024,19017.0
A,Annual,ICCS07041,Money laundering,NR,Number,IS,Iceland,2023,2023,205.0
A,Annual,ICCS07041,Money laundering,NR,Number,IS,Iceland,2024,2024,209.0
A,Annual,ICCS07041,Money laundering,NR,Number,LI,Liechtenstein,2024,2024,72.0
A,Annual,ICCS07041,Money laundering,NR,Number,NO,Norway,2023,2023,290.0
A,Annual,ICCS07041,Money laundering,NR,Number,NO,Norway,2024,2024,383.0
A,Annual,ICCS07041,Money laundering,NR,Number,CH,Switzerland,2023,2023,4699.0
A,Annual,ICCS07041,Money laundering,NR,Number,CH,Switzerland,2024,2024,5758.0
A,Annual,ICCS07041,Money laundering,NR,Number,BA,Bosnia and Herzegovina,2023,2023,160.0
A,Annual,ICCS07041,Money laundering,NR,Number,BA,Bosnia and Herzegovina,2024,2024,104.0
A,Annual,ICCS07041,Money laundering,NR,Number,ME,Montenegro,2024,2024,14.0
A,Annual,ICCS07041,Money laundering,NR,Number,MK,North Macedonia,2023,2023,10.0
A,Annual,ICCS07041,Money laundering,NR,Number,MK,North Macedonia,2024,2024,7.0
A,Annual,ICCS07041,Money laundering,NR,Number,AL,Albania,2023,2023,387.0
A,Annual,ICCS07041,Money laundering,NR,Number,AL,Albania,2024,2024,421.0
A,Annual,ICCS07041,Money laundering,NR,Number,RS,Serbia,2023,2023,161.0
A,Annual,ICCS07041,Money laundering,NR,Number,RS,Serbia,2024,2024,105.0
A,Annual,ICCS07041,Money laundering,P_HTHAB,Per hundred thousand inhabitants,BE,Belgium,2023,2023,43.26
A,Annual,ICCS07041,Money laundering,P_HTHAB,Per hundred thousand inhabitants,BE,Belgium,2024,2024,41.44
A,Annual,ICCS07041,Money laundering,P_HTHAB,Per hundred thousand inhabitants,BG,Bulgaria,2023,2023,0.65
A,Annual,ICCS07041,Money laundering,P_HTHAB,Per hundred thousand inhabitants,BG,Bulgaria,2024,2024,0.79
A,Annual,ICCS07041,Money laundering,P_HTHAB,Per hundred thousand inhabitants,CZ,Czechia,2023,2023,9.83
A,Annual,ICCS07041,Money laundering,P_HTHAB,Per hundred thousand inhabitants,CZ,Czechia,2024,2024,12.35
A,Annual,ICCS07041,Money laundering,P_HTHAB,Per hundred thousand inhabitants,DK,Denmark,2023,2023,66.58
A,Annual,ICCS07041,Money laundering,P_HTHAB,Per hundred thousand inhabitants,DK,Denmark,2024,2024,44.62
A,Annual,ICCS07041,Money laundering,P_HTHAB,Per hundred thousand inhabitants,DE,Germany,2023,2023,39.19
A,Annual,ICCS07041,Money laundering,P_HTHAB,Per hundred thousand inhabitants,DE,Germany,2024,2024,45.13
A,Annual,ICCS07041,Money laundering,P_HTHAB,Per hundred thousand inhabitants,EE,Estonia,2023,2023,1.17
A,Annual,ICCS07041,Money laundering,P_HTHAB,Per hundred thousand inhabitants,EE,Estonia,2024,2024,1.38
A,Annual,ICCS07041,Money laundering,P_HTHAB,Per hundred thousand inhabitants,IE,Ireland,2024,2024,11.44
A,Annual,ICCS07041,Money laundering,P_HTHAB,Per hundred thousand inhabitants,EL,Greece,2023,2023,1.39
A,Annual,ICCS07041,Money laundering,P_HTHAB,Per hundred thousand inhabitants,EL,Greece,2024,2024,1.48
A,Annual,ICCS07041,Money laundering,P_HTHAB,Per hundred thousand inhabitants,ES,Spain,2023,2023,1.07
A,Annual,ICCS07041,Money laundering,P_HTHAB,Per hundred thousand inhabitants,ES,Spain,2024,2024,1.66
A,Annual,ICCS07041,Money laundering,P_HTHAB,Per hundred thousand inhabitants,FR,France,2023,2023,4.36
A,Annual,ICCS07041,Money laundering,P_HTHAB,Per hundred thousand inhabitants,FR,France,2024,2024,5.6
A,Annual,ICCS07041,Money laundering,P_HTHAB,Per hundred thousand inhabitants,HR,Croatia,2023,2023,4.62
A,Annual,ICCS07041,Money laundering,P_HTHAB,Per hundred thousand inhabitants,HR,Croatia,2024,2024,3.65
A,Annual,ICCS07041,Money laundering,P_HTHAB,Per hundred thousand inhabitants,IT,Italy,2023,2023,2.57
A,Annual,ICCS07041,Money laundering,P_HTHAB,Per hundred thousand inhabitants,IT,Italy,2024,2024,3.23
A,Annual,ICCS07041,Money laundering,P_HTHAB,Per hundred thousand inhabitants,LV,Latvia,2023,2023,15.2
A,Annual,ICCS07041,Money laundering,P_HTHAB,Per hundred thousand inhabitants,LV,Latvia,2024,2024,15.01
A,Annual,ICCS07041,Money laundering,P_HTHAB,Per hundred thousand inhabitants,LT,Lithuania,2023,2023,1.01
A,Annual,ICCS07041,Money laundering,P_HTHAB,Per hundred thousand inhabitants,LT,Lithuania,2024,2024,2.7
A,Annual,ICCS07041,Money laundering,P_HTHAB,Per hundred thousand inhabitants,HU,Hungary,2023,2023,7.79
A,Annual,ICCS07041,Money laundering,P_HTHAB,Per hundred thousand inhabitants,HU,Hungary,2024,2024,13.27
A,Annual,ICCS07041,Money laundering,P_HTHAB,Per hundred thousand inhabitants,MT,Malta,2023,2023,15.5
A,Annual,ICCS07041,Money laundering,P_HTHAB,Per hundred thousand inhabitants,MT,Malta,2024,2024,11.36
A,Annual,ICCS07041,Money laundering,P_HTHAB,Per hundred thousand inhabitants,NL,Netherlands,2023,2023,8.59
A,Annual,ICCS07041,Money laundering,P_HTHAB,Per hundred thousand inhabitants,NL,Netherlands,2024,2024,8.22
A,Annual,ICCS07041,Money laundering,P_HTHAB,Per hundred thousand inhabitants,AT,Austria,2023,2023,9.63
A,Annual,ICCS07041,Money laundering,P_HTHAB,Per hundred thousand inhabitants,AT,Austria,2024,2024,9.62
A,Annual,ICCS07041,Money laundering,P_HTHAB,Per hundred thousand inhabitants,PL,Poland,2023,2023,2.99
A,Annual,ICCS07041,Money laundering,P_HTHAB,Per hundred thousand inhabitants,PL,Poland,2024,2024,4.13
A,Annual,ICCS07041,Money laundering,P_HTHAB,Per hundred thousand inhabitants,PT,Portugal,2023,2023,0.99
A,Annual,ICCS07041,Money laundering,P_HTHAB,Per hundred thousand inhabitants,PT,Portugal,2024,2024,1.24
A,Annual,ICCS07041,Money laundering,P_HTHAB,Per hundred thousand inhabitants,RO,Romania,2023,2023,2.43
A,Annual,ICCS07041,Money laundering,P_HTHAB,Per hundred thousand inhabitants,RO,Romania,2024,2024,1.53
A,Annual,ICCS07041,Money laundering,P_HTHAB,Per hundred thousand inhabitants,SI,Slovenia,2023,2023,7.75
A,Annual,ICCS07041,Money laundering,P_HTHAB,Per hundred thousand inhabitants,SI,Slovenia,2024,2024,14.55
A,Annual,ICCS07041,Money laundering,P_HTHAB,Per hundred thousand inhabitants,SK,Slovakia,2023,2023,1.03
A,Annual,ICCS07041,Money laundering,P_HTHAB,Per hundred thousand inhabitants,SK,Slovakia,2024,2024,1.22
A,Annual,ICCS07041,Money laundering,P_HTHAB,Per hundred thousand inhabitants,FI,Finland,2023,2023,17.99
A,Annual,ICCS07041,Money laundering,P_HTHAB,Per hundred thousand inhabitants,FI,Finland,2024,2024,25.39
A,Annual,ICCS07041,Money laundering,P_HTHAB,Per hundred thousand inhabitants,SE,Sweden,2023,2023,180.9
A,Annual,ICCS07041,Money laundering,P_HTHAB,Per hundred thousand inhabitants,SE,Sweden,2024,2024,180.23
A,Annual,ICCS07041,Money laundering,P_HTHAB,Per hundred thousand inhabitants,IS,Iceland,2023,2023,52.87
A,Annual,ICCS07041,Money laundering,P_HTHAB,Per hundred thousand inhabitants,IS,Iceland,2024,2024,54.49
A,Annual,ICCS07041,Money laundering,P_HTHAB,Per hundred thousand inhabitants,LI,Liechtenstein,2024,2024,179.93
A,Annual,ICCS07041,Money laundering,P_HTHAB,Per hundred thousand inhabitants,NO,Norway,2023,2023,5.28
A,Annual,ICCS07041,Money laundering,P_HTHAB,Per hundred thousand inhabitants,NO,Norway,2024,2024,6.9
A,Annual,ICCS07041,Money laundering,P_HTHAB,Per hundred thousand inhabitants,CH,Switzerland,2023,2023,53.3
A,Annual,ICCS07041,Money laundering,P_HTHAB,Per hundred thousand inhabitants,CH,Switzerland,2024,2024,64.25
A,Annual,ICCS07041,Money laundering,P_HTHAB,Per hundred thousand inhabitants,ME,Montenegro,2024,2024,2.24
A,Annual,ICCS07041,Money laundering,P_HTHAB,Per hundred thousand inhabitants,MK,North Macedonia,2023,2023,0.55
A,Annual,ICCS07041,Money laundering,P_HTHAB,Per hundred thousand inhabitants,MK,North Macedonia,2024,2024,0.38
A,Annual,ICCS07041,Money laundering,P_HTHAB,Per hundred thousand inhabitants,AL,Albania,2023,2023,14.01
A,Annual,ICCS07041,Money laundering,P_HTHAB,Per hundred thousand inhabitants,RS,Serbia,2023,2023,2.42
A,Annual,ICCS07041,Money laundering,P_HTHAB,Per hundred thousand inhabitants,RS,Serbia,2024,2024,1.59
A,Annual,ICCS0903,Acts against computer systems,NR,Number,BE,Belgium,2023,2023,9727.0
A,Annual,ICCS0903,Acts against computer systems,NR,Number,BE,Belgium,2024,2024,9891.0
A,Annual,ICCS0903,Acts against computer systems,NR,Number,BG,Bulgaria,2023,2023,104.0
A,Annual,ICCS0903,Acts against computer systems,NR,Number,BG,Bulgaria,2024,2024,112.0
A,Annual,ICCS0903,Acts against computer systems,NR,Number,CZ,Czechia,2023,2023,1909.0
A,Annual,ICCS0903,Acts against computer systems,NR,Number,CZ,Czechia,2024,2024,1317.0
A,Annual,ICCS0903,Acts against computer systems,NR,Number,DE,Germany,2023,2023,13067.0
A,Annual,ICCS0903,Acts against computer systems,NR,Number,DE,Germany,2024,2024,12640.0
A,Annual,ICCS0903,Acts against computer systems,NR,Number,IE,Ireland,2023,2023,79.0
A,Annual,ICCS0903,Acts against computer systems,NR,Number,IE,Ireland,2024,2024,126.0
A,Annual,ICCS0903,Acts against computer systems,NR,Number,EL,Greece,2023,2023,167.0
A,Annual,ICCS0903,Acts against computer systems,NR,Number,EL,Greece,2024,2024,160.0
A,Annual,ICCS0903,Acts against computer systems,NR,Number,ES,Spain,2023,2023,9108.0
A,Annual,ICCS0903,Acts against computer systems,NR,Number,ES,Spain,2024,2024,11690.0
A,Annual,ICCS0903,Acts against computer systems,NR,Number,FR,France,2023,2023,17947.0
A,Annual,ICCS0903,Acts against computer systems,NR,Number,FR,France,2024,2024,17131.0
A,Annual,ICCS0903,Acts against computer systems,NR,Number,HR,Croatia,2023,2023,1688.0
A,Annual,ICCS0903,Acts against computer systems,NR,Number,HR,Croatia,2024,2024,2069.0
A,Annual,ICCS0903,Acts against computer systems,NR,Number,IT,Italy,2023,2023,28934.0
A,Annual,ICCS0903,Acts against computer systems,NR,Number,IT,Italy,2024,2024,26036.0
A,Annual,ICCS0903,Acts against computer systems,NR,Number,CY,Cyprus,2023,2023,188.0
A,Annual,ICCS0903,Acts against computer systems,NR,Number,CY,Cyprus,2024,2024,168.0
A,Annual,ICCS0903,Acts against computer systems,NR,Number,LV,Latvia,2023,2023,9.0
A,Annual,ICCS0903,Acts against computer systems,NR,Number,LV,Latvia,2024,2024,12.0
A,Annual,ICCS0903,Acts against computer systems,NR,Number,LT,Lithuania,2023,2023,637.0
A,Annual,ICCS0903,Acts against computer systems,NR,Number,LT,Lithuania,2024,2024,575.0
A,Annual,ICCS0903,Acts against computer systems,NR,Number,HU,Hungary,2023,2023,10706.0
A,Annual,ICCS0903,Acts against computer systems,NR,Number,HU,Hungary,2024,2024,18384.0
A,Annual,ICCS0903,Acts against computer systems,NR,Number,MT,Malta,2023,2023,855.0
A,Annual,ICCS0903,Acts against computer systems,NR,Number,MT,Malta,2024,2024,478.0
A,Annual,ICCS0903,Acts against computer systems,NR,Number,AT,Austria,2023,2023,20493.0
A,Annual,ICCS0903,Acts against computer systems,NR,Number,AT,Austria,2024,2024,19784.0
A,Annual,ICCS0903,Acts against computer systems,NR,Number,PL,Poland,2023,2023,6436.0
A,Annual,ICCS0903,Acts against computer systems,NR,Number,PL,Poland,2024,2024,10369.0
A,Annual,ICCS0903,Acts against computer systems,NR,Number,PT,Portugal,2023,2023,2512.0
A,Annual,ICCS0903,Acts against computer systems,NR,Number,PT,Portugal,2024,2024,2492.0
A,Annual,ICCS0903,Acts against computer systems,NR,Number,RO,Romania,2023,2023,2349.0
A,Annual,ICCS0903,Acts against computer systems,NR,Number,RO,Romania,2024,2024,3039.0
A,Annual,ICCS0903,Acts against computer systems,NR,Number,SI,Slovenia,2023,2023,231.0
A,Annual,ICCS0903,Acts against computer systems,NR,Number,SI,Slovenia,2024,2024,1344.0
A,Annual,ICCS0903,Acts against computer systems,NR,Number,SK,Slovakia,2023,2023,38.0
A,Annual,ICCS0903,Acts against computer systems,NR,Number,SK,Slovakia,2024,2024,45.0
A,Annual,ICCS0903,Acts against computer systems,NR,Number,FI,Finland,2023,2023,16783.0
A,Annual,ICCS0903,Acts against computer systems,NR,Number,FI,Finland,2024,2024,2340.0
A,Annual,ICCS0903,Acts against computer systems,NR,Number,SE,Sweden,2023,2023,11356.0
A,Annual,ICCS0903,Acts against computer systems,NR,Number,SE,Sweden,2024,2024,10414.0
A,Annual,ICCS0903,Acts against computer systems,NR,Number,BA,Bosnia and Herzegovina,2023,2023,13.0
A,Annual,ICCS0903,Acts against computer systems,NR,Number,BA,Bosnia and Herzegovina,2024,2024,16.0
A,Annual,ICCS0903,Acts against computer systems,NR,Number,ME,Montenegro,2023,2023,1.0
A,Annual,ICCS0903,Acts against computer systems,NR,Number,ME,Montenegro,2024,2024,1.0
A,Annual,ICCS0903,Acts against computer systems,NR,Number,MK,North Macedonia,2023,2023,113.0
A,Annual,ICCS0903,Acts against computer systems,NR,Number,AL,Albania,2023,2023,276.0
A,Annual,ICCS0903,Acts against computer systems,NR,Number,AL,Albania,2024,2024,388.0
A,Annual,ICCS0903,Acts against computer systems,P_HTHAB,Per hundred thousand inhabitants,BE,Belgium,2023,2023,82.83
A,Annual,ICCS0903,Acts against computer systems,P_HTHAB,Per hundred thousand inhabitants,BE,Belgium,2024,2024,83.7
A,Annual,ICCS0903,Acts against computer systems,P_HTHAB,Per hundred thousand inhabitants,BG,Bulgaria,2023,2023,1.61
A,Annual,ICCS0903,Acts against computer systems,P_HTHAB,Per hundred thousand inhabitants,BG,Bulgaria,2024,2024,1.74
A,Annual,ICCS0903,Acts against computer systems,P_HTHAB,Per hundred thousand inhabitants,CZ,Czechia,2023,2023,17.63
A,Annual,ICCS0903,Acts against computer systems,P_HTHAB,Per hundred thousand inhabitants,CZ,Czechia,2024,2024,12.08
A,Annual,ICCS0903,Acts against computer systems,P_HTHAB,Per hundred thousand inhabitants,DE,Germany,2023,2023,15.72
A,Annual,ICCS0903,Acts against computer systems,P_HTHAB,Per hundred thousand inhabitants,DE,Germany,2024,2024,15.15
A,Annual,ICCS0903,Acts against computer systems,P_HTHAB,Per hundred thousand inhabitants,IE,Ireland,2023,2023,1.5
A,Annual,ICCS0903,Acts against computer systems,P_HTHAB,Per hundred thousand inhabitants,IE,Ireland,2024,2024,2.35
A,Annual,ICCS0903,Acts against computer systems,P_HTHAB,Per hundred thousand inhabitants,EL,Greece,2023,2023,1.61
A,Annual,ICCS0903,Acts against computer systems,P_HTHAB,Per hundred thousand inhabitants,EL,Greece,2024,2024,1.54
A,Annual,ICCS0903,Acts against computer systems,P_HTHAB,Per hundred thousand inhabitants,ES,Spain,2023,2023,18.94
A,Annual,ICCS0903,Acts against computer systems,P_HTHAB,Per hundred thousand inhabitants,ES,Spain,2024,2024,24.04
A,Annual,ICCS0903,Acts against computer systems,P_HTHAB,Per hundred thousand inhabitants,FR,France,2023,2023,26.29
A,Annual,ICCS0903,Acts against computer systems,P_HTHAB,Per hundred thousand inhabitants,FR,France,2024,2024,24.95
A,Annual,ICCS0903,Acts against computer systems,P_HTHAB,Per hundred thousand inhabitants,HR,Croatia,2023,2023,43.83
A,Annual,ICCS0903,Acts against computer systems,P_HTHAB,Per hundred thousand inhabitants,HR,Croatia,2024,2024,53.57
A,Annual,ICCS0903,Acts against computer systems,P_HTHAB,Per hundred thousand inhabitants,IT,Italy,2023,2023,49.04
A,Annual,ICCS0903,Acts against computer systems,P_HTHAB,Per hundred thousand inhabitants,IT,Italy,2024,2024,44.15
A,Annual,ICCS0903,Acts against computer systems,P_HTHAB,Per hundred thousand inhabitants,CY,Cyprus,2023,2023,19.81
A,Annual,ICCS0903,Acts against computer systems,P_HTHAB,Per hundred thousand inhabitants,CY,Cyprus,2024,2024,17.38
A,Annual,ICCS0903,Acts against computer systems,P_HTHAB,Per hundred thousand inhabitants,LV,Latvia,2023,2023,0.48
A,Annual,ICCS0903,Acts against computer systems,P_HTHAB,Per hundred thousand inhabitants,LV,Latvia,2024,2024,0.64
A,Annual,ICCS0903,Acts against computer systems,P_HTHAB,Per hundred thousand inhabitants,LT,Lithuania,2023,2023,22.29
A,Annual,ICCS0903,Acts against computer systems,P_HTHAB,Per hundred thousand inhabitants,LT,Lithuania,2024,2024,19.92
A,Annual,ICCS0903,Acts against computer systems,P_HTHAB,Per hundred thousand inhabitants,HU,Hungary,2023,2023,111.52
A,Annual,ICCS0903,Acts against computer systems,P_HTHAB,Per hundred thousand inhabitants,HU,Hungary,2024,2024,191.81
A,Annual,ICCS0903,Acts against computer systems,P_HTHAB,Per hundred thousand inhabitants,MT,Malta,2023,2023,157.73
A,Annual,ICCS0903,Acts against computer systems,P_HTHAB,Per hundred thousand inhabitants,MT,Malta,2024,2024,84.84
A,Annual,ICCS0903,Acts against computer systems,P_HTHAB,Per hundred thousand inhabitants,AT,Austria,2023,2023,225.08
A,Annual,ICCS0903,Acts against computer systems,P_HTHAB,Per hundred thousand inhabitants,AT,Austria,2024,2024,216.01
A,Annual,ICCS0903,Acts against computer systems,P_HTHAB,Per hundred thousand inhabitants,PL,Poland,2023,2023,17.51
A,Annual,ICCS0903,Acts against computer systems,P_HTHAB,Per hundred thousand inhabitants,PL,Poland,2024,2024,28.31
A,Annual,ICCS0903,Acts against computer systems,P_HTHAB,Per hundred thousand inhabitants,PT,Portugal,2023,2023,23.89
A,Annual,ICCS0903,Acts against computer systems,P_HTHAB,Per hundred thousand inhabitants,PT,Portugal,2024,2024,23.42
A,Annual,ICCS0903,Acts against computer systems,P_HTHAB,Per hundred thousand inhabitants,RO,Romania,2023,2023,12.33
A,Annual,ICCS0903,Acts against computer systems,P_HTHAB,Per hundred thousand inhabitants,RO,Romania,2024,2024,15.94
A,Annual,ICCS0903,Acts against computer systems,P_HTHAB,Per hundred thousand inhabitants,SI,Slovenia,2023,2023,10.91
A,Annual,ICCS0903,Acts against computer systems,P_HTHAB,Per hundred thousand inhabitants,SI,Slovenia,2024,2024,63.28
A,Annual,ICCS0903,Acts against computer systems,P_HTHAB,Per hundred thousand inhabitants,SK,Slovakia,2023,2023,0.7
A,Annual,ICCS0903,Acts against computer systems,P_HTHAB,Per hundred thousand inhabitants,SK,Slovakia,2024,2024,0.83
A,Annual,ICCS0903,Acts against computer systems,P_HTHAB,Per hundred thousand inhabitants,FI,Finland,2023,2023,301.64
A,Annual,ICCS0903,Acts against computer systems,P_HTHAB,Per hundred thousand inhabitants,FI,Finland,2024,2024,41.76
A,Annual,ICCS0903,Acts against computer systems,P_HTHAB,Per hundred thousand inhabitants,SE,Sweden,2023,2023,107.93
A,Annual,ICCS0903,Acts against computer systems,P_HTHAB,Per hundred thousand inhabitants,SE,Sweden,2024,2024,98.69
A,Annual,ICCS0903,Acts against computer systems,P_HTHAB,Per hundred thousand inhabitants,ME,Montenegro,2023,2023,0.16
A,Annual,ICCS0903,Acts against computer systems,P_HTHAB,Per hundred thousand inhabitants,ME,Montenegro,2024,2024,0.16
A,Annual,ICCS0903,Acts against computer systems,P_HTHAB,Per hundred thousand inhabitants,MK,North Macedonia,2023,2023,6.18
A,Annual,ICCS0903,Acts against computer systems,P_HTHAB,Per hundred thousand inhabitants,AL,Albania,2023,2023,9.99
A,Annual,ICCS09051,Participation in an organized criminal group,NR,Number,BE,Belgium,2023,2023,355.0
A,Annual,ICCS09051,Participation in an organized criminal group,NR,Number,BE,Belgium,2024,2024,386.0
A,Annual,ICCS09051,Participation in an organized criminal group,NR,Number,BG,Bulgaria,2023,2023,77.0
A,Annual,ICCS09051,Participation in an organized criminal group,NR,Number,BG,Bulgaria,2024,2024,84.0
A,Annual,ICCS09051,Participation in an organized criminal group,NR,Number,CZ,Czechia,2023,2023,32.0
A,Annual,ICCS09051,Participation in an organized criminal group,NR,Number,CZ,Czechia,2024,2024,22.0
A,Annual,ICCS09051,Participation in an organized criminal group,NR,Number,DE,Germany,2023,2023,642.0
A,Annual,ICCS09051,Participation in an organized criminal group,NR,Number,DE,Germany,2024,2024,647.0
A,Annual,ICCS09051,Participation in an organized criminal group,NR,Number,EE,Estonia,2023,2023,0.0
A,Annual,ICCS09051,Participation in an organized criminal group,NR,Number,EE,Estonia,2024,2024,1.0
A,Annual,ICCS09051,Participation in an organized criminal group,NR,Number,EL,Greece,2023,2023,437.0
A,Annual,ICCS09051,Participation in an organized criminal group,NR,Number,EL,Greece,2024,2024,491.0
A,Annual,ICCS09051,Participation in an organized criminal group,NR,Number,ES,Spain,2023,2023,2042.0
A,Annual,ICCS09051,Participation in an organized criminal group,NR,Number,ES,Spain,2024,2024,2726.0
A,Annual,ICCS09051,Participation in an organized criminal group,NR,Number,FR,France,2023,2023,2778.0
A,Annual,ICCS09051,Participation in an organized criminal group,NR,Number,FR,France,2024,2024,2959.0
A,Annual,ICCS09051,Participation in an organized criminal group,NR,Number,HR,Croatia,2023,2023,15.0
A,Annual,ICCS09051,Participation in an organized criminal group,NR,Number,HR,Croatia,2024,2024,27.0
A,Annual,ICCS09051,Participation in an organized criminal group,NR,Number,IT,Italy,2023,2023,401.0
A,Annual,ICCS09051,Participation in an organized criminal group,NR,Number,IT,Italy,2024,2024,503.0
A,Annual,ICCS09051,Participation in an organized criminal group,NR,Number,CY,Cyprus,2023,2023,0.0
A,Annual,ICCS09051,Participation in an organized criminal group,NR,Number,CY,Cyprus,2024,2024,0.0
A,Annual,ICCS09051,Participation in an organized criminal group,NR,Number,LT,Lithuania,2023,2023,4.0
A,Annual,ICCS09051,Participation in an organized criminal group,NR,Number,LT,Lithuania,2024,2024,0.0
A,Annual,ICCS09051,Participation in an organized criminal group,NR,Number,LU,Luxembourg,2023,2023,100.0
A,Annual,ICCS09051,Participation in an organized criminal group,NR,Number,LU,Luxembourg,2024,2024,90.0
A,Annual,ICCS09051,Participation in an organized criminal group,NR,Number,MT,Malta,2023,2023,0.0
A,Annual,ICCS09051,Participation in an organized criminal group,NR,Number,MT,Malta,2024,2024,0.0
A,Annual,ICCS09051,Participation in an organized criminal group,NR,Number,AT,Austria,2023,2023,147.0
A,Annual,ICCS09051,Participation in an organized criminal group,NR,Number,AT,Austria,2024,2024,178.0
A,Annual,ICCS09051,Participation in an organized criminal group,NR,Number,PL,Poland,2023,2023,950.0
A,Annual,ICCS09051,Participation in an organized criminal group,NR,Number,PL,Poland,2024,2024,734.0
A,Annual,ICCS09051,Participation in an organized criminal group,NR,Number,PT,Portugal,2023,2023,7.0
A,Annual,ICCS09051,Participation in an organized criminal group,NR,Number,PT,Portugal,2024,2024,5.0
A,Annual,ICCS09051,Participation in an organized criminal group,NR,Number,RO,Romania,2023,2023,467.0
A,Annual,ICCS09051,Participation in an organized criminal group,NR,Number,RO,Romania,2024,2024,398.0
A,Annual,ICCS09051,Participation in an organized criminal group,NR,Number,SI,Slovenia,2023,2023,1.0
A,Annual,ICCS09051,Participation in an organized criminal group,NR,Number,SI,Slovenia,2024,2024,1.0
A,Annual,ICCS09051,Participation in an organized criminal group,NR,Number,SK,Slovakia,2023,2023,10.0
A,Annual,ICCS09051,Participation in an organized criminal group,NR,Number,SK,Slovakia,2024,2024,3.0
A,Annual,ICCS09051,Participation in an organized criminal group,NR,Number,FI,Finland,2023,2023,0.0
A,Annual,ICCS09051,Participation in an organized criminal group,NR,Number,FI,Finland,2024,2024,2.0
A,Annual,ICCS09051,Participation in an organized criminal group,NR,Number,CH,Switzerland,2023,2023,31.0
A,Annual,ICCS09051,Participation in an organized criminal group,NR,Number,CH,Switzerland,2024,2024,36.0
A,Annual,ICCS09051,Participation in an organized criminal group,NR,Number,BA,Bosnia and Herzegovina,2023,2023,63.0
A,Annual,ICCS09051,Participation in an organized criminal group,NR,Number,BA,Bosnia and Herzegovina,2024,2024,81.0
A,Annual,ICCS09051,Participation in an organized criminal group,NR,Number,ME,Montenegro,2023,2023,115.0
A,Annual,ICCS09051,Participation in an organized criminal group,NR,Number,ME,Montenegro,2024,2024,92.0
A,Annual,ICCS09051,Participation in an organized criminal group,NR,Number,AL,Albania,2023,2023,45.0
A,Annual,ICCS09051,Participation in an organized criminal group,NR,Number,AL,Albania,2024,2024,35.0
A,Annual,ICCS09051,Participation in an organized criminal group,P_HTHAB,Per hundred thousand inhabitants,BE,Belgium,2023,2023,3.02
A,Annual,ICCS09051,Participation in an organized criminal group,P_HTHAB,Per hundred thousand inhabitants,BE,Belgium,2024,2024,3.27
A,Annual,ICCS09051,Participation in an organized criminal group,P_HTHAB,Per hundred thousand inhabitants,BG,Bulgaria,2023,2023,1.19
A,Annual,ICCS09051,Participation in an organized criminal group,P_HTHAB,Per hundred thousand inhabitants,BG,Bulgaria,2024,2024,1.3
A,Annual,ICCS09051,Participation in an organized criminal group,P_HTHAB,Per hundred thousand inhabitants,CZ,Czechia,2023,2023,0.3
A,Annual,ICCS09051,Participation in an organized criminal group,P_HTHAB,Per hundred thousand inhabitants,CZ,Czechia,2024,2024,0.2
A,Annual,ICCS09051,Participation in an organized criminal group,P_HTHAB,Per hundred thousand inhabitants,DE,Germany,2023,2023,0.77
A,Annual,ICCS09051,Participation in an organized criminal group,P_HTHAB,Per hundred thousand inhabitants,DE,Germany,2024,2024,0.78
A,Annual,ICCS09051,Participation in an organized criminal group,P_HTHAB,Per hundred thousand inhabitants,EE,Estonia,2023,2023,0.0
A,Annual,ICCS09051,Participation in an organized criminal group,P_HTHAB,Per hundred thousand inhabitants,EE,Estonia,2024,2024,0.07
A,Annual,ICCS09051,Participation in an organized criminal group,P_HTHAB,Per hundred thousand inhabitants,EL,Greece,2023,2023,4.2
A,Annual,ICCS09051,Participation in an organized criminal group,P_HTHAB,Per hundred thousand inhabitants,EL,Greece,2024,2024,4.73
A,Annual,ICCS09051,Participation in an organized criminal group,P_HTHAB,Per hundred thousand inhabitants,ES,Spain,2023,2023,4.25
A,Annual,ICCS09051,Participation in an organized criminal group,P_HTHAB,Per hundred thousand inhabitants,ES,Spain,2024,2024,5.61
A,Annual,ICCS09051,Participation in an organized criminal group,P_HTHAB,Per hundred thousand inhabitants,FR,France,2023,2023,4.07
A,Annual,ICCS09051,Participation in an organized criminal group,P_HTHAB,Per hundred thousand inhabitants,FR,France,2024,2024,4.31
A,Annual,ICCS09051,Participation in an organized criminal group,P_HTHAB,Per hundred thousand inhabitants,HR,Croatia,2023,2023,0.39
A,Annual,ICCS09051,Participation in an organized criminal group,P_HTHAB,Per hundred thousand inhabitants,HR,Croatia,2024,2024,0.7
A,Annual,ICCS09051,Participation in an organized criminal group,P_HTHAB,Per hundred thousand inhabitants,IT,Italy,2023,2023,0.68
A,Annual,ICCS09051,Participation in an organized criminal group,P_HTHAB,Per hundred thousand inhabitants,IT,Italy,2024,2024,0.85
A,Annual,ICCS09051,Participation in an organized criminal group,P_HTHAB,Per hundred thousand inhabitants,CY,Cyprus,2023,2023,0.0
A,Annual,ICCS09051,Participation in an organized criminal group,P_HTHAB,Per hundred thousand inhabitants,CY,Cyprus,2024,2024,0.0
A,Annual,ICCS09051,Participation in an organized criminal group,P_HTHAB,Per hundred thousand inhabitants,LT,Lithuania,2023,2023,0.14
A,Annual,ICCS09051,Participation in an organized criminal group,P_HTHAB,Per hundred thousand inhabitants,LT,Lithuania,2024,2024,0.0
A,Annual,ICCS09051,Participation in an organized criminal group,P_HTHAB,Per hundred thousand inhabitants,LU,Luxembourg,2023,2023,15.13
A,Annual,ICCS09051,Participation in an organized criminal group,P_HTHAB,Per hundred thousand inhabitants,LU,Luxembourg,2024,2024,13.39
A,Annual,ICCS09051,Participation in an organized criminal group,P_HTHAB,Per hundred thousand inhabitants,MT,Malta,2023,2023,0.0
A,Annual,ICCS09051,Participation in an organized criminal group,P_HTHAB,Per hundred thousand inhabitants,MT,Malta,2024,2024,0.0
A,Annual,ICCS09051,Participation in an organized criminal group,P_HTHAB,Per hundred thousand inhabitants,AT,Austria,2023,2023,1.61
A,Annual,ICCS09051,Participation in an organized criminal group,P_HTHAB,Per hundred thousand inhabitants,AT,Austria,2024,2024,1.94
A,Annual,ICCS09051,Participation in an organized criminal group,P_HTHAB,Per hundred thousand inhabitants,PL,Poland,2023,2023,2.58
A,Annual,ICCS09051,Participation in an organized criminal group,P_HTHAB,Per hundred thousand inhabitants,PL,Poland,2024,2024,2.0
A,Annual,ICCS09051,Participation in an organized criminal group,P_HTHAB,Per hundred thousand inhabitants,PT,Portugal,2023,2023,0.07
A,Annual,ICCS09051,Participation in an organized criminal group,P_HTHAB,Per hundred thousand inhabitants,PT,Portugal,2024,2024,0.05
A,Annual,ICCS09051,Participation in an organized criminal group,P_HTHAB,Per hundred thousand inhabitants,RO,Romania,2023,2023,2.45
A,Annual,ICCS09051,Participation in an organized criminal group,P_HTHAB,Per hundred thousand inhabitants,RO,Romania,2024,2024,2.09
A,Annual,ICCS09051,Participation in an organized criminal group,P_HTHAB,Per hundred thousand inhabitants,SI,Slovenia,2023,2023,0.05
A,Annual,ICCS09051,Participation in an organized criminal group,P_HTHAB,Per hundred thousand inhabitants,SI,Slovenia,2024,2024,0.05
A,Annual,ICCS09051,Participation in an organized criminal group,P_HTHAB,Per hundred thousand inhabitants,SK,Slovakia,2023,2023,0.18
A,Annual,ICCS09051,Participation in an organized criminal group,P_HTHAB,Per hundred thousand inhabitants,SK,Slovakia,2024,2024,0.06
A,Annual,ICCS09051,Participation in an organized criminal group,P_HTHAB,Per hundred thousand inhabitants,FI,Finland,2023,2023,0.0
A,Annual,ICCS09051,Participation in an organized criminal group,P_HTHAB,Per hundred thousand inhabitants,FI,Finland,2024,2024,0.04
A,Annual,ICCS09051,Participation in an organized criminal group,P_HTHAB,Per hundred thousand inhabitants,CH,Switzerland,2023,2023,0.35
A,Annual,ICCS09051,Participation in an organized criminal group,P_HTHAB,Per hundred thousand inhabitants,CH,Switzerland,2024,2024,0.4
A,Annual,ICCS09051,Participation in an organized criminal group,P_HTHAB,Per hundred thousand inhabitants,ME,Montenegro,2023,2023,18.65
A,Annual,ICCS09051,Participation in an organized criminal group,P_HTHAB,Per hundred thousand inhabitants,ME,Montenegro,2024,2024,14.75
A,Annual,ICCS09051,Participation in an organized criminal group,P_HTHAB,Per hundred thousand inhabitants,AL,Albania,2023,2023,1.63
A,Annual,ICCS1001,Acts that cause environmental pollution or degradation,NR,Number,BE,Belgium,2023,2023,482.0
A,Annual,ICCS1001,Acts that cause environmental pollution or degradation,NR,Number,BG,Bulgaria,2023,2023,92.0
A,Annual,ICCS1001,Acts that cause environmental pollution or degradation,NR,Number,CZ,Czechia,2023,2023,41.0
A,Annual,ICCS1001,Acts that cause environmental pollution or degradation,NR,Number,DK,Denmark,2023,2023,8585.0
A,Annual,ICCS1001,Acts that cause environmental pollution or degradation,NR,Number,DE,Germany,2023,2023,9175.0
A,Annual,ICCS1001,Acts that cause environmental pollution or degradation,NR,Number,EE,Estonia,2023,2023,0.0
A,Annual,ICCS1001,Acts that cause environmental pollution or degradation,NR,Number,EL,Greece,2023,2023,44.0
A,Annual,ICCS1001,Acts that cause environmental pollution or degradation,NR,Number,ES,Spain,2023,2023,122.0
A,Annual,ICCS1001,Acts that cause environmental pollution or degradation,NR,Number,FR,France,2023,2023,726.0
A,Annual,ICCS1001,Acts that cause environmental pollution or degradation,NR,Number,HR,Croatia,2023,2023,6.0
A,Annual,ICCS1001,Acts that cause environmental pollution or degradation,NR,Number,IT,Italy,2023,2023,1619.0
A,Annual,ICCS1001,Acts that cause environmental pollution or degradation,NR,Number,CY,Cyprus,2023,2023,0.0
A,Annual,ICCS1001,Acts that cause environmental pollution or degradation,NR,Number,LV,Latvia,2023,2023,3.0
A,Annual,ICCS1001,Acts that cause environmental pollution or degradation,NR,Number,LT,Lithuania,2023,2023,5.0
A,Annual,ICCS1001,Acts that cause environmental pollution or degradation,NR,Number,LU,Luxembourg,2023,2023,158.0
A,Annual,ICCS1001,Acts that cause environmental pollution or degradation,NR,Number,HU,Hungary,2023,2023,35.0
A,Annual,ICCS1001,Acts that cause environmental pollution or degradation,NR,Number,MT,Malta,2023,2023,1.0
A,Annual,ICCS1001,Acts that cause environmental pollution or degradation,NR,Number,NL,Netherlands,2023,2023,380.0
A,Annual,ICCS1001,Acts that cause environmental pollution or degradation,NR,Number,AT,Austria,2023,2023,134.0
A,Annual,ICCS1001,Acts that cause environmental pollution or degradation,NR,Number,PL,Poland,2023,2023,82.0
A,Annual,ICCS1001,Acts that cause environmental pollution or degradation,NR,Number,PT,Portugal,2023,2023,122.0
A,Annual,ICCS1001,Acts that cause environmental pollution or degradation,NR,Number,RO,Romania,2023,2023,34.0
A,Annual,ICCS1001,Acts that cause environmental pollution or degradation,NR,Number,SI,Slovenia,2023,2023,18.0
A,Annual,ICCS1001,Acts that cause environmental pollution or degradation,NR,Number,SK,Slovakia,2023,2023,24.0
A,Annual,ICCS1001,Acts that cause environmental pollution or degradation,NR,Number,FI,Finland,2023,2023,412.0
A,Annual,ICCS1001,Acts that cause environmental pollution or degradation,NR,Number,SE,Sweden,2023,2023,1420.0
A,Annual,ICCS1001,Acts that cause environmental pollution or degradation,NR,Number,LI,Liechtenstein,2023,2023,0.0
A,Annual,ICCS1001,Acts that cause environmental pollution or degradation,NR,Number,NO,Norway,2023,2023,165.0
A,Annual,ICCS1001,Acts that cause environmental pollution or degradation,NR,Number,AL,Albania,2023,2023,82.0
A,Annual,ICCS1001,Acts that cause environmental pollution or degradation,NR,Number,RS,Serbia,2023,2023,96.0
A,Annual,ICCS1001,Acts that cause environmental pollution or degradation,P_HTHAB,Per hundred thousand inhabitants,BE,Belgium,2023,2023,4.1
A,Annual,ICCS1001,Acts that cause environmental pollution or degradation,P_HTHAB,Per hundred thousand inhabitants,BG,Bulgaria,2023,2023,1.43
A,Annual,ICCS1001,Acts that cause environmental pollution or degradation,P_HTHAB,Per hundred thousand inhabitants,CZ,Czechia,2023,2023,0.38
A,Annual,ICCS1001,Acts that cause environmental pollution or degradation,P_HTHAB,Per hundred thousand inhabitants,DK,Denmark,2023,2023,144.71
A,Annual,ICCS1001,Acts that cause environmental pollution or degradation,P_HTHAB,Per hundred thousand inhabitants,DE,Germany,2023,2023,11.04
A,Annual,ICCS1001,Acts that cause environmental pollution or degradation,P_HTHAB,Per hundred thousand inhabitants,EE,Estonia,2023,2023,0.0
A,Annual,ICCS1001,Acts that cause environmental pollution or degradation,P_HTHAB,Per hundred thousand inhabitants,EL,Greece,2023,2023,0.42
A,Annual,ICCS1001,Acts that cause environmental pollution or degradation,P_HTHAB,Per hundred thousand inhabitants,ES,Spain,2023,2023,0.25
A,Annual,ICCS1001,Acts that cause environmental pollution or degradation,P_HTHAB,Per hundred thousand inhabitants,FR,France,2023,2023,1.06
A,Annual,ICCS1001,Acts that cause environmental pollution or degradation,P_HTHAB,Per hundred thousand inhabitants,HR,Croatia,2023,2023,0.16
A,Annual,ICCS1001,Acts that cause environmental pollution or degradation,P_HTHAB,Per hundred thousand inhabitants,IT,Italy,2023,2023,2.74
A,Annual,ICCS1001,Acts that cause environmental pollution or degradation,P_HTHAB,Per hundred thousand inhabitants,CY,Cyprus,2023,2023,0.0
A,Annual,ICCS1001,Acts that cause environmental pollution or degradation,P_HTHAB,Per hundred thousand inhabitants,LV,Latvia,2023,2023,0.16
A,Annual,ICCS1001,Acts that cause environmental pollution or degradation,P_HTHAB,Per hundred thousand inhabitants,LT,Lithuania,2023,2023,0.17
A,Annual,ICCS1001,Acts that cause environmental pollution or degradation,P_HTHAB,Per hundred thousand inhabitants,LU,Luxembourg,2023,2023,23.91
A,Annual,ICCS1001,Acts that cause environmental pollution or degradation,P_HTHAB,Per hundred thousand inhabitants,HU,Hungary,2023,2023,0.36
A,Annual,ICCS1001,Acts that cause environmental pollution or degradation,P_HTHAB,Per hundred thousand inhabitants,MT,Malta,2023,2023,0.18
A,Annual,ICCS1001,Acts that cause environmental pollution or degradation,P_HTHAB,Per hundred thousand inhabitants,NL,Netherlands,2023,2023,2.13
A,Annual,ICCS1001,Acts that cause environmental pollution or degradation,P_HTHAB,Per hundred thousand inhabitants,AT,Austria,2023,2023,1.47
A,Annual,ICCS1001,Acts that cause environmental pollution or degradation,P_HTHAB,Per hundred thousand inhabitants,PL,Poland,2023,2023,0.22
A,Annual,ICCS1001,Acts that cause environmental pollution or degradation,P_HTHAB,Per hundred thousand inhabitants,PT,Portugal,2023,2023,1.16
A,Annual,ICCS1001,Acts that cause environmental pollution or degradation,P_HTHAB,Per hundred thousand inhabitants,RO,Romania,2023,2023,0.18
A,Annual,ICCS1001,Acts that cause environmental pollution or degradation,P_HTHAB,Per hundred thousand inhabitants,SI,Slovenia,2023,2023,0.85
A,Annual,ICCS1001,Acts that cause environmental pollution or degradation,P_HTHAB,Per hundred thousand inhabitants,SK,Slovakia,2023,2023,0.44
A,Annual,ICCS1001,Acts that cause environmental pollution or degradation,P_HTHAB,Per hundred thousand inhabitants,FI,Finland,2023,2023,7.4
A,Annual,ICCS1001,Acts that cause environmental pollution or degradation,P_HTHAB,Per hundred thousand inhabitants,SE,Sweden,2023,2023,13.5
A,Annual,ICCS1001,Acts that cause environmental pollution or degradation,P_HTHAB,Per hundred thousand inhabitants,LI,Liechtenstein,2023,2023,0.0
A,Annual,ICCS1001,Acts that cause environmental pollution or degradation,P_HTHAB,Per hundred thousand inhabitants,NO,Norway,2023,2023,3.01
A,Annual,ICCS1001,Acts that cause environmental pollution or degradation,P_HTHAB,Per hundred thousand inhabitants,AL,Albania,2023,2023,2.97
A,Annual,ICCS1001,Acts that cause environmental pollution or degradation,P_HTHAB,Per hundred thousand inhabitants,RS,Serbia,2023,2023,1.45
A,Annual,ICCS1002,Acts involving the movement or dumping of waste,NR,Number,BE,Belgium,2023,2023,1574.0
A,Annual,ICCS1002,Acts involving the movement or dumping of waste,NR,Number,DK,Denmark,2023,2023,104.0
A,Annual,ICCS1002,Acts involving the movement or dumping of waste,NR,Number,DE,Germany,2023,2023,23.0
A,Annual,ICCS1002,Acts involving the movement or dumping of waste,NR,Number,EE,Estonia,2023,2023,3.0
A,Annual,ICCS1002,Acts involving the movement or dumping of waste,NR,Number,EL,Greece,2023,2023,3.0
A,Annual,ICCS1002,Acts involving the movement or dumping of waste,NR,Number,ES,Spain,2023,2023,1.0
A,Annual,ICCS1002,Acts involving the movement or dumping of waste,NR,Number,FR,France,2023,2023,2181.0
A,Annual,ICCS1002,Acts involving the movement or dumping of waste,NR,Number,HR,Croatia,2023,2023,9.0
A,Annual,ICCS1002,Acts involving the movement or dumping of waste,NR,Number,IT,Italy,2023,2023,4868.0
A,Annual,ICCS1002,Acts involving the movement or dumping of waste,NR,Number,CY,Cyprus,2023,2023,0.0
A,Annual,ICCS1002,Acts involving the movement or dumping of waste,NR,Number,LV,Latvia,2023,2023,1.0
A,Annual,ICCS1002,Acts involving the movement or dumping of waste,NR,Number,LT,Lithuania,2023,2023,0.0
A,Annual,ICCS1002,Acts involving the movement or dumping of waste,NR,Number,HU,Hungary,2023,2023,907.0
A,Annual,ICCS1002,Acts involving the movement or dumping of waste,NR,Number,MT,Malta,2023,2023,0.0
A,Annual,ICCS1002,Acts involving the movement or dumping of waste,NR,Number,NL,Netherlands,2023,2023,210.0
A,Annual,ICCS1002,Acts involving the movement or dumping of waste,NR,Number,AT,Austria,2023,2023,33.0
A,Annual,ICCS1002,Acts involving the movement or dumping of waste,NR,Number,PL,Poland,2023,2023,436.0
A,Annual,ICCS1002,Acts involving the movement or dumping of waste,NR,Number,RO,Romania,2023,2023,49.0
A,Annual,ICCS1002,Acts involving the movement or dumping of waste,NR,Number,SI,Slovenia,2023,2023,12.0
A,Annual,ICCS1002,Acts involving the movement or dumping of waste,NR,Number,SK,Slovakia,2023,2023,343.0
A,Annual,ICCS1002,Acts involving the movement or dumping of waste,NR,Number,FI,Finland,2023,2023,151.0
A,Annual,ICCS1002,Acts involving the movement or dumping of waste,NR,Number,SE,Sweden,2023,2023,87.0
A,Annual,ICCS1002,Acts involving the movement or dumping of waste,NR,Number,NO,Norway,2023,2023,65.0
A,Annual,ICCS1002,Acts involving the movement or dumping of waste,NR,Number,AL,Albania,2023,2023,36.0
A,Annual,ICCS1002,Acts involving the movement or dumping of waste,NR,Number,RS,Serbia,2023,2023,205.0
A,Annual,ICCS1002,Acts involving the movement or dumping of waste,P_HTHAB,Per hundred thousand inhabitants,BE,Belgium,2023,2023,13.4
A,Annual,ICCS1002,Acts involving the movement or dumping of waste,P_HTHAB,Per hundred thousand inhabitants,DK,Denmark,2023,2023,1.75
A,Annual,ICCS1002,Acts involving the movement or dumping of waste,P_HTHAB,Per hundred thousand inhabitants,DE,Germany,2023,2023,0.03
A,Annual,ICCS1002,Acts involving the movement or dumping of waste,P_HTHAB,Per hundred thousand inhabitants,EE,Estonia,2023,2023,0.22
A,Annual,ICCS1002,Acts involving the movement or dumping of waste,P_HTHAB,Per hundred thousand inhabitants,EL,Greece,2023,2023,0.03
A,Annual,ICCS1002,Acts involving the movement or dumping of waste,P_HTHAB,Per hundred thousand inhabitants,ES,Spain,2023,2023,0.0
A,Annual,ICCS1002,Acts involving the movement or dumping of waste,P_HTHAB,Per hundred thousand inhabitants,FR,France,2023,2023,3.19
A,Annual,ICCS1002,Acts involving the movement or dumping of waste,P_HTHAB,Per hundred thousand inhabitants,HR,Croatia,2023,2023,0.23
A,Annual,ICCS1002,Acts involving the movement or dumping of waste,P_HTHAB,Per hundred thousand inhabitants,IT,Italy,2023,2023,8.25
A,Annual,ICCS1002,Acts involving the movement or dumping of waste,P_HTHAB,Per hundred thousand inhabitants,CY,Cyprus,2023,2023,0.0
A,Annual,ICCS1002,Acts involving the movement or dumping of waste,P_HTHAB,Per hundred thousand inhabitants,LV,Latvia,2023,2023,0.05
A,Annual,ICCS1002,Acts involving the movement or dumping of waste,P_HTHAB,Per hundred thousand inhabitants,LT,Lithuania,2023,2023,0.0
A,Annual,ICCS1002,Acts involving the movement or dumping of waste,P_HTHAB,Per hundred thousand inhabitants,HU,Hungary,2023,2023,9.45
A,Annual,ICCS1002,Acts involving the movement or dumping of waste,P_HTHAB,Per hundred thousand inhabitants,MT,Malta,2023,2023,0.0
A,Annual,ICCS1002,Acts involving the movement or dumping of waste,P_HTHAB,Per hundred thousand inhabitants,NL,Netherlands,2023,2023,1.18
A,Annual,ICCS1002,Acts involving the movement or dumping of waste,P_HTHAB,Per hundred thousand inhabitants,AT,Austria,2023,2023,0.36
A,Annual,ICCS1002,Acts involving the movement or dumping of waste,P_HTHAB,Per hundred thousand inhabitants,PL,Poland,2023,2023,1.19
A,Annual,ICCS1002,Acts involving the movement or dumping of waste,P_HTHAB,Per hundred thousand inhabitants,RO,Romania,2023,2023,0.26
A,Annual,ICCS1002,Acts involving the movement or dumping of waste,P_HTHAB,Per hundred thousand inhabitants,SI,Slovenia,2023,2023,0.57
A,Annual,ICCS1002,Acts involving the movement or dumping of waste,P_HTHAB,Per hundred thousand inhabitants,SK,Slovakia,2023,2023,6.32
A,Annual,ICCS1002,Acts involving the movement or dumping of waste,P_HTHAB,Per hundred thousand inhabitants,FI,Finland,2023,2023,2.71
A,Annual,ICCS1002,Acts involving the movement or dumping of waste,P_HTHAB,Per hundred thousand inhabitants,SE,Sweden,2023,2023,0.83
A,Annual,ICCS1002,Acts involving the movement or dumping of waste,P_HTHAB,Per hundred thousand inhabitants,NO,Norway,2023,2023,1.18
A,Annual,ICCS1002,Acts involving the movement or dumping of waste,P_HTHAB,Per hundred thousand inhabitants,AL,Albania,2023,2023,1.3
A,Annual,ICCS1002,Acts involving the movement or dumping of waste,P_HTHAB,Per hundred thousand inhabitants,RS,Serbia,2023,2023,3.09
A,Annual,ICCS1003,Trade or possession of protected or prohibited species of fauna and flora,NR,Number,BE,Belgium,2023,2023,225.0
A,Annual,ICCS1003,Trade or possession of protected or prohibited species of fauna and flora,NR,Number,DK,Denmark,2023,2023,145.0
A,Annual,ICCS1003,Trade or possession of protected or prohibited species of fauna and flora,NR,Number,ES,Spain,2023,2023,414.0
A,Annual,ICCS1003,Trade or possession of protected or prohibited species of fauna and flora,NR,Number,FR,France,2023,2023,488.0
A,Annual,ICCS1003,Trade or possession of protected or prohibited species of fauna and flora,NR,Number,HR,Croatia,2023,2023,4.0
A,Annual,ICCS1003,Trade or possession of protected or prohibited species of fauna and flora,NR,Number,IT,Italy,2023,2023,232.0
A,Annual,ICCS1003,Trade or possession of protected or prohibited species of fauna and flora,NR,Number,CY,Cyprus,2023,2023,0.0
A,Annual,ICCS1003,Trade or possession of protected or prohibited species of fauna and flora,NR,Number,LV,Latvia,2023,2023,1.0
A,Annual,ICCS1003,Trade or possession of protected or prohibited species of fauna and flora,NR,Number,LT,Lithuania,2023,2023,0.0
A,Annual,ICCS1003,Trade or possession of protected or prohibited species of fauna and flora,NR,Number,HU,Hungary,2023,2023,222.0
A,Annual,ICCS1003,Trade or possession of protected or prohibited species of fauna and flora,NR,Number,MT,Malta,2023,2023,42.0
A,Annual,ICCS1003,Trade or possession of protected or prohibited species of fauna and flora,NR,Number,NL,Netherlands,2023,2023,5.0
A,Annual,ICCS1003,Trade or possession of protected or prohibited species of fauna and flora,NR,Number,AT,Austria,2023,2023,0.0
A,Annual,ICCS1003,Trade or possession of protected or prohibited species of fauna and flora,NR,Number,PL,Poland,2023,2023,491.0
A,Annual,ICCS1003,Trade or possession of protected or prohibited species of fauna and flora,NR,Number,RO,Romania,2023,2023,11.0
A,Annual,ICCS1003,Trade or possession of protected or prohibited species of fauna and flora,NR,Number,SI,Slovenia,2023,2023,6.0
A,Annual,ICCS1003,Trade or possession of protected or prohibited species of fauna and flora,NR,Number,SK,Slovakia,2023,2023,390.0
A,Annual,ICCS1003,Trade or possession of protected or prohibited species of fauna and flora,NR,Number,SE,Sweden,2023,2023,177.0
A,Annual,ICCS1003,Trade or possession of protected or prohibited species of fauna and flora,NR,Number,NO,Norway,2023,2023,46.0
A,Annual,ICCS1003,Trade or possession of protected or prohibited species of fauna and flora,NR,Number,AL,Albania,2023,2023,6.0
A,Annual,ICCS1003,Trade or possession of protected or prohibited species of fauna and flora,NR,Number,RS,Serbia,2023,2023,16.0
A,Annual,ICCS1003,Trade or possession of protected or prohibited species of fauna and flora,P_HTHAB,Per hundred thousand inhabitants,BE,Belgium,2023,2023,1.92
A,Annual,ICCS1003,Trade or possession of protected or prohibited species of fauna and flora,P_HTHAB,Per hundred thousand inhabitants,DK,Denmark,2023,2023,2.44
A,Annual,ICCS1003,Trade or possession of protected or prohibited species of fauna and flora,P_HTHAB,Per hundred thousand inhabitants,ES,Spain,2023,2023,0.86
A,Annual,ICCS1003,Trade or possession of protected or prohibited species of fauna and flora,P_HTHAB,Per hundred thousand inhabitants,FR,France,2023,2023,0.71
A,Annual,ICCS1003,Trade or possession of protected or prohibited species of fauna and flora,P_HTHAB,Per hundred thousand inhabitants,HR,Croatia,2023,2023,0.1
A,Annual,ICCS1003,Trade or possession of protected or prohibited species of fauna and flora,P_HTHAB,Per hundred thousand inhabitants,IT,Italy,2023,2023,0.39
A,Annual,ICCS1003,Trade or possession of protected or prohibited species of fauna and flora,P_HTHAB,Per hundred thousand inhabitants,CY,Cyprus,2023,2023,0.0
A,Annual,ICCS1003,Trade or possession of protected or prohibited species of fauna and flora,P_HTHAB,Per hundred thousand inhabitants,LV,Latvia,2023,2023,0.05
A,Annual,ICCS1003,Trade or possession of protected or prohibited species of fauna and flora,P_HTHAB,Per hundred thousand inhabitants,LT,Lithuania,2023,2023,0.0
A,Annual,ICCS1003,Trade or possession of protected or prohibited species of fauna and flora,P_HTHAB,Per hundred thousand inhabitants,HU,Hungary,2023,2023,2.31
A,Annual,ICCS1003,Trade or possession of protected or prohibited species of fauna and flora,P_HTHAB,Per hundred thousand inhabitants,MT,Malta,2023,2023,7.75
A,Annual,ICCS1003,Trade or possession of protected or prohibited species of fauna and flora,P_HTHAB,Per hundred thousand inhabitants,NL,Netherlands,2023,2023,0.03
A,Annual,ICCS1003,Trade or possession of protected or prohibited species of fauna and flora,P_HTHAB,Per hundred thousand inhabitants,AT,Austria,2023,2023,0.0
A,Annual,ICCS1003,Trade or possession of protected or prohibited species of fauna and flora,P_HTHAB,Per hundred thousand inhabitants,PL,Poland,2023,2023,1.34
A,Annual,ICCS1003,Trade or possession of protected or prohibited species of fauna and flora,P_HTHAB,Per hundred thousand inhabitants,RO,Romania,2023,2023,0.06
A,Annual,ICCS1003,Trade or possession of protected or prohibited species of fauna and flora,P_HTHAB,Per hundred thousand inhabitants,SI,Slovenia,2023,2023,0.28
A,Annual,ICCS1003,Trade or possession of protected or prohibited species of fauna and flora,P_HTHAB,Per hundred thousand inhabitants,SK,Slovakia,2023,2023,7.18
A,Annual,ICCS1003,Trade or possession of protected or prohibited species of fauna and flora,P_HTHAB,Per hundred thousand inhabitants,SE,Sweden,2023,2023,1.68
A,Annual,ICCS1003,Trade or possession of protected or prohibited species of fauna and flora,P_HTHAB,Per hundred thousand inhabitants,NO,Norway,2023,2023,0.84
A,Annual,ICCS1003,Trade or possession of protected or prohibited species of fauna and flora,P_HTHAB,Per hundred thousand inhabitants,AL,Albania,2023,2023,0.22
A,Annual,ICCS1003,Trade or possession of protected or prohibited species of fauna and flora,P_HTHAB,Per hundred thousand inhabitants,RS,Serbia,2023,2023,0.24
A,Annual,ICCS1004,Acts that result in the depletion or degradation of natural resources,NR,Number,BE,Belgium,2023,2023,115.0
A,Annual,ICCS1004,Acts that result in the depletion or degradation of natural resources,NR,Number,DK,Denmark,2023,2023,1189.0
A,Annual,ICCS1004,Acts that result in the depletion or degradation of natural resources,NR,Number,DE,Germany,2023,2023,115.0
A,Annual,ICCS1004,Acts that result in the depletion or degradation of natural resources,NR,Number,EE,Estonia,2023,2023,7.0
A,Annual,ICCS1004,Acts that result in the depletion or degradation of natural resources,NR,Number,EL,Greece,2023,2023,0.0
A,Annual,ICCS1004,Acts that result in the depletion or degradation of natural resources,NR,Number,ES,Spain,2023,2023,598.0
A,Annual,ICCS1004,Acts that result in the depletion or degradation of natural resources,NR,Number,FR,France,2023,2023,3972.0
A,Annual,ICCS1004,Acts that result in the depletion or degradation of natural resources,NR,Number,HR,Croatia,2023,2023,75.0
A,Annual,ICCS1004,Acts that result in the depletion or degradation of natural resources,NR,Number,IT,Italy,2023,2023,123.0
A,Annual,ICCS1004,Acts that result in the depletion or degradation of natural resources,NR,Number,CY,Cyprus,2023,2023,0.0
A,Annual,ICCS1004,Acts that result in the depletion or degradation of natural resources,NR,Number,LV,Latvia,2023,2023,230.0
A,Annual,ICCS1004,Acts that result in the depletion or degradation of natural resources,NR,Number,LT,Lithuania,2023,2023,2.0
A,Annual,ICCS1004,Acts that result in the depletion or degradation of natural resources,NR,Number,HU,Hungary,2023,2023,182.0
A,Annual,ICCS1004,Acts that result in the depletion or degradation of natural resources,NR,Number,MT,Malta,2023,2023,339.0
A,Annual,ICCS1004,Acts that result in the depletion or degradation of natural resources,NR,Number,NL,Netherlands,2023,2023,0.0
A,Annual,ICCS1004,Acts that result in the depletion or degradation of natural resources,NR,Number,AT,Austria,2023,2023,26.0
A,Annual,ICCS1004,Acts that result in the depletion or degradation of natural resources,NR,Number,PL,Poland,2023,2023,672.0
A,Annual,ICCS1004,Acts that result in the depletion or degradation of natural resources,NR,Number,RO,Romania,2023,2023,5787.0
A,Annual,ICCS1004,Acts that result in the depletion or degradation of natural resources,NR,Number,SI,Slovenia,2023,2023,48.0
A,Annual,ICCS1004,Acts that result in the depletion or degradation of natural resources,NR,Number,SK,Slovakia,2023,2023,175.0
A,Annual,ICCS1004,Acts that result in the depletion or degradation of natural resources,NR,Number,FI,Finland,2023,2023,257.0
A,Annual,ICCS1004,Acts that result in the depletion or degradation of natural resources,NR,Number,SE,Sweden,2023,2023,802.0
A,Annual,ICCS1004,Acts that result in the depletion or degradation of natural resources,NR,Number,NO,Norway,2023,2023,1403.0
A,Annual,ICCS1004,Acts that result in the depletion or degradation of natural resources,NR,Number,ME,Montenegro,2023,2023,140.0
A,Annual,ICCS1004,Acts that result in the depletion or degradation of natural resources,NR,Number,AL,Albania,2023,2023,373.0
A,Annual,ICCS1004,Acts that result in the depletion or degradation of natural resources,NR,Number,RS,Serbia,2023,2023,606.0
A,Annual,ICCS1004,Acts that result in the depletion or degradation of natural resources,P_HTHAB,Per hundred thousand inhabitants,BE,Belgium,2023,2023,0.98
A,Annual,ICCS1004,Acts that result in the depletion or degradation of natural resources,P_HTHAB,Per hundred thousand inhabitants,DK,Denmark,2023,2023,20.04
A,Annual,ICCS1004,Acts that result in the depletion or degradation of natural resources,P_HTHAB,Per hundred thousand inhabitants,DE,Germany,2023,2023,0.14
A,Annual,ICCS1004,Acts that result in the depletion or degradation of natural resources,P_HTHAB,Per hundred thousand inhabitants,EE,Estonia,2023,2023,0.51
A,Annual,ICCS1004,Acts that result in the depletion or degradation of natural resources,P_HTHAB,Per hundred thousand inhabitants,EL,Greece,2023,2023,0.0
A,Annual,ICCS1004,Acts that result in the depletion or degradation of natural resources,P_HTHAB,Per hundred thousand inhabitants,ES,Spain,2023,2023,1.24
A,Annual,ICCS1004,Acts that result in the depletion or degradation of natural resources,P_HTHAB,Per hundred thousand inhabitants,FR,France,2023,2023,5.82
A,Annual,ICCS1004,Acts that result in the depletion or degradation of natural resources,P_HTHAB,Per hundred thousand inhabitants,HR,Croatia,2023,2023,1.95
A,Annual,ICCS1004,Acts that result in the depletion or degradation of natural resources,P_HTHAB,Per hundred thousand inhabitants,IT,Italy,2023,2023,0.21
A,Annual,ICCS1004,Acts that result in the depletion or degradation of natural resources,P_HTHAB,Per hundred thousand inhabitants,CY,Cyprus,2023,2023,0.0
A,Annual,ICCS1004,Acts that result in the depletion or degradation of natural resources,P_HTHAB,Per hundred thousand inhabitants,LV,Latvia,2023,2023,12.21
A,Annual,ICCS1004,Acts that result in the depletion or degradation of natural resources,P_HTHAB,Per hundred thousand inhabitants,LT,Lithuania,2023,2023,0.07
A,Annual,ICCS1004,Acts that result in the depletion or degradation of natural resources,P_HTHAB,Per hundred thousand inhabitants,HU,Hungary,2023,2023,1.9
A,Annual,ICCS1004,Acts that result in the depletion or degradation of natural resources,P_HTHAB,Per hundred thousand inhabitants,MT,Malta,2023,2023,62.54
A,Annual,ICCS1004,Acts that result in the depletion or degradation of natural resources,P_HTHAB,Per hundred thousand inhabitants,NL,Netherlands,2023,2023,0.0
A,Annual,ICCS1004,Acts that result in the depletion or degradation of natural resources,P_HTHAB,Per hundred thousand inhabitants,AT,Austria,2023,2023,0.29
A,Annual,ICCS1004,Acts that result in the depletion or degradation of natural resources,P_HTHAB,Per hundred thousand inhabitants,PL,Poland,2023,2023,1.83
A,Annual,ICCS1004,Acts that result in the depletion or degradation of natural resources,P_HTHAB,Per hundred thousand inhabitants,RO,Romania,2023,2023,30.37
A,Annual,ICCS1004,Acts that result in the depletion or degradation of natural resources,P_HTHAB,Per hundred thousand inhabitants,SI,Slovenia,2023,2023,2.27
A,Annual,ICCS1004,Acts that result in the depletion or degradation of natural resources,P_HTHAB,Per hundred thousand inhabitants,SK,Slovakia,2023,2023,3.22
A,Annual,ICCS1004,Acts that result in the depletion or degradation of natural resources,P_HTHAB,Per hundred thousand inhabitants,FI,Finland,2023,2023,4.62
A,Annual,ICCS1004,Acts that result in the depletion or degradation of natural resources,P_HTHAB,Per hundred thousand inhabitants,SE,Sweden,2023,2023,7.62
A,Annual,ICCS1004,Acts that result in the depletion or degradation of natural resources,P_HTHAB,Per hundred thousand inhabitants,NO,Norway,2023,2023,25.56
A,Annual,ICCS1004,Acts that result in the depletion or degradation of natural resources,P_HTHAB,Per hundred thousand inhabitants,ME,Montenegro,2023,2023,22.7
A,Annual,ICCS1004,Acts that result in the depletion or degradation of natural resources,P_HTHAB,Per hundred thousand inhabitants,AL,Albania,2023,2023,13.51
A,Annual,ICCS1004,Acts that result in the depletion or degradation of natural resources,P_HTHAB,Per hundred thousand inhabitants,RS,Serbia,2023,2023,9.12
