name,lat,lon,country_code,feature_code
Jumeirah Beach,25.221870,55.255910,AE,BCH
Shāţi’ as Sayyidāt,24.458480,54.302900,AE,BCH
Shāţi’ Hīltawniyā,24.466430,54.329230,AE,BCH
Mamzar Beach,25.303740,55.349030,AE,BCH
Devils Bridge,17.100000,-61.683330,AG,BCH
Cocoa Point Beach,17.550000,-61.766670,AG,BCH
Jolly Beach,17.069520,-61.889610,AG,BCH
Crocus Bay Beach,18.219860,-63.067170,AI,BCH
Plazhi i Golemit,41.262500,19.520830,AL,BCH
Plazhi i Velipojës,41.862780,19.420000,AL,BCH
Plazhi i Shëngjinit,41.810830,19.595280,AL,BCH
Porto Palermo Beach,40.062440,19.793510,AL,BCH
Praia do Xicasso,-14.580450,12.304540,AO,BCH
Praia das Tartarugas,-13.683330,12.533330,AO,BCH
Praia de São Nicolau,-14.250000,12.333330,AO,BCH
Praia da Madalena,-14.636120,12.293430,AO,BCH
Praia do Piambo,-14.683830,12.283330,AO,BCH
Praia do Nhime,-13.100000,12.883330,AO,BCH
Praia do Navio,-16.266670,11.816670,AO,BCH
Praia da Mariquita,-14.757000,12.287170,AO,BCH
Praia do Mandangal,-13.383330,12.600000,AO,BCH
Praia Luepa,-13.300000,12.650000,AO,BCH
Praia da Lucira,-13.866670,12.516670,AO,BCH
Praia da Lua,-13.133330,12.833330,AO,BCH
Praia do Leitão,-14.668440,12.296250,AO,BCH
Praia do Furado,-14.700070,12.274140,AO,BCH
Praia do Dungo,-13.866670,12.516670,AO,BCH
Praia das Conchas,-15.120280,12.119720,AO,BCH
Praia da Chituca,-13.016670,12.950000,AO,BCH
Lucira Pequena,-13.883330,12.516670,AO,BCH
Praia da Catumbela,-12.488330,13.484480,AO,BCH
Praia do Carunjamba,-13.933330,12.416670,AO,BCH
Praia Carahuita,-13.583330,12.550000,AO,BCH
Praia do Caniço,-14.506650,12.322090,AO,BCH
Praia da Campiona,-13.200000,12.766670,AO,BCH
Praia do Calungo,-14.600690,12.301470,AO,BCH
Praia do Bravo,-13.783330,12.533330,AO,BCH
Praia do Bonfim,-13.816670,12.533330,AO,BCH
Praia da Binga,-13.333330,12.650000,AO,BCH
Praia do Barqueiro,-14.748810,12.289680,AO,BCH
Praia do Capombo,-11.757130,13.797450,AO,BCH
Praia Cangalma,-11.826920,13.790720,AO,BCH
Praia Chamure,-11.887570,13.779130,AO,BCH
Praia dos Mucuissos,-15.044170,12.151670,AO,BCH
Praia Amélia,-15.201390,12.111390,AO,BCH
Praia Morena,-12.585280,13.390280,AO,BCH
Praia da Caota,-12.603610,13.265830,AO,BCH
Praia de São Tiago,-8.639950,13.411520,AO,BCH
Praia da Musserra,-7.886050,13.126220,AO,BCH
Praia da Candunga,-11.740840,13.794460,AO,BCH
Praia da Chitamba,-11.686420,13.790290,AO,BCH
Camugimo,-9.015680,13.025250,AO,BCH
Praia do Jundo,-14.866320,12.211540,AO,BCH
Praia do Cangulo,-14.559420,12.308550,AO,BCH
Praia do Banco,-14.769810,12.278590,AO,BCH
Praia da Cacimba,-14.791140,12.264030,AO,BCH
Praia Muto-Muto,-14.805220,12.260600,AO,BCH
Praia do Manguari,-14.809300,12.257820,AO,BCH
Praia Lance Pequeno,-14.824780,12.251320,AO,BCH
Praia Capatola,-14.829240,12.248790,AO,BCH
Praia Lumba,-14.849250,12.213220,AO,BCH
Praia do Cahambo,-14.880900,12.212930,AO,BCH
Praia das Salinas,-14.927730,12.202360,AO,BCH
Praia da Mucula,-6.971100,12.817210,AO,BCH
Praia do Chiuque,-12.080620,13.711740,AO,BCH
Praia do Golo,-12.128710,13.695200,AO,BCH
Praia do Bimbe,-12.134830,13.688100,AO,BCH
Playa San Clemente,-36.361280,-56.713880,AR,BCH
Playas de Ajó,-36.519650,-56.689370,AR,BCH
Playa Santa Isabel,-43.423000,-65.081670,AR,BCH
Playa Magagna,-43.378840,-65.046530,AR,BCH
Playa El Doradillo,-42.664550,-64.989410,AR,BCH
Playa Biarritz,-43.477080,-65.150680,AR,BCH
Alega Beach,-14.285000,-170.636390,AS,BCH
South Ofu Beach,-14.178890,-169.650000,AS,BCH
Freddies Beach,-14.346390,-170.720280,AS,BCH
Palagi Beach,-14.328610,-170.838060,AS,BCH
Yanchep Beach,-31.553330,115.625600,AU,BCH
Whitfords Beach,-31.800000,115.733330,AU,BCH
White Beach,-25.182910,113.095000,AU,BCH
Waniunga Beach,-11.826190,130.591390,AU,BCH
Wangiti Beach,-11.601800,130.197100,AU,BCH
Smirnoff Beach,-17.100550,122.266000,AU,BCH
Rinamatta Beach,-11.720500,130.068890,AU,BCH
Pinyianappi Beach,-11.326050,130.395740,AU,BCH
Nancy Beach,-27.800000,114.116670,AU,BCH
Kings Beach,-35.601940,138.581420,AU,BCH
Kennedy Beach,-33.888710,122.905700,AU,BCH
Vancouver Beach,-35.048790,117.918800,AU,BCH
Eighty Mile Beach,-19.505860,121.164300,AU,BCH
Christies Beach,-35.133880,138.469310,AU,BCH
Cheyne Beach,-34.783330,118.416670,AU,BCH
Cable Beach,-17.931950,122.208000,AU,BCH
Hassell Beach,-34.773220,118.428800,AU,BCH
Lights Beach,-35.021300,117.268800,AU,BCH
Lowlands Beach,-35.075460,117.512600,AU,BCH
Tunkalilla Beach,-35.638930,138.322310,AU,BCH
Waitpinga Beach,-35.632960,138.489960,AU,BCH
Sellicks Beach,-35.334130,138.447280,AU,BCH
Browns Beach,-35.178810,136.894040,AU,BCH
Middle Beach,-34.606210,138.411280,AU,BCH
Aralaij Beach,-11.950000,132.633300,AU,BCH
Coronation Beach,-28.552650,114.563900,AU,BCH
Three Mile Beach,-28.376810,114.427800,AU,BCH
Mystery Beach,-25.645200,112.936110,AU,BCH
Warren Beach,-34.632140,115.852600,AU,BCH
Jims Beach,-21.813930,114.083790,AU,BCH
Pebbly Beach,-35.608740,150.327910,AU,BCH
Long Beach,-35.704610,150.221540,AU,BCH
Imaluk Beach,-12.428130,130.733900,AU,BCH
Camerons Beach,-12.346500,130.986300,AU,BCH
Middleton Beach,-35.012680,117.922100,AU,BCH
Perkins Beach,-35.050460,117.667100,AU,BCH
Nanarup Beach,-34.994060,118.071800,AU,BCH
Vancouver Beach,-35.063330,117.917220,AU,BCH
Misery Beach,-35.095180,117.966800,AU,BCH
Whalers Beach,-35.092400,117.944900,AU,BCH
Vancouver Beach,-35.049170,117.917220,AU,BCH
Emu Point Beach,-34.997730,117.947240,AU,BCH
Ben Dearg Beach,-35.006570,118.053500,AU,BCH
Picnic Beach,-34.712430,135.940080,AU,BCH
Squeaky Beach,-34.679040,135.918090,AU,BCH
Yarrabah Beach,-16.906520,145.871660,AU,BCH
Williamsons Beach,-20.984550,149.101360,AU,BCH
Whiting Beach,-35.181800,150.684600,AU,BCH
Werri Beach,-34.732820,150.835910,AU,BCH
Warrain Beach,-34.981800,150.784610,AU,BCH
Wanderrebah Beach,-32.683330,152.183330,AU,BCH
Tuggerah Beach,-33.315200,151.534610,AU,BCH
Town Beach,-21.150000,149.200000,AU,BCH
Three Mile Beach,-38.872080,146.469860,AU,BCH
Ten Mile Beach,-20.700110,148.731080,AU,BCH
Target Beach,-35.071980,150.782440,AU,BCH
Tallow Beach,-28.681800,153.617910,AU,BCH
Steamer Beach,-35.183330,150.733330,AU,BCH
South Beach,-28.883330,153.583330,AU,BCH
Smalleys Beach,-20.912880,149.014150,AU,BCH
Sloping Main,-42.980000,147.679990,AU,BCH
Shelly Beach,-31.448500,152.934600,AU,BCH
Shelly Beach,-26.797570,153.148830,AU,BCH
Seventy-Five Mile Beach,-25.500000,153.150000,AU,BCH
Seven Mile Beach,-42.840000,147.550000,AU,BCH
Seven Mile Beach,-40.800000,145.166670,AU,BCH
Seven Mile Beach,-34.815880,150.762930,AU,BCH
Seven Mile Beach,-28.748500,153.601200,AU,BCH
Sandys Beach,-30.150000,153.200000,AU,BCH
Salmon Beach,-31.557550,159.076130,AU,BCH
Saint Helens Beach,-20.833330,148.850000,AU,BCH
Rocky Beach,-31.431800,152.917890,AU,BCH
Robins Beach,-28.948500,153.517900,AU,BCH
Robertsons Beach,-38.659310,146.729860,AU,BCH
Roaring Beach,-42.883330,147.666670,AU,BCH
Resolute Beach,-33.585130,151.325040,AU,BCH
Quarry Beach,-33.123500,151.645710,AU,BCH
Putty Beach,-33.531800,151.367910,AU,BCH
Pipeclay Beach,-30.033330,153.200000,AU,BCH
Perkins Beach,-34.515200,150.884600,AU,BCH
Pearl Beach,-33.056800,151.580400,AU,BCH
Palm Beach,-33.596960,151.325040,AU,BCH
Oxley Beach,-31.433330,152.916670,AU,BCH
One Mile Beach,-32.781800,152.117910,AU,BCH
Ocean View Beach,-30.048500,153.201200,AU,BCH
Ocean Beach,-42.171050,145.258050,AU,BCH
Nudgee Beach,-27.344170,153.102780,AU,BCH
North Beach,-30.465200,153.051190,AU,BCH
Nobbys Beach,-31.448500,152.934600,AU,BCH
Ninety Mile Beach,-38.216670,147.383330,AU,BCH
Nine Mile Beach,-33.043000,151.679000,AU,BCH
Nine Mile Beach,-32.115200,152.501200,AU,BCH
New Brighton Beach,-28.483330,153.550000,AU,BCH
Neils Beach,-21.000550,149.112230,AU,BCH
Neal’s Beach,-31.516670,159.066670,AU,BCH
Murrays Beach,-35.116670,150.766670,AU,BCH
Morgans Beach,-38.865420,145.912080,AU,BCH
Mooball Beach,-28.431800,153.551190,AU,BCH
Mona Vale Beach,-33.676640,151.315900,AU,BCH
Middle Beach,-31.550000,159.100000,AU,BCH
Mentmore Beach,-20.772880,148.798310,AU,BCH
Mcmasters Beach,-33.481800,151.434600,AU,BCH
Marion Beach,-42.800000,147.860000,AU,BCH
Manns Beach,-38.650000,146.783330,AU,BCH
Manly Beach,-33.798500,151.284610,AU,BCH
Maitland Beach,-38.891250,145.983200,AU,BCH
Long Reef Beach,-33.744180,151.307980,AU,BCH
Long Beach,-33.623500,151.317900,AU,BCH
Lobster Beach,-33.526800,151.340100,AU,BCH
Little Mackerel Beach,-33.598500,151.301190,AU,BCH
Little Beach,-33.515200,151.417890,AU,BCH
Lighthouse Beach,-31.531800,152.867910,AU,BCH
Lighthouse Beach,-28.881800,153.584600,AU,BCH
Lamberts Beach,-21.074270,149.228580,AU,BCH
Kirra Beach,-28.167010,153.532180,AU,BCH
Kings Beach,-28.698500,153.617910,AU,BCH
Kings Beach,-19.998390,148.264660,AU,BCH
Jibbon Beach,-34.081800,151.167890,AU,BCH
Hungry Beach,-33.548500,151.276200,AU,BCH
Hams Beach,-33.104100,151.656800,AU,BCH
Halletts Beach,-33.600000,151.233330,AU,BCH
Great Mackarel Beach,-33.590200,151.301190,AU,BCH
Friendly Beaches,-42.020610,148.281270,AU,BCH
Flynns Beach,-31.448500,152.934600,AU,BCH
Five Mile Beach,-38.954030,146.447360,AU,BCH
Fishermans Beach,-33.736590,151.306070,AU,BCH
Far Beach,-21.183330,149.200000,AU,BCH
Dutchies Beach,-32.715200,152.134600,AU,BCH
Dickey Beach,-26.783330,153.133330,AU,BCH
Dewars Beach,-20.785660,148.834690,AU,BCH
Denhams Beach,-35.754100,150.217900,AU,BCH
Cudmirrah Beach,-35.198500,150.584600,AU,BCH
Cudgera Beach,-28.381800,153.567900,AU,BCH
Crabbes Creek Beach,-28.481800,153.551190,AU,BCH
Covering Beach,-20.589550,148.666350,AU,BCH
Clifton Beach,-42.986820,147.533700,AU,BCH
Chinamans Long Beach,-38.839240,146.420200,AU,BCH
Chinamans Beach,-38.800000,146.433330,AU,BCH
Cave Beach,-35.165200,150.667890,AU,BCH
Bulcock Beach,-26.807020,153.131880,AU,BCH
Bramston Beach,-17.352350,146.023870,AU,BCH
Boomerang Beach,-32.340200,152.534610,AU,BCH
Bongin Bongin Beach,-33.682070,151.311950,AU,BCH
Bondi Beach,-33.891690,151.277620,AU,BCH
Blueys Beach,-32.352700,152.537900,AU,BCH
Bilgola Beach,-33.645850,151.328090,AU,BCH
Bherwherre Beach,-35.166670,150.633330,AU,BCH
Avoca Beach,-33.465200,151.434600,AU,BCH
Garie Beach,-34.168320,151.069990,AU,BCH
Nudists Beach,-41.070000,146.720000,AU,BCH
Gibsons Beach,-41.100000,146.810000,AU,BCH
Bellbuoy Beach,-41.030000,146.840000,AU,BCH
Hordern Beach,-34.082190,151.146790,AU,BCH
Cronulla Beach,-34.037300,151.172260,AU,BCH
Kurnell Beach,-34.006670,151.215500,AU,BCH
Maroubra Beach,-33.948680,151.257230,AU,BCH
Lady Robinsons Beach,-33.965410,151.155400,AU,BCH
Bellerive Beach,-42.870000,147.369990,AU,BCH
Nutgrove Beach,-42.900000,147.340000,AU,BCH
Corrimal Beach,-34.381800,150.917890,AU,BCH
Towradgi Beach,-34.398500,150.909610,AU,BCH
Dudley Beach,-32.965200,151.717900,AU,BCH
Long Beach,-42.910000,147.350010,AU,BCH
Mission Beach,-17.939020,146.094420,AU,BCH
Pallon Beach,-17.941750,146.142630,AU,BCH
Oombunchi Beach,-16.966670,145.916670,AU,BCH
King Beach,-16.915960,145.935270,AU,BCH
Newell Beach,-16.422250,145.407440,AU,BCH
Pebbly Beach,-16.582910,145.512770,AU,BCH
Ellis Beach,-16.734170,145.660340,AU,BCH
Palm Cove Beach,-16.750690,145.671280,AU,BCH
Bulburra Beach,-16.866670,145.916670,AU,BCH
Evans Head Beach,-29.081800,153.434600,AU,BCH
Blue Lake Beach,-27.497570,153.511340,AU,BCH
Sovereign Beach,-27.281670,153.418900,AU,BCH
Toompani Beach,-27.248330,153.417220,AU,BCH
Gonzales Beach,-27.231670,153.417220,AU,BCH
Jason Beach,-27.181660,153.423070,AU,BCH
Eager Beach,-27.131670,153.434170,AU,BCH
Warrajamba Beach,-27.096670,153.444170,AU,BCH
Spitfire Beach,-27.066110,153.453890,AU,BCH
Braydon Beach,-27.046110,153.460830,AU,BCH
Godwin Beach,-27.087290,153.110240,AU,BCH
Whalebone Beach,-15.760970,145.369160,AU,BCH
Machans Beach,-16.850970,145.749990,AU,BCH
Congora Beach,-10.836840,142.543350,AU,BCH
Kilbie Beach,-10.829610,142.551670,AU,BCH
Saldogoo Beach,-10.808500,142.563060,AU,BCH
Nanthau Beach,-10.776000,142.587220,AU,BCH
Narau Beach,-10.789060,142.580280,AU,BCH
Safety Beach,-38.321530,144.983200,AU,BCH
Back Beach,-38.337500,144.707780,AU,BCH
Cabblers Beach,-33.826110,151.262500,AU,BCH
Nine Mile Beach,-42.090000,148.149990,AU,BCH
Shelly Beach,-42.560000,147.890000,AU,BCH
Spring Beach,-42.570000,147.899990,AU,BCH
Fossil Beach,-38.242090,145.027630,AU,BCH
Deewhy Beach,-33.750000,151.300000,AU,BCH
Marley Beach,-34.114720,151.141530,AU,BCH
Shellharbour North Beach,-34.572170,150.868720,AU,BCH
Whitehaven Beach,-20.281110,149.037780,AU,BCH
South Melbourne beach,-37.848120,144.947930,AU,BCH
Alexandria Bay,-26.386100,153.115340,AU,BCH
Little Cove,-26.384390,153.095830,AU,BCH
Samurai Beach,-32.764900,152.127340,AU,BCH
Bindijine Beach,-35.052420,150.780000,AU,BCH
Back Beach,-30.882100,153.034610,AU,BCH
Aragunnu Beach,-36.590200,150.051190,AU,BCH
Avalon Beach,-33.631800,151.317900,AU,BCH
Austinmer Beach,-34.305910,150.935310,AU,BCH
Aslings Beach,-37.048500,149.917890,AU,BCH
Andersons Beach,-29.429980,153.363240,AU,BCH
Angels Beach,-28.848500,153.601200,AU,BCH
Airforce Beach,-29.098500,153.434600,AU,BCH
Abrahams Bosom Beach,-35.018170,150.844350,AU,BCH
Bagnalls Beach,-32.715200,152.117910,AU,BCH
Balmoral Beach,-33.827250,151.252210,AU,BCH
Banks Beach,-32.731800,152.051190,AU,BCH
Baragoot Beach,-36.481800,150.051190,AU,BCH
Bar Beach,-36.890200,149.917890,AU,BCH
Bar Beach,-36.215200,150.134600,AU,BCH
Bar Beach,-32.940200,151.767900,AU,BCH
Barfleur Beach,-35.065200,150.684600,AU,BCH
Barlings Beach,-35.831800,150.201200,AU,BCH
Barrenjoey Beach,-33.590200,151.326200,AU,BCH
Bartletts Beach,-31.581800,152.834600,AU,BCH
Basin Beach,-33.665200,151.317900,AU,BCH
Bawley Beach,-35.505120,150.392960,AU,BCH
Beares Beach,-36.431800,150.084600,AU,BCH
Beilbys Beach,-30.648500,153.017900,AU,BCH
Bellambi Beach,-34.365200,150.917890,AU,BCH
Bennetts Beach,-32.681800,152.192900,AU,BCH
Beswicks Beach,-28.923500,153.536000,AU,BCH
Boat Harbour Beach,-35.245130,150.538380,AU,BCH
Boat Beach,-32.435400,152.531480,AU,BCH
Boambee Beach,-30.331800,153.117910,AU,BCH
Bluff Beach,-29.381800,153.367910,AU,BCH
Blenheim Beach,-35.081800,150.684600,AU,BCH
Blackwoods Beach,-34.060730,151.157130,AU,BCH
Blacksmiths Beach,-33.081800,151.659610,AU,BCH
Black Head Beach,-32.065200,152.534610,AU,BCH
Black Beach,-34.665200,150.851200,AU,BCH
Birdie Beach,-33.215200,151.601200,AU,BCH
Bingie Beach,-36.031800,150.151200,AU,BCH
Bogangar Beach,-28.315200,153.567900,AU,BCH
Bombo Beach,-34.656800,150.851200,AU,BCH
Bongon Beach,-33.181800,151.617910,AU,BCH
Boulder Beach,-28.815200,153.601200,AU,BCH
Bournda Beach,-36.815200,149.942900,AU,BCH
Box Beach,-32.731440,152.182060,AU,BCH
Boydtown Beach,-37.081800,149.867910,AU,BCH
Bradleys Beach,-33.531800,151.234600,AU,BCH
Brandy Creek Beach,-37.081800,149.867910,AU,BCH
Brays Beach,-28.715200,153.617910,AU,BCH
Broadwater Beach,-29.031800,153.467900,AU,BCH
Broken Head Beach,-28.698500,153.601200,AU,BCH
Bronte Beach,-33.903410,151.268390,AU,BCH
Brou Beach,-36.131800,150.117910,AU,BCH
Broulee Beach,-35.848500,150.167890,AU,BCH
Brow Beach,-36.131800,150.117910,AU,BCH
Buckleys Beach,-35.286480,150.482350,AU,BCH
Bulgo Beach,-34.216030,151.010730,AU,BCH
Callala Beach,-35.015200,150.701200,AU,BCH
Campbells Beach,-30.248500,153.151200,AU,BCH
Canton Beach,-33.273500,151.534610,AU,BCH
Caseys Beach,-35.731800,150.201200,AU,BCH
Castle Rock Beach,-33.811750,151.259280,AU,BCH
Cat and Kitten Beach,-35.531800,150.401200,AU,BCH
Chinamans Beach,-35.094140,150.693200,AU,BCH
Chinamans Beach,-33.814100,151.248160,AU,BCH
Clarkes Beach,-28.640200,153.617910,AU,BCH
Clontarf Beach,-33.807170,151.251350,AU,BCH
Clovelly Beach,-33.913760,151.266680,AU,BCH
Cocora Beach,-37.065200,149.884600,AU,BCH
Coffs Harbour Beach,-30.298500,153.134600,AU,BCH
Collingwood Beach,-35.065200,150.667890,AU,BCH
Collins Beach,-33.808320,151.291290,AU,BCH
Conjola Beach,-35.271520,150.503000,AU,BCH
Convent Beach,-29.440200,153.367910,AU,BCH
Cookies Beach,-35.648500,150.284610,AU,BCH
Cormorant Beach,-35.510130,150.397420,AU,BCH
Corrigans Beach,-35.715200,150.184600,AU,BCH
Croppy Beach,-33.556800,151.251200,AU,BCH
Culburra Beach,-34.923500,150.767900,AU,BCH
Cunjurong Beach,-35.269060,150.513080,AU,BCH
Curl Curl Beach,-33.773500,151.292890,AU,BCH
Currarong Beach,-35.015200,150.817900,AU,BCH
Currawong Beach,-33.598500,151.301190,AU,BCH
Currawulla Beach,-37.081800,149.867910,AU,BCH
Cuttagee Beach,-36.498500,150.051190,AU,BCH
Dark Beach,-35.681800,150.301190,AU,BCH
Deadmans Beach,-33.181800,151.617910,AU,BCH
Dee,-35.242080,150.530980,AU,BCH
Depot Beach,-35.631800,150.317900,AU,BCH
Dunbogan Beach,-31.681800,152.817900,AU,BCH
Easts Beach,-34.681800,150.851200,AU,BCH
Edwards Beach,-33.820850,151.251080,AU,BCH
Eleanor Beach,-33.565200,151.234600,AU,BCH
Elizabeth Beach,-32.315200,152.534610,AU,BCH
Elouera Beach,-34.045700,151.159610,AU,BCH
Emily Miller Beach,-35.681800,150.301190,AU,BCH
Fairlight Beach,-33.798500,151.276200,AU,BCH
Fairy Bower Beach,-33.800830,151.293920,AU,BCH
Fiddamans Beach,-30.165200,153.201200,AU,BCH
Fingal Beach,-32.748500,152.167890,AU,BCH
Fiona Beach,-32.465200,152.434600,AU,BCH
Fisheries Beach,-37.098500,149.917890,AU,BCH
Fishermans Beach,-34.481800,150.909610,AU,BCH
Flagstaff Beach,-28.165200,153.551190,AU,BCH
Flannel Flower Beach,-33.573500,151.301190,AU,BCH
Flat Rock,-35.233980,150.530160,AU,BCH
Flint and Steel Beach,-33.573500,151.284610,AU,BCH
Forster Beach,-32.173500,152.509600,AU,BCH
Forster Beach,-30.698500,152.984600,AU,BCH
Forty Baskets Beach,-33.798500,151.267900,AU,BCH
Frazer Beach,-33.181800,151.617910,AU,BCH
Freshwater Beach,-33.781470,151.290740,AU,BCH
Front Beach,-30.881800,153.051190,AU,BCH
Gannet Beach,-35.516020,150.398540,AU,BCH
Gap Beach,-30.903590,153.081010,AU,BCH
Fullers Beach,-36.281800,150.134600,AU,BCH
Gibsons Beach,-33.846340,151.281150,AU,BCH
Graces Shore,-33.523500,151.176190,AU,BCH
Grants Beach,-31.598500,152.834600,AU,BCH
Grassy Beach,-30.781800,153.001200,AU,BCH
Groper Coast,-35.064920,150.774350,AU,BCH
Gunyah Beach,-34.082660,151.153230,AU,BCH
Gunyah Beach,-33.573500,151.242910,AU,BCH
Hargraves Beach,-33.248500,151.551190,AU,BCH
Hatchcover Beach,-29.681800,153.334600,AU,BCH
Haywards Beach,-36.398500,150.067900,AU,BCH
Opal Cove Beach,-30.248500,153.134600,AU,BCH
Honeysuckle Beach,-35.698500,150.267900,AU,BCH
Horse Shoe Beach,-32.923500,151.792890,AU,BCH
Huskisson Beach,-35.046300,150.676190,AU,BCH
Iluka Beach,-29.398500,153.367910,AU,BCH
Iron Ladder Beach,-33.540200,151.342900,AU,BCH
Island Beach,-35.565200,150.351200,AU,BCH
Jane Spiers Beach,-37.348500,149.951200,AU,BCH
Jemisons Beach,-36.098500,150.134600,AU,BCH
Jimmys Beach,-32.681800,152.201200,AU,BCH
Kendalls Beach,-34.681800,150.851200,AU,BCH
Cabbage Tree Beach,-33.798500,151.284610,AU,BCH
Coila Beach,-36.031800,150.151200,AU,BCH
Elephants Back,-33.998500,151.151200,AU,BCH
Fairy Meadow Beach,-34.398500,150.909610,AU,BCH
Farrells Beach,-33.631800,151.301190,AU,BCH
Five Mile Beach,-35.165200,150.634600,AU,BCH
Foresters Beach,-33.415200,151.476200,AU,BCH
Fosters Beach,-30.698500,152.984600,AU,BCH
Four Mile Beach,-36.398500,150.067900,AU,BCH
Great Mermaid Beach,-32.681800,152.192900,AU,BCH
Harbord Beach,-33.774560,151.293340,AU,BCH
Heads Beach,-33.081800,151.659610,AU,BCH
Kingston Beach,-35.831800,150.184600,AU,BCH
Kioloa Beach,-35.548500,150.384600,AU,BCH
Humbug,-36.715200,149.967900,AU,BCH
Jenny Dixons Beach,-33.265200,151.551190,AU,BCH
Jiguma Beach,-36.931800,149.901200,AU,BCH
Kiama Surf Beach,-34.665200,150.851200,AU,BCH
Killalea Beach,-34.598310,150.879320,AU,BCH
Killcare Beach,-33.531800,151.367910,AU,BCH
Kingsley Beach,-32.790200,152.101200,AU,BCH
Kittys Beach,-35.181800,150.684600,AU,BCH
Kiyong Beach,-34.540200,150.876200,AU,BCH
Kookabrau Beach,-35.531800,150.401200,AU,BCH
Koorbrua Beach,-35.531800,150.401200,AU,BCH
Kutti Beach,-33.847230,151.278960,AU,BCH
Kylies Beach,-31.731800,152.784610,AU,BCH
Lady Bay Beach,-33.831800,151.284610,AU,BCH
Lady Jane Beach,-33.831800,151.284610,AU,BCH
Lady Jane Martin Beach,-33.831800,151.284610,AU,BCH
Lady Martins Beach,-33.864670,151.253850,AU,BCH
Lakes Beach,-33.248500,151.551190,AU,BCH
Legges Beach,-37.065200,149.867910,AU,BCH
Lighthouse Beach,-33.286000,151.571790,AU,BCH
Lighthouse Beach,-32.448500,152.517900,AU,BCH
Little Beach,-28.634260,153.637030,AU,BCH
Little Beach,-33.173500,151.634600,AU,BCH
Little Birdie Beach,-33.198500,151.617910,AU,BCH
Little Kingsley Beach,-32.790200,152.101200,AU,BCH
Little Oakey Beach,-35.698500,150.287290,AU,BCH
Little Park Beach,-32.915200,151.792890,AU,BCH
Little Patonga Beach,-33.565200,151.267900,AU,BCH
Little Pebbly Beach,-29.681800,153.334600,AU,BCH
Little Shelley Beach,-29.515200,153.351200,AU,BCH
Little Wategos Beach,-28.634270,153.636850,AU,BCH
Little Wobby Beach,-33.548500,151.251200,AU,BCH
Loader Beach,-36.281800,150.134600,AU,BCH
Lobster Pot Beach,-32.198500,152.551190,AU,BCH
Long Beach,-35.698500,150.217900,AU,BCH
Long Beach,-36.398500,150.067900,AU,BCH
Mckenzies Beach,-35.798500,150.217900,AU,BCH
Mcbrides Beach,-32.198500,152.551190,AU,BCH
Mckittricks Beach,-29.440200,153.367910,AU,BCH
Malabar Beach,-33.963900,151.252340,AU,BCH
Manyana Beach,-35.253400,150.529220,AU,BCH
Merewether Beach,-32.948500,151.759600,AU,BCH
Merimbula Beach,-36.915200,149.917890,AU,BCH
Meringo Beach,-36.009600,150.159610,AU,BCH
Merry Beach,-35.565200,150.367910,AU,BCH
Middle Beach,-36.647400,150.010700,AU,BCH
Middle Beach,-30.769900,152.997600,AU,BCH
Middle Camp Beach,-33.148500,151.634600,AU,BCH
The Middy,-34.599500,150.892410,AU,BCH
Milk Beach,-33.856800,151.267900,AU,BCH
Burgess Beach,-32.198500,152.534610,AU,BCH
Burrill Beach,-35.381800,150.467900,AU,BCH
Boyds Beach,-34.631800,150.851200,AU,BCH
Breakaway Beach,-36.431800,150.067900,AU,BCH
Budgewoi Beach,-33.231800,151.567900,AU,BCH
Carters Beach,-36.198500,150.134600,AU,BCH
Chinamens Beach,-29.131800,153.451200,AU,BCH
Connors Beach,-31.048500,153.051190,AU,BCH
Dirty Haul Beach,-33.798500,151.267900,AU,BCH
Gap Beach,-31.048500,153.051190,AU,BCH
Handkerchief Beach,-36.248500,150.134600,AU,BCH
Jaggers Beach,-36.448500,150.067900,AU,BCH
Jones Beach,-34.631800,150.851200,AU,BCH
Kianga Beach,-36.181800,150.134600,AU,BCH
Main Beach,-36.415200,150.067900,AU,BCH
Moorhead Beach,-36.415200,150.067900,AU,BCH
New Zealand Beach,-29.131800,153.451200,AU,BCH
North Wollongong Beach,-34.415200,150.901200,AU,BCH
O’Connors Beach,-31.048500,153.051190,AU,BCH
Old Bar Beach,-31.965200,152.584600,AU,BCH
One Tree Beach,-36.048500,150.134600,AU,BCH
Third Beach,-31.065200,153.051190,AU,BCH
Wallabi Beach,-32.001000,152.567900,AU,BCH
Bengello Beach,-35.865200,150.167890,AU,BCH
Cowdroys Beach,-36.665200,149.984600,AU,BCH
Dalmeny Beach,-36.165200,150.117910,AU,BCH
Duesburys Beach,-36.181800,150.134600,AU,BCH
Gillards Beach,-36.658000,150.003690,AU,BCH
Hobart Beach,-36.781800,149.934600,AU,BCH
Penders Beach,-36.631800,150.017900,AU,BCH
Potato Point Beach,-36.081800,150.134600,AU,BCH
Yabbara Beach,-36.165200,150.134600,AU,BCH
Lilli Pilli Beach,-35.774300,150.231000,AU,BCH
Waterfall Beach,-33.199900,151.619290,AU,BCH
Gravelly Beach,-33.195700,151.625400,AU,BCH
Coral Fern Beach,-33.181800,151.629000,AU,BCH
Ghosties Beach,-33.176300,151.634600,AU,BCH
Sapphire Beach,-30.215200,153.151200,AU,BCH
Wongaling Beach,-17.904850,146.097490,AU,BCH
Woody Point Beach,-27.260070,153.101910,AU,BCH
Yaroomba Beach,-26.549790,153.101610,AU,BCH
Yingalinda Beach,-18.066520,146.033050,AU,BCH
Belmunda Beach,-20.950940,149.026640,AU,BCH
Castaways Beach,-26.431740,153.107160,AU,BCH
Cooloola Beach,-26.048400,153.136320,AU,BCH
Sunrise Beach,-26.419240,153.109960,AU,BCH
Conway Beach,-20.479440,148.739730,AU,BCH
Wilson Beach,-20.472610,148.723850,AU,BCH
Kurrawa Beach,-28.029510,153.435520,AU,BCH
Surfers Paradise Beach,-28.002290,153.431350,AU,BCH
Miami Beach,-28.067570,153.444690,AU,BCH
Burleigh Beach,-28.088120,153.453000,AU,BCH
Tallebudgera Beach,-28.100070,153.462740,AU,BCH
Mill Beach,-35.665200,150.301190,AU,BCH
Mill Beach,-36.498500,150.051190,AU,BCH
Miners Beach,-31.465200,152.934600,AU,BCH
Minnamurra Beach,-34.615200,150.859600,AU,BCH
Wallagoot Beach,-36.798500,149.951200,AU,BCH
Wamberal Beach,-33.423500,151.459600,AU,BCH
Wanda Beach,-34.048500,151.167890,AU,BCH
Wollongong Beach,-34.431800,150.901200,AU,BCH
Wollongong North Beach,-34.415200,150.901200,AU,BCH
West Head Beach,-33.581360,151.308950,AU,BCH
Wilsons Beach,-35.005500,150.830990,AU,BCH
Wimbie Beach,-35.762400,150.201200,AU,BCH
Wombarra Beach,-34.281800,150.951200,AU,BCH
Wanderrabah Beach or Jimmys Beach,-32.681800,152.201200,AU,BCH
Wangi Wangi Beach,-33.073500,151.587300,AU,BCH
Warilla Beach,-34.548500,150.876200,AU,BCH
Warriewood Beach,-33.681800,151.309600,AU,BCH
Washaway Beach,-33.814990,151.263560,AU,BCH
Washerwomans Beach,-35.215200,150.534610,AU,BCH
Wategos Beach,-28.636570,153.633620,AU,BCH
Wattamolla Beach,-34.137420,151.114370,AU,BCH
Whale Beach,-37.098500,149.901200,AU,BCH
Whites Beach,-28.715200,153.601200,AU,BCH
Whiting Beach,-33.831800,151.234600,AU,BCH
Whiting Beach,-29.431800,153.351200,AU,BCH
Wonboyn Beach,-37.265200,149.951200,AU,BCH
Woolgoolga Beach,-30.098500,153.201200,AU,BCH
Yagon Beach,-32.456800,152.501200,AU,BCH
Zenith Beach,-32.719550,152.184660,AU,BCH
Monument,-35.237660,150.530330,AU,BCH
Moon Island Beach,-33.168000,151.631810,AU,BCH
Mullaway Beach,-30.065200,153.201200,AU,BCH
Mungo Beach,-32.531800,152.317900,AU,BCH
Murrah Beach,-36.531800,150.067900,AU,BCH
Murramarang Beach,-35.522640,150.402080,AU,BCH
Myrtle Beach,-35.681800,150.301190,AU,BCH
Nadgee Beach,-37.439840,149.966640,AU,BCH
Narooma Beach,-36.231800,150.134600,AU,BCH
Narrabeen Beach,-33.715350,151.300750,AU,BCH
Nelson Beach,-36.681800,149.984600,AU,BCH
Nelsons Beach,-35.081800,150.701200,AU,BCH
Newcastle Beach,-32.931800,151.784610,AU,BCH
Newport Beach,-33.648500,151.317900,AU,BCH
Newtons Beach,-37.365200,149.951200,AU,BCH
Nobbys Beach,-32.923500,151.792890,AU,BCH
North Beach,-34.481800,150.909610,AU,BCH
North Beach,-35.498760,150.390860,AU,BCH
North Beach,-31.598500,152.834600,AU,BCH
North Beach,-32.615200,152.317900,AU,BCH
North Curl Curl Beach,-33.766950,151.299630,AU,BCH
North Entrance Beach,-33.315200,151.534610,AU,BCH
North Head Beach,-35.715200,150.267900,AU,BCH
North Shore Beach,-31.365200,152.934600,AU,BCH
North Smoky Beach,-30.916900,153.085870,AU,BCH
North Steyne Beach,-33.790200,151.284610,AU,BCH
Number One Beach,-32.415200,152.517900,AU,BCH
Oakey Beach,-35.702700,150.284610,AU,BCH
One Horse Sands,-32.431800,152.434600,AU,BCH
Pambula Beach,-36.931800,149.901200,AU,BCH
Paradise Beach,-33.623500,151.317900,AU,BCH
Parkyns Beach,-34.490200,150.926190,AU,BCH
Patches Beach,-28.956800,153.504000,AU,BCH
Pebbley Beach,-32.181800,152.517900,AU,BCH
Pebbly Beach,-29.681800,153.334600,AU,BCH
Pebbly Beach,-35.615200,150.334600,AU,BCH
Pebbly Beach,-32.073500,152.534610,AU,BCH
Pebbly Beach,-31.181800,152.984600,AU,BCH
Pebbley Beach,-33.281800,151.567900,AU,BCH
Pelican Beach,-33.281800,151.551190,AU,BCH
Piccaninny Beach,-36.081800,150.134600,AU,BCH
Picnic Beach,-36.615200,150.034610,AU,BCH
Pilot Beach,-31.631800,152.834600,AU,BCH
Pinny Beach,-33.130500,151.642900,AU,BCH
Pippi Beach,-29.448500,153.367910,AU,BCH
Plumbago Beach,-29.548500,153.334600,AU,BCH
Port Kembla Beach,-34.481800,150.909610,AU,BCH
Portuguese Beach,-33.606800,151.301190,AU,BCH
Potato Beach,-36.098500,150.134600,AU,BCH
Powells Beach,-33.623500,151.317900,AU,BCH
Pretty Beach,-35.565200,150.367910,AU,BCH
Priests Beach,-34.665200,150.851200,AU,BCH
Providence Beach,-32.615200,152.317900,AU,BCH
Quarantine Beach,-33.815220,151.286420,AU,BCH
Queenscliff Beach,-33.790200,151.284610,AU,BCH
Racecourse Beach,-35.538480,150.390900,AU,BCH
Racecourse Beach,-35.368000,150.478190,AU,BCH
Rainbow Beach,-31.565200,152.834600,AU,BCH
Red Cliff Beach,-29.565200,153.334600,AU,BCH
Red Head Beach,-32.015200,152.551190,AU,BCH
Red Head Beach,-32.031800,152.534610,AU,BCH
Redhead Beach,-33.015200,151.726200,AU,BCH
Red Hill Beach,-29.123500,153.451200,AU,BCH
Red Ochre Beach,-33.198500,151.601200,AU,BCH
Reef Beach,-33.807600,151.274120,AU,BCH
Richmond Beach,-35.698500,150.284610,AU,BCH
Rosedale Beach,-35.798500,150.217900,AU,BCH
Rosherville (Chinamans) Beach,-33.815480,151.249050,AU,BCH
Sailors Grave Beach,-35.048500,150.667890,AU,BCH
Saltwater Beach,-32.015200,152.551190,AU,BCH
Sandy Beach,-33.606800,151.301190,AU,BCH
Scarborough Beach,-34.273500,150.959600,AU,BCH
Seven Mile Beach,-32.298500,152.534610,AU,BCH
Seven Shillings Beach,-33.865010,151.235280,AU,BCH
Shark Beach,-33.850660,151.266680,AU,BCH
Shark Net Beach,-35.039900,150.673710,AU,BCH
Sharpes Beach,-28.840200,153.601200,AU,BCH
Shelly Beach,-29.531800,153.351200,AU,BCH
Shelly Beach,-33.556800,151.251200,AU,BCH
Shelly Beach,-28.865200,153.601200,AU,BCH
Shelly Beach,-35.531600,150.403300,AU,BCH
Shelly Beach,-30.181800,153.184600,AU,BCH
Shelly Beach,-32.331800,152.534610,AU,BCH
Shelly Beach,-33.365500,151.501200,AU,BCH
Shelly Beach,-34.781800,150.834600,AU,BCH
Shelly Beach,-30.648500,153.017900,AU,BCH
Shelly Beach,-34.063000,151.155640,AU,BCH
Short Point Beach,-36.873500,149.934600,AU,BCH
Silver Beach,-33.798500,151.267900,AU,BCH
Silver Beach,-34.007620,151.197610,AU,BCH
Skennars Beach,-28.815200,153.601200,AU,BCH
Snapperman Beach,-33.598500,151.317900,AU,BCH
Soldiers Beach,-33.298500,151.567900,AU,BCH
South Beach,-31.681800,152.817900,AU,BCH
South Beach,-34.523500,150.884600,AU,BCH
South Beach,-30.698500,152.984600,AU,BCH
South Beach,-33.631800,151.301190,AU,BCH
South Smoky Beach,-30.928070,153.081740,AU,BCH
South Steyne Beach,-33.798500,151.284610,AU,BCH
Stanwell Park Beach,-34.231800,150.984600,AU,BCH
Stockton Beach,-32.831800,151.901200,AU,BCH
Store Beach,-33.815200,151.292890,AU,BCH
Submarine Beach,-32.448500,152.484600,AU,BCH
Surf Beach,-35.759600,150.201200,AU,BCH
Surf Beach,-34.681800,150.851200,AU,BCH
Surf Beach,-36.231800,150.134600,AU,BCH
Tallow Beach,-33.538440,151.350040,AU,BCH
Tamarama Beach,-33.900500,151.270530,AU,BCH
Taylors Beach,-32.731800,152.051190,AU,BCH
Taylors Beach,-33.631800,151.301190,AU,BCH
Ten Mile Beach,-29.281800,153.351200,AU,BCH
Terrigal Beach,-33.440200,151.442900,AU,BCH
Thirroul Beach,-34.316320,150.927430,AU,BCH
Timber Beach,-33.181800,151.634600,AU,BCH
Tomakin Beach,-35.831800,150.184600,AU,BCH
Town Beach,-31.431800,152.917890,AU,BCH
Towra Beach,-33.998500,151.151200,AU,BCH
Treachery Beach,-32.456800,152.501200,AU,BCH
Tuncurry Beach,-32.115200,152.501200,AU,BCH
Tura Beach,-36.831800,149.934600,AU,BCH
Turimetta Beach,-33.698500,151.301190,AU,BCH
Turners Beach,-29.438460,153.367240,AU,BCH
Twenty By Twelve Beach,-32.356800,152.526200,AU,BCH
Umina Beach,-33.525230,151.320660,AU,BCH
Wairo Beach,-35.415200,150.434600,AU,BCH
Walkers Beach,-34.765200,150.834600,AU,BCH
Bulli Beach,-34.340020,150.925500,AU,BCH
Bullimah Beach,-33.531800,151.384600,AU,BCH
Bullocks Hoof,-35.165200,150.684600,AU,BCH
Bull Pup Beach,-35.531800,150.401200,AU,BCH
Dixon Park Beach,-32.948500,151.759600,AU,BCH
Dreamtime Beach,-28.216600,153.566190,AU,BCH
Diamond Beach,-32.015200,152.551190,AU,BCH
Bunga Beach,-36.548500,150.051190,AU,BCH
Bungan Beach,-33.665200,151.317900,AU,BCH
Bungo Beach,-37.065200,149.884600,AU,BCH
Collers Beach,-35.347100,150.473500,AU,BCH
Main Beach,-29.581800,153.334600,AU,BCH
Rixons Beach,-37.065200,149.884600,AU,BCH
Goolawah Beach,-31.215200,152.967900,AU,BCH
Killick Beach,-31.165200,152.984600,AU,BCH
Joshs Beach,-36.165200,150.117910,AU,BCH
South Tuross Beach,-36.081800,150.134600,AU,BCH
Narrawallee Beach,-35.298500,150.467900,AU,BCH
Back Beach,-29.365200,153.367910,AU,BCH
Corner Beach,-33.831800,151.217900,AU,BCH
Duranbah Beach,-28.165200,153.551190,AU,BCH
Pebbly Beach,-36.245700,150.224300,AU,BCH
Mitchies Beach,-36.881800,149.917890,AU,BCH
Haycock Beach,-36.960700,149.932910,AU,BCH
Raffertys Beach,-33.122100,151.613690,AU,BCH
Pinnacles Beach,-36.997100,149.926190,AU,BCH
Long Beach,-36.998200,149.926190,AU,BCH
Quondolo Beach,-36.980500,149.926190,AU,BCH
Wreck Beach,-32.726120,152.182380,AU,BCH
Greenfield Beach,-35.088500,150.692900,AU,BCH
Orion Beach,-35.069900,150.684010,AU,BCH
Nimbin Beach,-33.280500,151.574800,AU,BCH
Lifeboat Beach,-33.286000,151.571790,AU,BCH
Copacabana Beach,-33.491000,151.432600,AU,BCH
Sunset Beach,-32.706000,152.063200,AU,BCH
Main Beach,-28.636640,153.633300,AU,BCH
Belongil Beach,-28.609300,153.572300,AU,BCH
Diggers Beach,-30.265200,153.151200,AU,BCH
Sandon Point Beach,-34.331490,150.927040,AU,BCH
Woonona Beach,-34.348950,150.920560,AU,BCH
Tathra Beach,-36.731800,149.984600,AU,BCH
Red Rock Beach,-30.031800,153.201200,AU,BCH
Circuit Beach,-35.783200,150.235990,AU,BCH
Little Beach,-31.048500,153.051190,AU,BCH
Middle Beach,-36.890200,149.934600,AU,BCH
Wallaga Beach,-36.348500,150.092900,AU,BCH
Cowrie Beach,-36.418000,150.070690,AU,BCH
Shelly Beach,-36.418000,150.070690,AU,BCH
Jack Common Beach,-36.418000,150.070690,AU,BCH
Emerald Beach,-30.168200,153.190400,AU,BCH
Hearnes Lake Beach,-30.138000,153.200700,AU,BCH
Woolgoolga Back Beach,-30.120700,153.205400,AU,BCH
Arrawarra Beach,-30.059100,153.199800,AU,BCH
Station Creek Beach,-29.964300,153.246000,AU,BCH
Freshwater Beach,-29.923500,153.266210,AU,BCH
Wooli Beach,-29.858500,153.269810,AU,BCH
Diggers Camp Beach,-29.813500,153.289600,AU,BCH
Minnie Water Back Beach,-29.793000,153.290400,AU,BCH
Minnie Water Beach,-29.768500,153.297100,AU,BCH
Jones Beach,-29.891300,153.270400,AU,BCH
Sandon Beach,-29.718800,153.303500,AU,BCH
Rennies Beach,-35.368000,150.478190,AU,BCH
Racecourse Beach,-35.380500,150.461500,AU,BCH
Bothams Beach,-33.647400,151.278700,AU,BCH
Cullendulla Beach,-35.701600,150.203990,AU,BCH
Surfside Beach,-35.703000,150.195690,AU,BCH
Windang Beach,-34.540200,150.876200,AU,BCH
Letitia Beach,-28.178800,153.557600,AU,BCH
Fingal Head Beach,-28.193200,153.564000,AU,BCH
Kingscliff Beach,-28.248000,153.572100,AU,BCH
South Kingscliff Beach,-28.274100,153.580990,AU,BCH
Casuarina Beach,-28.303000,153.573700,AU,BCH
Norries Cove,-28.336000,153.575700,AU,BCH
Maggies Beach,-28.348500,153.574600,AU,BCH
Wooyung Beach,-28.453200,153.554310,AU,BCH
Marys Beach,-32.712700,152.064300,AU,BCH
Fishermans Beach,-35.074600,150.788500,AU,BCH
Jetty Beach,-30.305500,153.140700,AU,BCH
Little Beach,-29.981300,153.232610,AU,BCH
Cabins Beach,-30.079600,153.202900,AU,BCH
Darkum Beach,-30.088800,153.200700,AU,BCH
Safety Beach,-30.096600,153.200700,AU,BCH
North Wall Beach,-30.299300,153.140400,AU,BCH
Cowrie Beach,-34.942140,135.628820,AU,BCH
Almonta Beach,-34.680530,135.347150,AU,BCH
Kiana Beach,-34.039020,135.270060,AU,BCH
Paradise Beach,-33.226860,134.720310,AU,BCH
Surfers Beach,-32.948160,134.193300,AU,BCH
Turnbulls Beach,-33.908600,136.585710,AU,BCH
Red Banks Beach,-34.921510,135.621080,AU,BCH
Greenly Beach,-34.361990,135.358090,AU,BCH
Convention Beach,-34.270490,135.346720,AU,BCH
Morgans Landing,-34.496290,135.218380,AU,BCH
Mary Ellis Wreck Beach,-34.859740,135.726180,AU,BCH
Perlubie Beach,-32.664530,134.294330,AU,BCH
Cheetina Beach,-33.180320,134.707470,AU,BCH
Dog Fence Beach,-31.770340,131.841250,AU,BCH
Long Beach,-36.701130,139.862560,AU,BCH
Murrays,-30.359300,153.107100,AU,BCH
Sawtell,-30.365700,153.103500,AU,BCH
Bonville Beach,-30.400700,153.081210,AU,BCH
Abarungkwa Beach,-13.718770,136.179820,AU,BCH
Adamaji Beach,-13.737500,136.130290,AU,BCH
Adamenimburru Beach,-13.770370,136.110700,AU,BCH
Amakurrkwarra Beach,-13.805360,136.110700,AU,BCH
Amungkwalya Beach,-14.263070,136.790270,AU,BCH
Amurranga Beach,-13.813710,136.904850,AU,BCH
Analurru Beach,-13.759560,136.108790,AU,BCH
Anganja Beach,-14.059840,136.417370,AU,BCH
Angurukurikba Beach,-14.174150,136.401750,AU,BCH
Arnjiya Beach,-14.203860,136.340820,AU,BCH
Ayendadumanja Beach,-13.712680,136.718810,AU,BCH
Ayungkwiyungkwa Beach,-13.914730,136.791950,AU,BCH
Birritjimi Beach,-12.187200,136.699100,AU,BCH
Bonkalji Beach,-11.854900,131.068100,AU,BCH
Camp Beach,-15.645400,136.748600,AU,BCH
Casuarina Beach,-12.352500,130.873800,AU,BCH
Cullen Beach,-12.449100,130.822240,AU,BCH
Dinah Beach,-12.451630,130.850510,AU,BCH
Ditji Beach,-14.366700,129.369000,AU,BCH
Djanbirrkpuy Beach,-12.194900,136.678500,AU,BCH
East Woody Beach,-12.163660,136.768040,AU,BCH
Eight Mile Beach,-13.861290,136.874910,AU,BCH
Endungwa Beach,-13.935600,136.424390,AU,BCH
Eningkirra Beach,-13.957200,136.418000,AU,BCH
Eninyena Beach,-14.263600,136.622190,AU,BCH
Five Mile Beach,-12.839090,130.350710,AU,BCH
Gangurimurru Beach,-12.275000,136.649090,AU,BCH
Garanhan Beach,-12.327800,136.932690,AU,BCH
Garrirri Beach,-12.281190,136.903690,AU,BCH
Gurrukpuy Beach,-12.193230,136.705350,AU,BCH
Hingston Beach,-12.495220,130.771010,AU,BCH
Injin Beach,-14.225950,129.433710,AU,BCH
Kahlin Beach,-12.453600,130.825730,AU,BCH
Kurumba Beach,-12.483690,130.776080,AU,BCH
Lameroo Beach,-12.464450,130.838830,AU,BCH
Limiyimiyila Beach,-15.609190,136.669270,AU,BCH
Lurrupukurru Beach,-12.446700,136.850690,AU,BCH
Malinymirri Beach,-12.264950,136.900810,AU,BCH
Malkayubirra Beach,-13.943800,136.773000,AU,BCH
Malkiyangwa Beach,-14.137890,136.424420,AU,BCH
Mamungwajingumanja Beach,-14.279400,136.690000,AU,BCH
Marjirrumanja Beach,-13.774500,136.272710,AU,BCH
Marngkala Beach,-14.209850,136.877470,AU,BCH
Mica Beach,-12.480010,130.776280,AU,BCH
Mindil Beach,-12.445600,130.830460,AU,BCH
Mud Cod Bay,-14.018040,136.413340,AU,BCH
Munda Beach,-14.159700,129.480190,AU,BCH
Mundarringumanja Beach,-13.826400,136.519900,AU,BCH
Mungurjirra Beach,-13.742800,136.179200,AU,BCH
Nebraska Beach,-12.459920,130.821900,AU,BCH
Ngumuy Beach,-12.311940,136.932110,AU,BCH
Ngurrkwurrumanja Beach,-13.697500,136.189190,AU,BCH
Numbarrila Beach,-13.801700,136.258000,AU,BCH
Picnic Beach,-13.907810,136.844160,AU,BCH
Pioneer Beach,-12.687870,130.636660,AU,BCH
Plater Beach,-12.485410,130.775730,AU,BCH
Pococks Beach,-12.203500,132.207310,AU,BCH
Rangura Beach,-12.417000,136.883800,AU,BCH
Sandy Beach,-12.053900,134.179400,AU,BCH
Silversands,-12.487620,130.775060,AU,BCH
Tientebei Beach,-11.824500,130.531010,AU,BCH
Tower Beach,-12.584200,130.569790,AU,BCH
Town Beach,-12.178350,136.788470,AU,BCH
Untimelli Beach,-14.204480,129.446240,AU,BCH
Vesteys Beach,-12.430290,130.834620,AU,BCH
Wagait Beach,-12.427280,130.745300,AU,BCH
Wallaby Beach,-12.187410,136.710330,AU,BCH
Wanyanga Beach,-11.818300,130.614200,AU,BCH
Warlubarlula Beach,-15.738880,136.814100,AU,BCH
Water Beach,-15.609800,136.801000,AU,BCH
Wiyakipa Beach,-14.566700,135.533300,AU,BCH
Yabangwamanja Beach,-13.824500,136.800600,AU,BCH
Yathangka Beach,-15.585440,136.596570,AU,BCH
Yelcher Beach,-14.309900,129.398700,AU,BCH
Yelyukwumanja Beach,-13.847970,136.236010,AU,BCH
Yelyuwarrakba Beach,-14.198060,136.423920,AU,BCH
Yinbiya Beach,-13.835890,136.150770,AU,BCH
Yinidirra Beach,-14.086020,136.427440,AU,BCH
Adams Beach,-27.503680,153.405780,AU,BCH
Alexandra Headland Beach,-26.670350,153.108840,AU,BCH
Alexandria Beach,-26.384240,153.115510,AU,BCH
Armstrong Beach,-21.451210,149.291370,AU,BCH
Barron Beach,-16.866950,145.768330,AU,BCH
Big Buttertin Beach,-10.641000,142.142790,AU,BCH
Cassady Beach,-18.730120,146.293620,AU,BCH
Clontarf Beach,-27.260630,153.081340,AU,BCH
Coolangatta Beach,-28.166730,153.537460,AU,BCH
Cooya Beach,-16.452300,145.409030,AU,BCH
Corroboree Beach,-25.081740,153.325760,AU,BCH
Cowley Beach,-17.685280,146.117010,AU,BCH
Cylinder Beach,-27.426180,153.525770,AU,BCH
Dawson Beach,-21.499540,149.370800,AU,BCH
Eurimbula Beach,-24.168140,151.834380,AU,BCH
Figtree Beach,-21.473430,149.291640,AU,BCH
Fisherman Beach,-23.182590,150.936630,AU,BCH
Five Rocks Beach,-22.778700,150.805240,AU,BCH
Forrest Beach,-18.710120,146.299730,AU,BCH
Four Mile Beach,-16.519790,145.473460,AU,BCH
Four Mile Beach,-21.783710,149.433300,AU,BCH
Frenchmans Beach,-27.428950,153.543290,AU,BCH
Gap Beach,-20.438870,149.041570,AU,BCH
Garners Beach,-17.812150,146.099930,AU,BCH
Golden Shore,-23.484530,150.983570,AU,BCH
Grasstree Beach,-21.363710,149.307750,AU,BCH
Greenmount Beach,-28.167010,153.543580,AU,BCH
Kangkiji Beach,-15.932640,145.387480,AU,BCH
Kemp Beach,-23.170920,150.791350,AU,BCH
Kings Beach,-26.804240,153.141600,AU,BCH
Lammermoor Beach,-23.158990,150.769630,AU,BCH
Launs Beach,-19.252620,146.999990,AU,BCH
Little Beach,-10.642950,142.128080,AU,BCH
Long Beach,-10.655450,142.120030,AU,BCH
Long Beach,-19.218450,147.019700,AU,BCH
Lynchs Beach,-19.455670,147.483030,AU,BCH
Maheno Beach,-25.281740,153.231030,AU,BCH
Main Beach,-27.575070,153.327180,AU,BCH
Manann Beach,-24.798680,153.261600,AU,BCH
Marcoola Beach,-26.598410,153.097990,AU,BCH
Margate Beach,-27.244240,153.111910,AU,BCH
Maroochydore Beach,-26.657850,153.104390,AU,BCH
Mick Ready Beach,-21.345930,149.302200,AU,BCH
Moffat Beach,-26.788960,153.142440,AU,BCH
Morwong Beach,-27.564360,153.333560,AU,BCH
Mudjimba Beach,-26.615000,153.101940,AU,BCH
Mulambin Beach,-23.197030,150.792460,AU,BCH
New Beach,-20.525560,148.701380,AU,BCH
Nine Mile Beach,-22.881480,150.785800,AU,BCH
Nobby Beach,-28.058680,153.442180,AU,BCH
Norfolk Beach,-27.570350,153.338560,AU,BCH
Pandanus Beach,-27.441460,153.176640,AU,BCH
Pelican Beach,-27.975900,153.423570,AU,BCH
Picnic Beach,-18.490400,146.315000,AU,BCH
Pretty Beach,-16.609860,145.529710,AU,BCH
Queens Beach,-27.216180,153.116620,AU,BCH
Queens Beach North,-27.209240,153.116620,AU,BCH
Queens Beach South,-27.222570,153.115800,AU,BCH
Redcliffe Beach,-27.228400,153.116070,AU,BCH
Repulse Beach,-20.477330,148.763580,AU,BCH
Robinsons Beach,-17.624850,146.137480,AU,BCH
Rules Beach,-24.492860,152.039670,AU,BCH
Rundle Beach,-23.502590,150.858020,AU,BCH
Salonika Beach,-21.323430,149.294140,AU,BCH
Sandpiper Beach,-27.599510,153.352460,AU,BCH
Sandy Beach,-27.738050,153.366830,AU,BCH
Saunders Beach,-19.158450,146.610290,AU,BCH
Scarborough Beach,-27.199790,153.116070,AU,BCH
Scotts Point Beach,-27.252850,153.109680,AU,BCH
Second Beach,-16.888740,145.827210,AU,BCH
Seventy Five Mile Beach,-25.381740,153.183840,AU,BCH
Shelly Beach,-19.181230,146.751940,AU,BCH
St Helens Beach,-20.835110,148.841080,AU,BCH
Sunshine Beach,-26.406740,153.113010,AU,BCH
Suttons Beach,-27.236180,153.114690,AU,BCH
Sylvan Beach,-27.060630,153.139950,AU,BCH
Taylors Beach,-18.630680,146.325840,AU,BCH
Teewah Beach,-26.277300,153.066060,AU,BCH
Terry Beach,-10.712950,142.118640,AU,BCH
The Horseshoe,-27.502290,153.358860,AU,BCH
Three Mile Beach,-21.944820,149.473850,AU,BCH
Turtle Creek Beach,-16.627910,145.548890,AU,BCH
Warragon Beach,-17.849300,146.105550,AU,BCH
Wild Cattle Beach,-23.947030,151.376070,AU,BCH
Pacific Beach,-28.108120,153.466610,AU,BCH
Currumbin Beach,-28.130620,153.488570,AU,BCH
Tugun Beach,-28.142290,153.496080,AU,BCH
Bilinga Beach,-28.154790,153.506620,AU,BCH
Balgal Beach,-19.016940,146.411100,AU,BCH
Toomulla Beach,-19.080560,146.474990,AU,BCH
Toolakea Beach,-19.144440,146.577770,AU,BCH
Bushland Beach,-19.188890,146.677780,AU,BCH
Doctors Beach,-32.796730,134.200270,AU,BCH
Tinah Beach,-34.857640,135.768750,AU,BCH
Morgans Beach,-35.594140,138.106930,AU,BCH
Dany Beach,-34.902690,137.042600,AU,BCH
Jolly Beach,-35.261490,136.966340,AU,BCH
Sharples Beach,-35.115190,137.501270,AU,BCH
Goldsmith Beach; Honiton,-35.153300,137.684880,AU,BCH
Shell Beach,-35.191870,136.874150,AU,BCH
Surf Beach,-37.475030,140.027950,AU,BCH
Tiddy Widdy Beach,-34.403110,137.942220,AU,BCH
Office Beach,-33.927160,137.623440,AU,BCH
Homestead Beachs,-34.688830,135.916220,AU,BCH
Silver Sands Beach,-35.311620,138.447540,AU,BCH
Picnic Beach,-34.169780,135.275910,AU,BCH
Back Beach,-34.122440,136.352740,AU,BCH
Pebbly Beach,-35.670200,137.036100,AU,BCH
Admella Beach,-37.854000,140.356730,AU,BCH
Telowie Beach,-33.076910,138.041720,AU,BCH
Murninnie Beach,-33.314370,137.379730,AU,BCH
Brown Beach,-38.041260,140.842290,AU,BCH
McLeod Landing,-34.571890,135.955790,AU,BCH
Simounds Beach,-32.525200,134.224090,AU,BCH
Ladies Beach,-35.535840,138.684690,AU,BCH
Youngs Beach,-34.406740,137.938830,AU,BCH
Broad Beach,-34.698670,137.878330,AU,BCH
Parsons Beach,-34.754270,137.477780,AU,BCH
Webb Beach,-32.914660,137.933980,AU,BCH
Butlers Beach,-35.237830,137.116710,AU,BCH
Back Beach,-37.570560,140.110580,AU,BCH
Geltwood Beach,-37.611700,140.169950,AU,BCH
Sugars Beach,-35.550220,138.880880,AU,BCH
Loch Well Beach,-33.742590,135.024060,AU,BCH
Stun’Sail Boom Beach,-36.019890,137.015730,AU,BCH
Southend Beach,-37.528930,140.119060,AU,BCH
Burdon Beach,-37.528930,140.119060,AU,BCH
Cowrie Beach,-37.528930,140.119060,AU,BCH
Cemetery Beach,-34.700450,135.923410,AU,BCH
Back Beach,-32.796070,134.125630,AU,BCH
Gallipoli Beach,-34.464820,135.391310,AU,BCH
Yanerbie Beach,-32.934180,134.140310,AU,BCH
Sheoak Beach,-35.144510,137.693150,AU,BCH
Ski Beach,-37.170510,139.769260,AU,BCH
Snelling Beach,-35.667860,137.072360,AU,BCH
Outlet Beach,-37.165170,139.776520,AU,BCH
Big Conguinar Beach,-35.735960,137.894440,AU,BCH
Cowleys Beach,-34.195310,136.301560,AU,BCH
Delaneys Beach,-43.120000,147.340000,AU,BCH
Denison Beach,-41.854990,148.276980,AU,BCH
Dianas Beach,-41.380000,148.289990,AU,BCH
Discovery Beach,-42.390000,145.230000,AU,BCH
Dixons Beach,-42.940000,147.350010,AU,BCH
Egg Beach,-43.020000,147.920000,AU,BCH
Elliott Beach,-43.450000,146.960010,AU,BCH
Ettrick Beach,-39.990000,143.880010,AU,BCH
Fairlands Beach,-41.030000,145.820010,AU,BCH
Finns Beach,-43.540000,146.880010,AU,BCH
Rincon Beach,-33.253540,134.690860,AU,BCH
Cheetima Beach,-32.012520,132.172650,AU,BCH
King George Beach,-35.651950,137.121840,AU,BCH
West Beach,-34.911540,137.014130,AU,BCH
Little Conguinar Beach,-35.723450,137.898830,AU,BCH
Cactus Beach,-32.084800,132.981830,AU,BCH
Farm Beach,-34.505990,135.389400,AU,BCH
Homestead Beach,-34.687920,135.915340,AU,BCH
North Beach,-33.896100,137.625890,AU,BCH
Second Beach,-34.526070,137.482210,AU,BCH
Barry Beach,-34.585970,135.958450,AU,BCH
Tyringa Beach,-33.147820,134.418460,AU,BCH
McIntyre Beach,-37.593890,140.140610,AU,BCH
Sandy Beach,-35.955400,136.626560,AU,BCH
Gym Beach,-35.152680,136.914310,AU,BCH
Fishery Beach,-35.632360,138.112900,AU,BCH
Gunya Beach,-34.686020,135.376850,AU,BCH
Mount Camel Beach,-33.282280,134.744630,AU,BCH
Macs Beach,-34.364600,137.991710,AU,BCH
Crawford Beach,-34.970350,136.136810,AU,BCH
Osmanli Beach,-35.976930,137.617910,AU,BCH
Port Gawler Beach,-34.636680,138.436400,AU,BCH
Sensation Beach,-34.543560,135.225750,AU,BCH
Mullalong Beach,-34.463790,135.179790,AU,BCH
Shelly Beach,-34.722970,135.881010,AU,BCH
Riley Beach,-33.896100,137.625890,AU,BCH
Stinky Beach,-37.331920,139.861140,AU,BCH
American Beach,-35.761010,137.889570,AU,BCH
Brownlow Beach,-35.668080,137.617950,AU,BCH
Brown Beach,-35.790390,137.858440,AU,BCH
Snowden Beach,-34.815630,138.511410,AU,BCH
Shell Beach,-34.568690,135.947650,AU,BCH
Keeley Beach,-32.557040,134.255510,AU,BCH
Eight Mile Creek Beach,-33.098740,137.523640,AU,BCH
Talia Beach,-33.331140,134.803180,AU,BCH
Windmill Beach,-33.782620,136.888750,AU,BCH
Boiling Down Beach,-33.331140,134.803180,AU,BCH
Long Beach,-34.624760,135.451430,AU,BCH
Hall Beach,-33.981830,135.252810,AU,BCH
Nautilus Beach,-34.989780,136.151900,AU,BCH
Boord Beach,-33.651020,134.883130,AU,BCH
Mills Beach,-33.834060,136.733200,AU,BCH
Dolphin Beach,-33.226860,134.720310,AU,BCH
Seven Mile Beach,-34.508360,135.281390,AU,BCH
Dodd Beach,-35.415000,138.327410,AU,BCH
Blowhole Beach,-35.654330,138.154970,AU,BCH
Burners Beach,-34.900350,137.243070,AU,BCH
Rifle Butts Beach,-34.522150,137.479290,AU,BCH
Canunda Beach,-37.781610,140.312550,AU,BCH
Mouth Flat Beach,-35.864490,137.936370,AU,BCH
Congony Beach,-35.726570,137.894550,AU,BCH
Murrippi Beach,-33.118580,137.492930,AU,BCH
Bald Hill Beach,-34.272040,138.157780,AU,BCH
Salt Creek Beach,-34.339290,136.160170,AU,BCH
Cabbots Beach,-32.022000,132.193540,AU,BCH
Wreck Beach,-34.859740,135.726180,AU,BCH
Pebbly Beach,-42.200000,145.179990,AU,BCH
Pebbly Beach,-43.440000,146.929990,AU,BCH
Peggys Beach,-43.050000,147.260000,AU,BCH
Penguin Beach,-41.110000,146.070010,AU,BCH
Penna Beach,-42.780000,147.510000,AU,BCH
Periwinkle Beach,-40.910000,144.649990,AU,BCH
Pickup Beach,-43.270000,147.149990,AU,BCH
Picnic Beach,-40.860000,145.480000,AU,BCH
Picnic Point Beach,-41.140000,146.160000,AU,BCH
Piermont Beach,-42.150000,148.070010,AU,BCH
Pilot Beach,-42.200000,145.200000,AU,BCH
Pine Creek Beach,-42.740000,147.880010,AU,BCH
Stapleton Beach,-42.590000,147.910000,AU,BCH
Steadman Beach,-42.370000,145.390000,AU,BCH
Steels Beach,-41.500000,148.270000,AU,BCH
Plain Place Beach,-42.480000,147.990000,AU,BCH
Planter Beach,-40.110000,148.289990,AU,BCH
Planter Beach,-43.570000,146.899990,AU,BCH
Point Puer Beach,-43.150000,147.860000,AU,BCH
Prickly Bottom Beach,-40.360000,148.050000,AU,BCH
Primrose Beach,-42.880000,147.660000,AU,BCH
Prion Beach,-43.530000,146.560000,AU,BCH
Quail Beach,-43.280000,145.820010,AU,BCH
Ransons Beach,-40.840000,147.679990,AU,BCH
Razor Beach,-40.910000,145.539990,AU,BCH
Red Chapel Beach,-42.900000,147.340000,AU,BCH
Red Ochre Beach,-42.860000,147.600010,AU,BCH
Flatman Beach,-34.510170,137.342130,AU,BCH
Fossil Beach,-34.529360,137.359390,AU,BCH
Smith Beach,-35.596070,137.447110,AU,BCH
Sheringa Beach,-33.884050,135.186310,AU,BCH
Gunyah Beach,-34.686020,135.376850,AU,BCH
Shelly Beach,-38.029270,140.581090,AU,BCH
Southport Beach,-35.159460,138.469510,AU,BCH
Parsons Beach,-35.631220,138.469300,AU,BCH
Boat Harbor Beach,-35.638950,138.283200,AU,BCH
Ballaparudda Beach,-35.638620,138.401340,AU,BCH
Callawonga Beach,-35.638710,138.386670,AU,BCH
Seal Beach,-35.687890,136.880910,AU,BCH
Knight Beach,-35.536320,138.678710,AU,BCH
Town Beach,-37.162700,139.759490,AU,BCH
Basham Beach,-35.521110,138.695330,AU,BCH
Long Beach,-37.124420,139.795610,AU,BCH
Dump Beach,-35.538520,138.649640,AU,BCH
Wyomi Beach,-36.857420,139.826540,AU,BCH
Hooper Beach,-37.162800,139.766530,AU,BCH
St Kilda Beach,-34.741080,138.537600,AU,BCH
Fox Beach,-37.164910,139.780320,AU,BCH
Boomer Beach,-35.536090,138.669810,AU,BCH
West Beach,-37.173100,139.745190,AU,BCH
Karrata Beach,-37.159430,139.749700,AU,BCH
Adams Beach,-40.970000,147.369990,AU,BCH
Adventure Bay Beach,-43.360000,147.330000,AU,BCH
Ainslie Beach,-40.560000,144.770000,AU,BCH
Allports Beach,-40.000000,147.880010,AU,BCH
Anthony Beach,-40.800000,145.179990,AU,BCH
Dover Beach,-43.310000,147.020000,AU,BCH
Drip Beach,-43.210000,147.060000,AU,BCH
Dunalley Beach,-42.900000,147.810000,AU,BCH
Eagle Point Beach,-41.200000,146.580000,AU,BCH
Eagles Beach,-42.760000,147.880010,AU,BCH
East Beach,-40.690000,145.050000,AU,BCH
East Devonport Beach,-41.170000,146.369990,AU,BCH
East Telegraph Beach,-40.444000,144.947100,AU,BCH
East Wynyard Beach,-40.990000,145.740000,AU,BCH
Eastmans Beach,-40.990000,147.390000,AU,BCH
Arthur Beach,-41.080000,144.670000,AU,BCH
Aulichs Beach,-41.570000,148.310000,AU,BCH
Back Beach,-41.161270,146.351560,AU,BCH
Badger Beach,-41.090000,146.690000,AU,BCH
Bakers Beach,-41.142070,146.604880,AU,BCH
Balmoral Beach,-43.340000,146.060000,AU,BCH
Banwell Beach,-42.360000,148.010000,AU,BCH
Barbers Beach,-39.860000,147.760000,AU,BCH
Barkers Beach,-43.340000,147.320010,AU,BCH
Barnbougle Beach,-41.000000,147.410000,AU,BCH
Beaumaris Beach,-41.410000,148.280000,AU,BCH
Beerbarrel Beach,-41.280000,148.350010,AU,BCH
Big Beach,-39.924820,143.842840,AU,BCH
Big Lagoon Beach,-43.500000,146.960010,AU,BCH
Big Pebbly Beach,-42.410000,145.520000,AU,BCH
Big Possum Beach,-43.150000,147.850010,AU,BCH
Birchs Beach,-42.425930,145.523010,AU,BCH
Black Beach,-43.530000,146.310000,AU,BCH
Black River Beach,-40.810000,145.289990,AU,BCH
Blackmans Bay Beach,-43.000000,147.320010,AU,BCH
Blackstone Beach,-43.110000,147.310000,AU,BCH
Blighs Rocks,-43.310000,147.310000,AU,BCH
Blinking Billy Beach,-42.910000,147.350010,AU,BCH
Bloodstone Beach,-42.640000,148.030000,AU,BCH
Blue Beach,-42.870000,147.970000,AU,BCH
Bluff Beach,-41.162070,146.356920,AU,BCH
Bluff Beach,-42.740000,147.890000,AU,BCH
Boat Harbour Beach,-39.840000,147.789990,AU,BCH
Bonnie Beach,-41.200000,146.899990,AU,BCH
Boobyalla Beach,-40.850000,147.899990,AU,BCH
Boronia Beach,-42.990090,147.329330,AU,BCH
Bottlerock Beach,-39.850000,147.770000,AU,BCH
Bradleys Beach,-41.180000,146.920000,AU,BCH
Break Yoke Beach,-41.130000,148.260000,AU,BCH
Brearleys Beach,-40.440000,148.100010,AU,BCH
Briarpaddock Beach,-43.160000,147.860000,AU,BCH
British Admiral Beach,-39.954310,143.864760,AU,BCH
Broken Arm Beach,-40.078110,144.039280,AU,BCH
Bryans Beach,-42.250000,148.280000,AU,BCH
Buffalos Beach,-40.250000,148.060000,AU,BCH
Butlers Beach,-43.410000,147.100010,AU,BCH
Buttons Beach,-41.151980,146.179940,AU,BCH
Calverts Beach,-43.020000,147.490000,AU,BCH
Carlisle Beach,-42.910000,147.820010,AU,BCH
Carlton Beach,-42.870000,147.619990,AU,BCH
Cave Beach,-40.010000,147.869990,AU,BCH
Cemetery Beach,-43.340000,147.220000,AU,BCH
Charleys Beach,-42.220000,145.179990,AU,BCH
Christmas Beach,-40.460000,148.410000,AU,BCH
Cloudy Beaches,-43.430000,147.220000,AU,BCH
Cockleshell Beach,-43.170000,147.330000,AU,BCH
Coles Beach,-41.160000,146.340000,AU,BCH
Colliboi Beach,-40.640000,144.720000,AU,BCH
Colliers Beach,-40.100690,143.985330,AU,BCH
Coningham Beach,-43.070000,147.280000,AU,BCH
Cooee Beach,-41.040000,145.860000,AU,BCH
Cooks Beach,-42.220000,148.270000,AU,BCH
Cowrie Beach,-42.160000,148.070010,AU,BCH
Cowrie Beach,-42.970000,145.550000,AU,BCH
Crayfish Creek Beach,-40.850000,145.390000,AU,BCH
Cremorne Beach,-42.956850,147.534250,AU,BCH
Croppies Beach,-40.860000,147.590000,AU,BCH
Croquet Lawn Beach,-40.990000,147.390000,AU,BCH
Crows Beach,-40.480000,148.360000,AU,BCH
Daltons Beach,-42.930000,147.820010,AU,BCH
Davis Beach,-43.120000,147.340000,AU,BCH
De Gillern Beach,-42.230000,148.020000,AU,BCH
Five Mile Beach,-42.820000,147.550000,AU,BCH
Foochow Beach,-39.760000,147.980000,AU,BCH
Fort Beach,-43.030000,147.410000,AU,BCH
Fotheringate Beach,-40.190000,148.030000,AU,BCH
Four Mile Beach,-42.610000,148.030000,AU,BCH
Four Mile Creek Beach,-41.550000,148.280000,AU,BCH
Fraser Flats,-42.230000,145.270000,AU,BCH
Freds Beach,-40.400000,147.980000,AU,BCH
Freemans Beach,-42.210000,148.030000,AU,BCH
Freers Beach,-41.150000,146.539990,AU,BCH
Front Beach,-42.260000,148.010000,AU,BCH
Grandfathers Beach,-42.220000,145.190000,AU,BCH
Granite Beach,-43.590000,146.670000,AU,BCH
Green Point Beach,-40.880000,144.690000,AU,BCH
Gardens Lagoon Beach,-41.140000,148.270000,AU,BCH
Gillams Beach,-43.540000,146.890000,AU,BCH
Glenvar Beach,-42.990000,147.399990,AU,BCH
Godfreys Beach,-40.750000,145.289990,AU,BCH
Goftons Beach,-41.000000,147.390000,AU,BCH
Gold Diggers Beach,-43.240000,145.920000,AU,BCH
Golden Beach,-40.447140,144.839240,AU,BCH
Gorringes Beach,-42.980000,147.470000,AU,BCH
Grindstone Beach,-42.440000,147.990000,AU,BCH
Hazards Beach,-42.170000,148.280000,AU,BCH
Hellyer Beach,-40.850000,145.420000,AU,BCH
Hinsby Beach,-42.950000,147.340000,AU,BCH
Home Beach,-40.750000,147.950000,AU,BCH
Hope Beach,-43.036070,147.434080,AU,BCH
Hopetoun Beach,-43.320000,147.000000,AU,BCH
Hopground Beach,-42.580000,148.050000,AU,BCH
Hopwood Beach,-43.408410,147.099550,AU,BCH
Howrah Beach,-42.880000,147.390000,AU,BCH
Huxleys Beach,-42.950000,147.450000,AU,BCH
Hyatts Beach,-42.882250,147.957560,AU,BCH
Inlet Beach,-43.430000,147.200000,AU,BCH
Jeanneret Beach,-41.230000,148.289990,AU,BCH
Jetty Beach,-43.060000,147.350010,AU,BCH
Johnsons Beach,-41.100000,146.060000,AU,BCH
Johnstons Flats,-41.230000,146.960010,AU,BCH
Jones Beach,-43.540000,146.880010,AU,BCH
Jubilee Beach,-42.120000,148.070010,AU,BCH
Kennedia Beach,-42.140000,148.070010,AU,BCH
Kent Beach,-43.310000,147.030000,AU,BCH
Kingfisher Beach,-43.460000,147.160000,AU,BCH
Woolamai Surf Beach,-38.547090,145.341810,AU,BCH
Woolley Beach,-38.344310,145.214860,AU,BCH
Wreck Beach,-38.755140,143.213200,AU,BCH
Yanakie Beach,-38.809500,146.268320,AU,BCH
10 Mile Beach,-29.389040,114.957300,AU,BCH
11 Mile Beach,-33.874290,121.732100,AU,BCH
12 Mile Beach,-33.944860,120.319600,AU,BCH
13 Mile Beach,-33.861230,121.693200,AU,BCH
Kirwans Beach,-41.330000,148.250000,AU,BCH
Koonya Beach,-43.059780,147.814890,AU,BCH
Lades Beach,-40.950000,147.350010,AU,BCH
Lady Kathleen Beach,-41.190000,144.679990,AU,BCH
Lagoon Beach,-41.072090,146.804250,AU,BCH
Lagoon Beach,-42.950000,147.670000,AU,BCH
Lancasters Beach,-43.550000,146.890000,AU,BCH
Landing Beach,-54.500000,158.929990,AU,BCH
Langfords Beach,-43.080000,147.320010,AU,BCH
Larc Beach,-40.990000,148.340000,AU,BCH
Laughtons Beach,-40.180000,147.910000,AU,BCH
Lavinia Beach,-39.650000,144.080000,AU,BCH
Legacy Beach,-43.080000,147.289990,AU,BCH
Lemons Beach,-40.770000,147.950000,AU,BCH
Lighthouse Beach,-40.940000,144.619990,AU,BCH
Lighthouse Jetty Beach,-43.450000,147.149990,AU,BCH
Lisdillon Beach,-42.280000,148.000000,AU,BCH
Little Beach,-39.929140,143.843870,AU,BCH
Little Coningham Beach,-43.070000,147.270000,AU,BCH
Little Howrah Beach,-42.880000,147.399990,AU,BCH
Little Lagoon Beach,-43.530000,146.929990,AU,BCH
Little Porky Beach,-39.850000,143.850010,AU,BCH
Little Possum Beach,-43.160000,147.850010,AU,BCH
Little Roaring Bay Beach,-43.290000,147.070010,AU,BCH
Long Beach,-40.370000,148.000000,AU,BCH
Long Point Beach,-40.070000,147.950000,AU,BCH
Lords Beach,-42.900000,147.330000,AU,BCH
MacKenzies Beach,-41.010000,145.780000,AU,BCH
Magnet Beach,-40.465100,144.771570,AU,BCH
Mariposa Beach,-41.520000,148.270000,AU,BCH
Marshall Beach,-39.930000,147.890000,AU,BCH
Mattingleys Beach,-40.990000,147.390000,AU,BCH
Maurouard Beach,-41.300000,148.320010,AU,BCH
Mayfield Beach,-42.240000,148.010000,AU,BCH
Mays Beach,-42.920000,147.510000,AU,BCH
McIntyres Beach,-41.560000,148.300000,AU,BCH
Meerim Beach,-42.600000,145.289990,AU,BCH
Mermaids Beach,-40.980000,147.390000,AU,BCH
Middle Beach,-54.520000,158.929990,AU,BCH
Middleton Beach,-43.229560,147.260290,AU,BCH
Miles Beach,-43.240000,147.410000,AU,BCH
Mitchells Beach,-42.980000,147.399990,AU,BCH
Moorland Beach,-41.160000,146.440000,AU,BCH
Mother Hayles Beach,-43.100000,147.369990,AU,BCH
Motts Beach,-43.570000,146.880010,AU,BCH
Mount Cameron Beach,-40.840000,144.710010,AU,BCH
Muirs Beach,-42.110000,148.270000,AU,BCH
Murderers Beach,-42.388280,145.435080,AU,BCH
Murdochs Beach,-40.880000,147.850010,AU,BCH
Murphys Beach,-40.990000,147.390000,AU,BCH
Musks Beach,-43.000000,147.410000,AU,BCH
Nebraska Beach,-43.080000,147.330000,AU,BCH
Neck Beach,-43.240000,147.390000,AU,BCH
Newmans Beach,-43.056410,147.845160,AU,BCH
Nine Mile Beach,-39.730000,144.100010,AU,BCH
North Beach,-39.680000,147.910000,AU,BCH
North Shore,-40.770000,145.060000,AU,BCH
Northdown Beach,-41.150000,146.480000,AU,BCH
Noyhener Beach,-43.400000,145.980000,AU,BCH
O’Connors Beach,-41.340000,148.270000,AU,BCH
Okines Beach,-42.840000,147.619990,AU,BCH
Old Jetty Beach,-40.000000,147.890000,AU,BCH
Old Station Beach,-43.150000,147.860000,AU,BCH
Opossum Bay Beach,-42.990000,147.399990,AU,BCH
Orford Beach,-42.550000,147.869990,AU,BCH
Osmiridium Beach,-43.560000,146.619990,AU,BCH
Pardoe Beach,-41.170000,146.399990,AU,BCH
Parkers Beach,-43.051080,147.793110,AU,BCH
Passage Beach,-42.270000,148.289990,AU,BCH
Pebble Beach,-41.070000,146.710010,AU,BCH
Pebbly Beach,-41.090000,148.280000,AU,BCH
Redbill Beach,-41.861760,148.286500,AU,BCH
Reids Beach,-42.520000,147.960010,AU,BCH
Reynards Beach,-43.560000,146.890000,AU,BCH
Rheban Beach,-42.640000,147.940000,AU,BCH
Richards Beach,-43.150000,147.320010,AU,BCH
Richardsons Beach,-42.120000,148.300000,AU,BCH
Roaring Bay Beach,-43.290000,147.080000,AU,BCH
Robeys Shore,-42.690000,148.030000,AU,BCH
Roches Beach,-42.889430,147.501890,AU,BCH
Rokeby Beach,-42.900000,147.440000,AU,BCH
Rookery Beach,-40.600000,144.929990,AU,BCH
Rosebanks Beach,-43.140000,147.310000,AU,BCH
Saltworks Beach,-42.300000,147.990000,AU,BCH
Sandfly Beach,-39.974180,143.882590,AU,BCH
Sandpiper Beach,-42.100000,148.230000,AU,BCH
Sandy Beach,-41.140000,146.810000,AU,BCH
Sandy Cape Beach,-41.370000,144.770000,AU,BCH
Sayers Beach,-43.580000,146.880010,AU,BCH
Schouten House Beach,-42.140000,148.080000,AU,BCH
Scotties Shore,-41.190000,146.580000,AU,BCH
Secluded Beach,-54.490000,158.940000,AU,BCH
Second Sands,-41.110000,146.820010,AU,BCH
Settlement Beach,-40.020000,147.880010,AU,BCH
Seymour Beach,-41.760000,148.280000,AU,BCH
Shelly Beach,-43.055810,147.825850,AU,BCH
Sleepy Beach,-39.740000,147.910000,AU,BCH
Snug Beach,-43.060000,147.260000,AU,BCH
Soldiers Beach,-42.630000,148.030000,AU,BCH
Somerset Beach,-41.030000,145.820010,AU,BCH
Sommers Beach,-42.970000,147.820010,AU,BCH
South Arm Beach,-43.010000,147.410000,AU,BCH
South Burnie Beach,-41.060000,145.910000,AU,BCH
South East Beach,-39.950000,148.330000,AU,BCH
Speck Beach,-40.500000,148.119990,AU,BCH
Springlawn Beach,-41.160000,146.560000,AU,BCH
Stieglitz Beach,-41.320000,148.300000,AU,BCH
Stingray Beach,-41.790000,145.020000,AU,BCH
Stinking Beach,-43.440000,147.170000,AU,BCH
Stockyards Flat,-41.300000,148.300000,AU,BCH
Swimcart Beach,-41.230000,148.280000,AU,BCH
Swimming Beach,-39.950000,148.220000,AU,BCH
Taroona Beach,-42.950000,147.350010,AU,BCH
Taylors Beach,-41.190000,148.270000,AU,BCH
Templestowe Beach,-41.710000,148.280000,AU,BCH
Tiddys Beach,-42.210000,145.190000,AU,BCH
Tiger Head Beach,-42.850000,147.610000,AU,BCH
Tinderbox Beach,-43.050000,147.320010,AU,BCH
Tirzah Beach,-42.220000,148.020000,AU,BCH
Tomahawk Beach,-40.880000,147.780000,AU,BCH
Toogelow Beach,-43.307030,145.982900,AU,BCH
Towterer Beach,-43.213480,145.804190,AU,BCH
Trousers Point Beach,-40.230000,148.039990,AU,BCH
Turners Beach,-41.172780,146.238810,AU,BCH
Turua Beach,-43.520000,146.510000,AU,BCH
Two Mile Beach,-42.870000,147.920000,AU,BCH
Tyndall Beach,-42.970000,147.330000,AU,BCH
Watcombe Beach,-41.110000,146.070010,AU,BCH
Waterhouse Beach,-40.910000,147.550000,AU,BCH
Watering Beach,-40.250000,148.170000,AU,BCH
Waterloo Beach,-42.120000,148.070010,AU,BCH
Waubs Beach,-41.871930,148.302990,AU,BCH
West Beach,-39.940000,148.320010,AU,BCH
West Beach,-41.040000,145.899990,AU,BCH
West Beach,-54.503240,158.928310,AU,BCH
West End Beach,-39.900000,147.789990,AU,BCH
West Strahan Beach,-42.150000,145.310000,AU,BCH
West Telegraph Beach,-40.426600,144.871200,AU,BCH
West Tomahawk Beach,-40.860000,147.710010,AU,BCH
Whalebone Beach,-39.860000,143.850010,AU,BCH
White Beach,-39.610000,144.020000,AU,BCH
White Beach,-40.220000,148.270000,AU,BCH
White Beach,-43.120000,147.730000,AU,BCH
Whitehorses Beach,-42.620000,145.300000,AU,BCH
Whitemark Beach,-40.120000,148.010000,AU,BCH
Windermere Beach,-42.790000,147.260000,AU,BCH
Wivenhoe Beach,-41.060000,145.929990,AU,BCH
Wrinklers Beach,-41.440000,148.270000,AU,BCH
Yellow Beach,-40.501330,144.787190,AU,BCH
Yellow Beaches,-40.210000,148.250000,AU,BCH
Barretts Beach,-43.120000,147.330000,AU,BCH
Beach End,-41.850000,148.270000,AU,BCH
Big Gravelly Beach,-42.420000,145.510000,AU,BCH
Bluff Beach,-40.100000,148.000000,AU,BCH
Boat River Beach,-40.560000,144.770000,AU,BCH
Bowdens Beach,-43.440000,147.170000,AU,BCH
Channel Beach,-41.000000,147.390000,AU,BCH
Descent Beach,-43.030000,147.940000,AU,BCH
Eggs and Bacon Beach,-43.240000,147.090000,AU,BCH
First Little Beach,-41.070000,146.720000,AU,BCH
Fox Beaches,-42.660000,148.010000,AU,BCH
Gravelly Beach,-42.290000,148.280000,AU,BCH
Green Island Main,-43.230000,145.800000,AU,BCH
Moreys Beach,-42.300000,148.280000,AU,BCH
Ocean Beach,-42.670000,148.060000,AU,BCH
Pebbly Beach,-43.190000,147.840000,AU,BCH
Queens Beach,-43.120000,147.320010,AU,BCH
Shell Beach,-40.880000,145.520000,AU,BCH
Suicide Beach,-41.170000,148.280000,AU,BCH
The Four Mile,-42.170000,148.070010,AU,BCH
Addiscot Beach,-38.383190,144.255690,AU,BCH
Back Beach,-38.526260,145.369660,AU,BCH
Bancoora Beach,-38.291250,144.407910,AU,BCH
Berry Beach,-38.517920,145.203750,AU,BCH
Betka Beach,-37.573190,149.744860,AU,BCH
Biddles Beach,-38.717640,143.728750,AU,BCH
Birdrock Beach,-38.249310,145.028750,AU,BCH
Black Beach,-38.535380,145.385720,AU,BCH
Cherry Tree Beach,-37.983750,147.650420,AU,BCH
Childrens Beach,-38.522910,145.363190,AU,BCH
Clifton Beach,-38.677450,143.124360,AU,BCH
Cotters Beach,-38.937640,146.246520,AU,BCH
Cowrie Beach,-38.510010,145.124600,AU,BCH
Craigie Beach,-38.253750,145.025150,AU,BCH
Darby Beach,-38.969600,146.266310,AU,BCH
Dava Beach,-38.245690,145.028750,AU,BCH
Delray Beach,-38.243750,147.361250,AU,BCH
Dimmicks Beach,-38.382190,144.775880,AU,BCH
Earimil Beach North,-38.177920,145.076250,AU,BCH
Earimil Beach South,-38.182360,145.074020,AU,BCH
East Beach,-38.366250,142.260420,AU,BCH
Eastern Beach,-38.146790,144.369210,AU,BCH
Elwood Beach,-37.892640,144.988190,AU,BCH
Farm Beach,-38.487360,145.152920,AU,BCH
Fishermans Beach,-38.226810,145.030410,AU,BCH
Flamingo Beach,-38.282910,147.311260,AU,BCH
Foster Beach,-38.695390,146.247460,AU,BCH
Fosters Beach,-38.239310,145.029020,AU,BCH
Front Beach,-38.335070,144.325050,AU,BCH
Gibson Beach,-38.668440,143.110860,AU,BCH
Glenaire Beach,-38.807980,143.463900,AU,BCH
Glomar Beach,-38.295250,147.295230,AU,BCH
Gunnamatta Beach,-38.459310,144.870700,AU,BCH
Hawker Beach,-38.256530,145.024030,AU,BCH
Hutchinson Beach,-38.519630,145.207630,AU,BCH
Jacks Beach,-38.338750,145.203750,AU,BCH
Jacksons Beach,-37.805700,148.631260,AU,BCH
Johanna Beach,-38.762050,143.380590,AU,BCH
Killarney Beach,-38.356050,142.310930,AU,BCH
Koonya Ocean Beach,-38.353470,144.763750,AU,BCH
Lang Lang Beach,-38.290420,145.520140,AU,BCH
Lawson Beach,-38.690970,146.311250,AU,BCH
Little River Beach,-38.391530,142.184590,AU,BCH
Mcgauran Beach,-38.447450,147.101300,AU,BCH
Milanesia Beach,-38.752080,143.314300,AU,BCH
Mills Beach East,-38.211810,145.051530,AU,BCH
Mills Beach West,-38.214310,145.043470,AU,BCH
Moondah Beach,-38.186800,145.072310,AU,BCH
Moonlight Beach,-38.748750,143.204870,AU,BCH
Mothers Beach,-38.215140,145.034300,AU,BCH
Mots Beach,-37.797640,148.560700,AU,BCH
Mount Martha Beach North,-38.262640,145.018190,AU,BCH
Mount Martha Beach South,-38.271530,145.006530,AU,BCH
Nettle Pass,-38.752800,143.319330,AU,BCH
Ninety Mile Beach,-38.088750,147.571530,AU,BCH
Number Sixteen Beach,-38.393750,144.791250,AU,BCH
Norman Beach,-39.025420,146.319580,AU,BCH
Nuns Beach,-38.342360,141.607630,AU,BCH
Ocean Beach,-38.479440,145.011530,AU,BCH
Old Settlement Beach,-38.657360,146.667920,AU,BCH
Pearses Beach,-38.380270,144.773970,AU,BCH
Pettmans Beach,-37.829030,148.188750,AU,BCH
Picnic Beach,-38.715140,146.667630,AU,BCH
Point Leo Beach,-38.419580,145.076810,AU,BCH
Point Leo Surf Beach,-38.424860,145.070970,AU,BCH
Portsea Surf Beach,-38.335930,144.705310,AU,BCH
Princetown Beach,-38.706270,143.160660,AU,BCH
Quarry Beach,-37.599580,149.730970,AU,BCH
Ranelagh Beach,-38.177920,145.078480,AU,BCH
Red Bluff Beach,-38.810340,146.235800,AU,BCH
Reeves Beach,-38.574860,146.952910,AU,BCH
Ricardo Beach,-37.805140,148.620130,AU,BCH
Rippleside Beach,-38.129910,144.356390,AU,BCH
Rivernook Beach,-38.715970,143.168470,AU,BCH
Royal Beach,-38.218400,145.032230,AU,BCH
Rye Ocean Beach,-38.401610,144.802080,AU,BCH
Salmon Beach,-37.807920,148.725690,AU,BCH
Sandridge Beach,-37.839310,144.917470,AU,BCH
Sandy Waterhole Beach,-38.544300,145.446240,AU,BCH
Scout Beach,-38.214880,145.037720,AU,BCH
Secret Beach,-37.609590,149.720140,AU,BCH
Shelly Beach,-37.866250,148.065410,AU,BCH
Shelly Beach,-38.359860,141.439860,AU,BCH
Shelly Beach,-38.508750,145.131810,AU,BCH
Shelly Beach,-38.792360,143.622910,AU,BCH
Shelly Beach,-38.622640,142.962080,AU,BCH
Shelly Beach,-38.552360,143.984860,AU,BCH
Shire Hall Beach,-38.213970,145.040290,AU,BCH
Shoreham Beach,-38.437080,145.045410,AU,BCH
Smiths Beach,-38.505140,145.252360,AU,BCH
Somers Beach,-38.395700,145.160970,AU,BCH
Sorrento Front Beach,-38.343470,144.748200,AU,BCH
South Beach,-38.396810,145.175980,AU,BCH
Southcombe Beach,-38.391910,142.232440,AU,BCH
Squeaky Beach,-39.024720,146.305280,AU,BCH
St Andrews Beach,-38.427920,144.834850,AU,BCH
St Helens Beach,-38.120690,144.360410,AU,BCH
St Pauls Beach,-38.352920,144.735140,AU,BCH
Station Beach,-38.827430,143.484600,AU,BCH
Sunnyside Beach,-38.200420,145.065410,AU,BCH
Sutherlands Beach,-38.754860,143.359300,AU,BCH
Taylors Beach,-38.389860,142.173190,AU,BCH
The Mahoganys,-37.775420,148.980420,AU,BCH
The Wreck Beach,-38.253750,147.348760,AU,BCH
Thirteenth Beach,-38.285370,144.462800,AU,BCH
Thorny Beach,-38.513280,145.178160,AU,BCH
Toora Beach,-38.689940,146.333540,AU,BCH
Western Beach,-38.137140,144.355290,AU,BCH
Western Park Beach,-38.398290,145.183950,AU,BCH
Whites Beach,-38.316960,144.352500,AU,BCH
Woodside Beach,-38.551780,146.977010,AU,BCH
2 Mile Beach,-33.941530,120.155700,AU,BCH
3 Mile Beach,-28.376810,114.427800,AU,BCH
4 Mile Beach,-33.923190,120.045100,AU,BCH
40 Mile Beach,-20.841450,116.366900,AU,BCH
Five Mile Beach,-29.211820,114.901200,AU,BCH
Seven Mile Beach,-29.169590,114.888100,AU,BCH
9 Mile Beach,-33.900670,121.778200,AU,BCH
Nine Mile Beach,-29.126260,114.873700,AU,BCH
Anna Beach,-20.469720,116.586900,AU,BCH
Anvil Beach,-35.020190,117.363200,AU,BCH
Back Beach,-35.032130,117.307100,AU,BCH
Back Beach,-34.397370,119.404900,AU,BCH
Back Beach,-29.948770,114.974000,AU,BCH
Back Beach,-28.794040,114.611200,AU,BCH
Back Beach,-16.117140,123.781900,AU,BCH
Banky Beach,-34.458760,119.396500,AU,BCH
Barrens Beach,-33.927080,120.031000,AU,BCH
Bathers Beach,-32.057780,115.741400,AU,BCH
Beagle Beach,-20.627830,117.736900,AU,BCH
Bejaling Sand Patch,-24.591510,113.509700,AU,BCH
Belinda Beach,-34.092600,123.204000,AU,BCH
Bellanger Beach,-35.015470,116.751500,AU,BCH
Belvidere Beach,-33.226300,115.682300,AU,BCH
Bennion Beach,-31.872220,115.751700,AU,BCH
Bettys Beach,-34.929060,118.210100,AU,BCH
Binningup Beach,-33.148800,115.685100,AU,BCH
Blossoms Beach,-34.453760,119.365700,AU,BCH
Blue Haven Beach,-33.886950,121.861300,AU,BCH
Boranup Beach,-34.161590,115.027900,AU,BCH
Bottle Beach,-25.541240,113.492800,AU,BCH
Bremer Beach,-34.374600,119.416200,AU,BCH
Brighton Beach,-31.897500,115.754400,AU,BCH
Buffalo Beach,-33.201300,115.682900,AU,BCH
Burns Beach,-31.730280,115.718100,AU,BCH
C Y O’Connor Beach,-32.088060,115.754200,AU,BCH
Cable Beach,-35.116080,117.900940,AU,BCH
Carsons Beach,-29.425430,114.970600,AU,BCH
Catherine Beach,-31.994340,115.500100,AU,BCH
Champion Bay Beach,-28.760980,114.615100,AU,BCH
Circus Beach,-35.030190,116.714000,AU,BCH
Coalmine Beach,-34.990190,116.736300,AU,BCH
Cocoa Beach,-20.405350,115.571300,AU,BCH
Coodamurrup Beach,-34.867500,116.217500,AU,BCH
Cosy Corner Beach,-35.064900,117.641800,AU,BCH
Cottesloe Beach,-31.995830,115.750600,AU,BCH
Crusoe Beach,-34.983800,117.423200,AU,BCH
Dalyellup Beach,-33.404360,115.600700,AU,BCH
Dillon Beach,-34.453490,119.288200,AU,BCH
Dingo Beach,-35.090350,117.637220,AU,BCH
Dunsborough Beach,-33.612980,115.111200,AU,BCH
Dunsky Beach,-35.121290,117.634000,AU,BCH
Eighty Mile Beach,-19.709190,120.768800,AU,BCH
Fishery Beach,-34.425990,119.397600,AU,BCH
Floreat Beach,-31.930000,115.753900,AU,BCH
Foster Beach,-34.505160,119.230100,AU,BCH
Fourth Beach,-33.888450,121.849600,AU,BCH
Freds Beach,-29.876550,114.978700,AU,BCH
Front Beach,-16.150540,123.775400,AU,BCH
Gardner Beach,-34.848330,116.118100,AU,BCH
Gladstone Beach,-20.383400,115.548600,AU,BCH
Glenfield Beach,-28.681540,114.607000,AU,BCH
Gnarabup Beach,-33.984370,114.989900,AU,BCH
Gnoocardup Beach,-33.928260,114.991000,AU,BCH
Greys Beach,-28.784040,114.590900,AU,BCH
Gull Rock Beach,-35.015730,118.003200,AU,BCH
Halls Head Beach,-32.520180,115.704300,AU,BCH
Hay River Beach,-34.973790,117.470700,AU,BCH
House Beach,-34.362780,119.519700,AU,BCH
Hughes Step,-33.880120,121.885400,AU,BCH
Hush Hush Beach,-35.031310,116.606800,AU,BCH
Jasper Beach,-34.436940,115.601700,AU,BCH
Jetty Baths,-33.313240,115.636500,AU,BCH
Kabbijgup Beach,-33.584370,115.014600,AU,BCH
Kanidal Beach,-32.234770,126.168900,AU,BCH
Kilcarnup Beach,-33.947130,114.992870,AU,BCH
Kwinana Beach,-32.245560,115.756700,AU,BCH
Lady Edeline Beach,-32.013730,115.477140,AU,BCH
Leighton Beach,-32.028330,115.748300,AU,BCH
Little Meelup Beach,-33.582140,115.097300,AU,BCH
Lost Beach,-35.049360,116.629600,AU,BCH
Lovers Beach,-33.878730,121.896200,AU,BCH
Mace Beach,-29.883770,114.979000,AU,BCH
Malimup Beach,-34.737500,115.956900,AU,BCH
Mandalay Beach,-35.004360,116.534300,AU,BCH
Marmion Beach,-31.838890,115.749700,AU,BCH
Marshes Beach,-34.004310,119.790100,AU,BCH
Mazzoletti Beach,-35.016850,117.204300,AU,BCH
Meelup Beach,-33.574640,115.089000,AU,BCH
Mettams Pool,-31.868610,115.751700,AU,BCH
Miaboolya Beach,-24.795120,113.633900,AU,BCH
Middini Beach,-32.226980,127.434800,AU,BCH
Mindarie Beach,-31.699610,115.704300,AU,BCH
Minninup Sand Patch,-33.514640,115.517600,AU,BCH
Morley Beach,-34.991020,117.481300,AU,BCH
Munglinup Beach,-33.890410,120.793200,AU,BCH
Myalup Beach,-33.102680,115.686500,AU,BCH
Mylies Beach,-33.935420,119.992600,AU,BCH
Native Dog Beach,-34.450150,119.356000,AU,BCH
Naturalists Beach,-15.025810,125.355400,AU,BCH
New Beach,-25.165280,113.802200,AU,BCH
Ngungayarra Beach,-16.178040,124.400200,AU,BCH
Normans Beach,-34.922670,118.217900,AU,BCH
Ocean Beach,-35.030190,117.331300,AU,BCH
Pages Beach,-28.776540,114.583900,AU,BCH
Pallinup Beach,-34.468490,118.904600,AU,BCH
Palm Beach,-32.276940,115.722200,AU,BCH
Paterson Beach,-32.011560,115.544500,AU,BCH
Pebble Beach,-22.041110,114.115600,AU,BCH
Pebbley Beach,-34.765760,115.966800,AU,BCH
Peppermint Beach,-34.376350,119.484560,AU,BCH
Peppermint Grove Beach,-33.519080,115.511000,AU,BCH
Plumpudding Beach,-33.870950,121.671500,AU,BCH
Port Beach,-32.034720,115.744700,AU,BCH
Preston Beach,-32.878790,115.647600,AU,BCH
Quagi Beach,-33.827340,121.296200,AU,BCH
Quarram Beach,-35.026580,116.997600,AU,BCH
Quininup Beach,-33.746030,114.989900,AU,BCH
Quondong Beach,-17.579170,122.153000,AU,BCH
Recovery Beach,-20.380350,115.548000,AU,BCH
Red Bluff Beach,-27.743200,114.143600,AU,BCH
Reef Beach,-34.470430,119.108200,AU,BCH
Ricey Beach,-31.999540,115.490830,AU,BCH
Riddell Beach,-17.990560,122.192700,AU,BCH
Rudgyard Beach,-34.982680,117.417600,AU,BCH
Salmon Beach,-34.813810,116.003200,AU,BCH
Salmon Beach,-33.886750,121.855780,AU,BCH
Sandy Beach,-34.996860,116.711500,AU,BCH
Seaspray Beach,-29.253210,114.920100,AU,BCH
Shell Beach,-26.215130,113.773600,AU,BCH
Shelly Beach,-35.110180,117.629600,AU,BCH
Shelly Beach,-33.535750,115.031200,AU,BCH
Shelly Beach,-35.035750,116.740400,AU,BCH
Shelly Beach,-33.825120,121.473400,AU,BCH
Short Beach,-34.438210,119.397400,AU,BCH
Skeleton Beach,-23.123160,113.765500,AU,BCH
Smiths Beach,-33.653810,115.020400,AU,BCH
South Beach,-29.296690,114.924500,AU,BCH
South Trigg Beach,-31.880820,115.753610,AU,BCH
Springdale Beach,-34.969630,117.386000,AU,BCH
Stirling Beach,-33.465750,115.559300,AU,BCH
Stream Beach,-34.484600,119.275100,AU,BCH
Sunrise Beach,-21.633690,115.112200,AU,BCH
Sunset Beach,-21.636750,115.101100,AU,BCH
Swanbourne Beach,-31.981390,115.752200,AU,BCH
Tarcoola Beach,-28.810150,114.620900,AU,BCH
Tooregullup Beach,-34.299440,119.501900,AU,BCH
Town Beach,-28.775150,114.604500,AU,BCH
Town Beach,-21.950370,114.138900,AU,BCH
Trigelow Beach,-34.238480,119.524000,AU,BCH
Trigg Beach,-31.876670,115.751100,AU,BCH
Tulki Beach,-22.076480,113.896600,AU,BCH
Twilight Beach,-33.892340,121.824300,AU,BCH
Umburi Beach,-16.075260,124.469100,AU,BCH
Vodka Beach,-20.417570,115.579700,AU,BCH
Wagoe Beach,-27.930700,114.132500,AU,BCH
Warnbro Beach,-32.307500,115.724200,AU,BCH
Waterfall Beach,-35.026300,117.253500,AU,BCH
Well Beach,-20.457850,115.543000,AU,BCH
West Beach,-33.953470,119.977100,AU,BCH
West Beach,-33.878170,121.876800,AU,BCH
Whalebone Beach,-33.971250,119.850700,AU,BCH
Wharton Beach,-33.934830,122.546800,AU,BCH
Whites Beach,-20.695280,115.413600,AU,BCH
Wickham Beach,-20.637550,117.741100,AU,BCH
Wonnerup Beach,-33.622420,115.406000,AU,BCH
Yallingup Beach,-33.640280,115.024200,AU,BCH
Yeagarup Beach,-34.522420,115.722900,AU,BCH
Yumurryumuh Beach,-16.173600,123.576600,AU,BCH
Caves Beach,-33.109600,151.647100,AU,BCH
Coledale Beach,-34.287540,150.949190,AU,BCH
Collaroy Beach,-33.731800,151.301190,AU,BCH
Coogee Beach,-33.920650,151.258290,AU,BCH
Corindi Beach,-30.031800,153.201200,AU,BCH
Ettalong Beach,-33.518000,151.332900,AU,BCH
Cabarita Beach,-28.315200,153.567900,AU,BCH
Clareville Beach,-33.631800,151.301190,AU,BCH
Korora Beach,-30.256800,153.134600,AU,BCH
Long Beach,-35.031800,150.784610,AU,BCH
Clifton Beach,-16.760410,145.673870,AU,BCH
Trinity Beach,-16.785130,145.699980,AU,BCH
Broadbeach,-28.022570,153.434400,AU,BCH
Mollymook Beach,-35.331800,150.484600,AU,BCH
Whale Beach,-33.606800,151.334600,AU,BCH
Yamba Beach,-29.434910,153.364340,AU,BCH
Moonee Beach,-30.192100,153.171010,AU,BCH
Ocean Beach,-33.528520,151.314740,AU,BCH
Park Beach,-30.281800,153.134600,AU,BCH
Pretty Beach,-33.531800,151.342900,AU,BCH
Shelly Beach,-33.800580,151.298220,AU,BCH
Pottsville Beach,-28.396600,153.566800,AU,BCH
Coolum Beach,-26.530070,153.092990,AU,BCH
Golden Beach,-26.821180,153.121610,AU,BCH
Kinka Beach,-23.216110,150.793060,AU,BCH
Main Beach,-27.978400,153.429690,AU,BCH
Marcus Beach,-26.447020,153.103840,AU,BCH
Mermaid Beach,-28.041110,153.438050,AU,BCH
Mooloolaba Beach,-26.681110,153.121670,AU,BCH
Oak Beach,-16.596170,145.522450,AU,BCH
Orchid Beach,-24.915070,153.281310,AU,BCH
Peregian Beach,-26.480070,153.098540,AU,BCH
Queens Beach,-19.977760,148.232150,AU,BCH
Sarina Beach,-21.388160,149.313580,AU,BCH
Palm Beach,-28.118670,153.472730,AU,BCH
Budds Beach,-27.993120,153.424130,AU,BCH
Kewarra Beach,-16.779440,145.687230,AU,BCH
Yorkeys Knob,-16.808890,145.726100,AU,BCH
Egg Beach,-39.890000,147.760000,AU,BCH
Island Beach,-35.796230,137.802380,AU,BCH
Bales Beach,-35.994670,137.354690,AU,BCH
Aldinga Beach,-35.293540,138.445220,AU,BCH
Peggs Beach,-40.840000,145.330000,AU,BCH
Raspins Beach,-42.540000,147.880010,AU,BCH
Edgcumbe Beach,-40.850000,145.410000,AU,BCH
Boltons Beach,-42.390000,147.980000,AU,BCH
Conleys Beach,-43.380000,147.179990,AU,BCH
Coswell Beach,-42.140000,148.070010,AU,BCH
Cressy Beach,-42.170000,148.070010,AU,BCH
Four Mile Beach,-41.720000,144.960010,AU,BCH
Fraser Beach,-39.890000,144.100010,AU,BCH
Forwards Beach,-40.870000,145.460010,AU,BCH
Greens Beach,-41.080000,146.750000,AU,BCH
Hawley Beach,-41.140000,146.539990,AU,BCH
Kelvedon Beach,-42.200000,148.039990,AU,BCH
Kingston Beach,-42.979430,147.327220,AU,BCH
Lillico Beach,-41.174140,146.289600,AU,BCH
Little Beach,-41.620000,148.310000,AU,BCH
Little Peggs Beach,-40.850000,145.350010,AU,BCH
Millers Beach,-41.000000,147.179990,AU,BCH
Millingtons Beach,-42.550000,147.869990,AU,BCH
Montagu Beach,-40.750000,144.950000,AU,BCH
Old Beach,-42.770000,147.260000,AU,BCH
Palana Beach,-39.750000,147.880010,AU,BCH
Roaring Beach,-43.080000,147.670000,AU,BCH
Short Beach,-42.890000,147.330000,AU,BCH
Sisters Beach,-40.910000,145.560000,AU,BCH
Spiky Beach,-42.180000,148.060000,AU,BCH
Tatlows Beach,-40.770040,145.285770,AU,BCH
Yellow Rock Beach,-39.670000,143.910000,AU,BCH
Bells Beach,-38.369580,144.282640,AU,BCH
City Beach,-31.938060,115.753900,AU,BCH
Coogee Beach,-32.112780,115.762800,AU,BCH
Forrest Beach,-33.571300,115.461800,AU,BCH
Mosman Beach,-32.018890,115.750800,AU,BCH
Mullaloo Beach,-31.785560,115.733100,AU,BCH
North Beach,-31.857220,115.750600,AU,BCH
Quinns Beach,-31.672220,115.690300,AU,BCH
Rockingham Beach,-32.273890,115.730000,AU,BCH
Scarborough Beach,-31.893890,115.754400,AU,BCH
Sorrento Beach,-31.829440,115.744700,AU,BCH
South Beach,-32.073430,115.751350,AU,BCH
Mackarel Beach,-33.590200,151.301190,AU,BCH
Patonga Beach,-33.548500,151.276200,AU,BCH
Shellharbour Beach,-34.590200,150.876200,AU,BCH
Porky Beach,-39.830000,143.860000,AU,BCH
Big Beach,-42.970000,145.580000,AU,BCH
Mile Beach,-42.820000,147.490000,AU,BCH
Sharkies Beach,-34.294740,150.943220,AU,BCH
Bulgola Beach,-33.631800,151.317900,AU,BCH
Waynderrabah Beach,-32.681800,152.201200,AU,BCH
Steamers Beach,-35.165200,150.684600,AU,BCH
Bullburra Beach,-16.897080,145.907200,AU,BCH
North Kirra Beach,-28.163400,153.518280,AU,BCH
Sorrento Back Beach,-38.345690,144.727360,AU,BCH
Ninety Mile Beach,-37.803740,148.338820,AU,BCH
East Beach,-41.060000,146.800000,AU,BCH
Burramul Sandpatch,-32.300490,126.585650,AU,BCH
Hyams Beach,-35.103360,150.693390,AU,BCH
Bum Beach,-33.037880,134.231130,AU,BCH
Rice Beach,-41.881280,148.305030,AU,BCH
Petrel Bay Beach,-32.500410,133.288580,AU,BCH
Injun Beach,-14.129130,129.496360,AU,BCH
Little Congwong Beach,-33.991370,151.238140,AU,BCH
Swimming Beach,-35.078070,137.746270,AU,BCH
Trigg's Beach,-35.209970,138.470390,AU,BCH
Fossil Beach,-37.991150,145.043110,AU,BCH
Summerland Beach,-38.510300,145.158920,AU,BCH
Brooks Beach,-43.195050,145.931950,AU,BCH
Home Beach,-40.449430,144.846280,AU,BCH
Turtle Beaches,-21.807820,114.097890,AU,BCHS
Glenalg Beach,-34.979070,138.510210,AU,BCH
Ventnor Beach,-38.464400,145.176440,AU,BCH
Wonga Beach,-16.358690,145.415550,AU,BCH
Buffalo Creek Beach,-12.339880,130.917250,AU,BCH
Turn Off Beach,-35.561810,138.888070,AU,BCH
Pinnacle Point Beach,-23.200450,150.791510,AU,BCH
Landing Beach,-33.957650,134.264730,AU,BCH
Semaphore Beach,-34.839190,138.477900,AU,BCH
Middleton Beach,-35.513400,138.710760,AU,BCH
Levens Beach,-34.901950,137.197330,AU,BCH
14 Mile Beach,-23.273440,113.785660,AU,BCH
Dingo Beach,-20.091140,148.503510,AU,BCH
South Cronulla Beach,-34.055110,151.154990,AU,BCH
Lexi Beach,-33.810680,151.254760,AU,BCH
Fishing Beach Tomaree,-32.720470,152.183550,AU,BCH
Coconut Beach,-14.678880,145.469630,AU,BCH
Crystal Beach,-14.663560,145.473580,AU,BCH
Turtle Beach,-14.652060,145.451880,AU,BCH
Watson's Beach,-14.665530,145.452140,AU,BCH
Sunset Beach,-14.668770,145.444910,AU,BCH
Pebly Beach,-14.670120,145.444440,AU,BCH
Hibiscus Beach,-14.670660,145.443360,AU,BCH
Corner Beach,-14.671570,145.442740,AU,BCH
Casuarina Beach,-14.674580,145.446170,AU,BCH
Loomis Beach,-14.681560,145.451500,AU,BCH
One Tree Coconut Beach,-14.681000,145.453600,AU,BCH
Mangrove Beach,-14.679440,145.460140,AU,BCH
Trawer Beach,-14.681620,145.464820,AU,BCH
Ghost Beach,-14.699530,145.452720,AU,BCH
Picnic Beach,-14.695150,145.446950,AU,BCH
Logans Beach,-38.403230,142.514310,AU,BCH
Outer Harbor Beach,-34.787370,138.481720,AU,BCH
Research Station Beach,-14.679420,145.447570,AU,BCH
Kurrimine Beach,-17.731440,146.104260,AU,BCH
Camp Cove Beach,-33.838920,151.279370,AU,BCH
Outer Beach,-15.514080,145.273850,AU,BCH
Kurnell Dog Beach,-34.007220,151.193050,AU,BCH
Lilleys Beach,-23.935290,151.353190,AU,BCH
Dee Why Beach,-33.749790,151.298990,AU,BCH
Ocean Beach,-27.325720,153.438660,AU,BCH
Bribie Beach,-27.057330,153.198810,AU,BCH
Eleven Mile Beach,-33.875080,121.736480,AU,BCH
Mauritius Beach,-21.808830,114.095030,AU,BCH
Rodgers Beach,12.417190,-69.884130,AW,BCH
Manchebo Beach,12.540240,-70.063420,AW,BCH
Walkers Beach,13.257070,-59.557550,BB,BCH
Rockley Beach,13.073550,-59.589250,BB,BCH
Morgan Lewis Beach,13.269360,-59.564290,BB,BCH
Maxwell Coast,13.066670,-59.550000,BB,BCH
Lakes Beach,13.239090,-59.545230,BB,BCH
Heywoods Beach,13.257000,-59.644230,BB,BCH
Crane Beach,13.106590,-59.443800,BB,BCH
The Chase,13.274570,-59.566690,BB,BCH
Dover Beach,13.066600,-59.569570,BB,BCH
Worthing Beach,13.071180,-59.583050,BB,BCH
Groenendijk Strand,51.150000,2.700000,BE,BCH
Albertstrand,51.349150,3.273850,BE,BCH
Knokke-Strand,51.354680,3.291220,BE,BCH
Clearwater Beach,32.355560,-64.660000,BM,BCH
Cambridge Beaches,32.308330,-64.868060,BM,BCH
Marley Beach,32.264720,-64.795000,BM,BCH
Mermaid Beach,32.261110,-64.802500,BM,BCH
Windsor Beach,32.334440,-64.681670,BM,BCH
Butts Beach,32.252500,-64.819170,BM,BCH
Middle Beach,32.252780,-64.818610,BM,BCH
Water Rocks Beach,32.253330,-64.817780,BM,BCH
Angle Beach,32.253330,-64.817500,BM,BCH
Hidden Beach,32.253610,-64.816940,BM,BCH
Shelly Bay Beach,32.332910,-64.739150,BM,BCH
Elbow Beach,32.272760,-64.776550,BM,BCH
Pink Beach,32.322570,-64.708420,BM,BCH
Sinky Bay Beach,32.248870,-64.833140,BM,BCH
Cross Bay Beach,32.249020,-64.831060,BM,BCH
Surf Side Beach,32.267170,-64.788730,BM,BCH
Manparía Kutu,12.066670,-68.216670,BQ,BCH
Playa Macoshi,12.300000,-68.350000,BQ,BCH
Playa Funchi,12.283330,-68.400000,BQ,BCH
Playa Frans,12.233330,-68.400000,BQ,BCH
Praia das Trevas,-4.900000,-37.183330,BR,BCH
Praia do Retirinho,-4.616670,-37.583330,BR,BCH
Praia da Quixaba,-3.848840,-32.436190,BR,BCH
Praia da Pedra Branca,-4.933330,-36.916670,BR,BCH
Praia Parazinho,-3.633330,-38.683330,BR,BCH
Praia do Morro Branco,-4.140210,-38.122560,BR,BCH
Praia de Morrinhos,-4.966670,-36.833330,BR,BCH
Praia de Manibu,-4.800000,-37.250000,BR,BCH
Praia de Majorlândia,-4.550000,-37.666670,BR,BCH
Praia de Iracuí,-3.666670,-38.650000,BR,BCH
Praia do Futuro,-3.725000,-38.458330,BR,BCH
Praia da Conceição,-3.841710,-32.417860,BR,BCH
Praia Combuca,-3.583330,-38.766670,BR,BCH
Praia do Barro Prêto,-3.947230,-38.276540,BR,BCH
Praia Barra do Caponga,-4.050000,-38.183330,BR,BCH
Praia da Baixa Grande,-4.933330,-37.033330,BR,BCH
Praia das Areias Alvas,-4.905000,-37.200280,BR,BCH
Prainha de Aquiraz,-3.900000,-38.333330,BR,BCH
Praia Abreulândia,-3.783330,-38.416670,BR,BCH
Praia do Pina,-8.094440,-34.880560,BR,BCH
Praia de São Francisco,-7.995830,-34.838890,BR,BCH
Praia de Pirambu,-3.705560,-38.554170,BR,BCH
Praia Formosa,-3.712500,-38.544440,BR,BCH
Praia de Iracema,-3.718060,-38.515280,BR,BCH
Praia do Meireles,-3.720830,-38.505560,BR,BCH
Volta da Jurema,-3.725000,-38.495830,BR,BCH
Praia de Mucurpe,-3.720830,-38.480560,BR,BCH
Praia Velha,-1.083330,-45.883330,BR,BCH
Praia da Ribeira,-6.976670,-34.835000,BR,BCH
Praia do Costinha,-6.966670,-34.853330,BR,BCH
Praia Santa Catarina,-6.966670,-34.835000,BR,BCH
Praia da Restinga,-6.988330,-34.846670,BR,BCH
Praia Formosa,-6.985000,-34.828330,BR,BCH
Praia Ponta de Mato,-6.975000,-34.830000,BR,BCH
Praia do Fagundes,-6.933330,-34.866670,BR,BCH
Praia da Gameleira,-6.915560,-34.858330,BR,BCH
Praia de Lucena,-6.903330,-34.858330,BR,BCH
Praia da Areia Preta,-5.788330,-35.188330,BR,BCH
Praia do Meio,-5.796670,-35.193330,BR,BCH
Praia de Bom Jesus,-7.793330,-34.836670,BR,BCH
Praia Zumbi,-22.816670,-43.166670,BR,BCH
Praia Vermelha,-22.954730,-43.164870,BR,BCH
Praia da Urca,-22.947100,-43.164010,BR,BCH
Praia do Una,-24.481760,-47.129370,BR,BCH
Praia de Tubiacanga,-22.789330,-43.231280,BR,BCH
Praia do Tombo,-24.014020,-46.272730,BR,BCH
Praia do Tigre,-30.383330,-51.050000,BR,BCH
Praia Superagui,-25.366670,-48.183330,BR,BCH
Praia do Sul,-23.183330,-44.300000,BR,BCH
Praia da Sereia,-20.333330,-40.266670,BR,BCH
Praia de Sepetiba,-22.975100,-43.705900,BR,BCH
Praia de São Bento,-22.820880,-43.226900,BR,BCH
Praia de Santa Isabel,-10.666670,-36.733330,BR,BCH
Praia Saco da Rosa,-22.800000,-43.183330,BR,BCH
Praia da Ribeira,-22.823770,-43.166980,BR,BCH
Praia do Recreio dos Bandeirantes,-23.025030,-43.457770,BR,BCH
Praia do Pôrto Santo,-22.816670,-43.250000,BR,BCH
Praia de Sernambetiba,-23.033330,-43.486390,BR,BCH
Praia Pitangueiras,-24.000000,-46.266670,BR,BCH
Praia das Pitangueiras,-22.815680,-43.176910,BR,BCH
Praia de Piraém,-20.283330,-40.233330,BR,BCH
Praia de Peruíbe,-24.250000,-46.916670,BR,BCH
Praia Pequena,-23.050000,-43.533330,BR,BCH
Praia das Pelônias,-22.783400,-43.184280,BR,BCH
Praia da Pedra,-23.002470,-43.640670,BR,BCH
Praia do Paulista,-22.200000,-41.450000,BR,BCH
Praia do Paranaguá,-25.616670,-48.450000,BR,BCH
Praia da Paciência,-22.993500,-44.089500,BR,BCH
Praia da Olaria,-22.800000,-43.183330,BR,BCH
Restinga da Marambaia,-23.041440,-43.630890,BR,BCH
Praia de Maçambaba,-22.950000,-42.333330,BR,BCH
Praia do Leste,-25.766670,-48.516670,BR,BCH
Praia do Leme,-22.964230,-43.171090,BR,BCH
Praia do Leblon,-22.986780,-43.220200,BR,BCH
Praia da Juréia,-24.616670,-47.316670,BR,BCH
Praia do José Menino,-23.969200,-46.348870,BR,BCH
Praia do Jequiá,-22.833330,-43.166670,BR,BCH
Praia do Japu,-10.250000,-36.200000,BR,BCH
Restinga de Jacarepaguá,-23.004520,-43.400690,BR,BCH
Praia do Itararé,-23.970410,-46.362300,BR,BCH
Praia de Itapuã,-20.366670,-40.283330,BR,BCH
Praia de Itapebuçu,-22.450000,-41.850000,BR,BCH
Praia de Itacolomi,-22.791900,-43.244800,BR,BCH
Praia do Iporanga,-23.907040,-46.156200,BR,BCH
Praia de Ipanema,-22.986540,-43.207470,BR,BCH
Praia de Guarujá,-24.000000,-46.266670,BR,BCH
Praia Guaratuba,-23.762820,-45.886520,BR,BCH
Praia de Guaratiba,-23.083330,-43.566670,BR,BCH
Praia da Guanabara,-22.792410,-43.168650,BR,BCH
Praia do Guaiuba,-24.017590,-46.292280,BR,BCH
Praia do Grumari,-23.047130,-43.526390,BR,BCH
Praia Grande,-24.014460,-46.414830,BR,BCH
Praia Grande,-22.782630,-43.178360,BR,BCH
Praia do Gonzaga,-23.970410,-46.333590,BR,BCH
Praia do Góis,-23.998640,-46.314870,BR,BCH
Praia da Gávea,-23.000000,-43.266670,BR,BCH
Praia do Galeão,-22.829580,-43.236070,BR,BCH
Praia dos Gaegos,-22.788230,-43.214110,BR,BCH
Praia do Furado,-22.116670,-41.166670,BR,BCH
Praia de Fora,-30.383330,-51.033330,BR,BCH
Praia de Fora,-24.833330,-47.683330,BR,BCH
Praia das Flecheiras,-22.816670,-43.250000,BR,BCH
Praia do Flamengo,-22.927750,-43.170810,BR,BCH
Praia do Engenho Velho,-22.816040,-43.212460,BR,BCH
Praia Engenhoca,-22.833330,-43.166670,BR,BCH
Praia Dona Luiza,-22.986030,-43.693080,BR,BCH
Praia Deserta,-25.370270,-48.158830,BR,BCH
Praia do Dendê,-22.793680,-43.198860,BR,BCH
Copacabana Beach,-22.968900,-43.179100,BR,BCH
Praia do Carapebus,-22.300000,-41.666670,BR,BCH
Praia do Camburi,-20.266670,-40.283330,BR,BCH
Praia Brava,-22.831830,-43.181900,BR,BCH
Praia de Botafogo,-22.944370,-43.180900,BR,BCH
Praia do Boqueirão,-23.981000,-46.313640,BR,BCH
Praia do Bojuru,-31.550000,-51.250000,BR,BCH
Praia da Bica,-22.818670,-43.195190,BR,BCH
Praia do Recreio dos Bandeirantes,-23.015560,-43.412500,BR,BCH
Praia da Bandeira,-22.807530,-43.177570,BR,BCH
Praia do Bananal,-22.783330,-43.150000,BR,BCH
Praia do Chavão,-20.327780,-40.270830,BR,BCH
Praia do Porto,-20.270830,-40.230560,BR,BCH
Praia Commprida,-20.305560,-40.288890,BR,BCH
Praia do Pontal,-14.808330,-39.025000,BR,BCH
Praia de São Sebastião,-14.791670,-39.033330,BR,BCH
Praia do Ramo,-14.591670,-39.054170,BR,BCH
Praia do Marciano,-14.777780,-39.047220,BR,BCH
Praia Izidoro Lemos,-14.783330,-39.041670,BR,BCH
Praia do Malhado,-14.784720,-39.037780,BR,BCH
Praia do Cristo,-14.804440,-39.033330,BR,BCH
Praia do Sul,-14.820830,-39.025000,BR,BCH
Praia do Cassinu,-22.815840,-43.077240,BR,BCH
Praia da Tijuca,-23.014180,-43.315680,BR,BCH
Praia de Itaipu,-22.966670,-43.066670,BR,BCH
Praia de Itaipuaçu,-22.966670,-43.016670,BR,BCH
Praia do Flôr,-30.341670,-51.037500,BR,BCH
Praia das Pombas,-30.333330,-51.033330,BR,BCH
Praia da Onça,-30.350000,-51.050000,BR,BCH
Praia do Oceano,-32.091670,-52.033330,BR,BCH
Praia da Pedreira,-30.361110,-51.044440,BR,BCH
Praia do Cassino,-32.191670,-52.158330,BR,BCH
Praia dos Molhes,-32.166670,-52.116670,BR,BCH
Praia do Araçá,-30.370830,-51.038890,BR,BCH
Praia do Sitio,-30.380560,-51.044440,BR,BCH
Praia da Formiga,-30.425000,-51.125000,BR,BCH
Praia do Canto do Morro,-30.427780,-51.141670,BR,BCH
Praia do Pimenta,-30.422220,-51.144440,BR,BCH
Praia do Amparo,-25.470830,-48.506670,BR,BCH
Praia de Ipanema,-30.138890,-51.229170,BR,BCH
Praia do Veludo,-30.208330,-51.195830,BR,BCH
Praia do Belém Novo,-30.219440,-51.177780,BR,BCH
Praia da Fortaleza,-25.523060,-48.309170,BR,BCH
Praia do Cedro,-25.514170,-48.377220,BR,BCH
Praia do Limoeiro,-25.530830,-48.325560,BR,BCH
Praia do Leste,-25.587500,-48.366670,BR,BCH
Praia de Fora,-25.568890,-48.307780,BR,BCH
Prainha,-25.567140,-48.315380,BR,BCH
Praia do Miguel,-25.559440,-48.300830,BR,BCH
Praia Grande,-25.551110,-48.296670,BR,BCH
Praia dos Cabritos,-20.491670,-29.330000,BR,BCH
Praia dos Portuguêses,-20.503330,-29.316670,BR,BCH
Praia do Andrada,-20.511670,-29.305000,BR,BCH
Praia das Tartarugas,-20.513330,-29.301670,BR,BCH
Praia do Príncipe,-20.516670,-29.313330,BR,BCH
Praia de São Conrado,-23.000000,-43.261110,BR,BCH
Praia do Canto,-27.794720,-48.632220,BR,BCH
Praia da Enseada,-27.781670,-48.631670,BR,BCH
Praia das Furnas,-27.778890,-48.631390,BR,BCH
Praia da Fazenda,-27.772780,-48.629720,BR,BCH
Praia do Cedro,-27.756670,-48.618890,BR,BCH
Praia de Araçatuba,-27.813890,-48.623610,BR,BCH
Praia do Canto do Norte,-27.771670,-48.628610,BR,BCH
Praia do Sonho,-27.825000,-48.602780,BR,BCH
Praia do Sonho,-27.836670,-48.587500,BR,BCH
Praia dos Naufragados,-27.834720,-48.563330,BR,BCH
Praia da Pinheira,-27.867500,-48.602780,BR,BCH
Praia de Cima,-27.883610,-48.582220,BR,BCH
Praia da Caieira,-27.813610,-48.559170,BR,BCH
Praia Grande,-27.805000,-48.564170,BR,BCH
Praia do Saquinho,-27.804440,-48.536110,BR,BCH
Praia das Pacas,-27.794720,-48.533060,BR,BCH
Praia do Pãntano do Sul,-27.783330,-48.521670,BR,BCH
Praia da Ponta,-27.761670,-48.575830,BR,BCH
Praia de Fora,-27.765280,-48.576390,BR,BCH
Praia da Tapera,-27.787220,-48.566940,BR,BCH
Praia do Márcio,-27.881670,-48.575830,BR,BCH
Praia da Guarda,-27.917500,-48.600560,BR,BCH
Praia da Gamboa,-27.945560,-48.620830,BR,BCH
Praia do Canto,-27.956940,-48.625000,BR,BCH
Praia do Siriú,-27.987780,-48.630000,BR,BCH
Praia de Camboriú,-27.004720,-48.613610,BR,BCH
Praia das Taquaras,-27.007780,-48.580560,BR,BCH
Praia do Pinho,-27.019170,-48.575560,BR,BCH
Praia do Estaleiro,-27.030560,-48.581670,BR,BCH
Praia do Estaleirinho,-27.048330,-48.587500,BR,BCH
Praia da Mata de Camboriú,-27.064170,-48.593890,BR,BCH
Praia da Ilhota,-27.075280,-48.594440,BR,BCH
Praia Grossa,-27.088060,-48.595560,BR,BCH
Praia de Itapema,-27.125280,-48.602500,BR,BCH
Praia das Bombas,-27.140000,-48.507780,BR,BCH
Praia do Estaleiro,-27.121120,-48.519220,BR,BCH
Praia do Inglês,-27.145830,-48.476110,BR,BCH
Praia do Caixa de Aço,-27.127500,-48.525280,BR,BCH
Praia do Perequê,-27.151390,-48.575560,BR,BCH
Praia de Porto Belo,-27.156670,-48.546940,BR,BCH
Praia do Mariscal,-27.186390,-48.498610,BR,BCH
Praia da Tainha,-27.217220,-48.510560,BR,BCH
Praia de Canto Grande,-27.191940,-48.505000,BR,BCH
Praia de Morrinhos,-27.182500,-48.520000,BR,BCH
Praia do Cantinho,-27.181940,-48.538060,BR,BCH
Praia do Cardoso,-27.188060,-48.547780,BR,BCH
Praia da Lagoa,-27.190280,-48.550830,BR,BCH
Praia Triste,-27.197500,-48.560000,BR,BCH
Praia Vermelha,-27.204720,-48.572500,BR,BCH
Praia Pontal do Sul,-25.583890,-48.351110,BR,BCH
Praia do Farol,-25.540280,-48.293890,BR,BCH
Praia do Cano,-25.568060,-48.306390,BR,BCH
Praia do Belo,-25.553610,-48.308890,BR,BCH
Praia de Barrancos,-25.608610,-48.397780,BR,BCH
Praia Ipanema,-25.661110,-48.443060,BR,BCH
Praia do Leste,-25.694440,-48.465830,BR,BCH
Praia de Matinhos,-25.742220,-48.494170,BR,BCH
Praia da Restinga,-25.244720,-48.030280,BR,BCH
Praia do Ararapira,-25.230280,-48.013330,BR,BCH
Praia Grande,-22.994600,-44.095100,BR,BCH
PRAIA DA BARRA,-23.010500,-43.342880,BR,BCH
Matadeiro,-27.755600,-48.498220,BR,BCH
Praia de Itacoatiara,-22.975780,-43.036540,BR,BCH
Praia da Vila,-28.239750,-48.656130,BR,BCH
Praia do Rosa,-28.129670,-48.636820,BR,BCH
Mole Beach,-27.599280,-48.427730,BR,BCH
Ingleses Beach,-27.432600,-48.393980,BR,BCH
Joaquina Beach,-27.630430,-48.448590,BR,BCH
Praia da Ferradura,-22.770960,-41.886750,BR,BCH
Praia da Tartaruga,-22.757500,-41.901600,BR,BCH
Praia Brava,-27.398590,-48.413830,BR,BCH
Praia Azeda,-22.742050,-41.881490,BR,BCH
Praia Brava,-22.749270,-41.873530,BR,BCH
Praia da Ferradurinha,-22.781370,-41.899820,BR,BCH
Praia dos Amroes,-26.956810,-48.628840,BR,BCH
Praia de João Fernandes,-22.742780,-41.875680,BR,BCH
French's Beach,-9.776730,-35.839810,BR,BCH
Toque Toque Grande,-23.833930,-45.511210,BR,BCH
Praia de Cumbuco,-3.626890,-38.728310,BR,BCH
Praia de Calhetas,-23.830070,-45.522190,BR,BCH
Praia Olho de Boi,-22.754970,-41.864880,BR,BCH
Praia dos Ossos,-22.745850,-41.881600,BR,BCH
Farol da Barra,-13.010390,-38.531900,BR,BCH
Praia de Bombaça,-13.889990,-38.934990,BR,BCH
Porto de Galinhas,-8.504170,-35.001110,BR,BCH
Taipús de fora,-13.963680,-38.933370,BR,BCH
Praia do Cardo,-22.985800,-43.687830,BR,BCH
Praia do Aterro,-22.984600,-43.665730,BR,BCH
Praia da Venda Grande,-23.000890,-43.649160,BR,BCH
Praia da Capela,-23.005120,-43.634960,BR,BCH
Praia da Marambaia,-23.049150,-43.629180,BR,BCH
Praia do Canto,-23.069940,-43.568140,BR,BCH
Praia dos Buzios,-23.072300,-43.556710,BR,BCH
Praia do Perigoso,-23.069980,-43.552200,BR,BCH
Praia do Meio,-23.064980,-43.550740,BR,BCH
Praia do Inferno,-23.057550,-43.544940,BR,BCH
Praia do Abricó,-23.046600,-43.514230,BR,BCH
Prainha,-23.039650,-43.505280,BR,BCH
Praia da Macumba,-23.032900,-43.488240,BR,BCH
Praia da Joatinga,-23.014090,-43.290450,BR,BCH
Praia dos Amores,-23.014710,-43.299240,BR,BCH
Praia do Vidigal,-22.991660,-43.232240,BR,BCH
Praia do Arpoador,-22.987290,-43.196490,BR,BCH
Praia do Diabo,-22.988390,-43.189480,BR,BCH
Praia de Fora,-22.944620,-43.155820,BR,BCH
Praia da Amendoeira,-22.839780,-43.223720,BR,BCH
Praia Belo Jardim,-22.818030,-43.218530,BR,BCH
Praia do Golfinho,-22.829110,-43.186120,BR,BCH
Praia do Alentejo,-22.830140,-43.180250,BR,BCH
Praia de Cocotá,-22.801550,-43.177610,BR,BCH
Praia Congonhas do Campo,-22.799570,-43.174620,BR,BCH
Praia da Moça,-22.780950,-43.157230,BR,BCH
Praia dos Frades,-22.769550,-43.110790,BR,BCH
Praia da Imbuca,-22.768520,-43.106810,BR,BCH
Praia Grossa,-22.763340,-43.106570,BR,BCH
Praia dos Tamolos,-22.757710,-43.108310,BR,BCH
Praia do Buraco,-22.753350,-43.103880,BR,BCH
Praia do Catimbau,-22.750670,-43.104640,BR,BCH
Praia São Roque,-22.752500,-43.109860,BR,BCH
Praia da Moreninha,-22.757730,-43.110420,BR,BCH
Praia José Bonifácio,-22.762720,-43.110460,BR,BCH
Praia de Ramos,-22.838240,-43.250570,BR,BCH
Praia do Forte,-22.942830,-43.158270,BR,BCH
Praia da Cruz,-22.981000,-44.078900,BR,BCH
Praia do Sito Bom,-22.972300,-44.075400,BR,BCH
Praia dos Pinheiros,-22.964100,-44.081300,BR,BCH
Praia de São Brás,-22.952700,-44.076800,BR,BCH
Praia Brava,-22.950300,-44.015400,BR,BCH
Praia do Saco,-22.944600,-44.042300,BR,BCH
Praia do Guiti,-22.941500,-44.051500,BR,BCH
Praia Barra do Sul,-26.488900,-48.620700,BR,BCH
Praia Antônio Pereira,-26.285300,-48.678400,BR,BCH
Praia de Piçarras,-26.739000,-48.678600,BR,BCH
Praia de Itajubá,-26.713000,-48.681500,BR,BCH
Praia Pedra Branca,-26.680900,-48.686900,BR,BCH
Praia Barra Velha,-26.629900,-48.679700,BR,BCH
Praia Barra do Sul,-26.521900,-48.639300,BR,BCH
Tambaba,-7.365830,-34.797220,BR,BCH
Praia do Matadeiro,-27.750090,-48.499830,BR,BCH
Praia da Canelinha,-25.460310,-48.243210,BR,BCH
Praia Pontal da Ilha,-25.289900,-48.078850,BR,BCH
Praia Enseada da Baleia,-25.261420,-48.048550,BR,BCH
Praia Brava,-25.834900,-48.536700,BR,BCH
Praia Mansa,-25.846500,-48.539400,BR,BCH
Praia Central,-25.881000,-48.567400,BR,BCH
Praia Grande,-25.928100,-48.579700,BR,BCH
Praia da Barra do Saí-Mirim,-25.988400,-48.599170,BR,BCH
Praia do Luz,-28.146780,-48.645060,BR,BCH
Porto da Barra,-13.009580,-38.527850,BR,BCH
Praia da Pipa,-6.233590,-35.045120,BR,BCH
Praia Grande,-26.281100,-48.531200,BR,BCH
Praia Funda,-23.060310,-43.548930,BR,BCH
Praia do Pontal,-23.030220,-43.474970,BR,BCH
Praia da Rosa,-22.790800,-43.188820,BR,BCH
Praia da Barra de Guaratiba,-23.066450,-43.568290,BR,BCH
Praia da Barra da Tijuca,-23.014710,-43.410490,BR,BCH
Praia da Engenhoca,-22.821270,-43.171770,BR,BCH
Muro Alto Beach,-8.434000,-34.978450,BR,BCH
Praia de Lopes Mendes,-23.169640,-44.129930,BR,BCH
Praia do Sancho,-3.854850,-32.443540,BR,BCH
Praia do Boldro,-3.845220,-32.428400,BR,BCH
Praia do Presídio,-3.933870,-38.311820,BR,BCH
Praia do Balbino,-4.021280,-38.213970,BR,BCH
Praia do Batoque,-4.000860,-38.228880,BR,BCH
Yamacraw Beach,25.016670,-77.250000,BS,BCH
South Beach,25.003830,-77.346920,BS,BCH
Saunder’s Beach,25.066670,-77.366670,BS,BCH
North Beach,26.604820,-77.008930,BS,BCH
Love Beach,25.050000,-77.466670,BS,BCH
Cable Beach,25.077890,-77.411710,BS,BCH
Adelaide Beach,25.000150,-77.493950,BS,BCH
Cotton Bay Beach,24.636640,-76.145000,BS,BCH
White Road Beach,24.919910,-76.143190,BS,BCH
Bonefish Bay Beach,24.071990,-74.532690,BS,BCH
Silver Point Beach,26.496820,-78.669580,BS,BCH
Nunjack Beach,26.837590,-77.382590,BS,BCH
Westwind Beach,-54.410000,3.285280,BV,BCH
Sibun Beach,17.454330,-88.254720,BZ,BCH
Mexico Beach,18.002020,-87.912740,BZ,BCH
Aberdeen Beach,45.050150,-64.148740,CA,BCH
Adams Cove Beach,47.859590,-53.084170,CA,BCH
Admirals Beach,47.016600,-53.648110,CA,BCH
Algerine Shore,44.549560,-64.214340,CA,BCH
Allen Flats,43.538380,-65.555910,CA,BCH
Andersons Back Shore,44.900150,-62.348600,CA,BCH
Andersrag Beach,76.385010,-87.499950,CA,BCH
Azors Beach,45.524500,-65.113690,CA,BCH
Back Beach,47.691600,-53.939830,CA,BCH
Back Beach,43.909910,-64.780050,CA,BCH
Back Beach,44.833450,-62.465310,CA,BCH
Back Beach,44.642040,-63.927560,CA,BCH
Back Beach,45.064380,-66.736020,CA,BCH
Backhouse Shore,44.504230,-64.306710,CA,BCH
Backmans Beach,44.407830,-64.262750,CA,BCH
Back Shore,44.916850,-62.315300,CA,BCH
Back Shore,44.406320,-64.303610,CA,BCH
Backside,47.567990,-53.570300,CA,BCH
Backside Beach,47.580490,-53.563400,CA,BCH
Backside Beach,47.666590,-53.513390,CA,BCH
Bald Head Beach,47.458200,-53.914820,CA,BCH
Ballast Beach,74.445120,-123.170810,CA,BCH
Barachois Beach,46.861000,-53.580020,CA,BCH
Bar de Cocagne,46.416840,-64.615450,CA,BCH
Barneys Beach,44.552270,-63.941800,CA,BCH
Barre à Church Point,44.344550,-66.118730,CA,BCH
Barre à Doucet,44.249300,-66.134090,CA,BCH
Barre à Tico,44.257770,-66.135720,CA,BCH
Barre au Chat,45.483440,-60.915210,CA,BCH
Barre au Saumon,44.212080,-66.158900,CA,BCH
Barre Natashquan,50.116840,-61.815220,CA,BCH
Barren Shore,44.453610,-63.591860,CA,BCH
Barres à Pointe Noire,44.204910,-66.162370,CA,BCH
Bartletts Beach,44.014850,-66.158940,CA,BCH
Battery Island Breakers,45.900140,-59.948430,CA,BCH
Battery Point Beach,44.364550,-64.290780,CA,BCH
Battle Beach,44.619510,-66.715950,CA,BCH
Batture aux Outardes,49.033390,-68.498960,CA,BCH
Batture Ikkatujaaq,58.283760,-77.716160,CA,BCH
Batture Pangaligiaq,58.017010,-68.531810,CA,BCH
Batture Qainngujuaq,60.036020,-69.835350,CA,BCH
Batture Qanait Qinngua,60.063520,-69.796240,CA,BCH
Batture Saint-Nicolas,49.306490,-67.765810,CA,BCH
Battures de Manicouagan,49.079790,-68.253650,CA,BCH
Battures Stony,58.917050,-68.681790,CA,BCH
Bayfield Beach,45.633440,-61.748560,CA,BCH
Bayswater Beach,44.502650,-64.065260,CA,BCH
Beach Meadows Beach,44.058590,-64.637980,CA,BCH
Belfry Beach,45.766850,-60.181750,CA,BCH
Belle Côte Beach,46.450140,-61.098510,CA,BCH
Belliveau Beach,46.233440,-64.498750,CA,BCH
Bend Breaker,45.666850,-60.331770,CA,BCH
Bens Beach,45.916840,-60.898500,CA,BCH
Bergy Bar,71.301180,-73.064410,CA,BCH
Berry Beach,45.368190,-65.496930,CA,BCH
Betsys Beach,45.316850,-60.965210,CA,BCH
Beveridge Beach,45.216700,-65.854220,CA,BCH
Bezansons Beach,45.166850,-61.665250,CA,BCH
Big Bar,45.650480,-64.729470,CA,BCH
Big Beach,49.749960,-55.948170,CA,BCH
Big Beach,47.649890,-52.714750,CA,BCH
Big Beach,45.323650,-64.792190,CA,BCH
Big Beach,46.016840,-60.681780,CA,BCH
Big Beach,45.583450,-61.231830,CA,BCH
Big Freshwater Beach,47.652700,-53.795320,CA,BCH
Big Grappling Beach,46.333440,-60.465170,CA,BCH
Big Head Breakers,44.933450,-62.048580,CA,BCH
Big Island Beach,45.683440,-62.365310,CA,BCH
Big MarshBeach,47.641600,-53.785620,CA,BCH
Bilbys Beach,44.473220,-63.550190,CA,BCH
Bird Islands Breakers,44.850160,-62.231890,CA,BCH
Black Beach,45.154890,-66.228250,CA,BCH
Black Island Breaker,49.699920,-54.331420,CA,BCH
Blackout Beach,70.301060,-68.147110,CA,BCH
Black Point Beach,43.701040,-65.049430,CA,BCH
Blacksmiths Beach,43.530640,-65.384620,CA,BCH
Blanche Beach,43.487690,-65.393670,CA,BCH
Blue Beach,47.697100,-53.948130,CA,BCH
Blue Beach,45.103010,-64.217220,CA,BCH
Boat Beach,76.026570,-106.032820,CA,BCH
Bones Ledge Beach,45.183450,-61.348530,CA,BCH
Botanical Beach,48.525870,-124.442480,CA,BCH
Boyds Beach,43.822410,-64.849180,CA,BCH
Bracketts Beach,44.539160,-63.544780,CA,BCH
Brackley Beach,46.433420,-63.198690,CA,BCH
Brady Beach,48.828250,-125.152340,CA,BCH
Bray Beach,45.638290,-64.743200,CA,BCH
Breaker Beach,48.825260,-125.155180,CA,BCH
Breaking Beach,47.249890,-52.798050,CA,BCH
Breens Beach,45.683440,-61.581850,CA,BCH
Brewley,47.236000,-53.964830,CA,BCH
Broad Breaker,44.716850,-62.681930,CA,BCH
Broad Cove Beach,46.716840,-60.348460,CA,BCH
Broad of the Island,47.233190,-52.781350,CA,BCH
Broken Grounds,46.266840,-60.098450,CA,BCH
Brooks Beach,44.467020,-65.989310,CA,BCH
Brown Beach,48.863000,-54.059210,CA,BCH
Browns Beach,45.319440,-65.552730,CA,BCH
Bull Beach,44.833450,-62.565320,CA,BCH
Bull Dog Beach,44.946760,-66.924630,CA,BCH
Bunbury Sand,46.541830,-63.798720,CA,BCH
Burnell Beach,52.550090,-55.731270,CA,BCH
Butchers Beach,48.844600,-54.008410,CA,BCH
Caines Beach,47.699900,-53.845320,CA,BCH
Callanders Beach,46.800120,-64.898730,CA,BCH
Cambridge Flats,45.216850,-64.148740,CA,BCH
Camel Beach,47.249890,-52.798050,CA,BCH
Cameron Beach,45.866850,-63.715410,CA,BCH
Cape Bay Beach,44.192480,-64.377520,CA,BCH
Cape Breaker,45.300150,-60.915200,CA,BCH
Cape Dog Strand,47.090200,-53.706410,CA,BCH
Cape Shore,47.036000,-54.116250,CA,BCH
Carleton Village Shore,43.659460,-65.328290,CA,BCH
Caroline Beach,45.236460,-64.488310,CA,BCH
Carters Beach,43.908710,-64.823170,CA,BCH
Carters Beach,45.483450,-61.231830,CA,BCH
Catalone Beach,46.000140,-59.931730,CA,BCH
Causeway Beach,45.159440,-64.172920,CA,BCH
Cavendish Beach,46.500120,-63.432000,CA,BCH
Chamberlains Beach,47.533190,-52.948060,CA,BCH
Chance Cove Beach,47.673500,-53.813420,CA,BCH
Chance Harbour Beach,45.683440,-62.581930,CA,BCH
Chapel Beach,47.449890,-53.148080,CA,BCH
Cheeseman Beach,45.171110,-66.224420,CA,BCH
Chegoggin Flats,43.849200,-66.134730,CA,BCH
Chelton Shore,46.300130,-63.748720,CA,BCH
Cherrys Beach,44.511980,-64.008050,CA,BCH
Chesterman Beach,49.115930,-125.894180,CA,BCH
Chéticamp Beach,46.600140,-61.048510,CA,BCH
Chimney Corner Beach,46.383440,-61.165210,CA,BCH
China Beach,48.433300,-124.092720,CA,BCH
Chisholms Beach,45.633440,-62.465320,CA,BCH
Chitticks Beach,45.120890,-66.523050,CA,BCH
Chocolate Beach,48.842440,-123.458240,CA,BCH
Church Holes,48.030490,-52.975850,CA,BCH
Clam Harbour Beach,44.716850,-62.881940,CA,BCH
Clam Harbour Beach,45.416850,-61.415240,CA,BCH
Colindale Beach,46.066840,-61.515240,CA,BCH
Columbia Beach,49.357050,-124.395790,CA,BCH
Come By Chance Beach,47.833200,-53.998130,CA,BCH
Conawaga Beach,49.820100,-125.033810,CA,BCH
Conrad Beach,44.141590,-64.513800,CA,BCH
Conrods Beach,44.700150,-63.181970,CA,BCH
Cooks Beach,43.744190,-66.077700,CA,BCH
Cooks Beach,44.572230,-64.163710,CA,BCH
Coolens Beach,44.523430,-63.790410,CA,BCH
Corney Beach,46.716840,-60.915200,CA,BCH
Côte à Évrade,47.569530,-61.511640,CA,BCH
Côte à Philias,47.575130,-61.505240,CA,BCH
Courages Beach,47.683190,-53.231380,CA,BCH
Cow Bay Beach,44.613120,-63.438450,CA,BCH
Cow Beach,47.700000,-58.365220,CA,BCH
Crescent Beach,45.866850,-63.665410,CA,BCH
Crescent Beach,44.234100,-64.401560,CA,BCH
Crescent Beach,43.695830,-65.119160,CA,BCH
Cribbons Beach,45.766840,-61.898580,CA,BCH
Crichton Beach,45.516840,-61.098520,CA,BCH
Crooked Beach,46.166840,-60.415160,CA,BCH
Crowells Bar,45.166850,-64.182040,CA,BCH
Crystal Crescent Beach,44.460250,-63.618740,CA,BCH
Cumbys Cove Beach,47.815190,-53.452290,CA,BCH
Currys Breaker,45.208750,-61.285730,CA,BCH
Cuslett Beach,46.956000,-54.167550,CA,BCH
Cyrus Beach,44.531790,-63.945500,CA,BCH
Daltons Beach,47.099890,-52.948060,CA,BCH
Dalvay Beach,46.416810,-63.048680,CA,BCH
Dare Beach,48.624820,-124.766240,CA,BCH
Dauphinees Beach,44.630500,-64.051370,CA,BCH
Deadmans Beach,44.498810,-63.819680,CA,BCH
Dennis Beach,45.630360,-64.849490,CA,BCH
Deveaus Shore,44.106020,-66.208540,CA,BCH
Dolphin Beach,49.292360,-124.147780,CA,BCH
Donks Beach,46.316840,-61.248520,CA,BCH
Donovan Beach,64.741080,-82.296460,CA,BCH
Duncans Beach,46.566840,-60.381760,CA,BCH
Dune de Buctouche,46.483440,-64.632050,CA,BCH
Dune deChockpish,46.583440,-64.715450,CA,BCH
Dunn Beach,44.897260,-66.957880,CA,BCH
Dunns Beach,45.683440,-61.881870,CA,BCH
Dunphys Beach,47.129100,-53.500900,CA,BCH
Eagle Beach,48.532940,-123.385910,CA,BCH
Eagle Beach,71.617890,-72.580900,CA,BCH
East Bar,51.366890,-80.349520,CA,BCH
Easter Beach,47.549890,-53.014760,CA,BCH
Eastern Bar,45.166850,-64.215450,CA,BCH
Eastern Beach,45.783450,-60.098440,CA,BCH
Eastern Breaker,45.183450,-61.331830,CA,BCH
Edgetts Beach,45.456590,-64.844400,CA,BCH
Egg Beach,43.722820,-65.145210,CA,BCH
English Bar,45.019560,-66.956120,CA,BCH
English Bay Beach,49.286960,-123.143520,CA,BCH
Enman Shore,46.583440,-64.065440,CA,BCH
Equis Beach,48.968030,-125.301290,CA,BCH
Estran Aulassiviup Ikirasangata Imanga,59.933720,-69.698460,CA,BCH
Estran Killiarusiup Tininnirujanga,59.100370,-69.115220,CA,BCH
Estran Nuitasuulik,56.933670,-76.566110,CA,BCH
Estran Papijjulik,60.057920,-69.686740,CA,BCH
Estran Tininganiarvik,58.676770,-69.734690,CA,BCH
Estran Tininnialuk,62.233910,-75.682320,CA,BCH
Estran Tininnirujaq,60.096020,-69.631520,CA,BCH
Estran Tinujjaumavik,60.057920,-69.753140,CA,BCH
Estran Tinujjauvik,60.057920,-69.652030,CA,BCH
Estran Tinujjauvik,60.701200,-69.663700,CA,BCH
Evangeline Beach,45.138810,-64.319570,CA,BCH
Evans Beach,45.150140,-66.215560,CA,BCH
False Harbour Bar,43.804820,-66.155070,CA,BCH
False Harbour Beach,43.803780,-66.154780,CA,BCH
Fannys Beach,47.813790,-53.450890,CA,BCH
Feehans Shore,46.433410,-62.881970,CA,BCH
Finky Beach,47.606790,-53.284180,CA,BCH
First Beach,47.258200,-53.993930,CA,BCH
First Beach,45.390520,-64.317270,CA,BCH
Fishermans Beach,44.666850,-63.215370,CA,BCH
Flambro Head Beach,48.020690,-52.970250,CA,BCH
Flambro Head Holes,48.017990,-52.964750,CA,BCH
Flat Rock Beach,44.453850,-63.593280,CA,BCH
Floeberg Beach,82.451900,-61.406560,CA,BCH
Florence Beach,46.266840,-60.248460,CA,BCH
Flynns Dock,47.609590,-53.275880,CA,BCH
Fortune Beach,46.333400,-62.348630,CA,BCH
Foul Breakers,53.533380,-55.947950,CA,BCH
Fownes Beach,45.381090,-65.462640,CA,BCH
Fox Cove Beach,47.869290,-53.417490,CA,BCH
Fox Cove Beach,47.729100,-53.835620,CA,BCH
Fox Island Main Beach,45.350150,-61.115220,CA,BCH
Fox Point Beach,44.598160,-64.062130,CA,BCH
Frasers Beach,47.033430,-60.581770,CA,BCH
French Beach,44.382470,-66.203980,CA,BCH
French Beach,48.390800,-123.944410,CA,BCH
Friars Bay Beach,44.883240,-66.952120,CA,BCH
Fury Beach,72.801410,-91.933390,CA,BCH
Gardiner Shore,46.316830,-63.782020,CA,BCH
Gardner Creek Beach,45.278480,-65.702360,CA,BCH
Gardners Beach,44.988840,-67.001370,CA,BCH
Garlep Shore,47.910990,-53.377280,CA,BCH
Gaskiers Shore,46.881800,-53.628720,CA,BCH
Gates Beach,44.516360,-64.122950,CA,BCH
George Hardys Breaker,45.766850,-60.115150,CA,BCH
Georges Beach,44.463310,-63.609730,CA,BCH
Gerrys Beach,44.933450,-62.065280,CA,BCH
Ghost Beach,45.666840,-61.431840,CA,BCH
Gill Beach,49.483980,-123.979150,CA,BCH
Gillis Beach,45.950140,-60.865190,CA,BCH
Glace Bay Beach,46.183440,-59.948440,CA,BCH
Glovers Shore,46.383430,-63.765420,CA,BCH
Goat Shore,47.433190,-53.181380,CA,BCH
Golden Bay Beach,46.827700,-54.146760,CA,BCH
Goods Beach,48.049890,-53.154960,CA,BCH
Gooseberry Beach,46.300140,-60.398460,CA,BCH
Gordons Beach,45.766840,-62.865360,CA,BCH
Gordons Beach,48.370660,-123.837010,CA,BCH
Goulet Beach,45.583440,-60.915210,CA,BCH
Grand Desert Beach,44.683450,-63.231970,CA,BCH
Grande Digue Shore,46.583440,-64.132040,CA,BCH
Grants Beach,46.183440,-64.048730,CA,BCH
Grauer Beach,49.049660,-123.035920,CA,BCH
Gravelly Bank,47.283190,-52.781350,CA,BCH
Graven Beach,46.966600,-53.531410,CA,BCH
Great French Beach,49.666620,-54.731460,CA,BCH
Green Island Breaker,44.600070,-66.839470,CA,BCH
Greens Harbour Beach,47.634590,-53.506390,CA,BCH
Green Shore,48.701310,-53.989810,CA,BCH
Green Side Shore,43.801810,-64.885060,CA,BCH
Gregorys Beach,47.166600,-53.525900,CA,BCH
Grève Aulassiviup Ikirasangata Sinaa,59.933720,-69.715160,CA,BCH
Grève Aulassiviup Ippialunga,59.917120,-69.681760,CA,BCH
Grève Aulassiviup Qinnguata Ippialunga,59.917120,-69.748470,CA,BCH
Grève des Phoques,50.300140,-64.398680,CA,BCH
Grève Kangiararjuk,61.549820,-71.669650,CA,BCH
Grève Mitirtalik,60.000420,-69.915160,CA,BCH
Grève Naujakkuvik,60.000420,-69.915160,CA,BCH
Grève Niqiluk,59.950420,-69.715160,CA,BCH
Grève Nirlinik Utarqiuvik,59.950420,-69.865170,CA,BCH
Grève Nirlinik Utarqiuvik,60.022620,-69.839550,CA,BCH
Grève Pijigiaq,60.101820,-69.809530,CA,BCH
Grève Pisugiassiaq,59.867120,-69.581760,CA,BCH
Grève Qainngujuaq,60.029620,-69.844050,CA,BCH
Grève Qainnguluttuq,60.558210,-69.690730,CA,BCH
Grève Qairtuinaq,62.149210,-75.780930,CA,BCH
Grève Qamanialuup Paanga,58.700380,-69.929200,CA,BCH
Grève Qarmait,60.820440,-69.951390,CA,BCH
Grève Qarsutuuq,60.689600,-69.699520,CA,BCH
Grève Qarsutuurusik,60.519010,-69.804370,CA,BCH
Grève Qilalukkisiivikallak,62.247810,-75.549000,CA,BCH
Grève Qinngua,62.165310,-75.872640,CA,BCH
Grève Saakittuq,59.317100,-69.248510,CA,BCH
Grève Saattuit,58.883660,-69.481860,CA,BCH
Grève Sajjugittuq,62.189510,-75.719820,CA,BCH
Grève Sanirajaq,59.883720,-69.631770,CA,BCH
Grève Saniraq,60.064920,-77.224920,CA,BCH
Grève Tijjalussiuvik,58.883650,-68.681800,CA,BCH
Grève Tininnirujaluk,59.900420,-69.748470,CA,BCH
Grève Tuttusiurvik,59.017060,-69.298540,CA,BCH
Grève Umiirivik,58.668460,-69.649390,CA,BCH
Grève Utaskap,55.083600,-78.216260,CA,BCH
Grovers Breaker,45.245950,-61.310730,CA,BCH
Gull Cove Strand,46.827700,-54.025950,CA,BCH
Gull Island Bar,43.663670,-65.915870,CA,BCH
Hadley Beach,45.383450,-61.481840,CA,BCH
Hales Beach,43.687970,-65.177820,CA,BCH
Half Hour Breaker,44.883450,-62.298600,CA,BCH
Halibut Islands Breaker,44.900150,-62.181890,CA,BCH
Hall Beach,68.782160,-81.221580,CA,BCH
Hamilton Beach,48.774620,-123.274780,CA,BCH
Hamsterley Beach,48.532940,-123.385910,CA,BCH
Harricott Beach,47.169300,-53.531400,CA,BCH
Harris Beach,45.816840,-60.115140,CA,BCH
Harry Cove Beach,47.138800,-54.062040,CA,BCH
Hatchs Rock Breaker,46.000140,-59.765130,CA,BCH
Haulover Beach,45.083450,-61.765260,CA,BCH
Hawbolt Beach,44.883450,-62.415310,CA,BCH
Hawke Flat,50.616770,-57.298220,CA,BCH
Heartz Shore,46.266820,-63.081980,CA,BCH
Heather Beach,45.866850,-63.748710,CA,BCH
Hells Beach,47.583320,-59.115280,CA,BCH
Herring Cove Beach,44.871660,-66.931240,CA,BCH
Hesquiat Bar,49.404220,-126.415340,CA,BCH
Hiawatha Beach,45.178680,-64.166400,CA,BCH
Hickeys Beach,47.399890,-53.114770,CA,BCH
Highland Shore,47.679090,-53.717510,CA,BCH
Hirtles Beach,44.265160,-64.272840,CA,BCH
Horsehead Beach,47.051300,-53.653710,CA,BCH
Hortons Beach,45.816850,-63.415390,CA,BCH
Houston Beach,45.214300,-64.365870,CA,BCH
Hunts Point Beach,43.952750,-64.767670,CA,BCH
Indian Beach,49.566650,-55.831480,CA,BCH
Indian Beach,44.673310,-65.750340,CA,BCH
Indian Beach,45.750140,-60.981810,CA,BCH
Indian Beach,44.791430,-66.796860,CA,BCH
Indian Beach,44.952160,-66.914440,CA,BCH
Indian Point Beach,45.883440,-61.481840,CA,BCH
Indian Pond Beach,47.449890,-53.098070,CA,BCH
Ingonish Beach,46.633440,-60.381760,CA,BCH
Iron Strand,59.550310,-63.814850,CA,BCH
Island View Beach,48.572430,-123.366940,CA,BCH
James Beach,45.666840,-62.548620,CA,BCH
Jericho Beach,49.272370,-123.193260,CA,BCH
John's Beach,49.033320,-58.148410,CA,BCH
Johnstons Beach,43.779170,-64.948380,CA,BCH
Jones Beach,47.177430,-55.137490,CA,BCH
Josephine Shore,46.633440,-63.882030,CA,BCH
Kearneys Beach,47.216590,-52.831360,CA,BCH
Keatings Sand Beach,44.957710,-65.238980,CA,BCH
Keeha Beach,48.785940,-125.171100,CA,BCH
Keirs Shore,46.516830,-63.698720,CA,BCH
Kellett Sandspit,71.965120,-125.928210,CA,BCH
Kellys Beach,46.183440,-60.248460,CA,BCH
Kellys Beach,45.042010,-66.888480,CA,BCH
Kellys Beach,46.833420,-64.915430,CA,BCH
Kelp Cove Bar,43.469200,-65.757200,CA,BCH
Kelp Hauler Shore,43.769000,-66.129130,CA,BCH
Kennedys Shore,46.266840,-61.265220,CA,BCH
Kents Beach,44.716850,-63.065360,CA,BCH
Keppoch Beach,46.200120,-63.115380,CA,BCH
Kinney Shore,44.485800,-65.965740,CA,BCH
Kipps Beach,45.155120,-64.183520,CA,BCH
Kitsilano Beach,49.275200,-123.153990,CA,BCH
Kittys Beach,47.187400,-54.041240,CA,BCH
Komakuk Beach,69.601400,-140.156790,CA,BCH
La Batture,45.700140,-61.565250,CA,BCH
Laceys Beach,49.366630,-55.448180,CA,BCH
La Digue,47.280740,-61.722460,CA,BCH
La Facterie à Camille,47.565730,-61.496340,CA,BCH
La Grande Échouerie,47.360440,-61.871670,CA,BCH
Lance Cove Beach,47.483190,-53.064770,CA,BCH
Lance Cove Beach,47.599890,-52.975860,CA,BCH
Lanes Beach,44.733450,-62.831940,CA,BCH
Langley Beach,46.216820,-63.115380,CA,BCH
Lanigan Beach,45.333450,-60.981810,CA,BCH
La Petite Échouerie,47.351540,-61.879670,CA,BCH
L'Ardoise Beach,45.600150,-60.748490,CA,BCH
La Sablonnière,49.167590,-68.197540,CA,BCH
Lawrencetown Beach,44.643610,-63.337340,CA,BCH
Le Banc de Sable,49.768190,-67.169130,CA,BCH
Le Grand Plaquier,47.424040,-61.856360,CA,BCH
Le Grand Platier,47.559040,-61.604150,CA,BCH
Le Plain,49.155690,-66.425210,CA,BCH
Le Platier,47.351540,-61.888270,CA,BCH
Les Petites Battures,49.783430,-64.398680,CA,BCH
Levers Beach,45.850140,-60.165150,CA,BCH
Lewis Beach,47.399890,-53.131370,CA,BCH
Lighthouse Beach,43.812770,-64.925510,CA,BCH
Lighthouse Beach,44.439010,-66.018670,CA,BCH
Lighthouse Beach,45.683440,-62.648630,CA,BCH
Lingan Beach,46.216840,-60.031750,CA,BCH
Linkletter Shore,46.400130,-63.848730,CA,BCH
Linwood Beach,45.650140,-61.581850,CA,BCH
Little Beach,48.040190,-52.979950,CA,BCH
Little Beach,47.601290,-53.285580,CA,BCH
Little Breaker,44.883450,-62.281900,CA,BCH
Little Breaker,45.600150,-60.598480,CA,BCH
Little Duck Bar,51.316890,-80.516240,CA,BCH
Little Dyke Beach,45.378080,-63.549490,CA,BCH
Little Freshwater Beach,47.648500,-53.793920,CA,BCH
Little Grappling Beach,46.316840,-60.481770,CA,BCH
Little Long Breaker,44.982050,-61.934970,CA,BCH
Little Rissers Beach,44.231530,-64.423180,CA,BCH
Little River Beach,45.272010,-66.024990,CA,BCH
Little River Beach,49.738540,-124.922240,CA,BCH
Little Ship Beach,44.976560,-66.696010,CA,BCH
Lobster Bar,43.850510,-66.150680,CA,BCH
Lobster Claw Beach,44.458810,-63.573640,CA,BCH
Long Bank,47.329630,-55.298600,CA,BCH
Long Beach,47.316630,-55.315000,CA,BCH
Long Beach,46.633190,-53.131410,CA,BCH
Long Beach,49.616660,-55.931480,CA,BCH
Long Beach,47.383210,-54.531510,CA,BCH
Long Beach,47.799900,-53.998130,CA,BCH
Long Beach,47.266590,-52.814750,CA,BCH
Long Beach,49.666620,-54.798160,CA,BCH
Long Beach,49.316590,-53.648040,CA,BCH
Long Beach,47.433190,-53.181380,CA,BCH
Long Beach,47.576290,-53.263380,CA,BCH
Long Beach,47.508190,-53.167480,CA,BCH
Long Beach,47.674890,-53.238380,CA,BCH
Long Beach,47.734590,-53.227280,CA,BCH
Long Beach,47.947090,-53.050860,CA,BCH
Long Beach,47.187400,-53.589810,CA,BCH
Long Beach,45.233450,-61.231820,CA,BCH
Long Beach,45.218750,-64.552640,CA,BCH
Long Beach,44.454540,-63.583970,CA,BCH
Long Beach,44.406330,-66.166190,CA,BCH
Long Beach,46.150140,-59.848440,CA,BCH
Long Beach,45.800140,-63.265380,CA,BCH
Long Beach,45.700150,-60.265160,CA,BCH
Long Beach,45.450150,-61.265230,CA,BCH
Long Beach,43.732960,-65.349560,CA,BCH
Long Beach,43.733680,-65.010650,CA,BCH
Long Beach,45.425700,-65.379270,CA,BCH
Long Beach,49.043610,-125.710370,CA,BCH
Long Beds Beach,47.723500,-53.960630,CA,BCH
Long Breaker,44.982050,-61.938580,CA,BCH
Long Breaker,45.316850,-60.931810,CA,BCH
Long Pond Beach,47.516590,-52.964760,CA,BCH
Long Pond Beach,44.406660,-64.258220,CA,BCH
Long Pond Beach,44.660210,-66.792870,CA,BCH
Louisa D. Beach,45.244930,-65.826410,CA,BCH
Louis Head Beach,43.757490,-65.010890,CA,BCH
Lowdens Beach,45.683440,-62.665340,CA,BCH
Lower Beach,49.050020,-58.148410,CA,BCH
Lower Beach,47.216590,-52.831360,CA,BCH
Lower Beach,43.637570,-65.305910,CA,BCH
Lower Debert Beach,45.370500,-63.514060,CA,BCH
Lower East Chezzetcook Beach,44.681850,-63.205070,CA,BCH
Lucas Beach,45.166850,-61.698560,CA,BCH
Lyons Beach,43.553350,-65.773410,CA,BCH
Mabens Beach,48.758710,-125.126600,CA,BCH
MacDonalds Beach,45.600140,-61.165220,CA,BCH
MacDonalds Beach,45.750140,-61.898580,CA,BCH
MacIntosh Shore,46.550140,-63.865430,CA,BCH
MacIntoshs Inner Breaker,45.683450,-60.315160,CA,BCH
MacIntoshs Outer Breaker,45.683450,-60.315160,CA,BCH
MacKenzie Beach,49.131130,-125.904610,CA,BCH
MacKenzies Bar,45.109730,-66.884980,CA,BCH
MacKinnons Beach,46.433440,-61.115210,CA,BCH
MacKinnons Breaker,46.766840,-60.315150,CA,BCH
MacLeans Beach,45.800150,-63.348680,CA,BCH
MacLellans Shore,46.283440,-61.265220,CA,BCH
MacLeods Beach,46.316840,-61.248520,CA,BCH
MacLeods Shore,46.300140,-61.248520,CA,BCH
MacNeils Beach,46.116840,-60.465170,CA,BCH
MacPhee Beach,46.200100,-62.515350,CA,BCH
MacPhees Shore,46.416810,-62.815360,CA,BCH
MacPhersons Shore,46.316840,-61.231810,CA,BCH
MacQuarries Beach,46.050140,-61.531840,CA,BCH
MacRaes Beach,46.333440,-61.215210,CA,BCH
Macs Beach,45.357650,-65.527460,CA,BCH
MacSweens Beach,46.133440,-60.448470,CA,BCH
MacWilliams Shore,46.683450,-64.415450,CA,BCH
Mahoneys Beach,45.700140,-61.898580,CA,BCH
Main-à-Dieu Shore,45.996930,-59.847550,CA,BCH
Maitland Flat,46.200100,-62.515350,CA,BCH
Mall Bay Beach,46.984600,-53.575910,CA,BCH
Mallock Beach,44.915120,-66.942870,CA,BCH
Maneys Breaker,45.350150,-60.948510,CA,BCH
Manuels Beach,47.533190,-52.948060,CA,BCH
Marie Joseph Breaker,45.683450,-60.348470,CA,BCH
Maringouin Flats,45.732430,-64.548240,CA,BCH
Marshall Beach,49.633250,-55.798170,CA,BCH
Martinique Beach,44.683450,-63.131960,CA,BCH
Martins Beach,44.479180,-63.548560,CA,BCH
Mascarene Shore,45.098920,-66.919550,CA,BCH
Mason Beach,46.016840,-64.065430,CA,BCH
Masons Beach,44.364880,-64.321280,CA,BCH
Masseys Beach,44.634330,-63.286000,CA,BCH
Maugher Beach,44.604710,-63.526250,CA,BCH
McElwains Beach,45.230260,-65.843320,CA,BCH
McGees Beach,47.433190,-53.181380,CA,BCH
McKies Shore,46.616840,-64.082040,CA,BCH
McLarens Beach,45.238220,-66.099930,CA,BCH
McLeods Beach,45.263350,-65.785620,CA,BCH
McNeil Beach,46.233440,-60.481770,CA,BCH
Medford Beach,45.182760,-64.358750,CA,BCH
Medicine Beach,48.760670,-123.267910,CA,BCH
Meisners Beach,44.362960,-64.282000,CA,BCH
Meisners Beach,44.573710,-64.156740,CA,BCH
Melmerby Beach,45.650140,-62.498620,CA,BCH
Melvin Beach,45.399960,-65.446630,CA,BCH
Middle Breaker,44.450130,-66.998920,CA,BCH
Middle Harbour Beach,46.883430,-60.448460,CA,BCH
Mira Beach,46.033440,-59.965140,CA,BCH
Mitchells Beach,45.850150,-63.698710,CA,BCH
Morris Beach,44.983450,-61.998580,CA,BCH
Morrison Beach,46.216800,-62.548650,CA,BCH
Morrisons Beach,45.700150,-60.315160,CA,BCH
Morrisons Breaker,45.700150,-60.298460,CA,BCH
Moshers Beach,44.263300,-64.300050,CA,BCH
Moshers Beach,44.336980,-64.320310,CA,BCH
Moshers Head Beach,44.342200,-64.313150,CA,BCH
Mosquito Sands,46.200100,-62.465340,CA,BCH
Mouse Hole Beach,47.959590,-53.031360,CA,BCH
Murphys Beach,47.635990,-53.728710,CA,BCH
Murray Beach,45.750150,-63.131970,CA,BCH
Murray Beach,46.183440,-63.998730,CA,BCH
Mussel Beach,47.073500,-53.570310,CA,BCH
Myettes Beach,45.645140,-61.652460,CA,BCH
Myras Beach,44.504880,-63.822170,CA,BCH
Nancy Shore,47.577720,-54.875750,CA,BCH
Neils Harbour Breaker,46.800130,-60.315150,CA,BCH
New Harbour Beach,45.166850,-61.448540,CA,BCH
New Horton Flats,45.724280,-64.660790,CA,BCH
New River Beach,45.134920,-66.533720,CA,BCH
Nielson Bar,51.400190,-80.316220,CA,BCH
Nitinat Bar,48.670350,-124.850610,CA,BCH
North Bay Ingonish Beach,46.683440,-60.365160,CA,BCH
North Beach,54.041700,-131.923830,CA,BCH
Northeast Beach,46.966600,-53.514810,CA,BCH
Northern Beach,47.888790,-53.081360,CA,BCH
North Harbour Beach,47.161000,-53.650910,CA,BCH
North Harbour Beach,46.916830,-60.448460,CA,BCH
North Harbour Breaker,46.933440,-60.448460,CA,BCH
North Kouchibouguac Dune,46.883420,-64.898730,CA,BCH
North Richibucto Dune,46.733430,-64.815430,CA,BCH
North Rustico Beach,46.466820,-63.298700,CA,BCH
Northwest Bar,46.211880,-60.237030,CA,BCH
Northwest Beach,48.659600,-53.757790,CA,BCH
Northwest Breaker,44.966850,-61.965280,CA,BCH
O'Flahertys Beach,46.966590,-52.898060,CA,BCH
Old Shop Beach,47.524900,-53.570300,CA,BCH
O'Reilly Beach,48.840990,-123.399810,CA,BCH
Oxners Beach,44.278330,-64.339910,CA,BCH
Pachena Beach,48.794090,-125.120420,CA,BCH
Paddys Beach,44.644140,-63.919440,CA,BCH
Pakulak Beach,58.673530,-93.179440,CA,BCH
Parishs Beach,45.650140,-61.748560,CA,BCH
Parker Beach,49.133190,-58.392740,CA,BCH
Parkes Beach,49.133320,-58.098400,CA,BCH
Parks Beach,45.983440,-61.548550,CA,BCH
Parlee Beach,46.233440,-64.515450,CA,BCH
Partridge Island Beach,45.371360,-64.332240,CA,BCH
Patty Powers Dock,46.824900,-54.153760,CA,BCH
Pembroke Beach,43.858030,-66.159630,CA,BCH
Perrys Cove Beach,47.805490,-53.143870,CA,BCH
Petit Nez Beach,45.566840,-60.898510,CA,BCH
Phalens Bar,46.116840,-59.881740,CA,BCH
Philip Bar,45.866850,-63.698710,CA,BCH
Pierces Beach,43.660900,-65.261690,CA,BCH
Pineo Beach,45.237790,-64.485050,CA,BCH
Pitmans Beach,43.967120,-66.164170,CA,BCH
Placentia Beach,47.241600,-53.967530,CA,BCH
Plage à Aurélien,47.347940,-61.882470,CA,BCH
Plage à Avila-Landry,47.357640,-61.954970,CA,BCH
Plage à Germain,47.390740,-61.949970,CA,BCH
Plage à Maria,47.378240,-61.957170,CA,BCH
Plage à Vachon,49.976790,-66.959560,CA,BCH
Plage Cartier,49.126190,-66.500510,CA,BCH
Plage Cybèle,49.083460,-61.731830,CA,BCH
Plage de la Digue,47.361840,-61.944970,CA,BCH
Plage de la Dune du Sud,47.456240,-61.741060,CA,BCH
Plage de la Grande Échouerie,47.606230,-61.436340,CA,BCH
Plage de la Grande Vallée,49.224800,-65.130610,CA,BCH
Plage de La Martinique,47.312640,-61.935470,CA,BCH
Plage de la Pointe,47.399540,-61.841660,CA,BCH
Plage de la Pointe aux Loups,47.577340,-61.630250,CA,BCH
Plage de la Pointe de l'Est,47.626230,-61.476840,CA,BCH
Plage de l'Hôpital,47.457040,-61.811060,CA,BCH
Plage de l'Ouest,47.300140,-61.972170,CA,BCH
Plage des Morses,49.100160,-61.698520,CA,BCH
Plage des Sillons,47.774530,-61.490740,CA,BCH
Plage du Bassin Est,47.557330,-61.502940,CA,BCH
Plage du Bassin Ouest,47.545130,-61.534640,CA,BCH
Plage du Bombardier,62.117370,-74.615580,CA,BCH
Plage du Bourgot,47.381240,-61.956070,CA,BCH
Plage du Cap,47.246840,-61.891870,CA,BCH
Plage du Corfu Island,47.346540,-61.949170,CA,BCH
Plage du Havre,47.216840,-61.848560,CA,BCH
Plage du Havre Aubert,47.265440,-61.912170,CA,BCH
Plage Episkuchach,51.500190,-78.782700,CA,BCH
Plage Mistanekau,50.116840,-61.581800,CA,BCH
Plage Sainte-Marguerite,50.149500,-66.567070,CA,BCH
Plage Sand Cove,47.569830,-61.489140,CA,BCH
Plage Siuraaluit,61.108380,-77.818510,CA,BCH
Plage Siuraaluk,55.800330,-76.999410,CA,BCH
Plage Siuraaluk,56.183640,-76.649390,CA,BCH
Plage The Sands,50.850110,-58.981550,CA,BCH
Plaster Shore,46.416840,-60.448460,CA,BCH
Point Grey Beach,49.278950,-123.235450,CA,BCH
Point La Haye Beach,46.899900,-53.606420,CA,BCH
Point Lance Sands,46.808200,-54.075960,CA,BCH
Point Michaud Beach,45.583450,-60.681790,CA,BCH
Point Monash,46.050140,-64.048730,CA,BCH
Point of the Harbour Beach,47.705500,-53.973130,CA,BCH
Polletts Cove Beach,46.916830,-60.681780,CA,BCH
Pollys Flats,45.479440,-64.832300,CA,BCH
Pollys Meadow Beach,43.732410,-65.345120,CA,BCH
Pomquet Beach,45.650140,-61.798570,CA,BCH
Pond Beach,44.983450,-62.031880,CA,BCH
Pondville Beach,45.533440,-60.981810,CA,BCH
Portage Shore,46.583440,-64.065440,CA,BCH
Portapique Beach,45.396040,-63.712080,CA,BCH
Port Hilford Beach,45.100150,-61.848570,CA,BCH
Port Hood Beach,46.016840,-61.531850,CA,BCH
Port Hood Station Beach,46.016840,-61.531850,CA,BCH
Port Maitland Beach,43.989700,-66.154260,CA,BCH
Poverty Beach,46.033420,-62.481940,CA,BCH
Powers Beach,45.262470,-65.797550,CA,BCH
Power Shore,44.750150,-62.815340,CA,BCH
Pubnico Beach,43.566710,-65.786370,CA,BCH
Pugwash Bar,45.866850,-63.682010,CA,BCH
Pumbleys Beach,47.823490,-53.114770,CA,BCH
Purgatory Beach,46.749890,-53.381430,CA,BCH
Pynns Beach,47.727690,-53.217480,CA,BCH
Qualicum Beach,49.354260,-124.456640,CA,BCH
Queensland Beach,44.634680,-64.027810,CA,BCH
Quoddy Big Breaker,44.850150,-62.315300,CA,BCH
Raccoon Beach,44.852570,-66.927460,CA,BCH
Radar Beaches,49.073780,-125.841910,CA,BCH
Ragged Beach,47.249890,-52.798050,CA,BCH
Rattling Beach,44.650150,-65.765550,CA,BCH
Raymonds Beach,46.283440,-60.565170,CA,BCH
Raynes Beach,45.269190,-66.124280,CA,BCH
Rayworth Beach,46.050140,-63.982030,CA,BCH
Red Beach,48.183200,-53.964820,CA,BCH
Red Beach,47.766610,-54.198150,CA,BCH
Red Beach,48.511000,-53.514780,CA,BCH
Red Beach,44.970300,-67.021240,CA,BCH
Reeds Beach,45.257500,-65.762310,CA,BCH
Reillys Shore,46.733450,-64.398750,CA,BCH
Rileys Beach,45.633440,-61.715260,CA,BCH
Ringing Beach,46.766840,-60.331750,CA,BCH
Rissers Beach,44.230530,-64.428330,CA,BCH
Roseway Beach,43.613200,-65.323380,CA,BCH
Ross Beach,46.583440,-60.365160,CA,BCH
Ryans Beach,47.065200,-53.570310,CA,BCH
Saints Rest Beach,45.225080,-66.122570,CA,BCH
Sallys Beach,44.458260,-63.582450,CA,BCH
Sallys Wash,45.350150,-60.981810,CA,BCH
Salmon Cove Sands,47.781790,-53.156370,CA,BCH
Sand Head,51.416890,-80.332820,CA,BCH
Sand Hills Beach,43.533990,-65.564130,CA,BCH
Sandpiper Beach,49.505480,-124.638690,CA,BCH
Sand Point Beach,45.400050,-64.065850,CA,BCH
Sandy Bay Beach,43.822810,-64.890510,CA,BCH
Sandy Beach,49.916650,-55.731420,CA,BCH
Sandy Beach,47.583220,-54.831540,CA,BCH
Sandy Beach,45.733440,-60.765190,CA,BCH
Sandy Beach,46.350140,-60.448470,CA,BCH
Saratoga Beach,49.849640,-125.102870,CA,BCH
Saturna Beach,48.782950,-123.202620,CA,BCH
Sayward Beach,48.532940,-123.369310,CA,BCH
Schnares Beach,44.466340,-63.636040,CA,BCH
Schoolhouse Beach,44.833450,-62.448610,CA,BCH
Schwartz Shore,44.628020,-64.041730,CA,BCH
Seabright Beach,45.666850,-61.915280,CA,BCH
Seal Camp Beach,71.778590,-124.455830,CA,BCH
Sebim Beach,43.525300,-65.550350,CA,BCH
Second Beach,45.383910,-64.294160,CA,BCH
Second Beach,49.294620,-123.150300,CA,BCH
Seely Beach,45.443810,-65.344450,CA,BCH
September Morn Beach,49.370070,-123.332390,CA,BCH
Shad Bar,45.066850,-64.148740,CA,BCH
Shag Rock Breaker,45.300150,-60.931800,CA,BCH
Shaws Beach,46.416820,-63.181990,CA,BCH
Shea Shore,46.983440,-63.982020,CA,BCH
Sheep Bar,43.697250,-65.218110,CA,BCH
Shepody Flats,45.725660,-64.654970,CA,BCH
Sherard Beach,45.128920,-66.895020,CA,BCH
Sherwood Beach,78.218550,-89.566840,CA,BCH
Ship Beach,44.978600,-66.695570,CA,BCH
Ship Breaker,44.883450,-62.281900,CA,BCH
Shoal Bay Beach,46.997100,-53.617510,CA,BCH
Shooting Gallery Shore,46.400130,-63.815420,CA,BCH
Shunacadie Beach,46.016840,-60.648480,CA,BCH
Sigjariktuq Beach,63.517430,-84.389950,CA,BCH
Sinclairs Island Beach,45.683440,-62.565330,CA,BCH
Slatterys Beach,45.833440,-60.148450,CA,BCH
Small Keatings Sand Beach,44.985440,-65.192610,CA,BCH
Small Point Beach,47.830490,-53.100870,CA,BCH
Smelt Brook Shore,46.866830,-60.365160,CA,BCH
Smiths Beach,44.470470,-63.603920,CA,BCH
Smut Beach,47.919290,-53.353680,CA,BCH
Southeast Bar,46.204520,-60.213120,CA,BCH
Southern Beach,47.883190,-53.078660,CA,BCH
South Harbour Beach,46.883430,-60.431760,CA,BCH
South Head Beach,44.598530,-66.891200,CA,BCH
South Kouchibouguac Dune,46.816820,-64.898730,CA,BCH
South Point Breaker,46.783430,-60.315150,CA,BCH
South Richibucto Beach,46.700130,-64.765440,CA,BCH
South Spread Eagle Beach,47.534600,-53.595300,CA,BCH
Southwest Beach,47.399910,-54.514910,CA,BCH
Southwest Beach,48.651300,-53.749490,CA,BCH
Southwest Beach,44.451830,-64.178570,CA,BCH
Southwest Breaker,48.499890,-53.048050,CA,BCH
Southwest Breaker,45.883440,-59.948430,CA,BCH
Southwest Breaker,45.783450,-60.148450,CA,BCH
Southwest Breaker,45.004350,-61.877770,CA,BCH
Southwest Breaker,44.850150,-62.298600,CA,BCH
Southwest Breakers,44.783450,-62.448610,CA,BCH
Southwest Tuffin Breaker,44.900150,-62.181890,CA,BCH
Sperrys Beach,44.225210,-64.436390,CA,BCH
Splitting Table,47.838790,-53.441190,CA,BCH
Staceys Beach,45.866840,-60.165150,CA,BCH
Staffords Gulch,48.072090,-52.952250,CA,BCH
Stanhope Beach,46.433420,-63.148690,CA,BCH
Stanley Beach,48.664180,-124.839680,CA,BCH
St. Anns Beach,46.300140,-60.548470,CA,BCH
Stanwoods Beach,43.816690,-66.148710,CA,BCH
Staverts Shore,46.366830,-63.732020,CA,BCH
St. Catherines River Beach,43.844660,-64.826330,CA,BCH
St. Croix Beach,47.454100,-53.856420,CA,BCH
Steering Beach,44.683450,-63.081960,CA,BCH
Steering Beaches,44.783450,-62.548620,CA,BCH
St. Esprit Beach,45.633450,-60.481780,CA,BCH
Steveston Bar,49.116360,-123.185940,CA,BCH
St. Martins Beach,45.348100,-65.540910,CA,BCH
Stoney Bar,45.149600,-64.268130,CA,BCH
Stoney Beach,46.716590,-53.348130,CA,BCH
Stoney Beach,44.716850,-62.865340,CA,BCH
Stony Beach,46.333440,-60.515170,CA,BCH
Stories Beach,49.916340,-125.186190,CA,BCH
St. Peters Island Bar,46.133420,-63.198690,CA,BCH
Straight Shore,47.041050,-55.902540,CA,BCH
Success Breaker,44.933450,-62.015280,CA,BCH
Summerville Beach,43.950840,-64.817400,CA,BCH
Sunset Beach,49.281580,-123.141630,CA,BCH
Sunset Beach,49.234340,-123.970820,CA,BCH
Terrences Beach,47.819290,-53.439790,CA,BCH
The Backside,47.605490,-53.246680,CA,BCH
The Bar,48.983310,-57.915100,CA,BCH
The Bar,48.733320,-58.831810,CA,BCH
The Bar,45.900140,-59.965130,CA,BCH
The Bar,45.616850,-60.481780,CA,BCH
The Bar,45.066850,-61.815270,CA,BCH
The Bar,44.580170,-63.939430,CA,BCH
The Bar,45.470260,-64.831360,CA,BCH
The Bar,43.685490,-65.234210,CA,BCH
The Bar,54.052540,-132.534380,CA,BCH
The Bar,51.433490,-80.332820,CA,BCH
The Barrachois,46.151930,-60.429760,CA,BCH
The Beach,47.633190,-52.914760,CA,BCH
The Beach,47.551620,-54.861550,CA,BCH
The Big Sand,45.033450,-61.931880,CA,BCH
The Clam Flats,45.166850,-61.515240,CA,BCH
The Conch Beach,44.468110,-63.556210,CA,BCH
The Dock,46.733190,-53.364830,CA,BCH
The Dock,47.856790,-53.085570,CA,BCH
The Dock,47.208530,-55.044990,CA,BCH
The Fiddler,45.083450,-61.748560,CA,BCH
The Flat,45.816840,-63.248680,CA,BCH
The Flats,51.466800,-56.948110,CA,BCH
The Flats,44.816850,-62.448610,CA,BCH
The Flats,46.083440,-61.448540,CA,BCH
The Gravel Bar,45.066850,-61.848570,CA,BCH
The Green,46.950140,-63.998720,CA,BCH
The Horseshoe,43.660900,-65.308180,CA,BCH
The Marsh Bar,43.723110,-65.013770,CA,BCH
The Neck,47.726300,-53.964830,CA,BCH
The Nubic,44.633300,-63.935230,CA,BCH
The Ridge,47.216640,-55.381600,CA,BCH
The Sand Bar,44.716850,-62.815340,CA,BCH
The Sand Bar,45.350150,-61.098520,CA,BCH
The Scrape,47.552690,-53.273080,CA,BCH
The Shore,46.800200,-53.660630,CA,BCH
The Straight Shore,49.833280,-56.514910,CA,BCH
The Strand,58.483560,-62.698090,CA,BCH
The Strand,47.041600,-53.773120,CA,BCH
The Thoroughfare,45.983440,-59.815130,CA,BCH
Third Beach,49.303550,-123.156740,CA,BCH
Thompson Beach,47.483250,-55.798330,CA,BCH
Tickle Beach,47.633230,-55.081570,CA,BCH
Tickles Beach,47.154100,-53.573100,CA,BCH
Tinittuktuq Flats,65.867590,-89.416390,CA,BCH
Tommys Beach,44.446220,-66.163550,CA,BCH
Topsail Beach,47.549890,-52.914760,CA,BCH
Trimms Beach,47.099950,-55.748330,CA,BCH
Twelve O'Clock Beach,47.249890,-52.798050,CA,BCH
Victoria Beach,46.800130,-60.315150,CA,BCH
Wagners Beach,44.483600,-63.811660,CA,BCH
Waites Shore,46.450130,-63.765420,CA,BCH
Wallace Beach,45.261630,-65.733000,CA,BCH
Wall Beach,49.300440,-124.222510,CA,BCH
Walshs Beach,46.966590,-52.898060,CA,BCH
Waterside Beach,45.625890,-64.805500,CA,BCH
Watsons Beach,46.216840,-60.298460,CA,BCH
Weed Pond Beach,46.300140,-60.531770,CA,BCH
Weir Beach,48.354020,-123.543560,CA,BCH
West Arm Beach,45.639040,-61.676360,CA,BCH
West Beach,45.250150,-61.281830,CA,BCH
West Beach,45.456790,-64.865340,CA,BCH
Western Beach,45.566850,-60.698490,CA,BCH
Western Beach,45.783450,-60.131750,CA,BCH
Western Breaker,45.183750,-61.331830,CA,BCH
Western Breaker,44.700150,-62.765330,CA,BCH
Western Shagroost Breakers,44.783450,-62.431910,CA,BCH
Westhaver Beach,44.431310,-64.341250,CA,BCH
Whalens Beach,47.549890,-52.898060,CA,BCH
Whalens Place,48.087390,-52.898050,CA,BCH
Wheelers Bar,46.133410,-62.515350,CA,BCH
Whistle Beach,44.799590,-66.779040,CA,BCH
White Point Beach,43.964660,-64.736200,CA,BCH
Whitty Shore,46.633440,-60.398460,CA,BCH
Wild Beach,50.050010,-56.698190,CA,BCH
Wild Beach,48.591600,-53.736990,CA,BCH
Wild Beach,47.210530,-55.061590,CA,BCH
Wild Shore,47.409600,-53.856420,CA,BCH
Wild Shore,47.606320,-54.995160,CA,BCH
Willows Beach,48.435560,-123.302160,CA,BCH
Wilsons Beach,44.932350,-66.939490,CA,BCH
Wiseman Beach,49.599950,-55.881480,CA,BCH
Wobamkek Beach,43.907110,-64.817100,CA,BCH
Woods Beach,46.000140,-64.065430,CA,BCH
Woodside Shore,46.350130,-63.732020,CA,BCH
Wreck Beach,46.766840,-60.315150,CA,BCH
Wreck Beach,49.274080,-123.256620,CA,BCH
Yeos Shore,46.566840,-64.065440,CA,BCH
Mystic Beach,48.437910,-124.113750,CA,BCH
Bear Beach,48.452090,-124.171770,CA,BCH
Chin Beach,48.471950,-124.254170,CA,BCH
Sombrio Beach,48.499830,-124.301200,CA,BCH
Salmon Beach,48.959710,-125.433480,CA,BCH
Middle Beach,49.136740,-125.910620,CA,BCH
Tonquin Beach,49.144600,-125.914650,CA,BCH
North Beach,51.662870,-128.140410,CA,BCH
West Beach,51.656770,-128.142000,CA,BCH
Locarno Beach,49.275530,-123.205960,CA,BCH
Spanish Banks,49.277100,-123.216990,CA,BCH
Albro Lake Beach,44.686330,-63.575710,CA,BCH
Penhorn Lake Beach,44.675240,-63.539690,CA,BCH
Ainsley Beach,49.271410,-124.116510,CA,BCH
Trannies Beach,-12.141730,96.817750,CC,BCH
Côte Sauvage,-4.821390,11.847220,CG,BCH
Plage Mondaine,-4.750000,11.850000,CG,BCH
Côte Mondaine,-4.766670,11.850000,CG,BCH
Plage Djéno,-4.929170,11.942220,CG,BCH
Plage de Lido,5.252280,-4.001380,CI,BCH
Playa del Yeco,-33.316670,-71.666670,CL,BCH
Playa de Tunquén,-33.285420,-71.655340,CL,BCH
Playa Sur,-33.633330,-71.633330,CL,BCH
Playa San Jerónimo,-33.347770,-71.652770,CL,BCH
Playa Quivolgo,-35.281570,-72.404870,CL,BCH
Playa Quilliruca,-32.697620,-71.457960,CL,BCH
Playa Nuevo Reino,-44.733330,-72.683330,CL,BCH
Playa de las Mulas,-22.483330,-70.250000,CL,BCH
Playa de Maldonado,-27.636840,-70.908160,CL,BCH
Playa Maitencillo,-32.633330,-71.450000,CL,BCH
Playa Los Lobos,-30.404210,-71.686360,CL,BCH
Playa de Llagua,-41.700000,-73.716670,CL,BCH
Playa La Trinchera,-35.027010,-72.185960,CL,BCH
Playa Larga,-33.808530,-80.794230,CL,BCH
Playa Larga,-33.664090,-78.816960,CL,BCH
Playa Larga,-20.261790,-70.132790,CL,BCH
Playa La Isla,-35.147270,-72.255520,CL,BCH
Playa Junquillar,-35.188250,-72.318500,CL,BCH
Playa de los Hornos,-22.883740,-70.288970,CL,BCH
Playa del Horcón,-32.716670,-71.483330,CL,BCH
Playa del Hinojo,-32.666670,-71.450000,CL,BCH
Playa Hermosa,-34.403070,-72.025600,CL,BCH
Playa Grande,-33.538710,-71.603140,CL,BCH
Playa El Colorado,-20.196360,-70.138570,CL,BCH
Playa Choros,-29.276420,-71.399800,CL,BCH
Playa Chica,-33.549550,-71.605910,CL,BCH
Playa de la Chépica,-33.476720,-71.646770,CL,BCH
Playa del Buque Varado,-33.733330,-80.783330,CL,BCH
Playa Brava,-27.810130,-71.088260,CL,BCH
Playa Brava,-23.711200,-70.432770,CL,BCH
Playa Brava,-22.050000,-70.183330,CL,BCH
Playa Blanca,-36.553520,-72.976600,CL,BCH
Playa Blanca,-27.362880,-70.958290,CL,BCH
Playa Blanca,-23.676510,-70.413310,CL,BCH
Playa Ritoque,-32.849170,-71.515000,CL,BCH
Playa Brava,-28.475000,-71.266670,CL,BCH
Playa de Santo Domingo,-33.664920,-71.638880,CL,BCH
Playa Llolleo,-33.602780,-71.625000,CL,BCH
Playa Bahía Mala,-43.910000,-73.030280,CL,BCH
Playa Quilán,-43.291670,-74.287220,CL,BCH
Playa LosPocitos,-32.649760,-71.441960,CL,BCH
Playa Caleta,-32.648440,-71.439380,CL,BCH
Playa Acapulco,-33.013360,-71.555410,CL,BCH
Playa Paraíso,-23.641340,-70.399210,CL,BCH
Playa Pollollo,-41.825080,-72.991020,CL,BCH
Playa Fly-boys,-22.422530,-70.257550,CL,BCH
Conchuela,-22.325850,-70.248920,CL,BCH
Conchuelita,-22.325930,-70.246670,CL,BCH
Caleta boy,-22.108650,-70.214800,CL,BCH
Playa artificial,-22.111820,-70.213190,CL,BCH
Panteon Beach,-22.087550,-70.198220,CL,BCH
Punta Blanca,-22.172480,-70.228900,CL,BCHS
Playa Arenal,-33.673890,-78.934800,CL,BCH
Playa Ráper,-46.822150,-75.588870,CL,BCH
Playa Elena,-46.870780,-75.569660,CL,BCH
Playa del Viento,9.345080,-76.048700,CO,BCH
Playa Vieja,2.350000,-78.600000,CO,BCH
Playa Tarena,8.250930,-77.017310,CO,BCH
Playa de Santa Verónica,10.878690,-75.083100,CO,BCH
Playa Santa Ana,3.716670,-77.183330,CO,BCH
Playa San Juan,2.337950,-78.638660,CO,BCH
Costa de Salamanca,10.975950,-74.464310,CO,BCH
Playa del Muerto,11.016670,-74.950000,CO,BCH
Balneario de Marbella,10.440140,-75.528350,CO,BCH
Playa de Los Venados,9.371450,-75.984670,CO,BCH
Playa de Los Pescadores,11.083330,-74.883330,CO,BCH
Playón de La Vagabunda,10.516670,-75.500000,CO,BCH
Playa de Las Canoas,10.650000,-75.400000,CO,BCH
Playa de Los Holandeses,11.258350,-73.453860,CO,BCH
Playa Guayabal,2.550000,-78.500000,CO,BCH
Playa Guascama,2.583330,-78.400000,CO,BCH
Playa Grande,9.403650,-75.762610,CO,BCH
Playa del Ferú,10.883330,-75.083330,CO,BCH
Playa Culebra,9.200000,-76.183330,CO,BCH
Playa la Concepción,3.984650,-77.401320,CO,BCH
Playa Chuchero,3.941670,-77.313890,CO,BCH
Playa de Choncho,4.067130,-77.468490,CO,BCH
Playa Chitacoral,2.550000,-78.466670,CO,BCH
Playones de Cardón,11.956110,-72.194170,CO,BCH
Playa Candelaria,3.116670,-77.600000,CO,BCH
Playón de Cachimbero,11.009300,-74.260510,CO,BCH
Playa Brava,11.319750,-74.098280,CO,BCH
Playa de Pradomar,10.981900,-74.998260,CO,BCH
Playa Los Obregones,2.679150,-77.907630,CO,BCH
Playa Blanca,2.704390,-77.832000,CO,BCH
Playa Bubuey,2.858990,-77.680540,CO,BCH
Playa Punte Coco,2.975910,-77.710650,CO,BCH
Playa Santa Bárbara,2.930370,-77.644220,CO,BCH
Playa La Concepción,2.883120,-77.679520,CO,BCH
Playa Chacón,2.817010,-77.716530,CO,BCH
Playa Lipe,11.228330,-74.226390,CO,BCH
Playa del Centro,11.243330,-74.215000,CO,BCH
Playa de Juan Guy,10.371940,-75.577500,CO,BCH
Playa Blanca,10.295190,-75.588750,CO,BCH
Playa Mohán,10.193330,-75.633330,CO,BCH
Playa La Barra,3.950000,-77.372220,CO,BCH
Playa Santo Cristo,11.225000,-74.233890,CO,BCH
Playa La Playona,8.445650,-77.197960,CO,BCH
Playa La Playeta,8.418630,-77.140440,CO,BCH
El Rodadero,11.201450,-74.228120,CO,BCH
Playa Cristal,11.325050,-74.076430,CO,BCH
Playa de la Cabaña,8.640610,-76.767670,CO,BCH
Playa de Bobal,8.566010,-76.926600,CO,BCH
Playa Tigre,8.557090,-83.318270,CR,BCH
Playa Tamales,8.453100,-83.281550,CR,BCH
Playa Sombrero,8.417570,-83.279510,CR,BCH
Playa Savegre,9.360440,-84.064290,CR,BCH
Playa San Miguel,9.811650,-85.309930,CR,BCH
Playa Real,10.389210,-85.836720,CR,BCH
Playa Platanares,8.520030,-83.287800,CR,BCH
Playa Piro,8.393830,-83.334780,CR,BCH
Playa Palma,9.500630,-84.366200,CR,BCH
Playa del Ostional,9.997630,-85.704520,CR,BCH
Playa de Nosara,9.984280,-85.693540,CR,BCH
Playa Matapalo,9.315970,-83.953930,CR,BCH
Playa de Manzanillo,9.695010,-85.209450,CR,BCH
Playa Mal País,9.601020,-85.142760,CR,BCH
Playa Madrigal,8.448310,-83.504720,CR,BCH
Playa de Los Pargos,10.283330,-85.883330,CR,BCH
Playa Llorona,8.554620,-83.680120,CR,BCH
Playa La Islita,9.852370,-85.402530,CR,BCH
Playa Hermosa,9.766670,-85.266670,CR,BCH
Playa Hermosa,9.176980,-83.764460,CR,BCH
Playa Garza,9.909200,-85.639650,CR,BCH
Playa Ganado,8.749370,-83.641110,CR,BCH
Playa Coyote,9.791870,-85.279330,CR,BCH
Playa Corozalito,9.848270,-85.378600,CR,BCH
Playa Corcovado,8.507660,-83.629060,CR,BCH
Playa Del Coco; Sardinal,10.551010,-85.699790,CR,BCH
Playa Cocal Grande,9.666380,-85.192670,CR,BCH
Playa Carate,8.437740,-83.443670,CR,BCH
Playa Camaronal,9.861650,-85.440450,CR,BCH
Playa Buena Vista,9.880170,-85.558240,CR,BCH
Playa Blanca,9.366670,-84.133330,CR,BCH
Playa Bejuco,9.831970,-85.345180,CR,BCH
Playa Barco Quebrado,9.883330,-85.633330,CR,BCH
Playa Cocles,9.647800,-82.732200,CR,BCH
Playa Espadilla Sur,9.389980,-84.148260,CR,BCH
Playa Gemelas,9.380560,-84.141710,CR,BCH
Playa Panama,10.591650,-85.650350,CR,BCH
Playa Conchal,10.399600,-85.811660,CR,BCH
Tambor Beach,9.736720,-85.012910,CR,BCH
Matapalo,9.332970,-83.963100,CR,BCH
Playa Arenilla,10.602610,-85.646480,CR,BCH
Puntarenas,9.974180,-84.841230,CR,BCH
Hermosa Beach,10.572830,-85.680130,CR,BCH
Playa Negra,10.195150,-85.830610,CR,BCH
Playa Ballena,9.102660,-83.688890,CR,BCH
Playa Jacó,9.611660,-84.628440,CR,BCH
Playa Dominical,9.248600,-83.861450,CR,BCH
Playa Esterillos,9.528430,-84.495450,CR,BCH
Playa Langosta,10.299090,-85.842790,CR,BCH
Playa Santa Teresa,9.642450,-85.168590,CR,BCH
Playa Boca de Galafre,22.166670,-83.916670,CU,BCH
Windmill Beach,19.897220,-75.107500,CU,BCH
Playa de Viriato,23.100000,-82.466670,CU,BCH
Playa Victoria,22.383330,-79.233330,CU,BCH
Playa Veneciana,23.173610,-82.117500,CU,BCH
Playa Velázquez,21.166670,-76.149720,CU,BCH
Playa Varadero,23.150000,-81.266670,CU,BCH
Playa Uvero,19.920000,-74.992500,CU,BCH
Playa de las Tunas,22.280000,-83.311940,CU,BCH
Playa Tortuguilla,19.973890,-74.931940,CU,BCH
Playa de Toa,20.389320,-74.528480,CU,BCH
Playa Tasajera,22.640180,-81.755550,CU,BCH
Playa Tarará,23.179170,-82.206670,CU,BCH
Playa Tánamo,20.666670,-75.350000,CU,BCH
Playa de Surines,22.850000,-83.500000,CU,BCH
Playa Sucia,23.116670,-81.366670,CU,BCH
Playa Siboney,19.960400,-75.702320,CU,BCH
Playa Santo Domingo,21.185280,-76.517220,CU,BCH
Playa Santa Rita,21.533330,-77.266670,CU,BCH
Playa Santa María,21.416670,-78.583330,CU,BCH
Playa Santa Lucía,21.562000,-77.041220,CU,BCH
Playa Santa Isabel,22.683330,-82.166670,CU,BCH
Playa Santa Fe,23.075780,-82.520800,CU,BCH
Playa San Jacinto,21.561390,-77.290000,CU,BCH
Playa del Salado,23.041610,-82.603330,CU,BCH
Playa Rotilla,23.150000,-81.900000,CU,BCH
Playa del Rosario,22.666670,-82.033330,CU,BCH
Playa Roja,21.633330,-82.983330,CU,BCH
Playa Real,22.883330,-83.416670,CU,BCH
Playa de Punta Gorda,22.933330,-80.033330,CU,BCH
Playa de Puerto Rico,20.933890,-75.615560,CU,BCH
Playa de Puercos,21.100000,-76.083330,CU,BCH
Playa Piñón,22.842500,-79.906390,CU,BCH
Playa Pinca,20.513610,-74.651670,CU,BCH
Playa Piloto,21.780560,-77.675560,CU,BCH
Playa Pesquera Nueva,21.100000,-75.933330,CU,BCH
Playa Pesquera,21.090560,-75.998610,CU,BCH
Arenales de Parodi,23.181670,-82.067780,CU,BCH
Playa de Palma Rubia,22.866670,-83.466670,CU,BCH
Playa Oliver,20.800000,-75.766670,CU,BCH
Playa del Océano,22.100000,-84.350000,CU,BCH
Playa de Nibujón,20.503610,-74.631670,CU,BCH
Playa Nazábal,22.766670,-79.750000,CU,BCH
Playa Musulmanes,23.070280,-80.837220,CU,BCH
Playa la Mula,22.100000,-78.133330,CU,BCH
Playa de los Muertos,21.069440,-75.653890,CU,BCH
Playa del Muerto,23.180560,-82.058330,CU,BCH
Playa del Muerto,23.133330,-81.350000,CU,BCH
Playa Muelle,23.116670,-81.366670,CU,BCH
Playa Mosquito,23.023050,-82.714100,CU,BCH
Playa Morrillo,22.950000,-83.316670,CU,BCH
Playa de Morales,20.900000,-75.633330,CU,BCH
Playa de Miel,20.341110,-74.490560,CU,BCH
Playa Máquina,22.274720,-81.178610,CU,BCH
Playa Manteca,20.700000,-75.716670,CU,BCH
Playa Manguana,20.466670,-74.583330,CU,BCH
Playa Manglito,21.446670,-76.927220,CU,BCH
Playa de Manatí,20.060280,-75.106110,CU,BCH
Playa Luchana,22.866670,-83.400000,CU,BCH
Playa Los Cocos,22.594440,-81.690830,CU,BCH
Playa Los Cocos,22.145000,-81.208060,CU,BCH
Las Playitas,21.974440,-80.359720,CU,BCH
Playa Las Majaguas,21.716670,-79.800000,CU,BCH
Playa Las Canas,22.455000,-84.289720,CU,BCH
Playa Larga,23.116670,-81.366670,CU,BCH
Playa Larga,23.062500,-81.213610,CU,BCH
Playa Larga,21.485640,-82.719860,CU,BCH
Playa Larga,21.073890,-75.634720,CU,BCH
Playa Larga,19.888610,-75.555830,CU,BCH
La Puntilla,23.083330,-82.500000,CU,BCH
Playa La Luisa,22.971110,-82.962220,CU,BCH
Playa La Herradura,21.266670,-76.366670,CU,BCH
Playa La Fe,22.978890,-80.473890,CU,BCH
Playa La Chivita,23.150000,-81.900000,CU,BCH
Kittery Beach,19.901390,-75.089170,CU,BCH
Playa Kawama,23.133330,-81.283330,CU,BCH
Playa Judío,23.050000,-81.566670,CU,BCH
Playa Juan Vicente,20.683330,-75.716670,CU,BCH
Playa Juan Francisco,22.723060,-79.639720,CU,BCH
Playa Juan Antonio,21.220280,-76.258890,CU,BCH
Playa Jigüey,21.916670,-77.933330,CU,BCH
Playa las Jibas,21.080830,-76.009170,CU,BCH
Playa de Jibacoa,23.150000,-81.850000,CU,BCH
Playa Jamaica,20.867500,-75.730000,CU,BCH
Playa de Jaimanitas,23.092780,-82.485830,CU,BCH
Playa Hollywood,23.050000,-82.566670,CU,BCH
Hicacal Beach,19.933890,-75.180000,CU,BCH
Playa Habanero,20.699720,-77.404440,CU,BCH
Playa Habana,23.052750,-82.555640,CU,BCH
Playa de Guanímar,22.687780,-82.658890,CU,BCH
Playa Guaney,22.033330,-78.033330,CU,BCH
Playa Guanaja,21.833330,-77.750000,CU,BCH
Playa de Guanabo,23.166670,-82.116670,CU,BCH
Playa Girón,22.066670,-81.016670,CU,BCH
Playa Gibara,21.089170,-76.123330,CU,BCH
Playa Gerona,21.916670,-82.816670,CU,BCH
Playa la Genovesa,21.277220,-76.384720,CU,BCH
Playa de Flamencos,21.895830,-82.733890,CU,BCH
Playa del Este,19.901390,-75.165000,CU,BCH
Playa del Este,19.890560,-75.421940,CU,BCH
Playa de El Rincón,23.172500,-82.100830,CU,BCH
Playa El Fraile,23.154440,-81.870560,CU,BCH
Playa El Cayuelo,23.116670,-81.366670,CU,BCH
Playa de Durán,22.916670,-80.216670,CU,BCH
Playa Dura,23.150000,-81.833330,CU,BCH
Playa Damajayabo,19.932970,-75.660100,CU,BCH
Playa Daiquirí,19.921670,-75.641940,CU,BCH
Cuzco Beach,19.894440,-75.141670,CU,BCH
Playa Corintia,20.733330,-75.416670,CU,BCH
Playa los Coquitos,20.000000,-75.850000,CU,BCH
Conde Beach,19.929440,-75.189440,CU,BCH
Playa Conchera,19.899720,-75.246390,CU,BCH
Playa Colorado,22.869740,-79.978070,CU,BCH
Playa las Coloradas,19.933330,-77.683330,CU,BCH
Playa Coloradas,19.885340,-75.501940,CU,BCH
Playa Colombo,21.899170,-82.765560,CU,BCH
Playa Coco,19.950000,-76.033330,CU,BCH
Playa Chuchú,21.593100,-77.115120,CU,BCH
Playa del Chivo,23.154720,-82.350000,CU,BCH
Playa Cascajo,20.297220,-74.301940,CU,BCH
Playa Cardenero,19.902500,-75.447780,CU,BCH
Playa de Carbó,22.379720,-79.259170,CU,BCH
Playa las Canas,22.222500,-83.593060,CU,BCH
Playa Camarioca,23.100000,-81.333330,CU,BCH
Playa Camacho,23.133330,-81.333330,CU,BCH
Playa de Caletona,21.200000,-76.216670,CU,BCH
Cable Beach,19.891390,-75.156390,CU,BCH
Playa Buey Vaca,23.033330,-81.533330,CU,BCH
Playa Buenavista,21.812500,-83.078890,CU,BCH
Playa El Morillo,19.885880,-75.375290,CU,BCH
Playa Bonita,20.701390,-77.975560,CU,BCH
Playa Bofill,22.400000,-79.283330,CU,BCH
Playa Boca de Río,21.180280,-76.530000,CU,BCH
Playa Boca Ciega,23.033330,-82.816670,CU,BCH
Playa la Boca,21.603330,-77.085830,CU,BCH
Blue Beach,19.895230,-75.134420,CU,BCH
Blind Beach,19.895000,-75.126940,CU,BCH
Playa del Biltmore,23.100000,-82.466670,CU,BCH
Playa Barrederas,20.733330,-75.400000,CU,BCH
Playa Bariguá,20.295280,-74.351390,CU,BCH
Playa Bariay,21.077780,-76.008060,CU,BCH
Playa Baracoa,23.050000,-82.566670,CU,BCH
Playa del Bajo,21.102780,-76.064720,CU,BCH
Playa Bacuranao,23.178610,-82.237500,CU,BCH
Playa Bacalao,23.066670,-81.483330,CU,BCH
Playa Los Azules,21.263950,-76.348000,CU,BCH
Playa Arroyo Berracos,22.783330,-83.650000,CU,BCH
Playa Arroyo Bermejo,23.150000,-81.816670,CU,BCH
Playa de Ariza,22.683060,-82.385280,CU,BCH
Playa Alejo,22.575980,-84.164910,CU,BCH
Playa de Aguadores,19.965560,-75.831390,CU,BCH
Playa Jinaguayabo,22.555560,-79.529440,CU,BCH
Playa Ancoá,21.738330,-80.010280,CU,BCH
Playa Baga,21.483610,-77.269170,CU,BCH
Playa Antonio,21.911670,-84.631670,CU,BCH
Playa El Perjuicio,21.896670,-84.677220,CU,BCH
Playa La Barca,21.864540,-84.738890,CU,BCH
Playa Júcaro,22.396230,-79.287410,CU,BCH
Chapman Beach,19.903890,-75.221110,CU,BCH
Hidden Beach,19.904170,-75.198330,CU,BCH
Playa Verraco,19.892500,-75.583260,CU,BCH
Playa Caletoncito,19.899520,-75.451620,CU,BCH
Playa de las Hermanitas,23.176110,-82.256390,CU,BCH
Playa Esmeralda,21.113250,-75.871500,CU,BCH
Playa Bailén,22.124140,-83.969910,CU,BCH
Playa El Pino,22.973760,-83.266310,CU,BCH
Playa Tortuga,21.680690,-81.391600,CU,BCH
Playa Rincón Frances,23.193480,-81.170910,CU,BCH
Playa El Roteño,23.063180,-80.067340,CU,BCH
Playa del Esquivel,23.043780,-80.060460,CU,BCH
Playa Agua Muerta,21.880950,-84.454280,CU,BCH
Playa Las Canas,21.777260,-84.512700,CU,BCH
Playa La Uva,22.956800,-79.820500,CU,BCH
Playa del Norte,22.478640,-78.154670,CU,BCH
Playa Los Caneyes,21.146820,-78.497120,CU,BCH
Playa Bonita,21.609470,-77.121670,CU,BCH
Playa La Playita,21.280230,-76.423060,CU,BCH
Playa La Escobacha,21.186440,-76.194810,CU,BCH
Playa Caliente,21.214550,-76.252430,CU,BCH
Playa el Muerto,20.690680,-75.043040,CU,BCH
Playa Cazonal,19.887150,-75.475500,CU,BCH
Playa La Bolsa,19.885170,-75.415120,CU,BCH
Playa Bueycabón,19.960180,-75.953680,CU,BCH
Playa Yateritas,19.972870,-74.955960,CU,BCH
Praia da Matiota,16.876850,-24.998320,CV,BCH
Praia dos Mastros,16.803790,-24.772580,CV,BCH
Praia Grande,16.870080,-24.901930,CV,BCH
Praia da Chave,16.100000,-22.916670,CV,BCH
Praia de Água Doce,16.786190,-22.891320,CV,BCH
Paria de Chaves,16.100700,-22.925240,CV,BCH
Cascalho Beach,16.678520,-22.935540,CV,BCH
Canoa Beach,16.670410,-22.936600,CV,BCH
Monte Grande Beach,16.810040,-22.900240,CV,BCH
Castelo Beach,16.751880,-24.716930,CV,BCH
Playa Lagún,12.318700,-69.151680,CW,BCH
Barbara Strand,12.067500,-68.852780,CW,BCH
Mambo Beach,12.086780,-68.899240,CW,BCH
Blue Bay Beach,12.134640,-68.984680,CW,BCH
Winifred Beach,-10.496890,105.546340,CX,BCH
West White Beach,-10.461810,105.580820,CX,BCH
Rhoda Beaches,-10.461160,105.627320,CX,BCH
Margaret Beaches,-10.448310,105.652170,CX,BCH
Lily Beach,-10.466880,105.711270,CX,BCH
Isabel Beach,-10.423820,105.672240,CX,BCH
Greta Beach,-10.500000,105.716670,CX,BCH
Gladys Beach,-10.475190,105.694830,CX,BCH
Ethel Beach,-10.463470,105.707490,CX,BCH
Dorothy Beach,-10.543570,105.667720,CX,BCH
Dolly Beach,-10.516670,105.716670,CX,BCH
Toxéftra Beach,34.921320,32.326860,CY,BCH
Governor’s Beach,34.716670,33.270830,CY,BCH
Makronisos Bay Beach,34.987240,33.958200,CY,BCH
Poseidon Beach,34.978220,33.930930,CY,BCH
Nissi Beach,34.987670,33.968250,CY,BCH
Vrissiana Beach,35.018390,34.052840,CY,BCH
Pernera Beach,35.015990,34.054810,CY,BCH
Aphrodisiac Beach,34.733850,32.450200,CY,BCH
Faros Beach,34.764860,32.406550,CY,BCH
Weissenhäuser Brök,54.316670,10.783330,DE,BCH
Südstrand,53.563920,6.713500,DE,BCH
Nordstrand,53.721830,7.272140,DE,BCH
Nordstrand,53.616540,6.758910,DE,BCH
Großer Strand,54.302470,13.716030,DE,BCH
Billriff,53.668010,6.877010,DE,BCH
Strand Harlesiel,53.710320,7.807070,DE,BCH
Friesenstrand,53.579610,8.242490,DE,BCH
Strandsauna,55.014490,8.369570,DE,BCH
Strand von Habernis,54.795710,9.777230,DE,BCH
Noer Strand,54.468540,9.996530,DE,BCH
Hafen Strände,54.436880,10.173850,DE,BCHS
Hundestrand,54.039230,10.750890,DE,BCH
Strand Rosenhagen,53.965350,10.935000,DE,BCH
Hundestrand 1,53.984400,10.974330,DE,BCH
Strand Kalkhorst,53.989480,10.988920,DE,BCH
Strand Wangernp,53.969160,11.384070,DE,BCH
Hundestrand Dierhagen Ost,54.306710,12.348030,DE,BCH
Strand Glowe,54.577460,13.424390,DE,BCH
Hundestrand,54.570390,13.453570,DE,BCH
Hauptstrand Sellin,54.382960,13.700510,DE,BCH
Lubminer Strand,54.138610,13.617680,DE,BCH
Hundestrand Heringsdorf,53.968050,14.152620,DE,BCH
Na‘asléï,11.518890,43.184170,DJ,BCH
Taksensand,55.009150,9.959010,DK,BCH
Store Vrøj,55.743690,11.174010,DK,BCH
Rævshalen,55.175260,9.633760,DK,BCH
Næsbystrand,55.401920,11.214360,DK,BCH
Juvre Sand,55.183330,8.500000,DK,BCH
Havsand,55.083330,8.500000,DK,BCH
Grærup Strand,55.650000,8.133330,DK,BCH
Grønnestrand,57.142530,9.262750,DK,BCH
Dalbystrand,55.518070,11.139490,DK,BCH
Bøvling Klit,56.416540,8.121200,DK,BCH
Bildsøstrand,55.453340,11.201480,DK,BCH
Gisseløre Sand,55.681010,11.064320,DK,BCH
Flovt Strand,55.216670,9.700000,DK,BCH
Rindby Strand,55.416670,8.375000,DK,BCH
Hullehavn,55.131000,15.152620,DK,BCH
Moesgård,56.088640,10.247450,DK,BCH
Den Permanente Badeanstalt,56.176690,10.231400,DK,BCH
Ballehage,56.120960,10.225650,DK,BCH
Amager Strandpark,55.654600,12.647800,DK,BCH
Antoinette,55.119630,14.700580,DK,BCH
Bellevue,55.778400,12.592230,DK,BCH
Bjerge Nordstrand,55.591380,11.154720,DK,BCH
Charlottenlund Søbad,55.749410,12.590070,DK,BCH
Copencabana,55.662390,12.563730,DK,BCH
Flyvesandet,55.621150,10.300990,DK,BCH
Hestehovedet,54.832800,11.091430,DK,BCH
Havnebadet ved Islands Brygge,55.668600,12.577620,DK,BCH
Smørmosen,55.043610,10.710870,DK,BCH
Novo Public beach,56.795640,10.277320,DK,BCHS
Toft public beach,56.830330,10.269730,DK,BCHS
Mulbjerg public beach,56.906240,10.263590,DK,BCH
Toftskov public beach,56.844640,10.267540,DK,BCHS
Øster Hurup beach,56.801340,10.276010,DK,BCHS
Øster Hurup Beach area,56.800380,10.276440,DK,BCHS
Øster Hurup public beach,56.805910,10.277350,DK,BCHS
Solbakken Naturistcamping - beach,55.710470,11.843110,DK,BCH
Sjelborg Beach,55.539410,8.329740,DK,BCH
Børsmose Strand,55.672190,8.141860,DK,BCH
Henne Strand,55.742070,8.171900,DK,BCH
Houstrup Strand,55.768700,8.176880,DK,BCH
Nymindegab Strand,55.816160,8.171730,DK,BCH
Bjerreborg Strand,55.897650,8.153360,DK,BCH
Hvide Sande North Beach,56.002630,8.112330,DK,BCH
Årgab/Haurvig/Skodbjerge beach,56.038150,8.100010,DK,BCH
Klegod beach,56.106350,8.105080,DK,BCH
Søndervig beach,56.120250,8.108430,DK,BCH
Houvig Strand,56.161010,8.117740,DK,BCH
Agger Strand,56.780170,8.229060,DK,BCH
Vigsø Strand,57.102480,8.725120,DK,BCH
Thorup Strand,57.140430,9.126290,DK,BCH
Kollerup Strand,57.141920,9.253790,DK,BCH
Svinkløv Strand,57.154470,9.328380,DK,BCH
Slettestrand,57.156520,9.367900,DK,BCH
Ejstrup Strand,57.174020,9.426830,DK,BCH
Rødhus Strand,57.213890,9.518750,DK,BCH
Grønhøj,57.326360,9.660370,DK,BCH
Lønstrup beach,57.477290,9.796670,DK,BCH
Skallerup Strand,57.495350,9.831000,DK,BCH
Tornby Strand,57.560230,9.914690,DK,BCH
Kjul Strand,57.589570,10.027990,DK,BCH
Bindslev Strand,57.591870,10.150380,DK,BCH
Jerup Strand,57.542200,10.441730,DK,BCH
Bratten Strand,57.514320,10.472590,DK,BCH
Palmestranden,57.460790,10.538890,DK,BCH
Torndrup Strand,57.035780,10.368990,DK,BCH
Bisnap Strand,57.009200,10.350880,DK,BCH
Lystryp Strand,56.523760,10.443280,DK,BCH
Fjellerup Strand,56.517770,10.589700,DK,BCH
Gjerrild Nordstrand - Djursland,56.533010,10.811320,DK,BCH
Holme Strand,56.236410,10.760810,DK,BCH
Dråby Strand,56.232780,10.753430,DK,BCH
Boeslum Strand,56.200550,10.733860,DK,BCH
Elsegårde Strand,56.153100,10.723640,DK,BCH
Øer Strand,56.145100,10.681590,DK,BCH
Ahl Strand,56.170480,10.644550,DK,BCH
Handrup Strand,56.227110,10.627210,DK,BCH
Lyngsbæk Strand,56.227920,10.606140,DK,BCH
Femmøller Strand,56.225060,10.599020,DK,BCH
Bogens Strand,56.209400,10.577220,DK,BCH
Fuglsø Strand,56.184900,10.547730,DK,BCH
Dragsmur Strand,56.169810,10.535200,DK,BCH
Skødshoved Strand,56.188250,10.366120,DK,BCH
Knebel Strand,56.214410,10.475590,DK,BCH
Åkrogen Beach,56.202570,10.283030,DK,BCH
Bellevue Beach,56.190090,10.248440,DK,BCH
Saxild Strand,55.969260,10.258400,DK,BCH
Hou Beach,55.926440,10.257540,DK,BCH
Sønderby Strand,55.778410,10.017300,DK,BCH
Sellerupstrand,55.687380,9.676170,DK,BCH
Brejning Beach,55.679830,9.687620,DK,BCH
Hvidbjerg Strand,55.640330,9.744320,DK,BCH
Trelde Næs beach,55.624990,9.848260,DK,BCH
Østerstrand,55.565970,9.769120,DK,BCH
Varbjerg Strand,55.515170,9.949240,DK,BCH
Skåstrup Strand,55.538900,9.999060,DK,BCH
Tørresø Strand,55.586400,10.421220,DK,BCH
Bøgebjerg Strand,55.531250,10.702530,DK,BCH
Nordstranden,55.463970,10.672450,DK,BCH
Nyborg Strand,55.317800,10.812930,DK,BCH
Slude Strand,55.249210,10.802440,DK,BCH
Helnæs Strand,55.125460,10.036050,DK,BCH
Brydegård Strand,55.207940,9.984640,DK,BCH
Aborg Strand,55.300720,9.891730,DK,BCH
Rebæk Beach,55.486560,9.523770,DK,BCH
Bjert Strand,55.429820,9.624880,DK,BCH
Hejlsminde strand,55.362550,9.601540,DK,BCH
Knud Strand,55.323380,9.643720,DK,BCH
Halk Strand,55.183940,9.658180,DK,BCH
Diernæs Strand,55.154130,9.496910,DK,BCH
Købingsmark Strand,55.080380,9.728090,DK,BCH
Lavensby Strand,55.071410,9.796500,DK,BCH
Fynshav strand,54.990890,9.986530,DK,BCH
Vemmingbund Strand,54.894500,9.701360,DK,BCH
Iller Strand,54.872430,9.648140,DK,BCH
Sønderhav Strand,54.846470,9.475790,DK,BCH
Kollund Strand,54.838810,9.459230,DK,BCH
Knivkær Beach,55.377840,11.173220,DK,BCH
Kelstrup Strand,55.403170,11.213440,DK,BCH
Kongsmark Beach,55.427970,11.198460,DK,BCH
Stillinge Strand,55.442570,11.204470,DK,BCH
Drøsselbjerg Beach,55.471360,11.181160,DK,BCH
Vesterlyng Strand,55.747570,11.292660,DK,BCH
Ordrup Strand,55.830820,11.396210,DK,BCH
Høve Strand,55.848240,11.495780,DK,BCH
Gudmindrup Beach,55.908110,11.526030,DK,BCH
Tengslemark Strand,55.920470,11.525650,DK,BCH
Kisserup Strand,55.791050,11.710950,DK,BCH
Kulhus Strand,55.934680,11.906560,DK,BCH
Gråstenvej Beach,55.985640,11.886090,DK,BCH
Liseleje Beach,56.015820,11.968400,DK,BCH
Stængehus Strand,56.031130,12.009470,DK,BCH
Vejby Strand,56.084630,12.126890,DK,BCH
Smidstrup Strand,56.120490,12.235720,DK,BCH
Nivå Strand,55.937260,12.527070,DK,BCH
Strøby Strand,55.405360,12.288420,DK,BCH
Vemmetofte Strand,55.237270,12.243020,DK,BCH
Svinø Strand,55.116330,11.719840,DK,BCH
Bjørnebæk Strand,55.194770,11.535170,DK,BCH
Bisserup Strand,55.199540,11.498390,DK,BCH
Playas de Songo,17.666670,-71.466670,DO,BCHS
Playa San Antón,18.442440,-69.255800,DO,BCH
Playa Rincón,19.288350,-69.248300,DO,BCH
Playa Punta Rucia,19.838640,-71.215260,DO,BCH
Playa de Punta Luna,19.791870,-71.763410,DO,BCH
Playa Poza Piedra,19.858930,-71.157660,DO,BCH
Playa Plena de Icacos,17.632210,-71.400670,DO,BCH
Playa de Piticabo,17.610940,-71.428460,DO,BCH
Playa de Peti Salina,19.907700,-71.520300,DO,BCH
Playa Perdina,17.682440,-71.370180,DO,BCH
Playa de la Patilla,19.904560,-70.845110,DO,BCH
Playa Palenque,18.234830,-70.175570,DO,BCH
Playa Nizao,18.224080,-70.233680,DO,BCH
Playa de Nena,19.902840,-70.904690,DO,BCH
Playa Navío,19.678220,-70.002070,DO,BCH
Playa Najayo,18.300490,-70.106440,DO,BCH
Playa del Muerto,18.435310,-69.294220,DO,BCH
Playa de Muerto,19.019060,-69.267260,DO,BCH
Playa de Mosquea,17.729500,-71.356270,DO,BCH
Playa Mortero,18.430670,-69.196510,DO,BCH
Playa de Monte Río,18.413010,-70.706450,DO,BCH
Playas de Meganito,18.204160,-70.556310,DO,BCH
Playa de Maricó,19.295770,-69.598590,DO,BCH
Playa de Magante,19.616670,-70.183330,DO,BCH
Playa Madama,19.300600,-69.162600,DO,BCH
Playa de Macao,18.775960,-68.529860,DO,BCH
Playa Los Arados,18.404020,-69.115820,DO,BCH
Playa de Long Beach,19.787000,-70.668210,DO,BCH
Playa de Lola,19.906210,-70.849740,DO,BCH
Playa Liberato,19.218200,-69.580630,DO,BCH
Playa Las Ojaldras,19.882680,-70.824190,DO,BCH
Playa La Sardina,18.419200,-69.178950,DO,BCH
Playa Larga,19.902440,-70.865920,DO,BCH
Playa Larga,17.767460,-71.603760,DO,BCH
Playa La Rata,18.397090,-69.100050,DO,BCH
Playa La Poza Marigosta,19.864630,-71.115370,DO,BCH
Playa La Playita,18.378900,-68.591000,DO,BCH
Playa La Candelaria,18.446710,-69.228660,DO,BCH
Playa La Ballena,19.904100,-70.891210,DO,BCH
Playa La Arena,18.373360,-68.612260,DO,BCH
Playa Juan de Bolaños,19.854070,-71.663080,DO,BCH
La Playita de Irene,19.287170,-69.216470,DO,BCH
Playa Inglesa,17.694570,-71.369520,DO,BCH
Playita Honda,19.311440,-69.395640,DO,BCH
Playa de Guzmancito,19.890840,-70.836530,DO,BCH
Playa de Guzmán,19.894400,-70.838660,DO,BCH
Playa Guanábano,18.227330,-68.644400,DO,BCH
Playa Gran Laguna,19.485290,-69.873170,DO,BCH
Playa Gran Estero,19.294040,-69.767500,DO,BCH
Playa Grande,19.906260,-70.947280,DO,BCH
Playa Grande,19.853580,-70.785710,DO,BCH
Playa Grande,19.815030,-70.715310,DO,BCH
Playa Grande,19.677710,-70.011600,DO,BCH
Playa Gen,19.653040,-70.303230,DO,BCH
Playa del Gato,18.171090,-68.780150,DO,BCH
Playa Ferdiná,17.649760,-71.390850,DO,BCH
La Playa de Estero Hondo,19.845320,-71.168890,DO,BCH
Playa del Este,18.347510,-68.993560,DO,BCH
Playa El Morón,19.316750,-69.418050,DO,BCH
Playa El Juncal,19.437720,-69.871520,DO,BCH
Playa El Fraile,19.923540,-70.979530,DO,BCH
Playa El Diamante,19.578370,-69.894820,DO,BCH
Playa El Carey,18.443060,-69.268590,DO,BCH
Playa El Caletón,18.409370,-68.944910,DO,BCH
Playa Dorada,19.768610,-70.638680,DO,BCH
Playa Cupellito,19.908010,-71.068380,DO,BCH
Playa de Costinilla,17.702640,-71.486210,DO,BCH
Playa Colorada,19.286260,-69.224220,DO,BCH
Playa de los Cocos,19.854890,-71.372250,DO,BCH
Playa Chiquita,18.351240,-70.573690,DO,BCH
Playa Chiquita,17.757850,-71.654210,DO,BCH
Playa Chica,18.350000,-70.566670,DO,BCH
Playa de Catalina,18.228490,-70.245090,DO,BCH
Playa de Caracoles,18.416670,-70.600000,DO,BCH
Playa Canto de la Playa,18.120940,-68.676650,DO,BCH
Playa Caño Grande,19.772280,-70.647380,DO,BCH
Playa Caño de Bucán Base,17.657240,-71.444050,DO,BCH
Playa de Cangrejo,19.760210,-70.604840,DO,BCH
Playa de las Canas,19.316670,-69.383330,DO,BCH
Playa Caliente,17.782780,-71.660830,DO,BCH
Playa de Caletón Grande,19.628760,-69.892600,DO,BCH
Playa de Caletón Chiquito,19.638430,-69.898020,DO,BCH
Playa de Caletón,17.926480,-71.203820,DO,BCH
Playa de Bul,19.333330,-69.266670,DO,BCH
Playa Brivala,19.931690,-71.012820,DO,BCH
Playa Bonita,19.312540,-69.568280,DO,BCH
Playa Bonita,18.189830,-68.782170,DO,BCH
Playa Boca del Soco,18.451180,-69.213260,DO,BCH
Playa de Boba,19.468730,-69.873580,DO,BCH
Playa de Blanco,17.616670,-71.416670,DO,BCH
Playa Blanca,18.316670,-70.566670,DO,BCH
Playa Blanca,17.765810,-71.553460,DO,BCH
Playa del Barco,18.350000,-70.783330,DO,BCH
Playa de la Barbacoa,18.985240,-68.823260,DO,BCH
Playa del Aserradero,19.293100,-69.183720,DO,BCH
Playa Arroyo Salado,19.540420,-69.902000,DO,BCH
Playa de Arroyito Los Muertos,19.663380,-69.938080,DO,BCH
Arena Blanca,18.392880,-69.054310,DO,BCH
Playa de los Almendros,17.936550,-71.195900,DO,BCH
Playa Abajo,18.995330,-69.088430,DO,BCH
Playa de la Caña,19.019220,-68.978390,DO,BCH
Playa Bavaro,18.716660,-68.450060,DO,BCH
Playa Boca Chica,18.446650,-69.608510,DO,BCH
Playa Caribe,18.407410,-69.500660,DO,BCH
Plage de Tamanert,37.050000,6.516670,DZ,BCH
Plage de Sidi Klifa,36.883330,4.516670,DZ,BCH
Plage de Sassel,35.483330,-1.216670,DZ,BCH
Plage de Rio Salado,35.441940,-1.235280,DZ,BCH
Plage des Pins,36.741910,2.844290,DZ,BCH
Plage du Lever de l’Aurore,36.916670,7.766670,DZ,BCH
Les Sablettes,36.750000,3.083330,DZ,BCH
Plage Gassiot,36.916670,7.766670,DZ,BCH
Plage Fabre,36.933330,7.766670,DZ,BCH
Plage de Blerouna,36.900000,4.300000,DZ,BCH
Plage de Bou-Zadjar,35.586390,-1.146670,DZ,BCH
Plage de Beni Haoua,36.534740,1.572310,DZ,BCH
Oureah Plage,35.870550,0.034690,DZ,BCH
Plage Oued Goussine,36.529320,1.507180,DZ,BCH
Plage Doumia,36.536360,1.522210,DZ,BCH
Plage el Tamzit,36.537040,1.603670,DZ,BCH
Plage des Martyrs,36.568250,1.879410,DZ,BCH
Plage Commandant Bounaâma,36.569540,1.944390,DZ,BCH
Plage Boumaïzene,36.566410,1.979820,DZ,BCH
Playa Negra,0.313490,-90.529340,EC,BCH
Stroomi rand,59.442260,24.683810,EE,BCH
Valgeranna supelrand,58.385770,24.360120,EE,BCH
Matsi Rand,58.369950,23.736090,EE,BCH
Luidja rand,58.934550,22.386880,EE,BCH
Shāţi’ Stānlī,31.234480,29.949760,EG,BCH
Shāţi’ Miyāmī,31.270380,29.990580,EG,BCH
Shāţi’ Sān Istīfānū,31.246420,29.964860,EG,BCH
Shāţi’ Jalīm,31.241420,29.959560,EG,BCH
Cleopatra Beach,31.223080,29.937890,EG,BCH
Shāţī Kūrāl,29.688890,32.366110,EG,BCH
Taba Heights,29.382770,34.802200,EG,BCH
Shāţi’ al Ibrāhīmīyah,31.216200,29.922580,EG,BCH
Shāţi’ Bi’r al ‘Abd,31.050750,33.010470,EG,BCH
Shāţi‘ Ḩayy al ‘Arab,31.273180,32.303250,EG,BCH
Shāţi’ al Jamīl,31.277640,32.267190,EG,BCH
Shāţi’ al Quwwāt al Musallaḩah,31.274300,32.294040,EG,BCH
Shāţi’ al Ma‘mūrah,31.290810,30.030310,EG,BCH
Al Muntazah Beach,31.288120,30.020830,EG,BCH
Shāţi’ al Mandarah,31.279420,30.008350,EG,BCH
Shāţi’ ash Shāţibī,31.213650,29.918110,EG,BCH
Shāţi’ al Anfūshī,31.209390,29.882510,EG,BCH
Shāţi’ Ra’s at Tīn,31.205190,29.876550,EG,BCH
Shāţi’ Rushdī,31.233340,29.945360,EG,BCH
Shāţi‘ as Sarāy,31.255390,29.976490,EG,BCH
Shāţi’ Sīdī Bishr,31.265480,29.986880,EG,BCH
Mamoura Beach,31.201510,29.899060,EG,BCH
Saraya Beach,29.049490,34.665110,EG,BCH
Soft Beach,29.042420,34.663970,EG,BCH
Vía Candelaria,23.103420,-16.196940,EH,BCH
Playa de Tiniguir,23.766670,-15.750000,EH,BCH
Plage al Mahariyat,22.283330,-16.563890,EH,BCH
Playa de la Sistia,23.666670,-16.000000,EH,BCH
Playa de Pikín,23.550000,-15.916670,EH,BCH
Playa de los Patos,23.483330,-15.950000,EH,BCH
Plage Lamhoune,22.172220,-16.780280,EH,BCH
Playa de Garitas,23.416670,-15.983330,EH,BCH
Uad el Gáreg,22.444720,-16.470280,EH,BCH
Canal de los Fortines,23.766670,-15.916670,EH,BCH
Playa del Cordero,25.340370,-14.810690,EH,BCH
Chhoucha,23.500000,-15.966670,EH,BCH
Playa de las Cañuelas,24.546260,-15.022860,EH,BCH
Playa de las Ballenas,20.933330,-17.083330,EH,BCH
Playa de los Arcipreses,23.700000,-15.966670,EH,BCH
Playa del Medano,26.921610,-13.485930,EH,BCH
Gurgusum Āshewama YeBahir T’eref,15.671400,39.453110,ER,BCH
Aghig,13.266670,42.383330,ER,BCH
Playa de la Viuda,28.340120,-16.366810,ES,BCH
Playa de la Victoria,36.505140,-6.279530,ES,BCH
Playa de Venecia,38.989120,-0.151770,ES,BCH
Playa de los Valdivias,28.572140,-13.830050,ES,BCH
Playa de Valdegrana,36.575110,-6.226630,ES,BCH
Playa de Ugán,28.243090,-14.211810,ES,BCH
Platja des Trenc,39.345480,2.983650,ES,BCH
Playa del Topuerque,28.232230,-16.408300,ES,BCH
Playa del Terrero,28.394370,-16.612610,ES,BCH
Playa de las Teresitas,28.508610,-16.185890,ES,BCH
Playa Tejada,27.697220,-18.077250,ES,BCH
Playa de Tebeto,28.588570,-14.035250,ES,BCH
Playa del Tamadite,28.570790,-16.254360,ES,BCH
Playa Talis,39.916670,4.033330,ES,BCH
Playa de Sotavento de Jandía,28.100560,-14.271340,ES,BCH
Playa de Son Servera,39.583330,3.400000,ES,BCH
Playa de Son Bou,39.900210,4.070180,ES,BCH
Playa del Serrallo,39.960010,0.005590,ES,BCH
Playa de Santiago,28.029080,-17.195180,ES,BCH
El Veril de Santiago,28.603610,-13.827120,ES,BCH
Platges de Santa Ponça,39.516670,2.450000,ES,BCHS
Playa Santa María del Mar,36.520810,-6.287440,ES,BCH
Platja de Santa Margalida,39.769280,3.150840,ES,BCH
Playa de Santa Catalina,36.598530,-6.275600,ES,BCH
Playa de Santa Ana,28.416670,-16.300000,ES,BCH
Playa de San Roque,28.569660,-16.207980,ES,BCH
Playa de San Mateo,28.566670,-16.316670,ES,BCH
Playa de San Juan,38.367770,-0.410270,ES,BCH
Playa de San Juan,29.127040,-13.576680,ES,BCH
Playa de San Ginés,37.566560,-1.180670,ES,BCH
Playa de San Amaro,35.896130,-5.299840,ES,BCH
Playa de Samarines,28.343180,-16.367940,ES,BCH
Playa de Salón,36.733330,-3.866670,ES,BCH
Playa de las Salinas,28.200000,-17.266670,ES,BCH
Playa del Saladar,38.289060,-0.520730,ES,BCH
Playa del Risco,28.054030,-15.739200,ES,BCH
Playa de Regla,28.450000,-16.250000,ES,BCH
Arenal de sa Ràpita,39.359790,2.964250,ES,BCH
Playa Quemada,28.900000,-13.716670,ES,BCH
Playa de la Puntilla,36.583330,-6.233330,ES,BCH
Playa Punta Seca,37.600000,-0.750000,ES,BCH
Playa Puerto Rico,28.175530,-14.170280,ES,BCH
Playa de Puerto Rey,37.203740,-1.810790,ES,BCH
Playa del Pozo,28.722920,-13.841560,ES,BCH
Playa de Portús,37.583900,-1.071360,ES,BCH
Playa de los Pocillos,28.925690,-13.636780,ES,BCH
Playa de las Pilas,28.072910,-14.447800,ES,BCH
Playa de Percheles,37.533330,-1.383330,ES,BCH
Playa del Perchel,28.578930,-13.829630,ES,BCH
Playa de la Pared,28.218110,-14.221500,ES,BCH
Playa de la Parajola,37.581740,-1.012470,ES,BCH
Playa de Palo,37.771190,-0.811540,ES,BCH
Platges de Peguera,39.533330,2.450000,ES,BCHS
Playa de Oliva,38.933330,-0.083330,ES,BCH
Playa de los Nidillos,28.150000,-15.433330,ES,BCH
Playa de Negrete,38.600000,-0.033330,ES,BCH
Playa Negrete,37.600000,-0.766670,ES,BCH
Playa de las Negras,36.882870,-2.002420,ES,BCH
Playa de la Nea,28.402520,-16.318800,ES,BCH
Platja de Muro,39.786580,3.131450,ES,BCH
Playa de las Mulas,37.600000,-0.783330,ES,BCH
Playa Mujeres,28.853320,-13.793030,ES,BCH
Playa de la Mujer,28.574080,-14.046230,ES,BCH
Playa de las Mujeres,27.736530,-15.603120,ES,BCH
Playa del Muerto,28.426730,-16.291420,ES,BCH
Playas de los Mozos,27.700960,-18.098020,ES,BCH
Playa de los Mozos,28.493040,-14.090330,ES,BCH
Playa del Moro,28.684460,-13.832080,ES,BCH
Playa de Mogán,27.818010,-15.762870,ES,BCH
Playa de Mitjorn,38.683100,1.467190,ES,BCH
Playa de los Matos,28.695190,-13.831670,ES,BCH
Playa de Matagorda,28.935750,-13.610340,ES,BCH
Playa de Marfolín,28.683330,-14.000000,ES,BCH
Playas de Manchas Blancas,27.663780,-17.972190,ES,BCH
Playa del Malpaso,28.018200,-15.385320,ES,BCH
Playa de la Madera,29.062250,-13.776770,ES,BCH
Playa de la Madera,27.758540,-18.116650,ES,BCH
Playa Los Picachos,28.616960,-13.825730,ES,BCH
Playa de Los Nietos,37.657840,-0.802460,ES,BCH
Los Agujeros,29.059990,-13.461340,ES,BCH
Playa del Llano,28.520780,-16.160720,ES,BCH
Playa de Lima,28.337370,-16.365570,ES,BCH
Playa de Levante,36.553010,-6.224500,ES,BCH
Las Playecillas,27.746320,-17.922070,ES,BCH
Las Playas,27.722750,-17.954790,ES,BCH
Playa Las Amoladeras,37.650000,-0.700000,ES,BCH
Playas Largas,27.806750,-17.883340,ES,BCH
Playa Larga,37.600000,-0.750000,ES,BCH
Playa de Veneguera,27.847010,-15.790870,ES,BCH
Playa de Tauro,27.795810,-15.727440,ES,BCH
Playa La Cabezuela,28.621720,-13.826870,ES,BCH
La Arenita,28.000000,-16.683330,ES,BCH
Playa de Jóver,28.550000,-16.366670,ES,BCH
Playa de Jeresa,39.038670,-0.187570,ES,BCH
Playa de Jarubio,28.566670,-14.050000,ES,BCH
Playa de los James,28.239830,-13.930850,ES,BCH
Playa de Ijuana,28.544450,-16.127720,ES,BCH
Playa de las Huertas,38.355190,-0.405890,ES,BCH
Playa del Hoyo,28.609940,-17.756550,ES,BCH
Playa Honda,28.050160,-16.717750,ES,BCH
Playa de la Hita,37.766670,-0.816670,ES,BCH
Playa de Guanarteme,28.128420,-15.453210,ES,BCH
Playa Nort de Gandía,39.018070,-0.172320,ES,BCH
Playa del Gorguel,37.577150,-0.876880,ES,BCH
Arenas Gordas,37.066910,-6.681840,ES,BCH
Playa de los Goranes,27.755240,-18.109050,ES,BCH
Playa Godola,38.866140,1.353760,ES,BCH
Playa de las Gaviotas,28.515730,-16.172180,ES,BCH
Platja des Figueral,39.052780,1.594220,ES,BCH
Playa de Fatares,37.579100,-1.030070,ES,BCH
Playa Fajana,28.566670,-16.266670,ES,BCH
Playa de la Entrada,28.325200,-16.362690,ES,BCH
Playa El Troche,28.569540,-16.310980,ES,BCH
Playa de El Cabrito,28.063330,-17.143470,ES,BCH
El Arenal,28.383330,-16.616670,ES,BCH
Playa Dulce de Icota,27.684280,-17.967660,ES,BCH
Playa del Descargador,37.616670,-0.700000,ES,BCH
Playa del Cura,37.966670,-0.666670,ES,BCH
Playa Cueva de Agua,28.514210,-16.174460,ES,BCH
Playa de las Covaticas,37.539320,-1.368410,ES,BCH
Playa de los Corraletes,36.750000,-2.216670,ES,BCH
Playa del Confital,28.016670,-16.550000,ES,BCH
Playa de las Conchas,29.276240,-13.515810,ES,BCH
Playa de Cofete,28.111750,-14.390170,ES,BCH
Playa del Cochino,29.031240,-13.816120,ES,BCH
Playa de Chapinera,37.563370,-1.174500,ES,BCH
Playa del Cebadal,28.162520,-15.404120,ES,BCH
Playa del Castillo,28.673000,-14.008500,ES,BCH
Playa de Castilla,37.029690,-6.610220,ES,BCH
Playa de Casablanca,37.783330,-0.800000,ES,BCH
Playa del Cardón,27.789120,-15.494160,ES,BCH
Playa de Carboneras,37.002790,-1.889380,ES,BCH
Playa de las Canteras,28.145420,-15.431700,ES,BCH
Playa del Cantadal,27.652710,-17.972360,ES,BCH
Camp de Mar,39.533330,2.416670,ES,BCHS
Playa del Camariño,28.741390,-17.991850,ES,BCH
Playa de las Caletas,28.378460,-16.361010,ES,BCH
Playa de la Caleta,36.721210,-4.400370,ES,BCH
Playa Calcosas,27.683330,-18.050000,ES,BCH
Playa de Cal-Blanque,37.600000,-0.733330,ES,BCH
Platja d'en Bossa,38.888360,1.409340,ES,BCH
Playa de Bolnuevo,37.561550,-1.305740,ES,BCH
Playa de la Bodega,28.566670,-16.200000,ES,BCH
Playa del Bobar,36.826870,-2.404570,ES,BCH
Playa Blanca,28.862570,-13.829360,ES,BCH
Playa Blanca,28.477780,-13.866610,ES,BCH
Cala Biniancolla,39.812450,4.263070,ES,BCH
Playa Berruguete,28.407930,-16.310910,ES,BCH
Playa de Benítez,35.894640,-5.336740,ES,BCH
Playa de Benijo,28.573090,-16.193500,ES,BCH
Playa de Bellreguart,38.966670,-0.116670,ES,BCH
Playa de Barlovento de Jandía,28.133110,-14.336320,ES,BCH
Playa del Barco Perdido,37.647000,-0.713700,ES,BCH
Playa de Bajamar,28.665240,-17.767150,ES,BCH
Playa de Babel,38.328490,-0.508800,ES,BCH
Playa del Asno,27.905690,-15.828720,ES,BCH
Playa de Argayal,28.083330,-17.316670,ES,BCH
Playa de las Arenas,28.363880,-16.364860,ES,BCH
L'Arenal,39.516670,2.733330,ES,BCH
Playa del Arenal,28.550000,-16.333330,ES,BCH
Playa de la Arena,28.229740,-16.841480,ES,BCH
Playa de Antequera,28.533940,-16.135530,ES,BCH
Playa de Anosma,28.561020,-16.124080,ES,BCH
Platja d'Altea,38.593700,-0.052680,ES,BCH
Playa de Almáciga,28.571150,-16.203590,ES,BCH
Playa de las Alcaravaneras,28.131350,-15.429070,ES,BCH
Platja de l'Albir,38.576890,-0.063940,ES,BCH
Playa de las Alberquillas,36.748710,-3.806450,ES,BCH
Playa del Águila,28.653300,-14.017670,ES,BCH
Playa del Acequión,37.966670,-0.700000,ES,BCH
Playa de Castilla,37.146480,-6.867670,ES,BCH
Playa de Nazaret,39.445830,-0.333330,ES,BCH
Playas de Xivares,43.570070,-5.719670,ES,BCH
Playa de Valdearnas,43.448230,-3.966480,ES,BCH
Platja del Trabucador,40.616670,0.750000,ES,BCH
Arrietara,43.388890,-2.995750,ES,BCH
Platja de Segur,41.187500,1.583010,ES,BCH
Praia do Seborello,43.550000,-7.133330,ES,BCH
Praia Sarridal,43.734140,-7.776350,ES,BCH
Praia de Riás,43.293230,-8.741100,ES,BCH
Playa de Santa Justa,43.429680,-4.094420,ES,BCH
Praia de Santa Comba,43.550000,-8.283330,ES,BCH
Playa de Santa Ana,43.566670,-6.416670,ES,BCH
Platja de Sant Salvador,41.183330,1.516670,ES,BCH
Playa de San Martín,42.200000,-8.900000,ES,BCH
Playa de San Julián,43.411810,-3.365160,ES,BCH
Praia de San Xurxo,43.533330,-8.300000,ES,BCH
Praia de San Cosme,43.563790,-7.213550,ES,BCH
Playa de San Antonio del Mar,43.459440,-4.928090,ES,BCH
Praia de San Antonio,43.718570,-7.809310,ES,BCH
Playa de San Antolín,43.442880,-4.867190,ES,BCH
Atxabiribil,43.383190,-3.006350,ES,BCH
Playa Romana,40.234080,0.273660,ES,BCH
Cala Sa Tuna,41.960430,3.229620,ES,BCH
Playa de Roda,42.216670,-8.900000,ES,BCH
Playa Roda,40.250000,0.316670,ES,BCH
Playa del Río,40.469120,0.478680,ES,BCH
Playa del Rincón,41.066670,1.183330,ES,BCH
Playa de Rifá,41.039250,0.983840,ES,BCH
Playa de Represas,43.569140,-6.933270,ES,BCH
Praia do Raso,43.425560,-8.219490,ES,BCH
Playa de la Rabia,43.400000,-4.333330,ES,BCH
Playa de Pechón,43.395820,-4.500270,ES,BCH
Platja de Pals,41.992320,3.201100,ES,BCH
Praia de Paixás,43.583330,-7.250000,ES,BCH
Playa de la Ñora,43.547880,-5.590500,ES,BCH
Playa de Noja,43.469720,-3.494440,ES,BCH
Playa del Moro,40.231490,0.272910,ES,BCH
Praia dos Muíños,42.175000,-8.814410,ES,BCH
Playa Milide,42.251560,-8.866390,ES,BCH
Playas de Mendia,43.393420,-4.557500,ES,BCH
Praia de Lobás,43.583330,-7.233330,ES,BCH
Platja de Lloret,41.697650,2.848210,ES,BCH
Platja de Grifeu,42.380610,3.155570,ES,BCH
Playa de Langosteira,42.919850,-9.262850,ES,BCH
Playa de Limens,42.266670,-8.816670,ES,BCH
Playa de Laredo,43.416390,-3.435760,ES,BCH
Praia da Lanzada,42.449490,-8.876910,ES,BCH
Praia da Lagoa,42.569520,-9.043720,ES,BCH
Praia de Lago,43.716670,-7.483330,ES,BCH
Laga,43.409540,-2.657320,ES,BCH
Praia de Guixar,42.250000,-8.716670,ES,BCH
Praia da Frouxeira,43.612030,-8.162930,ES,BCH
Praia dos Freixeiros,42.233330,-8.900000,ES,BCH
Praia Fedorento,41.910070,-8.876350,ES,BCH
Platja de Fenals,41.693940,2.832240,ES,BCH
Praia de Doniños,43.496890,-8.318710,ES,BCH
Playa de Creixell,41.152320,1.433630,ES,BCH
Platja de Sa Conca,41.797660,3.060570,ES,BCH
Praia de Cesantes,42.305120,-8.617660,ES,BCH
Playa Cervigón,43.548330,-5.639070,ES,BCH
Playa Centollera,43.550840,-5.610800,ES,BCH
Arenal Castell,40.016670,4.166670,ES,BCH
Praia de Cariño,43.737000,-7.872300,ES,BCH
Playa del Cargador,40.242330,0.277420,ES,BCH
Platja de Garbet,42.392720,3.152990,ES,BCH
Playa de la Canonja,41.083330,1.200000,ES,BCH
Platja de Canyelles,41.704290,2.882320,ES,BCH
Playa Camposancos,41.866780,-8.855610,ES,BCH
Playa de Bueu,42.333330,-8.783330,ES,BCH
Platja del Besòs,41.415960,2.231080,ES,BCH
Playón de Bayas,43.574360,-6.044320,ES,BCH
Praia de Bares,43.769610,-7.676180,ES,BCH
Playa Barchinas,43.564280,-6.459620,ES,BCH
Playa de Baldayo,43.292530,-8.694840,ES,BCH
Platja de  Badalona,41.440280,2.246190,ES,BCH
Gorrondatxa,43.383330,-3.016670,ES,BCH
Praia Area Longa,43.600000,-7.300000,ES,BCH
Praia América,42.133330,-8.816670,ES,BCH
Playa Amandi,43.552060,-5.623450,ES,BCH
Praia de Sabón,43.329050,-8.508630,ES,BCH
Praia de Augasantas,43.550000,-7.150000,ES,BCH
Praia do Abra,42.154080,-8.827340,ES,BCH
Playa de Cuberris,43.498610,-3.612780,ES,BCH
Playa de Cuarezo,43.491670,-3.530830,ES,BCH
Playa del Espartal,43.581580,-5.951280,ES,BCH
Platja de Montgat,41.465950,2.282070,ES,BCH
Praia de Carril,42.222220,-8.766670,ES,BCH
Praia de Samil,42.212500,-8.770830,ES,BCH
Praia de Coruxo,42.201390,-8.783330,ES,BCH
Praia do Vao,42.198610,-8.791670,ES,BCH
Praia Canido,42.193960,-8.797450,ES,BCH
Areal de Menduíña,42.191310,-8.804380,ES,BCH
Praia Borna,42.281440,-8.697560,ES,BCH
Praia Areíño,42.259720,-8.700000,ES,BCH
Playa Gandario,43.342170,-8.237920,ES,BCH
Platja del Marjal,40.549160,0.528890,ES,BCH
L'Estanyet,40.540030,0.523220,ES,BCHS
Playa del Postiguet,38.344990,-0.477910,ES,BCH
Playa del Cocó,38.348150,-0.473270,ES,BCH
Playa de la Albufereta,38.363110,-0.443740,ES,BCH
Playa de Mutxavista,38.395490,-0.406670,ES,BCH
Cala Cantalar,38.353720,-0.420310,ES,BCH
Platja de Santa Cistina,41.688370,2.818240,ES,BCH
Platja del Cau del Llop,42.360450,3.162860,ES,BCH
Platja de Canyelles Petites,42.246950,3.196590,ES,BCH
Platja de Canyelles Grosses,42.240720,3.207920,ES,BCH
Playa de Cura,27.798560,-15.732140,ES,BCH
Playa del Silgar,42.400730,-8.811570,ES,BCH
Playa de San Lorenzo,43.542380,-5.654480,ES,BCH
Playa de Poniente,43.543410,-5.673060,ES,BCH
Playa Los Mayanes,43.545110,-5.643790,ES,BCH
Playa El Rinconín,43.549060,-5.639000,ES,BCH
Playa del Callao,41.539110,2.455650,ES,BCH
Playa del Varador,41.535390,2.449180,ES,BCH
Playa de Ponent,41.529420,2.441310,ES,BCH
Playa de Sant Simó,41.542270,2.460560,ES,BCH
Playa del Orzán,43.371840,-8.404940,ES,BCH
Praia de Riazor,43.368930,-8.411520,ES,BCH
Playa do Matadeiro,43.375470,-8.403940,ES,BCH
Platja de la Barceloneta,41.380830,2.193750,ES,BCH
Platja de Sant Miquel,41.372040,2.189670,ES,BCH
Platja de Sant Sebastià,41.375490,2.190570,ES,BCH
Playa del Sardinero,43.475170,-3.784830,ES,BCH
Playa del Camello,43.469450,-3.775650,ES,BCH
Playa de la Concha,43.471250,-3.777440,ES,BCH
Playa Los Biquinis,43.467680,-3.769860,ES,BCH
Playa de la Magdalena,43.467210,-3.773880,ES,BCH
Playa Los Peligros,43.465930,-3.778200,ES,BCH
Platja Gran,42.288630,3.278370,ES,BCH
Platja de  Port-alguer,42.287160,3.276410,ES,BCH
Platja de ses Oliveres,42.285680,3.286070,ES,BCH
Platja des Poal,42.288590,3.280820,ES,BCH
Platja des Pianc,42.287680,3.281610,ES,BCH
Kontxa / La Concha,43.317010,-1.988120,ES,BCH
Ondarreta,43.316820,-2.001930,ES,BCH
Zurriola,43.325920,-1.975420,ES,BCH
Ereaga,43.344090,-3.013170,ES,BCH
Platja de la Nova Icària,41.390170,2.201770,ES,BCHS
Platja del Bogatell,41.393970,2.206360,ES,BCHS
Platja de la Mar Bella,41.398570,2.212070,ES,BCH
Platja de la Nova Mar Bella,41.401280,2.214560,ES,BCH
Platja de Can Cristos,41.831780,3.087680,ES,BCH
Playa de Arinaga,27.855700,-15.397340,ES,BCH
Playa de los Tártagos,27.799640,-15.440300,ES,BCH
Playa de las Casillas,27.798160,-15.454670,ES,BCH
Playa de las Tabaibitas,27.793300,-15.479990,ES,BCH
Playa del Águila,27.776480,-15.527240,ES,BCH
Playa de San Agustín,27.769720,-15.539470,ES,BCH
Playa de las Burras,27.766530,-15.550800,ES,BCH
Playa de Meloneras,27.742610,-15.609430,ES,BCH
Playa del Hornillo,27.747510,-15.616640,ES,BCH
Playa de las Carpinteras,27.753510,-15.649940,ES,BCH
Playa de Patalavaca,27.772530,-15.695930,ES,BCH
Playa de Balitos,27.774010,-15.701090,ES,BCH
Playa de Puerto Rico,27.784530,-15.713840,ES,BCH
Playa de Amadores,27.790210,-15.724290,ES,BCH
Playa de Tiritaña,27.801470,-15.739870,ES,BCH
Playa de Vargas,27.891410,-15.393990,ES,BCH
Playa del Esquinzo,28.072720,-14.302740,ES,BCH
Playa Son Caliu,39.524140,2.544450,ES,BCH
Cala Mandia,39.520430,3.314350,ES,BCH
Cala'n Forcat,39.998850,3.800370,ES,BCH
Playas de Fornells,40.050150,4.108410,ES,BCH
Playa S'Argamassa,38.991920,1.568700,ES,BCH
Cala d'Alcaufar,39.829830,4.294840,ES,BCH
Calahonda,36.487970,-4.711760,ES,BCH
Platja de Miramar,38.957340,-0.122630,ES,BCH
Playa Barca,28.127180,-14.247290,ES,BCH
Playa de la Caleta,36.531280,-6.305850,ES,BCH
Playa El Miracle,41.113600,1.259240,ES,BCH
Cala Conta Beach,38.961340,1.221280,ES,BCH
Playa de Montalvo,42.397600,-8.850450,ES,BCH
Playa de Bascuas,42.404100,-8.858330,ES,BCH
Playa de las Catedrales,43.557010,-7.173040,ES,BCH
Cala Torta,39.752250,3.415850,ES,BCH
Playa de Lapaman,42.390230,-8.714580,ES,BCH
Playa de Levante,38.534910,-0.121620,ES,BCH
Playa de Poniente,38.536080,-0.146560,ES,BCH
Praia de Cabanas,42.281320,-8.663080,ES,BCH
Praia de Rande,42.284480,-8.657490,ES,BCH
Platja de Sant Pol,41.790400,3.048730,ES,BCH
Cala Rovira,41.821780,3.073680,ES,BCH
La Platja Gran,41.814830,3.068450,ES,BCH
Platja de Belladona,41.825460,3.080850,ES,BCH
Platja de Sant Jordi,41.826430,3.082710,ES,BCH
Platja de Ses Torretes,41.829790,3.085700,ES,BCH
Platja de Torre Valentina,41.839350,3.094880,ES,BCH
Platja de Sant Antoni,41.842890,3.099050,ES,BCH
Platja des Monestri,41.848780,3.115580,ES,BCH
Cala de la Fosca,41.857450,3.143120,ES,BCH
Platja de Castell,41.862850,3.155800,ES,BCH
Platja de Port Pelegrí,41.887420,3.182570,ES,BCH
Platgeta d'en Cosme,41.888050,3.183520,ES,BCH
Platja d'en Calau,41.888320,3.184130,ES,BCH
Platja del Canadell,41.888600,3.187190,ES,BCH
Platja de Llafranc,41.893720,3.194150,ES,BCH
Cala de Gens,41.900600,3.205510,ES,BCH
Cala Pedrosa,41.907960,3.206630,ES,BCH
Platja de Tamariu,41.917870,3.207630,ES,BCH
Platja d'Aiguablava,41.934010,3.216130,ES,BCH
Platja d'en Malaret,41.936070,3.214180,ES,BCH
Platja Fonda,41.941850,3.217340,ES,BCH
Platja de Sa Riera,41.972820,3.211000,ES,BCH
Cala Moreta,41.977700,3.210000,ES,BCH
Cala de l'Illa Roja,41.977020,3.210640,ES,BCH
Platja del Racó,41.980400,3.207700,ES,BCH
Platja de la Gola del Ter,42.017800,3.194490,ES,BCH
Platja de la Fonollera,42.007530,3.196460,ES,BCH
Platja de l'Estartit,42.049520,3.198270,ES,BCH
Cala Mongó,42.107840,3.168830,ES,BCH
Platja dels Riells,42.115000,3.139320,ES,BCH
Platja del Rec del Molí,42.127570,3.124390,ES,BCH
Platja del Portitxol,42.131760,3.122130,ES,BCH
Platja del Moll Grec,42.135720,3.121860,ES,BCH
Platja d'Empúries,42.138540,3.119280,ES,BCH
Platja de Riuet,42.140860,3.118460,ES,BCH
Platja de la Devesa,42.162150,3.112780,ES,BCH
Platja de la Gola,42.198700,3.110500,ES,BCH
Platja de Can Comes,42.210590,3.112610,ES,BCH
Platja d'Empuriabrava,42.242020,3.129730,ES,BCH
Platja de la Rovina,42.254760,3.142950,ES,BCH
Platja del Salatar,42.262350,3.155780,ES,BCH
Platja del Rastell,42.264920,3.167540,ES,BCH
Platja Nova,42.263970,3.173030,ES,BCH
Platja de la Punta,42.259300,3.179040,ES,BCH
Cala Montjoi,42.251200,3.227750,ES,BCH
Cala Rostella,42.244010,3.226050,ES,BCH
Cala Murtra,42.239790,3.224700,ES,BCH
Cala Calitjàs,42.251110,3.239080,ES,BCH
Cala Pelosa,42.249790,3.243820,ES,BCH
Cala Canadell,42.246660,3.252660,ES,BCH
Cala Jóncols,42.252950,3.253780,ES,BCH
Platja de Sa Sabolla,42.270130,3.282740,ES,BCH
Sa Conca,42.281020,3.276790,ES,BCH
Platja d'en Perefet,42.283600,3.288350,ES,BCH
Platja Confitera,42.283650,3.291260,ES,BCH
Platja des Caials,42.285550,3.295650,ES,BCH
Platja de l'Illa,42.290950,3.295010,ES,BCH
Platja de Portlligat,42.293730,3.286420,ES,BCH
Platja d'en Ballesta,42.297290,3.288440,ES,BCH
Platja de s'Alqueria,42.299030,3.289160,ES,BCH
Platja d'en Lluís,42.306970,3.289250,ES,BCH
Platja Guillola,42.307130,3.294690,ES,BCH
Cala Tavellera,42.329520,3.250130,ES,BCH
Cala Tamariua,42.343620,3.209640,ES,BCH
Platja de la Rivera,42.335740,3.201960,ES,BCH
Platja de la Vall,42.342610,3.186230,ES,BCH
Platja de les Tonyines,42.364220,3.163020,ES,BCH
Platja de la Farella,42.366330,3.165250,ES,BCH
Platja del Port,42.371200,3.160890,ES,BCH
Platja de Canyelles,42.385460,3.160090,ES,BCH
Platja del Borró,42.388850,3.160290,ES,BCH
Platja dels Morts,42.405840,3.155330,ES,BCH
Cala Rovellada,42.411510,3.162130,ES,BCH
Platja de Portbou,42.427020,3.160910,ES,BCH
Cala del Vigatà,41.774000,3.025530,ES,BCH
Platja de Canadell,41.769020,3.004890,ES,BCH
Platja de Cala Urgell,41.764730,2.997270,ES,BCH
Platja de Cala Joana,41.762880,2.994470,ES,BCH
Platja dels Canyerets,41.760600,2.983590,ES,BCH
Platja de Canyet,41.759610,2.980760,ES,BCH
Cala del Senyor Ramon,41.757240,2.976540,ES,BCH
Cala de Concagats,41.754770,2.974770,ES,BCH
Platja de Vallpresona,41.753170,2.971010,ES,BCH
Cala de Salionç,41.747870,2.966160,ES,BCH
Cala Fotedera,41.738060,2.957520,ES,BCH
Cala de Giverola,41.737250,2.953940,ES,BCH
Cala Pola,41.733180,2.950910,ES,BCH
Platja de la Mar Menuda,41.722120,2.938240,ES,BCH
sa Platja,41.719250,2.933790,ES,BCH
es Codolar,41.715920,2.932450,ES,BCH
es Llevador,41.709240,2.910890,ES,BCH
Cala de l'Ull de Vidre,41.709970,2.908090,ES,BCH
Cala d'en Carlos,41.710180,2.907150,ES,BCH
Platja de Llevant de Llorell,41.710630,2.904330,ES,BCH
Platja de Garbí de Llorell,41.710080,2.902030,ES,BCH
Platja de Portopí,41.707730,2.899140,ES,BCH
Platja de sa Somera,41.703950,2.884980,ES,BCH
Caleta d'en Trons,41.699600,2.864470,ES,BCH
Trajo de Venècia,41.700300,2.854990,ES,BCH
Trajo d'en Reiner,41.699240,2.850830,ES,BCH
Trajo de Vila Avall,41.697540,2.846560,ES,BCH
Platja de sa Boadella,41.690680,2.824020,ES,BCH
Platja de sa Cova,41.690140,2.823070,ES,BCH
Cala Treumal,41.686580,2.816670,ES,BCH
Cala de Sant Francesc,41.678660,2.807190,ES,BCH
Cala sa Forcanera,41.675680,2.802950,ES,BCH
Platja de Blanes,41.673540,2.793020,ES,BCH
Platja de s'Abanell,41.667420,2.786870,ES,BCH
Platja del Camí de la Pomereda,41.645470,2.756720,ES,BCH
Platja de Malgrat,41.641050,2.741640,ES,BCH
Platja dels Pins,41.634180,2.725940,ES,BCH
Platja de Pineda,41.621150,2.691440,ES,BCH
Platja Gran de Calella,41.612040,2.660580,ES,BCH
Platja de Garbí,41.609410,2.650190,ES,BCH
Platja de Can Villar del Grau,41.598180,2.617840,ES,BCH
Platja de les Roques Blanques,41.591500,2.596720,ES,BCH
Platja del Cavalló,41.583480,2.573290,ES,BCH
Platja de Canet,41.586850,2.583460,ES,BCH
la Platja,41.780200,3.030800,ES,BCH
Platja del Pla,41.589740,2.591920,ES,BCH
Primera Platja,41.577890,2.553330,ES,BCH
Playa de Gulpiyuri,43.447580,-4.886170,ES,BCH
Las Arenas beach,39.467280,-0.321290,ES,BCH
Playa del Quemado,35.318310,-2.951070,ES,BCH
Playa de San Lorenzo,35.285120,-2.937960,ES,BCH
Playa de los Cárabos,35.279540,-2.936220,ES,BCH
Playa de la Hípica,35.274580,-2.931030,ES,BCH
Playa de la Ribera,35.887210,-5.315690,ES,BCH
Playa del Chorrillo,35.885100,-5.322430,ES,BCH
Playa de Tramaguera,35.876740,-5.339980,ES,BCH
Playa del Tarajal,35.872000,-5.343470,ES,BCH
Playa del Algarrobo,35.913630,-5.380400,ES,BCH
Playa de Benzú,35.916370,-5.369800,ES,BCH
Playa de Calamocarro,35.912190,-5.357750,ES,BCH
Playa de Punta Umbría,37.187500,-6.989520,ES,BCH
Playa de la Bota,37.202730,-7.029810,ES,BCH
Playa del Portil,37.210990,-7.061890,ES,BCH
Playa Ciudad Jardín,39.552170,2.689760,ES,BCH
Playa de las Vistas,28.051750,-16.723590,ES,BCH
Playa del Inglés,27.750090,-15.567930,ES,BCH
Zarautz Beach,43.288660,-2.168250,ES,BCH
Fariones Playa,28.919940,-13.661340,ES,BCH
Playa Honda,28.949500,-13.593560,ES,BCH
Puerto Naos beach,28.647900,-17.945620,ES,BCH
Punta del Moral,37.182100,-7.338780,ES,BCH
Punta del Caiman,37.193210,-7.331490,ES,BCH
La Rada Beach,36.422470,-5.146570,ES,BCH
Playa del Cristo,36.416120,-5.164610,ES,BCH
Cullera Playa,39.164620,-0.240610,ES,BCH
Playa La Fontanilla,36.284480,-6.102910,ES,BCH
Playa Fuente del Gallo,36.292680,-6.112790,ES,BCH
La Playa de Regla,36.732380,-6.440560,ES,BCH
Playa de las Tres Piedras,36.734590,-6.441740,ES,BCH
Playa de las Canteras,36.735750,-6.442560,ES,BCH
Playa de Brazomar,43.374360,-3.211530,ES,BCH
Playa de Ostende,43.386870,-3.225600,ES,BCH
Voramar,40.056580,0.084560,ES,BCH
Heliòpolis,40.055050,0.081860,ES,BCH
Costa del Azahar Beaches,40.047230,0.071410,ES,BCHS
La Herradura Bay,36.729490,-3.687970,ES,BCH
Playa de Velilla,36.729260,-3.695690,ES,BCH
Playa San Cristobal,36.729690,-3.692550,ES,BCH
Playa la Torre,39.928600,-0.001030,ES,BCH
Playa de Borriana,39.871010,-0.059270,ES,BCH
Playa de la Colonia,37.402510,-1.584960,ES,BCH
Playa de las Delicias,37.407210,-1.568060,ES,BCH
Playa de San Nicolás,36.744550,-3.014270,ES,BCH
Playa de la Sirena Loca,36.746080,-3.028030,ES,BCH
Playa La Malvarrosa,39.477880,-0.322550,ES,BCH
Playa De L'Ahuir,39.014280,-0.168010,ES,BCH
Playa Can de Gandia,39.008710,-0.163210,ES,BCH
Playa Aigua Blanca,38.919630,-0.080930,ES,BCH
Playa de Carambolo,38.730140,0.218060,ES,BCH
Cala Moraig,38.709840,0.166940,ES,BCH
Benissa Playa,38.664680,0.088200,ES,BCH
Playa de la Solsida,38.625780,-0.016840,ES,BCH
Platja de Alcudia,39.835230,3.122780,ES,BCH
Platja de Son Maties,39.514110,2.538810,ES,BCH
Palmanova beach,39.519180,2.537620,ES,BCH
Platja Porto Novo,39.523470,2.539640,ES,BCH
Magaluf Beach,39.507800,2.536640,ES,BCH
Cala Gran,39.373030,3.232530,ES,BCH
Cala Serena,39.379700,3.239310,ES,BCH
Cala Esmeralda,39.376080,3.237400,ES,BCH
Playa Mondrago,39.352130,3.188300,ES,BCH
Cala Marsal,39.409690,3.258550,ES,BCH
Cala Murada,39.451390,3.277050,ES,BCH
Cala Romantica,39.516570,3.310980,ES,BCH
Platja de Sant Llorens,39.597540,3.384970,ES,BCH
Playa Torredembarra,41.140090,1.406080,ES,BCH
Playa Barà,41.166250,1.468050,ES,BCH
Playa de la Mora,41.127930,1.346510,ES,BCH
Bounty Beach,36.506420,-4.887020,ES,BCH
Playa de Rio Real,36.506930,-4.881930,ES,BCH
Playa Fontanilla,36.506760,-4.899370,ES,BCH
Playa Rafa,36.641470,-4.479700,ES,BCH
Playa Nudista Benalnatura,36.580100,-4.553880,ES,BCH
Castle Beach,36.522790,-4.627940,ES,BCH
Playa Naturista de Playamarina,36.506300,-4.651550,ES,BCH
Laguna Playa,36.729090,-4.101100,ES,BCH
Playa Torrecilla,36.741680,-3.882150,ES,BCH
Playa Tropical,36.734570,-3.672030,ES,BCH
Playa Granada,36.717540,-3.561380,ES,BCH
Playa Castell Del Ferro - Sotillo,36.720330,-3.359160,ES,BCH
Playa de Nueva Almería,36.818990,-2.440300,ES,BCH
Playa de los muertos,36.953770,-1.898320,ES,BCH
Playa Paraiso,37.632750,-0.731580,ES,BCH
Playa de las Villas,37.858540,-0.762470,ES,BCH
Playa del Conde,37.868290,-0.756110,ES,BCH
Playa Jesuitas,37.870750,-0.755960,ES,BCH
Playa Rocamar,37.874190,-0.753940,ES,BCH
Playa de la Mil Palmeras,37.880700,-0.753380,ES,BCH
Playa de la Glea,37.902710,-0.745430,ES,BCH
Calas de Santiago Bernabeu,38.189280,-0.554440,ES,BCH
Platja de Garbí,40.613750,0.592920,ES,BCH
Platja de les Delicies,40.606500,0.583800,ES,BCH
Beach Carrion,37.737360,-0.849890,ES,BCH
Playa de las Salinas,37.758320,-0.825940,ES,BCH
Playa de los Narejos,37.755350,-0.829490,ES,BCH
Playa de las Palmeras,37.751450,-0.841560,ES,BCH
Playa de Manzanares,37.742650,-0.848600,ES,BCH
Playa de la Concha,37.734980,-0.851490,ES,BCH
Playa del Espejo,37.746570,-0.846090,ES,BCH
Beach Punta de Algas,37.806260,-0.754970,ES,BCH
La Puntica,37.813410,-0.791870,ES,BCH
Dosmares Beach,37.660510,-0.726840,ES,BCH
Platja de Castelldefels,41.264160,1.960590,ES,BCH
Platja de Garraf,41.254100,1.903960,ES,BCH
Platja de Morisca,41.242470,1.869100,ES,BCH
Platja d'Almarda,39.700450,-0.197750,ES,BCH
Almenara Playa,39.740590,-0.177610,ES,BCH
Platja de Moncofa,39.776660,-0.148360,ES,BCH
Playamar,36.630700,-4.487970,ES,BCH
Playa El Bajondillo,36.625090,-4.492160,ES,BCH
Playas Benalmadena,36.586290,-4.531690,ES,BCH
Playa Saltillo,36.599380,-4.509500,ES,BCH
White Pearl Beach,36.490480,-4.778800,ES,BCH
La Cala el Cañuelo Beach,36.744210,-3.788610,ES,BCH
Playa de Poniente,36.717640,-3.543240,ES,BCH
Playa San Patricio,36.750670,-3.235160,ES,BCH
Playa Mar Azul,36.704760,-2.808470,ES,BCH
Playa Serena,36.721550,-2.626160,ES,BCH
Playa la Garrofa,36.825330,-2.516230,ES,BCH
Playa Ancón,36.725070,-2.194760,ES,BCH
Cala Rajá,36.724300,-2.176850,ES,BCH
Cala Carbón,36.729910,-2.156830,ES,BCH
Cala Chicré,36.729890,-2.155140,ES,BCH
Playa del Mónsul,36.730670,-2.145880,ES,BCH
Playa de Los Genoveses,36.745240,-2.121680,ES,BCH
Playa de San José,36.762800,-2.106080,ES,BCH
Playa del Embarcadero,36.796290,-2.062230,ES,BCH
Playa del Peñón Blanco,36.816220,-2.050410,ES,BCH
Cala de El Carnaje,36.835250,-2.013090,ES,BCH
El Playazo,36.860400,-2.005480,ES,BCH
Cala del Plomo,36.923040,-1.954460,ES,BCH
Playa de Agua Amarga,36.938490,-1.935690,ES,BCH
Playa de Levante,37.633050,-0.699140,ES,BCH
Playa Reducto,28.958290,-13.558720,ES,BCH
Playa Dorada,28.862140,-13.823180,ES,BCH
Playa del Jablillo,29.002080,-13.481830,ES,BCH
Playa de los Charcos,29.000450,-13.482380,ES,BCH
Playa de las Cucharas,28.998360,-13.488370,ES,BCH
Playa Bastián,28.999700,-13.486300,ES,BCH
El Bajo Negro,28.714720,-13.838520,ES,BCH
Las Lajas de Punta Prieta,28.730280,-13.856210,ES,BCH
Muelle Chico de Corralejo,28.735630,-13.867520,ES,BCH
Las Clavellinas,28.738680,-13.867390,ES,BCH
El Charco de Bristol,28.744280,-13.869880,ES,BCH
Corralejo Viejo,28.745250,-13.865350,ES,BCH
Beautiful Sandy Beach,28.674110,-13.833690,ES,BCH
Playa de Furste,28.394930,-13.857870,ES,BCH
Playa del Matorral,28.045510,-14.330010,ES,BCH
Platja de ses Salines,38.842320,1.386170,ES,BCH
Platja des Cavallet,38.845040,1.402390,ES,BCH
Platja des Falco,38.855520,1.364060,ES,BCH
Platja des Jondal,38.868150,1.315250,ES,BCH
Platja de Ses Ovelles,38.876980,1.284150,ES,BCH
Platja de Vedella,38.913300,1.224020,ES,BCH
Platja de Moli,38.930160,1.233070,ES,BCH
Platja de Tarida,38.940710,1.235300,ES,BCH
Platja de Bassa,38.967960,1.239850,ES,BCH
Platja de Bou,38.971580,1.286370,ES,BCH
Platja de Salada,39.009620,1.299050,ES,BCH
Platja de Benirras,39.089650,1.453770,ES,BCH
Platja de Xarraca,39.098390,1.496790,ES,BCH
Platja de Portinatx,39.110030,1.517210,ES,BCH
Platja de Serra,39.107700,1.537080,ES,BCH
Por De Ses Caletas,39.096610,1.553680,ES,BCH
Playa de San Vicente,39.075530,1.592350,ES,BCH
Platja de Llenya,39.015420,1.584450,ES,BCH
Platja de Nova,39.008730,1.581970,ES,BCH
Platja des Canar,39.002140,1.578770,ES,BCH
Platja de Santa Eualia,38.983390,1.534790,ES,BCH
Platja de Llonga,38.952630,1.519850,ES,BCH
Playa de s'Estanyol,38.925580,1.486650,ES,BCH
Playa de Talamanca,38.915320,1.452540,ES,BCH
Platja Pinet,38.970820,1.292090,ES,BCH
Platja Pou d’es Lleo,39.034900,1.608400,ES,BCH
Agua Blanca,39.059880,1.589310,ES,BCH
Cala Xuclar,39.102670,1.509180,ES,BCH
Platja Port d’es Torrent,38.966690,1.268330,ES,BCH
Platja S'Estanyol,38.915650,1.474790,ES,BCH
Platja des Niu Blau,38.992620,1.552520,ES,BCH
Playa Martina,38.991220,1.573000,ES,BCH
Cala Agulla,39.722410,3.452710,ES,BCH
Playa Mesquida,39.744450,3.433200,ES,BCH
Bananas Playa,39.759540,3.170300,ES,BCH
Plataj des Coll Baix,39.863240,3.186700,ES,BCH
Platja Oarrer,39.491460,2.479160,ES,BCH
Playa Sacido,43.672260,-7.602730,ES,BCH
Playa De Arnela,43.691400,-7.578890,ES,BCH
Playa Paraiso,38.497330,-0.254830,ES,BCH
Playa del Xarco,38.490510,-0.280280,ES,BCH
Playa del Torres,38.514970,-0.197560,ES,BCH
La Platja Centre,38.506570,-0.226890,ES,BCH
Playa Vilassar de Mar,41.503270,2.396220,ES,BCH
Platja Vilanova,41.211820,1.722660,ES,BCH
Playa Sartaxes,42.617410,-8.781730,ES,BCH
Playa Vilagarcía,42.606550,-8.768590,ES,BCH
Playa Gorda,41.119170,1.276330,ES,BCH
Platja Llarga,41.128830,1.303270,ES,BCH
Platja Las Palmeras,41.129430,1.310680,ES,BCH
Playa de los Lances,36.039940,-5.634530,ES,BCH
Playa Santa Catalina,36.011280,-5.610310,ES,BCH
Playa de los Alemanes,36.096640,-5.815020,ES,BCH
Playa de Atlanterra,36.114770,-5.832130,ES,BCH
Platja de Sant Sebastià,41.235850,1.814390,ES,BCH
Playa La Arena,43.348680,-3.116640,ES,BCH
Lavapanos,42.400500,-8.803830,ES,BCH
Panadeira,42.401100,-8.802190,ES,BCH
Areas Gordas,42.398380,-8.822570,ES,BCH
Playa Somo,43.457690,-3.741020,ES,BCH
Playa Santa Pola,38.191460,-0.570690,ES,BCH
Playa Figueretes,38.904910,1.423470,ES,BCH
Platja de S'Alga,38.974570,1.531320,ES,BCH
Platja de Castello,38.980810,1.531900,ES,BCH
Playa San Antonio,38.978090,1.307010,ES,BCH
Playa de Malandar,36.797570,-6.380480,ES,BCH
Playa del Bajo,36.796570,-6.361080,ES,BCH
Playa del Guapo,36.743940,-6.424930,ES,BCH
Los Lorcas,37.819340,-0.780590,ES,BCH
Playa de la Ribera,37.798010,-0.803000,ES,BCH
Playa de la Barrosa,36.351820,-6.171610,ES,BCH
Playa de las Piedras,36.380140,-6.202150,ES,BCH
Playa de San Pedro,41.074430,1.121420,ES,BCH
Llevant Beach,41.073110,1.138630,ES,BCH
Playa La Pineda,41.076180,1.182860,ES,BCH
Platja de Cambrils,41.065880,1.069130,ES,BCH
Playa Cambrils D Camilo,41.064100,1.085330,ES,BCH
Platja Cala Crancs,41.058930,1.161570,ES,BCH
El Farallo,41.067410,1.179640,ES,BCH
Platja dels Capellans,41.068450,1.148510,ES,BCH
Platja Matanda,36.625300,-6.347910,ES,BCH
Playa de la Luz,36.627010,-6.384190,ES,BCH
Platja Rincón de la Victoria,36.713740,-4.279130,ES,BCH
Playa Cala del Moral,36.714260,-4.306170,ES,BCH
Playa de Las Gaviotas,36.711040,-4.243960,ES,BCH
Playa del Socorro,28.394350,-16.602380,ES,BCH
La Cachucha beach,36.524920,-6.184190,ES,BCH
Los Hornos,28.493940,-13.862590,ES,BCH
Playa Masnou,41.475320,2.305840,ES,BCH
Playa Premià de Mar,41.492220,2.373050,ES,BCH
Playa Areeta,43.327140,-3.017170,ES,BCH
Playa Combarro,42.434230,-8.704510,ES,BCH
Playa Vixia,42.422010,-8.715600,ES,BCH
Cala Margarida,41.849260,3.140130,ES,BCH
Playa de Bastiagueiro,43.341590,-8.362810,ES,BCH
Playa Perillo,43.339510,-8.377470,ES,BCH
Playa Santa Cruz de Oleiros,43.346830,-8.348590,ES,BCH
Bayona Playa,42.113860,-8.828500,ES,BCH
Playa Baiona,42.121590,-8.848950,ES,BCH
Playa Marta,42.114970,-8.838720,ES,BCH
Burriana Playa,36.750380,-3.866350,ES,BCH
Playa de San Bartomeu,42.286170,-8.728190,ES,BCH
Playa de Tirán,42.268160,-8.751060,ES,BCH
Praia do Canabal,42.262200,-8.759710,ES,BCH
Praia da Cetárea,42.260410,-8.760960,ES,BCH
Praia das Ratas,42.259990,-8.761380,ES,BCH
Praia dos Alemáns,42.259020,-8.763450,ES,BCH
Praia de Rodeira,42.262020,-8.771590,ES,BCH
Praia do Salgueirón,42.255460,-8.788410,ES,BCH
Praia da Cheminea,42.252700,-8.788090,ES,BCH
Praia da Congorza,42.249260,-8.790790,ES,BCH
Praia do Medio,42.248090,-8.792000,ES,BCH
Praia de Punta Balea,42.247950,-8.793860,ES,BCH
Praia do Porto,42.256810,-8.809170,ES,BCH
Praia de Santa Marta,42.258560,-8.810460,ES,BCH
Praia de Liméns,42.259700,-8.814030,ES,BCH
Praia de Temperáns,42.255030,-8.821310,ES,BCH
Praia de Viñó,42.260100,-8.844330,ES,BCH
Praia de Barra,42.261050,-8.851850,ES,BCH
Praia de Areabrava,42.291400,-8.844120,ES,BCH
Praia de Alada,42.294950,-8.848150,ES,BCH
Praia de Pipín,42.287110,-8.837440,ES,BCH
Praia de Pinténs,42.284210,-8.833860,ES,BCH
Praia de Arneles,42.277530,-8.829380,ES,BCH
Praia da Testada,42.276380,-8.825430,ES,BCH
Praia de Vilariño,42.275570,-8.820710,ES,BCH
Praia dos Picos,42.278550,-8.817490,ES,BCH
Praia de San Cibrán,42.279890,-8.818010,ES,BCH
Praia do Con do Sestadelo,42.283640,-8.821860,ES,BCH
Praia Cova da Balea,42.285600,-8.822170,ES,BCH
Praia de Francón,42.290760,-8.819700,ES,BCH
Playa Samil,42.206440,-8.777950,ES,BCH
Playa de la Malagueta,36.719200,-4.406560,ES,BCH
Playa Morisca,41.056490,1.167650,ES,BCH
Playa La Atunara,36.184820,-5.332830,ES,BCH
Playa de Poniente,36.157800,-5.338200,ES,BCH
Playa de Levante,36.189910,-5.331370,ES,BCH
Playa de Torrenueva,36.206470,-5.325790,ES,BCH
Playa de Getares,36.094570,-5.443380,ES,BCH
La Alcaidesa,36.233990,-5.313860,ES,BCH
Playa de La Hacienda,36.161790,-5.357980,ES,BCH
Playa de Santa Bárbara,36.167540,-5.337040,ES,BCH
Playa Giralda,37.197090,-7.299670,ES,BCH
Playa Taray,37.202340,-7.265290,ES,BCH
Playa Islantilla,37.203720,-7.236000,ES,BCH
Playa La Antilla,37.204730,-7.209050,ES,BCH
Playa El Rompido,37.216830,-7.122940,ES,BCH
Playa de Mazagón,37.123470,-6.801780,ES,BCH
Playa de Matalascañas,36.996450,-6.553390,ES,BCH
Playa de Caiman,37.195040,-7.330770,ES,BCH
Playa de Canela,37.171530,-7.376650,ES,BCH
Plage Hondarribia,43.379880,-1.795140,ES,BCH
Plaja Getxo,43.355610,-3.020080,ES,BCH
Playa Gorrondatxe; Azkorri,43.379480,-3.018260,ES,BCH
Playa Elexalde,43.414790,-2.944680,ES,BCH
Playa Fuengirola,36.536540,-4.621640,ES,BCH
Playa Penarronda,43.553940,-6.996230,ES,BCH
Playa de Tapia,43.568140,-6.950290,ES,BCH
Playa Cubanga,36.357900,-5.228340,ES,BCH
Playa Bahia,36.427840,-5.127780,ES,BCH
Playa Las Dunas S Antón,36.584790,-6.240080,ES,BCH
Platja De Gava,41.268850,2.037420,ES,BCH
Cala de Punta del Riu Sec,38.417500,-0.390470,ES,BCH
Playa Denia,38.848250,0.104640,ES,BCH
Platja Bona,38.861490,0.058780,ES,BCH
Playa Olivos,39.181230,-0.222750,ES,BCH
Playa Medio,39.180630,-0.227620,ES,BCH
Playa Xerako,39.043040,-0.189640,ES,BCH
Playa El Roqueo,36.288430,-6.107930,ES,BCH
Playa Cala del Aceite,36.296610,-6.132000,ES,BCH
Playa de Roche,36.314400,-6.154810,ES,BCH
Playa de Conil,36.307950,-6.151660,ES,BCH
Playa de Zahora,36.198380,-6.045890,ES,BCH
Playa de Isabel,36.193710,-6.041920,ES,BCH
Playa de Varadero,36.186560,-6.026330,ES,BCH
Playa de Moron,36.216420,-6.061470,ES,BCH
Playa los Bateles,36.278500,-6.098440,ES,BCH
Playa Punta Lejos,36.265830,-6.089170,ES,BCH
Playa de Mórdomo,43.189690,-9.048660,ES,BCH
Playa de Bastiagueiros,43.289890,-8.709580,ES,BCH
Playa Eldorado,41.060730,1.040830,ES,BCH
Playa Sartana,42.640550,-8.898590,ES,BCH
Praia de Barraña,42.639880,-8.886720,ES,BCH
Carragueiros,42.611950,-8.872450,ES,BCH
Mañón,42.612490,-8.860950,ES,BCH
Playa Azor,42.569740,-8.968320,ES,BCH
Playa Coroso,42.569320,-8.974560,ES,BCH
Playa Palmeira,42.584780,-8.952910,ES,BCH
Playa Rianxo,42.644710,-8.815050,ES,BCH
Playa Mundaka,43.404580,-2.699930,ES,BCH
Atxarre,43.399050,-2.685270,ES,BCH
Torreón,40.052620,0.077930,ES,BCH
Almadraba,40.050810,0.075790,ES,BCH
Els terrers,40.049500,0.073430,ES,BCH
Playa DIvino,40.034200,0.048900,ES,BCH
Playa Peniscola,40.360880,0.404030,ES,BCH
Playa Benicarló,40.412090,0.431060,ES,BCH
Playa Bonita,36.579000,-4.562110,ES,BCH
Playa Malibu Palace,36.580290,-4.558960,ES,BCH
Playa de Barbate de Franco,36.185900,-5.920670,ES,BCH
Zahara de los Atunes.,36.133130,-5.847950,ES,BCH
Playa Bolonia,36.087430,-5.774820,ES,BCH
Los Caños de Meca,36.184890,-6.009740,ES,BCH
Playa Llodero,43.605040,-5.920130,ES,BCH
Playa Balcobo,43.315970,-8.533930,ES,BCH
Playa Trei,43.312220,-8.548220,ES,BCH
Playa Rinconcillo,36.155430,-5.444430,ES,BCH
Playa Guadarranque,36.174050,-5.429010,ES,BCH
Playa Amaro,43.381630,-8.396600,ES,BCH
Playa Sotogrande,36.286140,-5.274680,ES,BCH
Playa de Río Guadiaro,36.281770,-5.279120,ES,BCH
Playa Torre Guadiaro,36.300950,-5.266890,ES,BCH
Cala Sardina,36.309600,-5.257870,ES,BCH
Playa Los Gigantes,28.247790,-16.840210,ES,BCH
Playa Puerto de Santiago,28.237080,-16.842720,ES,BCH
Playa del Papagayo,28.842470,-13.788090,ES,BCH
Playa Blanca bay,28.857570,-13.841870,ES,BCH
Playa Moraira,38.686980,0.130400,ES,BCH
Playa La Galera,38.677400,0.117290,ES,BCH
Playa de Mojácar,37.129560,-1.830320,ES,BCH
Playa La Parata,37.115670,-1.838150,ES,BCH
Playa de Garrucha,37.179600,-1.820980,ES,BCH
Playa Paraiso,28.079190,-14.294590,ES,BCH
Playa de Costa Calma,28.160670,-14.224210,ES,BCH
Playa Cala Galdana,39.937930,3.960190,ES,BCH
Playa en Turqueta,39.932310,3.915270,ES,BCH
Playa des Talaier,39.926740,3.902820,ES,BCH
Playa de Mitjana,39.934340,3.972440,ES,BCH
Playa de Trebeluja,39.931330,3.988790,ES,BCH
Platja de Binigaus,39.920530,4.024750,ES,BCH
Playa Santandría,39.977850,3.839130,ES,BCH
Playa Cala Blanca,39.967650,3.835680,ES,BCH
Playa de Tarajalillo,27.781770,-15.516440,ES,BCH
Playa de Bahia Feliz,27.781040,-15.518800,ES,BCH
Playa Punta Prima,39.813580,4.280600,ES,BCH
Playa de Arguineguín,27.759150,-15.682150,ES,BCH
Playa Barca,39.352640,3.198000,ES,BCH
Playa Amarador,39.349720,3.185600,ES,BCH
Playa Valle Gran Rey,28.082430,-17.332160,ES,BCH
Playa La Puntilla,28.091350,-17.340370,ES,BCH
Playa del Palo,36.718070,-4.359380,ES,BCH
Playa Virginia,36.717080,-4.351570,ES,BCH
Playa Pedregalejo,36.720550,-4.378870,ES,BCH
Playa Benajarafe,36.715030,-4.197210,ES,BCH
Playa Las Acacias,36.719380,-4.368820,ES,BCH
Playa de Algarrobo Costa,36.746000,-4.055330,ES,BCH
Playa Los Llanos,36.733860,-3.983700,ES,BCH
Playa de La Herradura,36.733140,-3.741490,ES,BCH
Playa Molino,36.730630,-3.586950,ES,BCH
Playa Puerto Banús,36.490990,-4.947350,ES,BCH
Playa Lorea,36.479930,-4.969770,ES,BCH
Playa del Sol Villacana,36.454980,-5.047490,ES,BCH
Playa Los Grandos,36.451700,-5.075380,ES,BCH
Playa Hacienda,36.450010,-5.082810,ES,BCH
Playa Alcazaba,36.430160,-5.118380,ES,BCH
Playa Valdevaqueros,36.067760,-5.693090,ES,BCH
Playa Paloma Baja,36.062600,-5.725210,ES,BCH
Playa de la Hierbabuena,36.185530,-5.941160,ES,BCH
Playa el Palmar,36.224060,-6.065700,ES,BCH
Playa Mambo,36.332590,-6.163050,ES,BCH
Playa de Camposoto,36.432880,-6.233020,ES,BCH
Platja Tamarit,41.130400,1.362300,ES,BCH
Platja Altafulla,41.133610,1.376890,ES,BCH
Platja Llova,39.327120,2.989980,ES,BCH
Platja s'Arenal,39.502630,2.750040,ES,BCH
La Ribera,39.530290,2.727480,ES,BCH
Es Puntarro,39.532200,2.724260,ES,BCH
Playa Mayor,39.551870,2.606640,ES,BCH
Platja de Ses Illetes,39.536840,2.590680,ES,BCH
Platja dde S'Oratori,39.531810,2.573130,ES,BCH
Platja de S'Hostalet,39.531160,2.558490,ES,BCH
Ses Fontanelles,39.534190,2.720380,ES,BCH
Playa Llombards,39.324090,3.139290,ES,BCH
Playa Santanyí,39.330320,3.146360,ES,BCH
Playa Sa Nau,39.393190,3.247410,ES,BCH
Playa Domingos,39.456710,3.277380,ES,BCH
Playa Bota,39.475350,3.286100,ES,BCH
Playa Manacor,39.541140,3.335880,ES,BCH
Es Fogons,39.575280,3.378000,ES,BCH
Timijiraque,27.783640,-17.904360,ES,BCH
Cala en Bosc,39.926220,3.837440,ES,BCH
Playa San Sebastián,28.089130,-17.111010,ES,BCH
Playa de la Concha,28.741870,-13.827300,ES,BCH
Playa S'Alaga,38.781270,1.427840,ES,BCH
Playa des Polp,38.728230,1.454100,ES,BCH
Trucadors Beach,38.751180,1.433370,ES,BCH
Playa Delphin,28.584140,-17.910190,ES,BCH
Playa Verde,28.572290,-17.899510,ES,BCH
Piedra Nueva,28.587660,-17.758030,ES,BCH
Real Playa,38.682720,1.473650,ES,BCH
Cala Saona,38.693160,1.389260,ES,BCH
Beso Beach,38.739480,1.429170,ES,BCH
El Lance,37.035040,-1.876100,ES,BCH
Playa Porticholet,39.560030,2.672190,ES,BCH
Playa de la Costilla,36.619210,-6.363720,ES,BCH
Playa de Punta Candor,36.639140,-6.392670,ES,BCH
Playa de Cabo Roig,37.912860,-0.730660,ES,BCH
Playa Flamenca Beach,37.929600,-0.720190,ES,BCH
Playa Cesped La Veleta,37.958370,-0.702340,ES,BCH
Moncayo,38.046310,-0.651190,ES,BCH
Playa Chula,38.042530,-0.651440,ES,BCH
Playa Del Castillo Sohail,36.525030,-4.626750,ES,BCH
Playa de la Calahonda,36.744840,-3.875090,ES,BCH
Playa del Carabeo,36.746390,-3.872530,ES,BCH
La Caleta de Maro,36.753500,-3.844470,ES,BCH
Playa de Cantarriján,36.737650,-3.776760,ES,BCH
Cala Marmols,39.289000,3.090430,ES,BCH
Es Caragol,39.278280,3.043130,ES,BCH
Platja prop d es dolç,39.309220,3.014460,ES,BCH
Playa Del Sombrerico,37.449070,-1.481650,ES,BCH
Playa Para Perros,37.560350,-1.292760,ES,BCH
Playas de Mazarron,37.560150,-1.266340,ES,BCH
Playa Balerma,36.729240,-2.887820,ES,BCH
Playa de Los Naufragos,37.974950,-0.689400,ES,BCH
Cala del Portixol,38.753020,0.224180,ES,BCH
Playa del Arenal,38.772890,0.190580,ES,BCH
Playa Vista Lobos,28.730970,-13.860620,ES,BCH
Cala Macarella,39.938460,3.937250,ES,BCH
Cala Macarelleta,39.936160,3.934990,ES,BCH
Platja de Bellavista,39.927080,3.896610,ES,BCH
Platja d'es Banyul,39.927720,3.892100,ES,BCH
Cales Coves,39.864780,4.146860,ES,BCH
Cala'n Porter,39.870840,4.131940,ES,BCH
Playa De Barros,37.819510,-0.776910,ES,BCH
Playa del Puerto,37.864610,-0.761250,ES,BCH
Playa Los Callados,28.042730,-16.710100,ES,BCH
Playa Abama,28.171860,-16.805570,ES,BCH
Playa de Ajabo,28.127240,-16.781930,ES,BCH
Playa Las Galgas,28.121780,-16.777940,ES,BCH
Platja de Can Martinet,42.188360,3.111060,ES,BCH
Playa de la Arena,43.505610,-3.579110,ES,BCH
Playa del Verodal,27.747750,-18.151570,ES,BCH
Playa Jardin,28.413500,-16.558970,ES,BCH
Playa Anfi Del Mar Beach,27.772800,-15.695590,ES,BCH
Playa Santo Tomás,39.914360,4.039830,ES,BCH
Playa Milagros,41.112180,1.256410,ES,BCH
Playa de Jandia,28.048080,-14.346470,ES,BCH
Playa de Oza,43.346800,-8.382530,ES,BCH
Playa de Los Cristianos,28.050600,-16.722230,ES,BCH
Playa De Los Tarajales,28.047800,-16.712110,ES,BCH
Platja del Prat,41.280610,2.087320,ES,BCH
Playa de Berria,43.464820,-3.470520,ES,BCHS
Playa del Carabasí,38.237240,-0.514050,ES,BCH
Playa de la Granadella,38.729100,0.197060,ES,BCH
Cala Moll,39.705210,3.456700,ES,BCH
Playa De Muro,39.773620,3.145740,ES,BCH
Playa Caló De s'Oli,38.727710,1.402540,ES,BCH
Playa de La Savina,38.731050,1.416560,ES,BCH
Playa de illetas,38.756010,1.434420,ES,BCH
Playa Levante,38.750870,1.438160,ES,BCH
Playa de Ses Cañes,38.730580,1.449300,ES,BCH
Playa de Sa Roqueta,38.736420,1.444330,ES,BCH
Playa Es Arenals,38.665870,1.510200,ES,BCH
Cala Carbó,38.894770,1.218310,ES,BCH
Cala d'Hort,38.890230,1.224070,ES,BCH
Cala Gració,38.992020,1.290140,ES,BCH
Playa de Rêve,28.147650,-14.232630,ES,BCH
Playa Caravanas,28.177410,-14.162730,ES,BCH
Playa Risco el Paso,28.110520,-14.264070,ES,BCH
Playa Del Salmo,28.103800,-14.270210,ES,BCH
Playa Gaviotas,28.055260,-14.318350,ES,BCH
El Cotillo,28.693980,-14.016400,ES,BCH
Playa De Los Lagos,28.702010,-14.017480,ES,BCH
Playa Santa Ponsa,39.516330,2.479760,ES,BCH
Playa del Mago,39.474990,2.520260,ES,BCH
Playa Palmira,39.536860,2.451660,ES,BCH
Platja de la Romana,39.533030,2.458270,ES,BCH
Playa Calo De Ses Llisses,39.532600,2.438050,ES,BCH
Cala Don Monjo,39.529110,2.430680,ES,BCH
Playa De Camp De Mar,39.537340,2.423110,ES,BCH
Playa Moreia,39.565620,3.373170,ES,BCH
Platja Cala Millor,39.590970,3.385530,ES,BCH
Platja de Repic,39.791230,2.690650,ES,BCH
Playa Amarilla,28.009120,-16.638600,ES,BCH
Playa la Pinta Puerto Colon,28.079780,-16.735440,ES,BCH
Playa Torviscas,28.082310,-16.736160,ES,BCH
Playa De Fañabé,28.084950,-16.736970,ES,BCH
Playa El Duque,28.091120,-16.743900,ES,BCH
Playa Barranaco del ingles,28.098010,-16.752000,ES,BCH
Playa Diego Hernandez,28.107990,-16.760640,ES,BCH
Playa de los Morteros,28.105470,-16.758250,ES,BCH
Cala Antena,39.466670,3.279600,ES,BCH
Playa de sa Farola,39.998010,3.822290,ES,BCH
Platja Tuent,39.840130,2.776300,ES,BCH
Playa Pasito Blanco,27.748980,-15.621090,ES,BCH
Playa Pasito Bea,27.748410,-15.634530,ES,BCH
Playa de Triana,27.755600,-15.654350,ES,BCH
Playa El Veril,27.762920,-15.559080,ES,BCH
Playa de El Burrero,27.909270,-15.386370,ES,BCH
Playa Taurito,27.814590,-15.753600,ES,BCH
Playa de San Juan,28.180160,-16.813510,ES,BCH
Playa Isla Cristina,37.191610,-7.318040,ES,BCH
Playa Los Cisnes,37.175540,-7.359160,ES,BCH
Playa San Miguel,37.215310,-7.095750,ES,BCH
Playa Nudista Nueva Umbría,37.206030,-7.171750,ES,BCH
Playa El Portil,37.212220,-7.069940,ES,BCH
Playa de Rompeculos,37.104140,-6.758140,ES,BCH
Playa Caño Guerrero,36.986410,-6.536200,ES,BCH
Playa Sanlucar Montijo,36.760960,-6.404780,ES,BCH
Playa Chipiona,36.693180,-6.424110,ES,BCH
Playa De Pejina,36.665530,-6.406320,ES,BCH
Playa Bonita Rota,36.645750,-6.393720,ES,BCH
Playa El Ancla,36.602390,-6.278670,ES,BCH
Playa De La Muralla,36.580730,-6.262530,ES,BCH
Playa Con Eduardo,36.242960,-5.306180,ES,BCH
Playa Cabopino,36.485480,-4.737320,ES,BCH
Playa Real De Zaragoza,36.495500,-4.800190,ES,BCH
Playa Cala De Mijas,36.502750,-4.677790,ES,BCH
Playa El kilito,36.592420,-4.521370,ES,BCH
Playa Torre Del Mar,36.739310,-4.090600,ES,BCH
Playa De Torrox,36.729120,-3.965230,ES,BCH
Playa Marina del Este,36.722740,-3.728270,ES,BCH
Playa El Muerto,36.731640,-3.720700,ES,BCH
Playa del Tesorillo,36.742220,-3.663850,ES,BCH
Playa del Pozuelo,36.745670,-3.661070,ES,BCH
Playa Calabajío,36.746560,-3.656710,ES,BCH
Playa Barranco de Enmedio,36.743510,-3.644110,ES,BCH
Playa Del Caleton,36.743970,-3.604700,ES,BCH
Playa Cabo Gilla,36.721020,-3.570400,ES,BCH
Playa De La Joya,36.696430,-3.474430,ES,BCH
Playa del Cañón,36.715220,-3.505300,ES,BCH
Playa Calahonda,36.702370,-3.413350,ES,BCH
Playa Rijana,36.709480,-3.390930,ES,BCH
Playa Cambriles - Lújar,36.730870,-3.349310,ES,BCH
Playa La Mamola,36.746340,-3.278010,ES,BCH
Playa La Rábita,36.747520,-3.172260,ES,BCH
Playa De Levante,36.693350,-2.785360,ES,BCH
Playa Poniente de Almerimar,36.706250,-2.815910,ES,BCH
Playa Aguadulce,36.813630,-2.565390,ES,BCH
Playa El Campillo del Moro,36.804560,-2.574830,ES,BCH
Playa Retamar,36.832570,-2.316800,ES,BCH
Playa Torre Garcia,36.817770,-2.288590,ES,BCH
Playa Cabo De Gata,36.780490,-2.246220,ES,BCH
Playa de La Fabriquilla,36.736360,-2.206710,ES,BCH
Playa de La Calilla,36.756290,-2.109610,ES,BCH
Playa El Corral,36.962850,-1.899000,ES,BCH
Playa del Sombrerico,37.086290,-1.849840,ES,BCH
Playa La Ventanica,37.101300,-1.846180,ES,BCH
Playa Mar Rabiosa,37.357780,-1.666870,ES,BCH
Playa Calypso,37.353190,-1.676290,ES,BCH
Playa la Carolina,37.376590,-1.627930,ES,BCH
Playa de las Palmeras,37.375170,-1.635720,ES,BCH
Playa Calarreona,37.383120,-1.620710,ES,BCH
Playa Calabardina,37.431930,-1.502620,ES,BCH
Playa de Parazuelos,37.510440,-1.401140,ES,BCH
Playa de la Isla,37.558990,-1.264840,ES,BCH
Los Arenales Del Sol Playa,38.250670,-0.515990,ES,BCH
Playa De La Fossa,38.645730,0.074070,ES,BCH
Playa de Piles,38.945090,-0.108700,ES,BCH
Playa de Tavernes de la Valldigna,39.072640,-0.206380,ES,BCH
Playa Massalfassar,39.557890,-0.286790,ES,BCH
Playa Xilxes,39.766590,-0.155010,ES,BCH
Playa Del Pinar,39.985390,0.026630,ES,BCH
Playa de la Concha,40.082610,0.139670,ES,BCH
Playa de Torrenostra,40.193280,0.223220,ES,BCH
Playa de las Fuentes,40.252600,0.287460,ES,BCH
Playa La Basseta,40.291610,0.335250,ES,BCH
Playa Cementera,40.572530,0.546310,ES,BCH
Platja Avellanes,40.812360,0.714700,ES,BCH
Playa L'Ampolla,40.815540,0.721520,ES,BCH
Platja Cap Roig,40.821320,0.732410,ES,BCH
Platja Perelló,40.827780,0.741730,ES,BCH
Morro de Gos,40.829500,0.741560,ES,BCH
Playa Calafato,40.921930,0.841400,ES,BCH
Platja Hospitalet,40.990910,0.930840,ES,BCH
Platja Segur De Calafell,41.188470,1.601690,ES,BCH
Playa De La Marina,41.236330,1.828380,ES,BCH
Pequeplaya,40.489140,0.492870,ES,BCH
Playa El Pinar,40.494410,0.496880,ES,BCH
Platja La Musclera,41.571280,2.535460,ES,BCH
Platja d'el Molí,41.593880,2.603560,ES,BCH
Playa De Gola,42.013370,3.195910,ES,BCH
Platja Port d'en Perris,42.126460,3.135310,ES,BCH
Playa Dragonera,39.576680,2.354530,ES,BCH
Platja Es Pujols,38.723990,1.458230,ES,BCH
Playa de Santa Catalina,35.903870,-5.290600,ES,BCH
Kalajoen Hietasärkät,64.250000,23.833330,FI,BCH
Vattajanhietikko,64.066670,23.416670,FI,BCH
Munahiedanranta,64.816670,24.583330,FI,BCH
Finnstranden,60.281390,25.785000,FI,BCH
Otaranta,60.186320,24.836570,FI,BCH
Hietaniemi,60.173370,24.907770,FI,BCH
Onganranta,65.104960,25.347390,FI,BCH
Nallikari beach,65.029990,25.411630,FI,BCH
Mäntyranta,64.935000,25.253750,FI,BCH
Hiekkarannat Storsand,63.482030,22.269850,FI,BCHS
Huutjärvi simstrand,60.490900,26.742470,FI,BCH
Flakanäs badstrand,60.404510,26.568930,FI,BCH
Vaioa Beach,-12.494920,177.022450,FJ,BCH
Saweni Beach,-17.647160,177.390190,FJ,BCH
Lulu Beach,-12.495420,177.015600,FJ,BCH
Ana Beach,-12.516670,177.066670,FJ,BCH
Wailoaloa Beach,-17.764200,177.426580,FJ,BCH
Lomolomo Beach,-17.698630,177.421490,FJ,BCH
Natadola Beach,-18.100920,177.318480,FJ,BCH
Palm Beach,-18.250550,178.084170,FJ,BCH
Vatoaleka Beach,-17.996980,179.237270,FJ,BCH
Nukudamu Beach,-18.002610,179.236460,FJ,BCH
Nukuyaweni Beach,-18.025610,179.235860,FJ,BCH
Naviavia Beach,-18.033250,179.242860,FJ,BCH
Nukuloa Beach,-18.036020,179.245420,FJ,BCH
Naisauyaga Beach,-18.037980,179.249990,FJ,BCH
Vutukata Beach,-18.082020,179.308390,FJ,BCH
Matavuralevu Beach,-17.996950,179.339930,FJ,BCH
Nukuloa Beach,-18.000590,179.341040,FJ,BCH
Cakolau Beach,-17.797720,179.172180,FJ,BCH
Wainikaboa Sandy Beach,-17.603050,178.984060,FJ,BCH
Nukubalavu Sandy Beach,-17.593870,178.998430,FJ,BCH
Nautilus Beach,-17.623930,179.011490,FJ,BCH
Batiki Beach,-17.641870,179.020580,FJ,BCH
Nukulovulovu Beach,-19.158960,178.059930,FJ,BCH
Matanituvu Beach,-16.978510,179.991340,FJ,BCH
Ucuninuku Beach,-17.002440,179.936630,FJ,BCH
Nasavu Beach,-19.126300,-178.609390,FJ,BCH
Nukubuna Beach,-18.864700,-178.889070,FJ,BCH
Mata Beach,-18.848270,-178.884170,FJ,BCH
Nukubalavu Beach,-18.848420,-178.892550,FJ,BCH
Maisogo Beach,-18.855770,-178.906140,FJ,BCH
Walata Beach,-18.848470,-178.673280,FJ,BCH
Namalamala Beach,-18.847020,-178.674570,FJ,BCH
Vatunisinu Beach,-18.840940,-178.667400,FJ,BCH
Nailuluwaga Beach,-18.840980,-178.657000,FJ,BCH
Naraga Beach,-18.841060,-178.653700,FJ,BCH
Kaova Beach,-18.856330,-178.608130,FJ,BCH
Waidi Beach,-18.860800,-178.618040,FJ,BCH
Nadogo Beach,-18.857060,-178.620140,FJ,BCH
Dagialoa Beach,-18.856450,-178.643310,FJ,BCH
Nukuadreu Beach,-18.853630,-178.649790,FJ,BCH
Nasau Beach,-18.607450,-178.755270,FJ,BCH
Vuanitavola Beach,-18.607410,-178.753330,FJ,BCH
Mataivuaqava Beach,-18.603650,-178.753000,FJ,BCH
Nukubalavu Beach,-18.601630,-178.754770,FJ,BCH
Mana Beach,-18.434870,-178.456980,FJ,BCH
Welogi Beach,-18.443730,-178.468900,FJ,BCH
Jiro Beach,-18.446310,-178.479940,FJ,BCH
Nailoilo Beach,-18.439460,-178.490250,FJ,BCH
Lawaki Levu Beach,-18.433420,-178.476070,FJ,BCH
Muanaira Beach,-18.428340,-178.465030,FJ,BCH
Dalice Beach,-18.666870,-178.498140,FJ,BCH
Nalotu Beach,-18.665340,-178.497820,FJ,BCH
Vatukalo Beach,-18.664060,-178.497260,FJ,BCH
Qili Beach,-18.662690,-178.496380,FJ,BCH
Naqali Beach,-18.661650,-178.495580,FJ,BCH
Tikina-I-Ra Beach,-18.660450,-178.494370,FJ,BCH
Tokana Beach,-18.655390,-178.490520,FJ,BCH
Leva Beach,-18.650100,-178.521490,FJ,BCH
Korotolu Beach,-18.665740,-178.512420,FJ,BCH
Butoni Beach,-18.370800,-179.262180,FJ,BCH
Rakuta Beach,-18.360440,-179.273730,FJ,BCH
Nukubalavu Beach,-18.371280,-179.280750,FJ,BCH
Nukuleka Beach,-18.377740,-179.278920,FJ,BCH
Udu Beach,-18.382120,-179.272060,FJ,BCH
Raviravi Beach,-18.002120,-179.049330,FJ,BCH
Vulega Beach,-18.001550,-179.035200,FJ,BCH
Marama Beach,-17.987750,-179.029500,FJ,BCH
Waisaleka Beach,-17.962540,-179.043070,FJ,BCH
Matakaula Beach,-17.958290,-179.052060,FJ,BCH
Qaraniqio Beach,-17.961860,-179.075780,FJ,BCH
Paloma Sand Beach,-51.432470,-59.033620,FK,BCH
Long Island Sand Beach,-51.583330,-58.066670,FK,BCH
Elephant Beach,-51.373180,-58.865530,FK,BCH
Armantine Beach,-51.389270,-58.209220,FK,BCH
Campa Menta Beach,-51.382990,-58.134810,FK,BCH
Volunteer Beach,-51.466670,-57.833330,FK,BCH
North Beach,-51.695810,-60.240860,FK,BCH
Sandagerði,62.000440,-6.777880,FO,BCH
Mølin,62.307040,-7.084640,FO,BCH
Breiðásandur,62.292220,-7.079390,FO,BCH
Gøtusandur,62.185800,-6.753390,FO,BCH
Plage Saint-Gabriel,50.566670,1.583330,FR,BCH
Plage de Ruppione,41.816670,8.783330,FR,BCH
Plage du Prado,43.262690,5.371390,FR,BCH
Platja de Perafita,42.460130,3.157200,FR,BCH
Plage du Trez-Hir,48.346120,-4.703870,FR,BCH
Plage de Fort-Mahon,50.333330,1.550000,FR,BCH
Plage de Carnac,47.566670,-3.066670,FR,BCH
Plage d’Agosta,41.858830,8.791210,FR,BCH
Banda-Bianca,42.650000,9.456670,FR,BCH
Barzan-Plage,45.529170,-0.881670,FR,BCH
Plage des Nonnes,45.560980,-0.965970,FR,BCH
Plage des Vergnes,45.566190,-0.972030,FR,BCH
Plage de l’Arnèche,45.570130,-0.974600,FR,BCH
Plage de Suzac,45.574640,-0.982170,FR,BCH
Plage de la Grande Côte,45.659280,-1.133830,FR,BCH
Plage de la Palmyre,45.676580,-1.168340,FR,BCH
Plage du Grand Boucharel,43.373610,6.715280,FR,BCH
Plage de la Galiote,43.393060,6.731940,FR,BCH
Plage de Saint-Aygulf,43.404170,6.733330,FR,BCH
Plage de Fréjus,43.422220,6.750000,FR,BCH
Plage Veillat,43.420830,6.768060,FR,BCH
Plage de l’Homme Mort,43.416670,6.813890,FR,BCH
Plage de Boulouris,43.419440,6.823610,FR,BCH
Plage de Cupabia,41.740830,8.777780,FR,BCH
Plage de Carataggio,41.574720,9.346390,FR,BCH
Plage Saint-François,41.916670,8.733060,FR,BCH
Plage du Ricanto,41.926930,8.776630,FR,BCH
Plage de Laurosu,41.665710,8.881080,FR,BCH
Plage de Porraja,41.673610,8.891940,FR,BCH
Plage de Baraci,41.686910,8.916590,FR,BCH
Plage de Vetricella,41.689720,8.898060,FR,BCH
Plage de la Calanca,41.690000,8.892220,FR,BCH
Plage de Campitellu,41.693330,8.883610,FR,BCH
Plage d’Agliu,41.695830,8.878890,FR,BCH
Plage Collignon,49.656680,-1.569630,FR,BCH
Plage Napoléon,49.650000,-1.616670,FR,BCH
Plage de Collignon,49.655560,-1.556940,FR,BCH
Plage de Bretteville,49.650830,-1.520000,FR,BCH
Plage de la Mondrée,49.693060,-1.451390,FR,BCH
Gold Beach,49.333330,-0.533330,FR,BCH
Juno Beach,49.333330,-0.433330,FR,BCH
Plage de Kerguélen,47.703330,-3.402780,FR,BCH
Plage de Toulhars,47.706940,-3.378330,FR,BCH
Plage de Larmor,47.704720,-3.381940,FR,BCH
Plages de Trévignon,47.825000,-3.858330,FR,BCH
Plage Nord,46.158330,-1.266670,FR,BCH
Plage Sud,46.155560,-1.266670,FR,BCH
La Plage d’Aytré,46.120830,-1.122220,FR,BCH
Plage de l’Arénault,46.186260,-1.318210,FR,BCH
Plage de la Clavette,46.191670,-1.327780,FR,BCH
Plage d’Ondres,43.579170,-1.487500,FR,BCH
Plage d’Herlin,47.299080,-3.181250,FR,BCH
Plage des Grands Sables,47.315820,-3.100000,FR,BCH
Plage de Sables Blancs,47.566430,-3.124120,FR,BCH
Plage de la Courance,47.241110,-2.270830,FR,BCH
Plage Sainte-Marguerite,47.242780,-2.310560,FR,BCH
Plage de la Baule,47.269720,-2.350000,FR,BCH
Plage des Bains,50.733330,1.583330,FR,BCH
Sword Beach,49.316670,-0.333330,FR,BCH
Omaha Beach,49.368440,-0.871870,FR,BCH
Utah Beach,49.415950,-1.174640,FR,BCH
Plage des Sables Vigniers,45.961890,-1.386250,FR,BCH
Plage de Bertheaume,48.339700,-4.700520,FR,BCH
Plage des trois curés,48.343000,-4.700970,FR,BCH
Plage de Sainte Anne,48.352980,-4.695220,FR,BCH
Plage du Cosquer,48.354720,-4.690520,FR,BCH
Plage de Porsmilin,48.355840,-4.679730,FR,BCH
Plage de Portez,48.354240,-4.673400,FR,BCH
Plage de Trégana,48.352640,-4.666720,FR,BCH
Plage du Petit Minou,48.339110,-4.615800,FR,BCH
Grève du Vaéré,48.330060,-4.753050,FR,BCH
La grève bleue,48.343100,-4.771460,FR,BCH
Plage de Porsliogan,48.347460,-4.770410,FR,BCH
la Mort Anglaise,48.281140,-4.575720,FR,BCH
Trez-Rouz,48.287990,-4.567160,FR,BCH
Saleccia,42.726460,9.204740,FR,BCH
Plages du Prado,43.262860,5.372010,FR,BCH
Mont-Saint-Michel,48.634210,-1.510190,FR,BCH
Plage Bussaglia,42.282200,8.687520,FR,BCH
Moriani-Plage,42.374380,9.530080,FR,BCH
Torreilles Plage,42.761450,3.033110,FR,BCH
Marseillan Plage,43.317700,3.551980,FR,BCH
Plage de Buse,43.760050,7.459770,FR,BCH
Plage Sokoburu,43.373650,-1.782950,FR,BCH
Plage d'Ilbarritz,43.460800,-1.578210,FR,BCH
Grande Plage,43.484660,-1.558970,FR,BCH
Plage du Miramar,43.488460,-1.554970,FR,BCH
Plage de la Petite Chambre d'Amour,43.495250,-1.546140,FR,BCH
Plage des Corsaires,43.507150,-1.537380,FR,BCH
Plage de la Madrague,43.511040,-1.534800,FR,BCH
Plage de l'Océan,43.515040,-1.531160,FR,BCH
Plage des Cavaliers,43.521220,-1.526760,FR,BCH
Plage de la Digue,43.534040,-1.518620,FR,BCH
Plage du Métro,43.561050,-1.499420,FR,BCH
Plage Sud,43.657950,-1.445410,FR,BCH
Plage Centrale,43.663260,-1.443370,FR,BCH
Plage de la Gravière,43.674390,-1.441010,FR,BCH
Plage Nord,43.680230,-1.440150,FR,BCH
Plage des Bourdaines,43.697980,-1.439080,FR,BCH
Plage du Penon,43.709670,-1.436330,FR,BCH
Plage des Casernes,43.723750,-1.432600,FR,BCH
La Dune,43.816510,-1.404920,FR,BCH
Plage du Vivier,44.458400,-1.254220,FR,BCH
Plage des Arbousiers,44.646060,-1.200300,FR,BCH
Plage des Américains,44.661400,-1.239070,FR,BCH
Plage de l'océan,44.655160,-1.259910,FR,BCH
Plage de la Torchère,44.686990,-1.255830,FR,BCH
Plage Sud,44.994430,-1.203170,FR,BCH
Plage Centrale,45.001830,-1.202750,FR,BCH
Plage Vensac,45.406400,-1.160770,FR,BCH
Plage Centrale d'Euronat,45.416590,-1.160000,FR,BCH
Plage du Gurp,45.434810,-1.153010,FR,BCH
Plage Soulac,45.459890,-1.152580,FR,BCH
Plage naturiste Saint-Nicolas-le-Verdon-sur-Mer,45.566780,-1.081810,FR,BCH
Plage du Chay,45.619680,-1.042800,FR,BCH
Plage des Minimes,46.140620,-1.171370,FR,BCH
Plage du Chef de Baie,46.147220,-1.210640,FR,BCH
Plage du Rocher,46.399930,-1.506030,FR,BCH
Plage du Veillon,46.432620,-1.657560,FR,BCH
Plage de Sauveterre,46.546610,-1.830080,FR,BCH
Plage de la Boutinardière,47.094000,-2.052730,FR,BCH
Plage de la Birochère,47.104690,-2.091260,FR,BCH
Plage de la Source,47.106470,-2.096590,FR,BCH
Plage Luzeron,47.002820,-2.296570,FR,BCH
Plage Suscinio,47.506620,-2.727360,FR,BCH
Plage Beg Lann,47.502940,-2.740230,FR,BCH
Plage de Kerver,47.529430,-2.868120,FR,BCH
Plage de Kerbilouet,47.622540,-2.811300,FR,BCH
Plage de Brouhel,47.583160,-2.813060,FR,BCH
Plage de Penthièvre,47.538960,-3.139340,FR,BCH
Plage de Sainte-Barbe,47.598840,-3.153080,FR,BCH
Plage de Kerhillio,47.611720,-3.168530,FR,BCH
Plage du Magouëro,47.665940,-3.251010,FR,BCH
Plage de Bellangenet,47.765550,-3.556010,FR,BCH
Plage du Kérou,47.767860,-3.562100,FR,BCH
Raguenes,47.790270,-3.793500,FR,BCH
Plage de la Torche,47.841300,-4.346170,FR,BCH
Plage de Kermabec,47.881500,-4.361360,FR,BCH
Plage de Penhors,47.938740,-4.401010,FR,BCH
Plage de Guendrez,47.991010,-4.479200,FR,BCH
Plage du Ris,48.091070,-4.300590,FR,BCH
Plage du Moulin Blanc,48.397210,-4.431010,FR,BCH
Plage des Blancs Sablons,48.368600,-4.765490,FR,BCH
Plage Sainte-Marguerite,48.596680,-4.608250,FR,BCH
Plage Boutrouilles,48.654570,-4.406630,FR,BCH
Plage de Trestraou,48.816250,-3.455290,FR,BCH
Kermagen Plage,48.857260,-3.142430,FR,BCH
Plage des Rosaires,48.563800,-2.753710,FR,BCH
Plage du Mole,48.647290,-2.029940,FR,BCH
Plage de l'Éventail,48.653720,-2.015730,FR,BCH
Plage Verger,48.697330,-1.873430,FR,BCH
Plage de Sciotot,49.493720,-1.847760,FR,BCH
Plage de Riva Bella,49.290790,-0.256120,FR,BCH
Plage de Cabourg,49.287820,-0.156600,FR,BCH
Plage du Temple,49.300170,-0.084370,FR,BCH
Plage du Casino,49.305540,-0.074240,FR,BCH
Plage de Deauville,49.360440,0.064370,FR,BCH
Grande Plage,49.371700,0.082310,FR,BCH
Plage du Vasouy,49.420880,0.200030,FR,BCH
Plage du Butin,49.426910,0.220280,FR,BCH
Plage de Veules-les-Roses,49.877800,0.799680,FR,BCH
Plage de Varengeville-sur-Mer,49.916970,1.006970,FR,BCH
Plage d'Equihen,50.652590,1.573230,FR,BCH
Plage d'Écault,50.663990,1.570700,FR,BCH
Plage du Portel,50.709260,1.569630,FR,BCH
Plage du Cap Blanc-Nez,50.924190,1.704940,FR,BCH
Plage de Petit-Fort-Philippe,51.011540,2.113670,FR,BCH
Plage Petite Afrique,43.712150,7.337920,FR,BCH
Plage des Fourmis,43.703100,7.330280,FR,BCH
Neptune Plage,43.693820,7.257840,FR,BCH
Plage de Galets,43.650140,7.151990,FR,BCH
Plage de la Raguette,43.521540,6.941390,FR,BCH
Plage de Gigaro,43.184400,6.597500,FR,BCH
Plage d’Héraclée,43.186150,6.588790,FR,BCH
Plage de Sylvabelle,43.186720,6.582780,FR,BCH
Plage des Trois Pins,43.180210,6.538020,FR,BCH
Plage de Rossignol,43.147900,6.418030,FR,BCH
Plage de l'Estagnol,43.109820,6.298130,FR,BCH
Plage des Salins,43.107250,6.180410,FR,BCH
Plage des Darboussières,43.035330,6.112690,FR,BCH
Plage de l'Almanarre,43.077630,6.126170,FR,BCH
Plage de la Garonne,43.093090,6.024500,FR,BCH
Plage de la Madrague,43.167780,5.694870,FR,BCH
La Grande Plage,43.185400,5.620490,FR,BCH
Plage du Bestouan,43.213120,5.531530,FR,BCH
Plage de la Calanque de Sugiton,43.211770,5.454140,FR,BCH
Plage de Sainte-Croix,43.331730,5.070880,FR,BCH
Plage des Laurons,43.355950,5.024270,FR,BCH
Plage Napoléon,43.346650,4.873420,FR,BCH
Plage de Piemanson,43.347960,4.784890,FR,BCH
Plage de Beauduc,43.396380,4.593440,FR,BCH
Plage de l'Espiguette,43.501440,4.122280,FR,BCH
Plage du Couchant,43.557010,4.074340,FR,BCH
Plage du Grand Travers,43.557660,4.051170,FR,BCH
Plage du Pilou,43.508130,3.889160,FR,BCH
Plage Des Aresquiers,43.464760,3.823890,FR,BCH
Plage du Lazaret,43.391920,3.672950,FR,BCH
Plage de la Corniche,43.393320,3.667330,FR,BCH
Plage des Quilles,43.390830,3.656640,FR,BCH
Plage des Chalets,43.102140,3.116730,FR,BCH
Plage de la Vieille Nouvelle,43.036270,3.071370,FR,BCH
Plage de Bernardi,42.505040,3.122780,FR,BCH
Plage de Paulilles,42.501850,3.124880,FR,BCH
Plage de Tenutella,41.703680,8.833220,FR,BCH
Plage de Roccapina,41.495950,8.933470,FR,BCH
Plage de Figari,41.470000,9.073870,FR,BCH
Plage de Pargan,41.399280,9.133820,FR,BCH
Plage de Santa Giulia,41.531290,9.273960,FR,BCH
Plage de Palombaggia,41.558310,9.326110,FR,BCH
Plage Casadelmar,41.615860,9.319280,FR,BCH
Plage de Fautea,41.712780,9.403270,FR,BCH
Plage de Canella,41.800400,9.395460,FR,BCH
Plage de Vignale,42.004660,9.457940,FR,BCH
Plage de Nonza,42.791400,9.345200,FR,BCH
Plage De Loto,42.719460,9.234180,FR,BCH
Plage d'Ostriconi,42.661610,9.060540,FR,BCH
Plage de Lozari,42.641540,9.016260,FR,BCH
Plage de Bodri,42.630300,8.914380,FR,BCH
Plage de ker Daniau,46.707790,-2.384360,FR,BCH
Plage de Port-Donnant,47.326050,-3.236250,FR,BCH
Plage les Grands Sables,47.637890,-3.421850,FR,BCH
Plage de l'île Saint-Nicolas,47.725350,-4.001640,FR,BCH
Lady’s Mile Beach,34.633330,33.004170,GB,BCH
Slapton Sands,50.285990,-3.644540,GB,BCH
Sennen Cove,50.080970,-5.694650,GB,BCH
Pentewan Beach,50.283330,-4.783330,GB,BCH
Chesil Beach,50.633330,-2.566670,GB,BCH
Cart Gap,52.813290,1.556200,GB,BCH
Camber Sands,50.932850,0.791870,GB,BCH
Poppit Sands,52.107000,-4.696000,GB,BCHS
Lydstep Beach,51.651600,-4.759780,GB,BCH
Saunton Sands,51.100370,-4.224200,GB,BCH
Pendower,50.205910,-4.943030,GB,BCH
Denge Beach,50.912250,0.942850,GB,BCH
Calshot Beach,50.812500,-1.311840,GB,BCH
Avon Beach,50.729070,-1.733990,GB,BCH
Studland Beach,50.665380,-1.946470,GB,BCH
Man O'War Beach,50.621620,-2.271380,GB,BCH
Charmouth Beach,50.733170,-2.898930,GB,BCH
Oddicombe Beach,50.482910,-3.515070,GB,BCH
Babbacombe Beach,50.479080,-3.509620,GB,BCH
Lannacombe Beach,50.222530,-3.680550,GB,BCH
Gara Rock beach,50.217940,-3.747110,GB,BCH
South Milton Sands,50.259550,-3.858130,GB,BCH
Bantham Beach,50.277930,-3.878690,GB,BCH
Wadham Rocks Beach,50.305600,-3.996920,GB,BCH
Tregantle Beach,50.352940,-4.274110,GB,BCH
Lansallos Beach,50.332090,-4.577950,GB,BCH
Vault Beach,50.233890,-4.791280,GB,BCH
Hemmick Beach,50.229690,-4.813640,GB,BCH
Gylly Beach,50.144350,-5.068130,GB,BCH
Swanpool Beach,50.140800,-5.076240,GB,BCH
Pedn Vounder Beach,50.043580,-5.642290,GB,BCH
Porthcurno Beach,50.042950,-5.650450,GB,BCH
Porthchapel Beach,50.039280,-5.657700,GB,BCH
Porthgwarra Beach,50.037300,-5.672290,GB,BCH
Chapel Porth Beach,50.301100,-5.235670,GB,BCH
Perranporth Beach,50.348830,-5.154650,GB,BCH
Buckator Beach,50.707060,-4.667820,GB,BCH
Mouthmill Beach,51.013270,-4.427150,GB,BCH
Putsborough Beach,51.146380,-4.221540,GB,BCH
Kilve Beach,51.192390,-3.227660,GB,BCH
Manorbier Beach,51.642740,-4.804800,GB,BCH
Broad Haven South Beach,51.608210,-4.920720,GB,BCH
Caerfai Beach,51.872760,-5.253610,GB,BCH
Porthlisky Beach,51.865970,-5.296960,GB,BCH
Mwnt beach,52.135670,-4.640480,GB,BCH
Tresaith Beach,52.135600,-4.517350,GB,BCH
Llangrannog's Beach,52.160670,-4.471140,GB,BCH
Criccieth Beach,52.918970,-4.229220,GB,BCH
Whistling Sands,52.835280,-4.723560,GB,BCH
Traeth Penllech,52.877810,-4.670260,GB,BCH
Porth Towyn Beach,52.906080,-4.632330,GB,BCH
Traeth Lligwy,53.361800,-4.260330,GB,BCH
Thurstaston Beach,53.337310,-3.142350,GB,BCH
Formby Beach,53.565220,-3.097160,GB,BCH
Ainsdale Beach,53.608220,-3.063640,GB,BCH
St Anne's Beach,53.748100,-3.033690,GB,BCH
Roanhead Beach,54.162940,-3.256290,GB,BCH
St. Bees Beach Seafront,54.490080,-3.605920,GB,BCH
Powillimount Beach,54.892310,-3.576140,GB,BCH
Ayr Beach,55.461390,-4.642200,GB,BCH
Troon Beach,55.540340,-4.660860,GB,BCH
Hunterston Sands,55.727230,-4.896730,GB,BCH
The Coral Beaches,57.500790,-6.636940,GB,BCHS
Lossiemouth East Beach,57.718480,-3.279550,GB,BCH
Sunnyside Beach,57.693120,-2.779840,GB,BCH
Newburgh Seals Beach,57.310350,-1.989860,GB,BCH
Aberdeen Beach,57.154000,-2.078220,GB,BCH
Burntisland Beach,56.061950,-3.223760,GB,BCH
Cramond beach,55.980430,-3.298090,GB,BCH
Portobello Beach,55.955130,-3.110250,GB,BCH
Gullane Beach,56.040070,-2.839970,GB,BCH
Seacliff Beach,56.052010,-2.636420,GB,BCH
Cocklawburn Beach,55.729890,-1.952690,GB,BCH
Cheswick Sands,55.718920,-1.935520,GB,BCHS
Longhoughton Beach,55.434080,-1.586710,GB,BCH
Seaton Carew Beach,54.659190,-1.185060,GB,BCH
Redcar Beach,54.620440,-1.079960,GB,BCH
Whitby Beach,54.496370,-0.644890,GB,BCH
North Beach,54.094490,-0.174150,GB,BCH
Fraisethorpe Beach,54.047870,-0.214410,GB,BCH
Snettisham Beach,52.869310,0.444130,GB,BCH
Weybourne Beach,52.949130,1.140220,GB,BCH
Sheringham Beach,52.945430,1.212060,GB,BCH
Hemsby Beach,52.694980,1.709580,GB,BCH
Aldeburgh's Beach,52.159950,1.605510,GB,BCH
West Mersea Beach,51.773550,0.930920,GB,BCH
Yantlet beach,51.472400,0.673640,GB,BCH
Central Beach,51.400950,0.919850,GB,BCH
Sunny Sands,51.081770,1.190810,GB,BCH
Hastings Beach,50.851340,0.562190,GB,BCH
Climping Beach,50.796330,-0.577340,GB,BCH
Pagham Beach,50.767540,-0.737030,GB,BCH
Kiloran Beach,56.102440,-6.183890,GB,BCH
Isle of Barra Beach,56.973820,-7.521210,GB,BCH
Dalmore Beach,58.306040,-6.756460,GB,BCH
Dailbeag Beach,58.314020,-6.736250,GB,BCH
Portstewart Beach,55.171470,-6.729510,GB,BCH
Benone Beach,55.168110,-6.875680,GB,BCH
Portici Beach,12.001600,-61.769940,GD,BCH
Pingouin Beach,12.002550,-61.777310,GD,BCH
Parc à Boeuf Beach,11.998160,-61.767770,GD,BCH
Mount Pandy Beach,12.033330,-61.750000,GD,BCH
Morne Rouge Beach,12.019480,-61.772440,GD,BCH
Meadow Beach,12.163010,-61.605950,GD,BCH
Mahot Beach,12.055720,-61.633830,GD,BCH
Magazin Beach,12.003260,-61.782620,GD,BCH
Lance aux Épines Beach,12.002100,-61.759420,GD,BCH
Gwalas Beach,12.001980,-61.791450,GD,BCH
Grand Anse Beach,12.016670,-61.766670,GD,BCH
Cato Beach,12.002190,-61.796460,GD,BCH
Benago Beach,12.166670,-61.716670,GD,BCH
Bathway Beach,12.213170,-61.610090,GD,BCH
Tyrell Bay Beach,12.455770,-61.483470,GD,BCH
Plage de Gosselin,4.889990,-52.252820,GF,BCH
South Beach,49.457220,-2.533610,GG,BCH
North Beach,49.460560,-2.532780,GG,BCH
Platte Saline,49.721110,-2.212500,GG,BCH
Western Beach,36.150000,-5.350000,GI,BCH
The Lido,36.133330,-5.333330,GI,BCH
Governor’s Beach,36.121100,-5.342110,GI,BCH
Eastern Beach,36.150000,-5.333330,GI,BCH
Deadmans Beach,36.100000,-5.333330,GI,BCH
Bleak Beach,36.100000,-5.333330,GI,BCH
Solstrand,73.583330,-24.666670,GL,BCH
Kololi Beach,13.447270,-16.723680,GM,BCH
Plage de Viard,16.165950,-61.584930,GP,BCH
Plage de Roseau,16.093390,-61.559000,GP,BCH
Plage de Rocroy,16.046590,-61.760930,GP,BCH
Plage de la Rivière Saint-Louis,15.933330,-61.316670,GP,BCH
Plage la Ramée,16.336410,-61.710080,GP,BCH
Plage des Raisins Clairs,16.248920,-61.283450,GP,BCH
Plage de Moustique,15.976920,-61.310780,GP,BCH
Plage de Clugny,16.353920,-61.754920,GP,BCH
Plage de Bois Jolan,16.236900,-61.347520,GP,BCH
Plage de l’Autre Bord,16.333710,-61.334660,GP,BCH
Plage de Malendure,16.172220,-61.776630,GP,BCH
Plage Paul Thomas,16.286200,-61.801710,GP,BCH
Plage des Amandiers,16.351470,-61.723200,GP,BCH
Plage Manbia,16.344830,-61.717260,GP,BCH
Plage de Leroux,16.275250,-61.804140,GP,BCH
Plage de Sainte-Claire,16.123790,-61.567950,GP,BCH
Plage de l’Étang,16.068370,-61.768970,GP,BCH
Plage de Sainte-Anne,16.222760,-61.383160,GP,BCH
Plage de la Caravelle,16.217340,-61.394600,GP,BCH
Plage de la Feuillère,15.888560,-61.222690,GP,BCH
Plage de Petite Anse,15.879370,-61.234730,GP,BCH
Gros Sable,16.241650,-61.339160,GP,BCH
Plage à Galets,16.294640,-61.092720,GP,BCH
Plage à Fanfan,16.299700,-61.077710,GP,BCH
Playa de Carboneras,3.755480,8.762920,GQ,BCH
Playa de Aleñá,3.528180,8.577840,GQ,BCH
Mourtiá,37.762440,27.028600,GR,BCH
Ákra Ágios Isídoros,38.503620,25.857150,GR,BCH
Marathias,38.506940,21.031270,GR,BCH
Asprogiali,38.536700,21.014850,GR,BCH
Mikri Kamplafka,38.545250,21.015370,GR,BCH
Kamplafka,38.551390,21.016520,GR,BCH
Karatzoyni,38.556050,21.016350,GR,BCH
Mala Ti Brysi,38.580050,21.019330,GR,BCH
Vella,38.585350,21.021300,GR,BCH
Alogomandra,38.593780,21.024380,GR,BCH
Kefalos,38.599630,21.021650,GR,BCH
Virina,38.623210,21.006980,GR,BCH
Agrilia Camping,38.638970,20.994300,GR,BCHS
Steni Kablafka,38.545360,21.015180,GR,BCH
Kablafka,38.551150,21.016580,GR,BCH
Vela,38.585390,21.021490,GR,BCH
Agrilia,38.633450,21.001440,GR,BCH
Dionisiou Beach,40.245500,23.261550,GR,BCH
Porto Katsiki,38.598900,20.550270,GR,BCH
Kalamáki,37.641700,23.161860,GR,BCH
Ágios Ioánnis; Pélion,39.416830,23.160550,GR,BCH
Myrtiotissa,39.595930,19.798010,GR,BCH
Glyfada,39.592920,19.804870,GR,BCH
Evita Bay,35.417450,24.784960,GR,BCH
Préveli,35.152580,24.474470,GR,BCH
Kalikovrehtis,34.987270,25.478000,GR,BCH
Kalamitsi beach,36.880910,22.238900,GR,BCH
Kalogria beach,36.850500,22.258470,GR,BCH
Stoupa beach,36.845710,22.259140,GR,BCH
Ritsa beach,36.894530,22.224760,GR,BCH
Foneas beach,36.867420,22.248190,GR,BCH
Delphinia beach,36.862090,22.250210,GR,BCH
Paralía Kalamátas,37.021330,22.139160,GR,BCH
Paralía Almyroú,36.998600,22.154990,GR,BCH
Touristiko beach,36.979210,22.149670,GR,BCH
Akrogiali beach,36.953610,22.144590,GR,BCH
Santova beach,36.947810,22.144800,GR,BCH
Azolimnos beach,37.410340,24.963900,GR,BCH
Vari beach,37.389930,24.945610,GR,BCH
Axladi beach,37.388020,24.940500,GR,BCH
Megas Gialos beach,37.378890,24.909140,GR,BCH
Ampela beach,37.376420,24.906090,GR,BCH
Komito beach,37.376740,24.882540,GR,BCH
Agathopes Beach,37.385730,24.880690,GR,BCH
Fetouri beach,37.389630,24.884390,GR,BCH
Foinikas beach,37.397330,24.881030,GR,BCH
Kokkina beach,37.395170,24.870410,GR,BCH
Agia Pakou beach,37.419550,24.873870,GR,BCH
Galissas beach,37.421250,24.877420,GR,BCH
Lotos beach,37.443200,24.895750,GR,BCH
Kini beach,37.445510,24.899830,GR,BCH
Delphini beach,37.458300,24.898240,GR,BCH
Asteria beach,37.446600,24.947220,GR,BCH
Kimata beach,37.442470,24.945860,GR,BCH
Chorefto Beach,39.454690,23.120900,GR,BCH
Aghios Prokopios beach,37.074320,25.350570,GR,BCH
Paralía Ágios Geórgios,37.098840,25.375230,GR,BCH
Aghia Anna beach,37.068710,25.355300,GR,BCH
Maragkas beach,37.060490,25.357000,GR,BCH
Plaka beach,37.048310,25.372610,GR,BCH
Mikri Vigla -Southern bay (Limanaki),37.020600,25.373350,GR,BCH
Kastraki beach,37.007770,25.383930,GR,BCH
Aliko beach,36.987480,25.391040,GR,BCH
Pyrgáki,36.976880,25.400760,GR,BCH
Agiassos beach,36.967060,25.425000,GR,BCH
Kalantós,36.936920,25.472020,GR,BCH
Psilí Ámmos,37.013370,25.568440,GR,BCH
Lionas beach,37.137470,25.586200,GR,BCH
Paralía Apóllonas,37.180560,25.551420,GR,BCH
Grotta beach,37.108450,25.377280,GR,BCH
Amitis beach,37.136080,25.436960,GR,BCH
Skotina Beach,40.028240,22.588320,GR,BCH
Pantelehmonas Beach,40.015190,22.592050,GR,BCH
Platamonas Beach,39.994220,22.620160,GR,BCH
Nei Pori Beach,39.982250,22.641840,GR,BCH
Nea Mesagkala Beach,39.956270,22.702350,GR,BCH
Kouloura Beach,39.939620,22.715260,GR,BCH
Stomio Beach,39.869400,22.735610,GR,BCH
Ntammouchari Beach,39.403540,23.181450,GR,BCH
Papa Nero Beach,39.409210,23.168620,GR,BCH
Mylopotamos Beach,39.375120,23.203040,GR,BCH
Banikas Beach,39.435380,23.144250,GR,BCH
Limnionas Beach,39.364270,23.207660,GR,BCH
Fakistra Beach,39.389630,23.193380,GR,BCH
Plaka Beach,39.422840,23.156320,GR,BCH
Varkes Beach,40.216860,23.316420,GR,BCH
Nea Potidea Beach,40.194040,23.334700,GR,BCH
Nea Fokea Beach,40.136190,23.398600,GR,BCH
Αfytos Beach,40.103110,23.435980,GR,BCH
Kallithea Beach,40.075920,23.449950,GR,BCH
Solina Beach,40.058500,23.464690,GR,BCH
Lefki Peristera Beach,40.051760,23.469890,GR,BCH
Polychrono Beach,40.018680,23.527310,GR,BCH
Chanioti Beach,40.002900,23.573400,GR,BCH
Pefkochori Beach,39.990080,23.614130,GR,BCH
Glarokampos Beach,39.973350,23.673580,GR,BCH
Alonaki Beach,39.968520,23.677700,GR,BCH
Paliouri Beach,39.962190,23.675490,GR,BCH
Loutra Beach,39.928150,23.584490,GR,BCH
Skioni Beach,39.945390,23.530650,GR,BCH
Kedrodasos Beach,35.268640,23.562630,GR,BCH
Aspri Limni Beach,35.309200,23.525170,GR,BCH
Voulolimni Beach,35.315270,23.533770,GR,BCH
Damnoni,35.174440,24.414930,GR,BCH
Paralia Platania,35.520000,23.924620,GR,BCH
Elafonisi beach,35.271480,23.541380,GR,BCH
Paralia Ayías Roúmelis,35.229020,23.961480,GR,BCH
Agios Ioannis,39.508410,19.923060,GR,BCH
Mikri Vigla - North bay (Parthena),37.025440,25.368890,GR,BCH
Orkos bay,37.036660,25.375440,GR,BCH
Livadia Beach,37.089280,25.156200,GR,BCH
Liá,37.445120,25.436350,GR,BCH
Ammoúdi,36.460810,25.369570,GR,BCH
Kántharos,36.467340,25.368550,GR,BCH
Arméni,36.460460,25.380480,GR,BCH
Xiropígado,36.444460,25.448670,GR,BCH
Paralía Vourvoúlos,36.441320,25.452050,GR,BCH
Kanakári,36.429190,25.459420,GR,BCH
Gialós Karterádou,36.419620,25.472250,GR,BCH
Períssa,36.353580,25.473540,GR,BCH
Mésa Pigádia,36.354430,25.376020,GR,BCH
Áspri,36.350250,25.382790,GR,BCH
Kámpia,36.348100,25.387350,GR,BCH
Kókkini,36.348510,25.394650,GR,BCH
Almyrá,36.347670,25.414250,GR,BCH
Perívolos,36.345080,25.464220,GR,BCH
Kórfos,36.438350,25.350020,GR,BCH
Áspros Gialós,37.622700,25.029660,GR,BCH
Paralia Vromolimnos,39.135870,23.446820,GR,BCH
Valtos Beach,39.285470,20.392490,GR,BCH
Monólithos,36.413320,25.482080,GR,BCH
Apothíka,38.244580,25.885080,GR,BCH
Kamári,36.377120,25.486180,GR,BCH
Ríva,36.452870,25.343160,GR,BCH
Krasas,38.586590,25.885390,GR,BCH
Ghalatou,38.588700,25.905460,GR,BCH
Kambia Beach,38.596600,25.979030,GR,BCH
Amadhes Beach,38.588590,26.043180,GR,BCH
Ghiosonas,38.563020,26.080890,GR,BCH
Ezousa,38.523530,25.846130,GR,BCH
Melanios Beach,38.543320,25.831450,GR,BCH
Aghios Isidhoros,38.470610,26.141990,GR,BCH
Glaroi Beach,38.444250,26.143320,GR,BCH
Papalia,38.431510,25.959270,GR,BCH
Gherita,38.443190,25.956120,GR,BCH
Managhros,38.464830,25.934390,GR,BCH
Limnos Beach,38.473020,25.910210,GR,BCH
Tighani,38.403450,25.967070,GR,BCH
Makria Amos,38.400910,25.972410,GR,BCH
Elinda,38.391270,25.990500,GR,BCH
Ghiali,38.372080,25.995240,GR,BCH
Abi,38.321730,26.153980,GR,BCH
Mavri,38.294800,26.132690,GR,BCH
Aghia Fotia,38.285440,26.120320,GR,BCH
Fana,38.206740,25.927240,GR,BCH
Karinda,38.194570,25.953310,GR,BCH
Vroulidhia,38.157010,26.008680,GR,BCH
Mavra Volia,38.181190,26.025620,GR,BCH
Kalamokanias beach,35.035670,25.969680,GR,BCH
Limanaki Beach,35.037670,25.973430,GR,BCH
Chani beach,35.039320,25.977640,GR,BCH
Lagoufa beach,35.036600,25.988850,GR,BCH
Elia Beach,37.422700,25.393200,GR,BCH
Paramonas Beach,39.510080,19.849420,GR,BCH
Kanouli,39.472030,19.865350,GR,BCH
Bali Beach,35.413590,24.783310,GR,BCH
Fyripláka,36.666410,24.464740,GR,BCH
Erotospiliá,37.893450,24.033030,GR,BCH
Paralía Freattydos,37.930300,23.646700,GR,BCH
Plaz Votsalákia,37.935680,23.655080,GR,BCH
Sarakíniko,36.742700,24.458280,GR,BCH
Pláthiena,36.753860,24.412640,GR,BCH
Nerodáfni,36.767910,24.412290,GR,BCH
Paralía Achivadólimnis,36.689790,24.448400,GR,BCH
Lagkáda,36.724930,24.441920,GR,BCH
Kokkósi,37.843140,23.014900,GR,BCH
Lychnári,37.839500,23.066100,GR,BCH
Váyia,37.841650,23.078380,GR,BCH
Skalosiá,38.066640,22.939260,GR,BCH
Stérna,38.052020,22.890280,GR,BCH
Paralía Skálas,37.709850,23.366240,GR,BCH
Paralía Sklirís,37.704970,23.371360,GR,BCH
Chalikádha,37.700670,23.372760,GR,BCH
Limnária,36.209100,22.916420,GR,BCH
Paralía Agíou Ioánni,36.677760,24.331800,GR,BCH
Tourkothálassa,36.748850,24.444720,GR,BCH
Kampánes,36.769370,24.413800,GR,BCH
Fatoúrena,36.700220,24.407900,GR,BCH
Tsigkrádo,36.661900,24.469330,GR,BCH
Geraniá,36.750240,24.447750,GR,BCH
Paralía Poríou,36.720840,23.023930,GR,BCH
Tsapi Beach,36.754890,21.854720,GR,BCH
Kalamaki Beach,36.745620,21.905390,GR,BCH
Memi Beach,36.782690,21.938710,GR,BCH
Zanga Beach,36.792920,21.957940,GR,BCH
Artaki Beach,36.798390,21.953250,GR,BCH
Agia Triada Beach,36.810050,21.937290,GR,BCH
Adele Beach,35.373560,24.541870,GR,BCH
Paralía Voudíon,36.748010,24.533230,GR,BCH
Tría Pigádia,36.729980,24.536420,GR,BCH
Kolympisiónas,36.723150,24.538220,GR,BCH
Agkáli,36.717110,24.540660,GR,BCH
Palióremma,36.699100,24.545370,GR,BCH
Paralía Theiorychía,36.694170,24.544730,GR,BCH
Lakopetra Beach,38.179650,21.487240,GR,BCH
Paralía Agías Eirínis,36.747990,24.486660,GR,BCH
Alogomántra,36.748650,24.487790,GR,BCH
Paralía Polychróni,36.760880,24.529190,GR,BCH
Paralía Kastanás,36.734480,24.537750,GR,BCH
Fódele,35.402160,24.954550,GR,BCH
Paralía Voïdokoiliá,36.963260,21.662570,GR,BCH
Afrotólakkoi,35.396460,23.551130,GR,BCH
Mávros Mólos,35.499840,23.647620,GR,BCH
Paralía Teloneíou,35.498090,23.657920,GR,BCH
Ái Giánnis,37.077980,25.586910,GR,BCH
Mikró Sési,38.242740,24.001680,GR,BCH
Blefutis Bay,37.190720,26.819090,GR,BCH
Lechoúni,39.267720,23.976790,GR,BCH
Lalariás,39.253790,23.972280,GR,BCH
Strovíli,39.235410,23.957000,GR,BCH
Kalýva Stamatíou,39.226600,23.949230,GR,BCH
Mourtítsa,39.221510,23.944710,GR,BCH
Ágios Dimítrios,39.219160,23.944020,GR,BCH
Vamvakiés,39.209550,23.934920,GR,BCH
Kalývia Alexíou,39.205760,23.931050,GR,BCH
Agálou Lákka,39.196340,23.876650,GR,BCH
Kalamákia,39.202700,23.929830,GR,BCH
Glýfa,39.195150,23.926230,GR,BCH
Tarsanádes,39.197130,23.978990,GR,BCH
Lianó,39.194720,23.978520,GR,BCH
Xýlo,39.190530,23.973620,GR,BCH
Vourliá,39.189060,23.962880,GR,BCH
Spasméni,39.183870,23.947500,GR,BCH
Ágios Pétros,39.188600,23.924900,GR,BCH
Tourkonéri,39.176480,23.879760,GR,BCH
Megáli Ámmos,39.179970,23.879560,GR,BCH
Leftó Gyalós,39.173690,23.907090,GR,BCH
Tzórtzi Gyalós,39.169740,23.898800,GR,BCH
Tsoukália,39.169500,23.870810,GR,BCH
Vrysítsa,39.155770,23.847470,GR,BCH
Gyaliá,39.156290,23.851220,GR,BCH
Miliá,39.161950,23.885370,GR,BCH
Chrysí Miliá,39.162540,23.894440,GR,BCH
Spartínes,39.154390,23.877880,GR,BCH
Mikrós Mourtiás,39.143540,23.838110,GR,BCH
Megálos Mourtiás,39.140680,23.844750,GR,BCH
Výthisma,39.137430,23.847230,GR,BCH
Rousoúm Gyalós,39.148280,23.869760,GR,BCH
Plákes,39.136250,23.861290,GR,BCH
Váïza,37.280530,23.117100,GR,BCH
Ligonéri,37.278460,23.131060,GR,BCH
Parádeisos,37.278740,23.127320,GR,BCH
Vréllou,37.279620,23.122920,GR,BCH
Lazaréto,37.277770,23.099880,GR,BCH
Scholí,37.274600,23.142370,GR,BCH
Kyrá Léni,37.271610,23.147740,GR,BCH
Kounoupítsa,37.270300,23.148960,GR,BCH
Tsakóna,37.267000,23.105180,GR,BCH
Ágios Nikólaos,37.264000,23.161320,GR,BCH
Ágios Mámas,37.265390,23.158390,GR,BCH
Agía Paraskeví,37.260880,23.110030,GR,BCH
Ágioi Anárgyroi,37.254560,23.115780,GR,BCH
Garýfalos,37.255590,23.166240,GR,BCH
Agía Marína,37.252650,23.163270,GR,BCH
Elénis,37.246270,23.124020,GR,BCH
Pigadáki,37.245320,23.163620,GR,BCH
Kouzounós,37.240980,23.161490,GR,BCH
Vríka,39.161150,20.223040,GR,BCH
Mesovríka,39.160130,20.225360,GR,BCH
Rodováni,39.151440,20.217680,GR,BCH
Pláka,39.155050,20.230420,GR,BCH
Megálo Agní,39.150750,20.238040,GR,BCH
Mikró Agní,39.148760,20.238610,GR,BCH
Skídi,39.145570,20.242160,GR,BCH
Sarakíniko,39.141390,20.239410,GR,BCH
Galázio,39.187650,20.165310,GR,BCH
Bállos,39.188160,20.200780,GR,BCH
Aftiá Gaïdárou,39.190940,20.199300,GR,BCH
Soulánena,39.191370,20.197280,GR,BCH
Défteri Spiántza,39.193960,20.192760,GR,BCH
Melísi,39.198710,20.188700,GR,BCH
Giánnas,39.195500,20.189660,GR,BCH
Achái,39.199780,20.149310,GR,BCH
Trypití,39.211620,20.176940,GR,BCH
Kakí Lagkáda,39.210000,20.177810,GR,BCH
Kamíni,39.208770,20.181030,GR,BCH
Kloní - Goulí,39.207810,20.182910,GR,BCH
Pnigméni,39.212430,20.175580,GR,BCH
Aláti,39.214260,20.172820,GR,BCH
Kipiádi,39.217420,20.168950,GR,BCH
Levrechió,39.225360,20.164700,GR,BCH
Marmariá,39.223850,20.166600,GR,BCH
Kípos,39.221520,20.169110,GR,BCH
Glyfáda,39.229820,20.155070,GR,BCH
Monodéndri,39.231360,20.151890,GR,BCH
Lákkos,39.234530,20.147370,GR,BCH
Órkos,39.236510,20.143060,GR,BCH
Kanóni,39.235120,20.133160,GR,BCH
Plánoi,39.234980,20.126210,GR,BCH
Charamí,39.235870,20.131540,GR,BCH
Arkoudáki,39.238340,20.139970,GR,BCH
Giáli,36.217440,27.571390,GR,BCH
Límnes,36.215170,27.582810,GR,BCH
Fleá,36.215090,27.583870,GR,BCH
Paralía Amádon,38.589500,26.041390,GR,BCH
Paralía Kampión,38.597030,25.980890,GR,BCH
Paralía Melanioú,38.543140,25.831490,GR,BCH
Paralía Límnou,38.473160,25.909800,GR,BCH
Paralía Gláron,38.444190,26.143600,GR,BCH
Metóchi,38.417180,25.963390,GR,BCH
Kontári,38.336490,26.145540,GR,BCH
Ámpi,38.321590,26.153800,GR,BCH
Karýnta,38.194760,25.952880,GR,BCH
Kavalourkó,37.659710,25.060730,GR,BCH
Agía Thálassa,37.659840,25.056840,GR,BCH
Vólia,37.656740,25.054910,GR,BCH
Kolympíthra,37.629990,25.141610,GR,BCH
Apothíkes,37.632660,25.151350,GR,BCH
Liváda,37.610100,25.237260,GR,BCH
Ágios Dimítrios,37.567720,25.239690,GR,BCH
Sánta Margaríta,37.563970,25.234310,GR,BCH
Lychnaftiá,37.555280,25.229140,GR,BCH
Pachiá Ámmos,37.542400,25.229200,GR,BCH
Agía Kyriakí,37.534730,25.219420,GR,BCH
Laoúti,37.533010,25.212340,GR,BCH
Ágios Sóstis,37.530700,25.209310,GR,BCH
Ágios Fokás,37.530450,25.179610,GR,BCH
Pachiá Ámmos,37.553650,25.130670,GR,BCH
Dialiskári,37.551770,25.120490,GR,BCH
Vórni,37.553370,25.115870,GR,BCH
Panoúsa,37.560840,25.112020,GR,BCH
Ágios Romanós,37.571160,25.112050,GR,BCH
Apiganiá,37.575820,25.105140,GR,BCH
Kantáni,37.579700,25.101900,GR,BCH
Ágios Pétros,37.587600,25.084610,GR,BCH
Kalývia,37.591660,25.073650,GR,BCH
Giannáki,37.595440,25.068420,GR,BCH
Sudan Beach,-54.316670,-36.450000,GS,BCH
Papua Beach,-54.250000,-36.566670,GS,BCH
Balsam Beach,-54.316670,-36.433330,GS,BCH
Binder Beach,-54.016670,-37.716670,GS,BCH
Bonner Beach,-54.833330,-36.016670,GS,BCH
Brighton Beach,-54.116670,-37.166670,GS,BCH
Paradise Beach,-54.833330,-36.166670,GS,BCH
Paul Beach,-54.066670,-37.400000,GS,BCH
Playa San José Churidín,14.133330,-91.683330,GT,BCH
Outhouse Beach,13.464170,144.656070,GU,BCH
Ritidian Beach,13.654180,144.862270,GU,BCH
Salinas Beach,13.390010,144.660240,GU,BCH
Taelayag Beach,13.352770,144.644230,GU,BCH
Tagachan Beach,13.404280,144.781450,GU,BCH
Tanguisson Beach,13.552730,144.811970,GU,BCH
Tarague Beach,13.625000,144.895800,GU,BCH
Tipalao Beach,13.417200,144.647810,GU,BCH
Togcha Beach,13.397520,144.662510,GU,BCH
Trinchera Beach,13.479600,144.766370,GU,BCH
Ulomnia Beach,13.284600,144.763580,GU,BCH
Uruno Beach,13.632720,144.843620,GU,BCH
Ypao Beach,13.504280,144.789160,GU,BCH
Gongna Beach,13.519130,144.806110,GU,BCH
Gabgab Beach,13.441930,144.642170,GU,BCH
Family Beach,13.463800,144.647540,GU,BCH
Falcona Beach,13.612430,144.835520,GU,BCH
Dadi Beach,13.413350,144.657070,GU,BCH
Asiga Beach,13.314920,144.771350,GU,BCH
Atao Beach,13.257690,144.735320,GU,BCH
Dungcas Beach,13.490200,144.775000,GU,BCH
Haputo Beach,13.577540,144.831260,GU,BCH
Naton Beach,13.512790,144.803020,GU,BCH
NCS Beach,13.543260,144.808300,GU,BCH
Rizal Beach,13.405730,144.661190,GU,BCH
Perez Beach,13.290070,144.763670,GU,BCH
Praia das Vacas,12.183330,-16.416670,GW,BCH
Praia de Udane,11.233330,-16.266670,GW,BCH
Praia de Calim,11.916670,-16.316670,GW,BCH
Praia Bontom,11.783330,-16.133330,GW,BCH
Turtle Beach,8.043700,-59.136760,GY,BCH
Papaw Beach,7.936330,-59.022860,GY,BCH
Luri Beach,8.248010,-59.469650,GY,BCH
Kamawatta Beach,8.177360,-59.352920,GY,BCH
Ité Beach,7.783330,-58.900000,GY,BCH
Foxes Beach,7.991860,-59.080250,GY,BCH
Father’s Beach,7.683330,-58.800000,GY,BCH
Skua Beach,-53.083330,73.666670,HM,BCH
Long Beach,-53.200000,73.483330,HM,BCH
Gilchrist Beach,-53.033330,73.600000,HM,BCH
Fairchild Beach,-53.066670,73.650000,HM,BCH
Sandy Beach,17.416670,-83.900000,HN,BCH
Playa de Ratón,13.298890,-87.497500,HN,BCH
North Beach,17.416670,-83.933330,HN,BCH
Los Delgaditos,13.183330,-87.416670,HN,BCH
Guataly Guipo,13.116670,-87.416670,HN,BCH
Playas El Carretal,13.233330,-87.450000,HN,BCH
Playas Condega,13.116670,-87.400000,HN,BCH
Las Playas de Cedeño,13.192500,-87.441670,HN,BCH
Playa Boca de Río Viejo,13.216940,-87.455000,HN,BCH
Playa del Carretal,13.249170,-87.471110,HN,BCH
Playa del Inquente,13.331390,-87.465280,HN,BCH
Playa de Aguirres,13.267500,-87.614170,HN,BCH
Playa Blanca,13.312220,-87.598890,HN,BCH
Playa Bonita,13.289440,-87.626670,HN,BCH
Playa Brava,13.254170,-87.621670,HN,BCH
Playa Caracol,13.278610,-87.659720,HN,BCH
Playa de Carey,13.322780,-87.576110,HN,BCH
Playa de Cedro,13.293330,-87.636110,HN,BCH
Playa Ceiba Cruz,13.260560,-87.663610,HN,BCH
Playa del Coyol,13.310830,-87.681670,HN,BCH
Playa del Diablo,13.298330,-87.641390,HN,BCH
Playa El Burro,13.292500,-87.628610,HN,BCH
Playa El Cedro,13.311390,-87.581390,HN,BCH
Playa El Cedro,13.290280,-87.657220,HN,BCH
El Zapote,13.278330,-87.618610,HN,BCH
Playona de Exposición,13.313610,-87.676390,HN,BCH
Playa Grande,13.271670,-87.661390,HN,BCH
Gualora Vieja,13.276110,-87.617220,HN,BCH
Playa Gualora Vieja,13.278330,-87.616390,HN,BCH
Playa Gualorita,13.290000,-87.626940,HN,BCH
Playa de La Calera,13.326390,-87.575560,HN,BCH
Playa de La Flor,13.285830,-87.658060,HN,BCH
Playa de La Guayaba,13.320000,-87.581110,HN,BCH
Playa La Máquina,13.293060,-87.648330,HN,BCH
Playa de La Menuda,13.320830,-87.668610,HN,BCH
Playa de La Tiguilotada,13.262220,-87.616110,HN,BCH
Playa de Licona,13.292780,-87.632780,HN,BCH
Playa Marcelo,13.263330,-87.662500,HN,BCH
Playa del Muerto,13.315560,-87.581390,HN,BCH
Playa del Papayal,13.322220,-87.680280,HN,BCH
Playa San Antonio,13.309170,-87.617780,HN,BCH
Playa Secundino,13.307780,-87.584170,HN,BCH
Playa Brava,13.306390,-87.588330,HN,BCH
Beach Vela Riva,45.100450,14.470120,HR,BCH
Komostrin Beach,45.082040,14.431310,HR,BCHS
Nugal Beach,43.279540,17.034280,HR,BCH
Drvenik west beaches,43.169000,17.205780,HR,BCHS
Rucica Beach,44.501470,15.021290,HR,BCH
Ruskamen,43.407890,16.750470,HR,BCH
Zlatni Rat Beach,43.256870,16.634400,HR,BCH
Bord-de-Mer Jean-Rabel,19.900000,-73.200000,HT,BCH
Cyvadier Beach,18.224900,-72.468070,HT,BCH
Kaliko Plage,18.909710,-72.642810,HT,BCH
Kyona Plage,18.860090,-72.607790,HT,BCH
Moulin-sur-Mer,18.942760,-72.710290,HT,BCH
Gaby Plage,18.139130,-73.831510,HT,BCH
Gelée,18.177560,-73.775050,HT,BCH
Plage Dauphinée,18.086380,-73.923780,HT,BCH
Ravine Diable,18.189470,-71.926040,HT,BCH
Cojurel,18.230910,-72.316990,HT,BCH
Ti Mouillage,18.234030,-72.378680,HT,BCH
Cocoyer Plage,18.465140,-72.994980,HT,BCH
Guillou Plage,18.544670,-72.537760,HT,BCH
Plage Taïno,18.432710,-72.796750,HT,BCH
Ça-Ira,18.527920,-72.646430,HT,BCH
Petite Anse,18.148630,-72.872690,HT,BCH
Ibo Plage,18.693440,-72.381210,HT,BCH
Amani,19.092680,-72.760000,HT,BCH
Cormier Plage,19.783040,-72.229460,HT,BCH
Labadie,19.786610,-72.244490,HT,BCH
Plage la Bouque,19.729670,-71.936870,HT,BCH
Parangtritis,-8.022220,110.321110,ID,BCH
Pemandian Florida,-5.916670,106.000000,ID,BCH
Pemandian Cilincing,-6.100000,106.916670,ID,BCH
Pantai Gergain,-8.258330,128.033330,ID,BCH
Pantai Kiera,-8.133330,128.091670,ID,BCH
Pantai Wonreli,-8.087500,127.144440,ID,BCH
Pantai Malara,-8.050000,127.136110,ID,BCH
Pantai Purapura,-8.050000,127.212500,ID,BCH
Pantai Congot,-7.900830,110.032780,ID,BCH
Pantai Glagah Indah,-7.913610,110.066110,ID,BCH
Pantai Trisik,-7.976390,110.192780,ID,BCH
Pantai Popong,-7.763890,109.513890,ID,BCH
Pantai Cliringsilongob,-7.766670,109.533060,ID,BCH
Pantai Gilianyar,-7.769170,109.550000,ID,BCH
Pantai Petanahan,-7.774440,109.580830,ID,BCH
Pantai Ambal,-7.802220,109.715280,ID,BCH
Pantai Bocor,-7.790280,109.664720,ID,BCH
Pantai Widarapayung,-7.696940,109.253890,ID,BCH
Pantai Jetis,-7.715000,109.375000,ID,BCH
Pantai Karangbolong,-7.758610,109.470830,ID,BCH
Samas,-8.006110,110.264720,ID,BCH
Depok,-8.016110,110.300280,ID,BCH
Parangendog,-8.030000,110.344170,ID,BCH
Lovina Beach,-8.148110,115.039130,ID,BCHS
Legian Beach,-8.702660,115.164910,ID,BCH
Sawangbunga,4.597700,95.632500,ID,BCH
Pantai Indah Sialang Buah,3.574100,99.116900,ID,BCH
Pantai Purwahamba,-6.870900,109.256400,ID,BCH
Pantai Giliketapang,-7.680200,113.245300,ID,BCH
Pantai Mananawo,3.434400,125.674600,ID,BCH
Pantai Balane,3.606300,125.574000,ID,BCH
Pantai Taloara,3.600100,125.579400,ID,BCH
Pantai Talala,3.516100,125.654800,ID,BCH
Pantai Lue,3.544100,125.636000,ID,BCH
Pantai Simueng,3.536800,125.615100,ID,BCH
Bonggilo Dahaga,0.487200,121.506200,ID,BCH
Pantai Sine,-8.288100,111.936500,ID,BCH
Sanur,-8.674620,115.264050,ID,BCH
Sindhu,-8.684300,115.264500,ID,BCH
Pantai Ujung,-8.471500,115.631500,ID,BCH
Pantai Roka,-8.629040,122.717180,ID,BCH
Pantai Batubelig,-8.674600,115.146100,ID,BCH
Pantai Seminyak,-8.692500,115.158500,ID,BCH
Pantai Legian,-8.705000,115.165000,ID,BCH
Pantai Kuta,-8.720700,115.169300,ID,BCH
Pantai Nusadua,-8.778010,115.225370,ID,BCH
Pantai Indah,0.502300,123.049300,ID,BCH
Pantai Carita,-6.295500,105.838900,ID,BCH
Pantai Karangsari,-6.297300,105.840400,ID,BCH
Pantai Matahari,-6.242900,105.825100,ID,BCH
Pantai Bulakan,-6.193800,105.840500,ID,BCH
Pantai Marina,-6.143800,105.856000,ID,BCH
Pantai Badur,-6.479100,105.658100,ID,BCH
Pantai Punaga,-7.670800,107.737500,ID,BCH
Pantai Manalusu,-7.588200,107.622600,ID,BCH
Pantai Grom,-5.516400,104.681130,ID,BCH
Balekambang,-7.692700,108.537200,ID,BCH
Pantai Kartini,-6.702900,111.342200,ID,BCH
Pasir Medangan,-8.380100,112.400000,ID,BCH
Pasir Nylonggringsoloko,-8.382100,112.415800,ID,BCH
Pasir Panjang,-8.390100,112.430600,ID,BCH
Pasir Putih,-8.398400,112.444800,ID,BCH
Pasir Bantol,-8.396800,112.462700,ID,BCH
Pasir Muncar,-8.396000,112.479500,ID,BCH
Pantai Bajulmati,-8.436900,112.641800,ID,BCH
Pantai Sendangbiru,-8.432300,112.684100,ID,BCH
Pantai Sipelot,-8.381500,112.896700,ID,BCH
Pantai Paseban,-8.321880,113.328360,ID,BCH
Pantai Kucur,-8.381100,113.461900,ID,BCH
Pantai Watuulo,-8.426100,113.571900,ID,BCH
Pasir Panjang,1.188070,104.436640,ID,BCH
Siring Kemuning,-6.884740,113.050490,ID,BCH
Pantai Lombang,-6.918000,114.065400,ID,BCH
Pantai Labuansait,-8.806300,115.112300,ID,BCH
Pantai Suluban,-8.816300,115.088300,ID,BCH
Pantai Deere,-8.127500,124.579700,ID,BCH
Pantai Selasih,-8.647400,115.114800,ID,BCH
Panti Somed,-8.252700,124.213800,ID,BCH
Pantai Werur,-0.415350,132.190190,ID,BCH
Pantai Rawan,-8.921110,116.454310,ID,BCH
Pantai Bertok,-8.919180,116.459500,ID,BCH
Tanjung Bloam,-8.880830,116.571790,ID,BCH
Pantai Pink / Tangsi,-8.859590,116.579620,ID,BCH
Pantai Sowan,-8.859650,116.585000,ID,BCH
Pantai Liang,-8.608040,122.769700,ID,BCH
Pantai Pedenlaran,-8.606830,122.763600,ID,BCH
Pantai Waiokang,-8.605370,122.752940,ID,BCH
Echo Beach,-8.655400,115.125210,ID,BCH
Soka Beach,-8.529100,114.995810,ID,BCH
Howes Strand,51.639170,-8.648060,IE,BCH
Merrion Strand,53.316940,-6.194440,IE,BCH
Sandymount Strand,53.332220,-6.200000,IE,BCH
Sutton Strand,53.388060,-6.118610,IE,BCH
Velvet Strand,53.421390,-6.120560,IE,BCH
Ring Mahon Strand,51.883330,-8.383330,IE,BCH
Lakeland Strand,51.883330,-8.383330,IE,BCH
Golden Strand,51.591390,-9.651110,IE,BCH
Dursey Strand,51.613330,-10.161940,IE,BCH
White Strand,51.615830,-10.125560,IE,BCH
Carrahane Strand,52.322780,-9.839170,IE,BCH
Banna Strand,52.341110,-9.840280,IE,BCH
Boat Strand,52.138330,-7.313330,IE,BCH
Tramore Strand,52.153060,-7.124170,IE,BCH
Tullan Strand,54.498330,-8.265280,IE,BCH
White Strand,52.759170,-9.503890,IE,BCH
Ballinreavy Strand,54.797500,-8.455280,IE,BCH
Bunduff Strand,54.458330,-8.440560,IE,BCH
Trawalua Strand,54.440280,-8.470830,IE,BCH
Ardtermon Strand,54.336670,-8.636390,IE,BCH
Yellow Strand,54.343610,-8.654720,IE,BCH
Leamore Strand,53.078890,-6.036390,IE,BCH
Trawmore Sand,53.965560,-10.059440,IE,BCH
Keem Strand,53.966180,-10.192740,IE,BCH
Dooniver Strand,54.002000,-9.935130,IE,BCH
Carrownisky Beach,53.733530,-9.895760,IE,BCH
H̱of Almog,29.513010,34.925550,IL,BCH
H̱of HaKarmel,32.805890,34.956140,IL,BCH
H̱of HaDeqel,29.540080,34.947030,IL,BCH
Dolfinim H̱of,29.526380,34.935830,IL,BCH
Rif HaDolfinim,29.525830,34.935800,IL,BCH
H̱of HaKefar,29.514350,34.926530,IL,BCH
H̱of Nesikha,29.495870,34.908280,IL,BCH
H̱of Ofir,29.497840,34.911690,IL,BCH
H̱of Migdalor,29.502200,34.917650,IL,BCH
H̱of Diyagim,29.547290,34.953250,IL,BCH
H̱of Mifraẕ HaShemesh,29.546410,34.968590,IL,BCH
H̱of Sheẖafim,29.547090,34.966070,IL,BCH
H̱of Kokhav HaYam,29.547680,34.964750,IL,BCH
H̱of HaZahav,29.548000,34.963980,IL,BCH
H̱of Royal,29.548340,34.963160,IL,BCH
H̱of Nevi‘ot,29.548640,34.962090,IL,BCH
H̱of Meridien,29.546490,34.952600,IL,BCH
H̱of HaSela‘ HaAdom,29.548430,34.953640,IL,BCH
H̱of Umm Rashrash,29.549180,34.954060,IL,BCH
H̱of Penina,29.549790,34.955210,IL,BCH
H̱of Neptune,29.549760,34.956300,IL,BCH
H̱of Moria,29.549570,34.957440,IL,BCH
H̱of Tarshish,29.549360,34.958600,IL,BCH
H̱of Beẕet,33.081780,35.106460,IL,BCH
H̱of Qiryat H̱ayyim,32.832960,35.051190,IL,BCH
H̱of Yammit,32.840860,35.057580,IL,BCH
H̱of Zevulun,32.446170,34.877940,IL,BCH
H̱of Ziqim,31.610400,34.503270,IL,BCH
Neurim Beach,32.366150,34.857950,IL,BCH
H̱of Raẖaẕa Me ‘Ami,31.812530,34.638910,IL,BCH
H̱of Raẖaẕa Lido,31.807670,34.636330,IL,BCH
H̱of Raẖaẕa Oranim,31.805630,34.635190,IL,BCH
H̱of Qeshetot,31.800680,34.632640,IL,BCH
H̱of Raẖaẕa Rova‘ Yod Alef,31.788060,34.625670,IL,BCH
H̱of Be’er Sheva‘,31.772750,34.616330,IL,BCH
H̱of Nifrad,31.790770,34.627160,IL,BCH
H̱of Ne‘urim,32.352400,34.854250,IL,BCH
H̱of ‘En Hitkhelet,32.349690,34.853730,IL,BCH
H̱of Herẕl,32.330370,34.846860,IL,BCH
H̱of Sironit,32.327130,34.845930,IL,BCH
H̱of Ha‘Onot,32.334710,34.850100,IL,BCH
H̱of Qiryat Ẕanz,32.345000,34.852910,IL,BCH
H̱of Argaman,32.301740,34.841140,IL,BCH
HaH̱of HaYaroq,32.273430,34.832860,IL,BCH
The Ayre,54.400000,-4.416670,IM,BCH
Elliot’s Beach,13.001390,80.274170,IN,BCH
Marina Beach,13.051390,80.283890,IN,BCH
Chowpatty beach,18.955410,72.809790,IN,BCH
Betalbatim Beach,15.292550,73.908120,IN,BCH
Baga Beach,15.555440,73.751570,IN,BCH
Devka Beach,20.446460,72.832630,IN,BCH
Arossim Beach,15.328020,73.895590,IN,BCH
Arambol Beach,15.686670,73.702470,IN,BCH
Papanasam Beach,8.732530,76.706240,IN,BCH
Varca Beach,15.220940,73.929000,IN,BCH
Svínafellsfjara,63.781830,-17.018050,IS,BCH
Suðurfjörur,64.238300,-15.310670,IS,BCH
Sólheimafjara,63.451920,-19.347740,IS,BCH
Skógafjara,63.466670,-19.500000,IS,BCH
Skjótutó,65.983710,-14.612950,IS,BCH
Skjólfjörur,65.766670,-14.566670,IS,BCH
Skaftafellsfjara,63.785520,-17.194310,IS,BCH
Sjávarsandur,65.983330,-17.533330,IS,BCH
Meðallandsfjörur,63.546500,-17.910670,IS,BCH
Lyngtó,65.969090,-14.606320,IS,BCH
Hvalfjara,66.379160,-14.818870,IS,BCH
Héraðssandur,65.671270,-14.327070,IS,BCH
Fjörur,64.340820,-14.875340,IS,BCH
Fauskasandur,64.483990,-14.482880,IS,BCH
Austurfjörur,64.241800,-15.086310,IS,BCH
Staðareyrar,66.256330,-22.837740,IS,BCH
Hafnarskeið,63.875970,-21.354360,IS,BCH
Geirseyri,65.596270,-24.008220,IS,BCH
Kirkjusandur,64.150910,-21.887450,IS,BCH
Spiaggia della Plaia,37.484090,15.086820,IT,BCH
Spiaggia di Marianello,37.098160,13.928410,IT,BCH
Marina Corta,38.466670,14.950000,IT,BCH
Spiaggia di Quartu,39.223200,9.197670,IT,BCH
Spiaggia del Poetto,39.208610,9.169170,IT,BCH
Rinagghiu,41.009310,8.876700,IT,BCH
Litorale di Pellestrina,45.278060,12.303890,IT,BCH
Spiaggia Miliscola,40.788600,14.070140,IT,BCH
Litorale di Lido,45.378140,12.347300,IT,BCH
Lido di Latino,41.407940,12.865250,IT,BCH
Cala Ginepro,40.433330,9.783330,IT,BCH
li Cossi,41.046020,8.935400,IT,BCH
Litorale del Cavallino,45.453990,12.498150,IT,BCH
Spiaggia del Castello,41.866670,16.166670,IT,BCH
Bersaglio,43.634680,13.390530,IT,BCH
Lido Bruno,40.409050,17.218970,IT,BCH
Marina Di Ferrara,40.518790,17.117600,IT,BCH
Lido Azzurro,40.513330,17.139720,IT,BCH
Spiaggia di Sèrapo,41.209440,13.565280,IT,BCH
Litorale Sant Erasmo,45.455560,12.416390,IT,BCH
Litorale del Cavallino,45.438030,12.450260,IT,BCH
Spiaggia di Barrabarca,42.748380,10.360860,IT,BCHS
Zucale,42.751840,10.358850,IT,BCHS
Lido di Capoliveri,42.760700,10.354850,IT,BCHS
San Giorgio,40.239770,18.456260,IT,BCH
Frassanito,40.233770,18.460290,IT,BCH
Alimini,40.206080,18.457930,IT,BCH
Campu Longu,39.130380,9.504620,IT,BCHS
Villasimius - Campu Longu,39.128850,9.506410,IT,BCHS
Playa di Catania,37.479250,15.085520,IT,BCH
Giulianova Beach,42.769350,13.961560,IT,BCH
Cala Bitta,41.124960,9.470590,IT,BCH
Calabona,40.546140,8.320440,IT,BCH
Spiaggia Zaiana,41.945730,16.041100,IT,BCH
La Praiola,38.154680,13.080800,IT,BCH
Lido Squalo Beach,38.057510,13.018050,IT,BCH
Cala Mosche,36.824500,15.106150,IT,BCH
Baia di Campi,41.815270,16.194770,IT,BCH
Baia di Vignanotica,41.761480,16.164750,IT,BCH
Baia delle Zagare,41.746120,16.144950,IT,BCH
Baia di Calenella,41.942370,15.983630,IT,BCH
Compultitu,40.321160,8.454210,IT,BCH
Cala Goloritzè,40.107930,9.689780,IT,BCH
Spiaggia Sayonara,41.583000,12.501560,IT,BCH
Sombrero,41.283530,13.249400,IT,BCH
Lido Colonna,41.267820,16.441210,IT,BCH
Matinelle Beach,41.260440,16.452060,IT,BCH
SoundRise Beach,40.121600,16.649740,IT,BCH
Spiaggia a Taranto,40.332750,17.425600,IT,BCH
Spiaggia Alimini,40.201130,18.459830,IT,BCH
La Bussola,41.236440,13.102420,IT,BCH
Spiaggia delle Bambole,41.239140,13.477090,IT,BCH
Spiaggia Dell'Agave,41.213590,13.542030,IT,BCH
Ultima spiaggia,41.210830,13.544480,IT,BCH
Spiaggia dei Sassolini,41.250620,13.694910,IT,BCH
S.L.O Rodolfo beach,40.995160,13.958090,IT,BCH
Bagni Pagana,44.340710,9.224490,IT,BCH
Spiaggia di Calamosca,39.186410,9.151960,IT,BCH
Spiaggia del Poetto di Quartu Sant'Elena,39.225970,9.206260,IT,BCH
Spiaggia di Marina di Capitana,39.204980,9.313460,IT,BCH
Spiaggia di Is Mortorius,39.198790,9.327250,IT,BCH
Spiaggia di Cala Regina,39.179230,9.355350,IT,BCH
Spiaggia di Mari Pintau,39.173340,9.371630,IT,BCH
Spiaggia di Kal'e Moru,39.168320,9.376850,IT,BCH
Spiaggia di Marongiu,39.165580,9.381500,IT,BCH
Spiaggia di Baccu Mandara,39.161830,9.385320,IT,BCH
Spiaggia di Genn'e Mari,39.144310,9.406150,IT,BCH
Spiaggia di Solanas,39.133860,9.430120,IT,BCH
Spiaggia di Capo Boi,39.123510,9.439250,IT,BCH
Spiaggia di Porto Sa Ruxi,39.130240,9.454770,IT,BCH
Spiaggia di Campulongu,39.129300,9.505440,IT,BCH
Spiaggia del Porto di Villasimius,39.116240,9.505320,IT,BCH
Spiaggia di Capo Carbonara,39.105710,9.518540,IT,BCH
Spiaggia di Porto Giunco,39.113020,9.518690,IT,BCH
Spiaggia di Notteri,39.117130,9.520420,IT,BCH
Spiaggia di Simius,39.127090,9.529660,IT,BCH
Spiaggia di Is Traias,39.130120,9.534540,IT,BCH
Spiaggia di Punta Molentis,39.133500,9.556410,IT,BCH
Spiaggia di Marina di San Pietro,39.199870,9.563060,IT,BCH
Spiaggia di cala Monte Turno,39.208030,9.565470,IT,BCH
Spiaggia di Santa Giusta,39.230480,9.569180,IT,BCH
Spiaggia delle Ginestre,39.244100,9.571650,IT,BCH
Spiaggia di Marina Rei,39.262520,9.580670,IT,BCH
Spiaggia Del Rei Sole,39.276550,9.589610,IT,BCH
Spiaggia Porto Pirastu,39.294780,9.608120,IT,BCH
Spiaggia di Cala Sa Figu,39.311780,9.612490,IT,BCH
Spiaggia di Porto Corallo,39.435880,9.632740,IT,BCH
Spiaggia di Tramatzu,39.449070,9.639150,IT,BCH
Spiaggia di Foxi Murdegu,39.662690,9.650610,IT,BCH
Spiaggia della Marina di Tertenia,39.694730,9.659460,IT,BCH
Spiaggia di Coccorocci,39.726420,9.675590,IT,BCH
Spiaggia di Cala Luas,39.735540,9.674210,IT,BCH
Spiaggia di Su Sirboni,39.744630,9.674260,IT,BCH
Spiaggia di Perd'e Pera,39.770580,9.668230,IT,BCH
Spiaggia di Museddu,39.774980,9.668330,IT,BCH
Spiaggia della Marina di Cardedu,39.784630,9.669960,IT,BCH
Spiaggia di Foddini,39.789540,9.670310,IT,BCH
Spiaggia di Cea,39.868680,9.682990,IT,BCH
Spiaggia di Cala Ginepro,39.881490,9.681470,IT,BCH
Spiaggia del Lido di Orrì,39.900370,9.682030,IT,BCH
Spiaggia di S'Orologiu,39.909740,9.685450,IT,BCH
Spiaggia di Porto Frailis,39.924390,9.705060,IT,BCH
Spiaggia di Cala Moresca,39.935670,9.710470,IT,BCH
Spiaggia delle Rocce Rosse,39.938890,9.709680,IT,BCH
Spiaggia della Capannina,39.942140,9.691670,IT,BCH
Spiaggia di Isula Manna,39.954810,9.685390,IT,BCH
Pollu,39.972680,9.686870,IT,BCH
Spiaggia di Santa Maria Navarrese,39.987140,9.688970,IT,BCH
Spiaggia di San Giovanni,39.989810,9.691600,IT,BCH
Spiaggia di Cala dei Gabbiani,40.119140,9.681100,IT,BCH
Spiaggia di Cala Mariolu,40.123720,9.676620,IT,BCH
Cala Sisine,40.179630,9.634480,IT,BCH
Spiaggia di Cala Luna,40.224860,9.626500,IT,BCH
Cala Fuili,40.256280,9.625210,IT,BCH
Spiaggia di Ziu Martine,40.259880,9.625650,IT,BCH
Spiaggia di Sos Dorroles,40.274320,9.631120,IT,BCH
Spiaggia di Palmasera,40.276880,9.632640,IT,BCH
Cala Osalla di Dorgali,40.329770,9.676480,IT,BCH
Spiaggia di Su Barone,40.346120,9.692180,IT,BCH
Spiaggia di Cala Liberotto,40.417960,9.771570,IT,BCH
Spiaggia di Cala Ginepro di Orosei,40.447420,9.793990,IT,BCH
Spiaggia di Berchida,40.476950,9.810120,IT,BCH
Spiaggia di Capo Comino,40.543690,9.797470,IT,BCH
Spiaggia di San Giovanni,40.620910,9.746270,IT,BCH
Spiaggia di Su Tiriarzu,40.630550,9.742210,IT,BCH
Spiaggia di Porto Ottiolu,40.736840,9.711890,IT,BCH
Spiaggia dell'Isuledda,40.764040,9.692430,IT,BCH
Spiaggia de La Cinta,40.785930,9.671030,IT,BCH
Spiaggia di Salina Manna,40.837450,9.697510,IT,BCH
Spiaggia della Baia Salinedda,40.834060,9.705880,IT,BCH
Spiaggia di Punta Est,40.839900,9.720300,IT,BCH
Spiaggia di Punta Molara,40.851620,9.689350,IT,BCH
Cala Girgolu,40.852920,9.666490,IT,BCH
Spiaggia dell'Isola dei Cavalli,40.885050,9.640430,IT,BCH
Spiaggia dell'Isola Piana,40.888250,9.648510,IT,BCH
Spiaggia di Porto Istana,40.893030,9.614950,IT,BCH
Spiaggia Ida,41.002520,9.619460,IT,BCH
Spiaggia Ira,41.026940,9.532110,IT,BCH
Spiaggia di Portisco,41.040000,9.522950,IT,BCH
Spaggia Rena Bianca,41.046690,9.524070,IT,BCH
Spiaggia Razza di Juncu per cani,41.049410,9.523160,IT,BCH
Spiaggia di Capriccioli,41.078400,9.550030,IT,BCH
Playa del príncipe,41.089100,9.561810,IT,BCH
Spiaggia del Grande Pevero,41.112320,9.546240,IT,BCH
Spiaggia del Piccolo Pevero,41.114590,9.540350,IT,BCH
Cala Granu,41.146060,9.526400,IT,BCH
Spiaggia di Cannigione,41.112290,9.441120,IT,BCH
Spiaggia Barca Bruciata,41.142130,9.430950,IT,BCH
Spiaggia del Golfo delle Saline,41.158740,9.405220,IT,BCH
Spiaggia di Punta Cardinalino,41.172170,9.422900,IT,BCH
Spiaggia di Baia Saraceno,41.178930,9.397650,IT,BCH
Spiaggia Punta Don Diego,41.181230,9.391660,IT,BCH
Spiaggia dell'Isolotto,41.179930,9.390250,IT,BCH
Spiaggia de La Galatea,41.185210,9.375800,IT,BCH
Spiaggia di Nelson,41.189430,9.366320,IT,BCH
Spiaggia di Porto Rafael,41.193450,9.364550,IT,BCH
Spiaggia di Cala Martinella,41.204100,9.364720,IT,BCH
Spiaggia di Cala di Trana,41.202740,9.353220,IT,BCH
Spiaggia di Talmone,41.202000,9.338520,IT,BCH
Spiaggia di Padula Piatta,41.188860,9.337910,IT,BCH
Spiaggia di Costa Serena,41.191620,9.339710,IT,BCH
Cala macchia mala,41.194300,9.288980,IT,BCH
Rena Bianca,41.245190,9.188990,IT,BCH
Spiaggia di Rena di Levante,41.235700,9.161930,IT,BCH
Spiaggia Zia Culumba,41.240260,9.158720,IT,BCH
Spiaggia La Padda,41.191400,9.162510,IT,BCH
Rena Majori,41.175170,9.171480,IT,BCH
Spiaggia Rio Li Sardi,41.127680,9.082990,IT,BCH
Spiaggia di Li Cossi,41.046880,8.935680,IT,BCH
Spiaggia di Cala Canneddi,41.026070,8.892410,IT,BCH
Spiaggia La Marinedda,41.015900,8.887700,IT,BCH
Spiaggia Li Mindi di Badesi,40.978360,8.857750,IT,BCH
Spiaggia della Baia delle Mimose,40.948200,8.825930,IT,BCH
Spiaggia di Valledoria,40.937330,8.812340,IT,BCH
Spiaggia di San Pietro,40.930240,8.801700,IT,BCH
Spiaggia di Lu Bagnu,40.906530,8.689480,IT,BCH
Spiaggia di Punta Li Paddimi,40.894010,8.657900,IT,BCH
Spiaggia della Marina di Sorso,40.829710,8.554710,IT,BCH
Spiaggia di Scoglio lungo,40.837950,8.408660,IT,BCH
Spiaggia della Pelosa,40.966000,8.209440,IT,BCH
Spiaggia dell'Argentiera,40.740320,8.147490,IT,BCH
Spiaggia di Porto Ferro,40.683940,8.205290,IT,BCH
Spiaggia di Mugoni,40.617600,8.202530,IT,BCH
Lazzaretto,40.582340,8.247040,IT,BCH
Spiaggia delle Bombarde,40.584400,8.258300,IT,BCH
Spiaggia di Punta Negra,40.593540,8.276520,IT,BCH
Spiaggia di Fertilia,40.594320,8.290500,IT,BCH
Spiaggia Lido di San Giovanni,40.569550,8.317890,IT,BCH
Spiaggia di Las Tronas,40.549670,8.318120,IT,BCH
Spiaggia Pòglina - Spiaggia Corallo,40.495870,8.369510,IT,BCH
Spiaggia di Porto Alabe,40.243700,8.474150,IT,BCH
Spiaggia di Sa Mesa Longa,40.046490,8.399320,IT,BCH
Spiaggia Putzu Idu,40.028740,8.406940,IT,BCH
Spiaggia di S'Arena Scoada,40.017620,8.414180,IT,BCH
Spiaggia di Su Tingiosu,39.977330,8.392350,IT,BCH
Spiaggia di Mari Ermi,39.968880,8.398450,IT,BCH
Spiaggia di Maimoni,39.911830,8.399960,IT,BCH
Spiaggia di San Giovanni di Sinis,39.880680,8.436680,IT,BCH
Spiaggia di Mare morto,39.880190,8.441790,IT,BCH
Spiaggia di Torregrande,39.905730,8.516420,IT,BCH
Abarossa Dog Beach,39.831560,8.553670,IT,BCH
Spiaggia di Torre dei Corsari,39.690910,8.452010,IT,BCH
Spiaggia di Funtanazza,39.615510,8.466170,IT,BCH
Spiaggia della Marina di Arbus,39.593830,8.467860,IT,BCH
Piscinas,39.543550,8.450390,IT,BCH
Scivu,39.495870,8.411880,IT,BCH
Spiaggia di Cala Domestica,39.373850,8.379630,IT,BCH
Spiaggia di Portoscuso,39.198670,8.388530,IT,BCH
Spiaggia di Cala Fico,39.157250,8.227520,IT,BCH
Spiaggia dello Spalmatore,39.116940,8.257380,IT,BCH
Spiaggia di Guidi,39.100560,8.298710,IT,BCH
Spiaggia di Girin,39.115710,8.309480,IT,BCH
Spiaggia di Isola Piana,39.190220,8.318350,IT,BCH
Spiaggia di Sottotorre,39.108560,8.364600,IT,BCH
Spiaggia delle Saline,39.098180,8.360830,IT,BCH
Spiaggia Grande,39.083560,8.356990,IT,BCH
Spiaggia della Tonnara,39.081190,8.354010,IT,BCH
Spiaggia di Cala Lunga,39.023370,8.374350,IT,BCH
Spiaggia di Cala Sapone,39.008780,8.385530,IT,BCH
Spiaggia di Coacuaddus,38.981580,8.443510,IT,BCH
Spiaggia di Maladroxia,38.998110,8.449130,IT,BCH
Spiaggia di Is Pruinis,39.038070,8.461340,IT,BCH
Spiaggia di Porto Botte,39.042770,8.568070,IT,BCH
Spiaggia di Porto Pino,38.957570,8.612770,IT,BCH
Spiaggia delle Dune o delle Sabbie Bianche,38.941280,8.622820,IT,BCH
Spiaggia di Tuerredda,38.894970,8.814080,IT,BCH
Spiaggia di Su Giudeu,38.883780,8.863350,IT,BCH
Spiaggia di Campana Dune,38.888930,8.870860,IT,BCH
Spiaggia di Chia,38.895940,8.881550,IT,BCH
Spiaggia di Sa Colonia,38.894760,8.878410,IT,BCH
Spiaggia di Su Portu,38.897310,8.886310,IT,BCH
Spiaggia del Pinus Village,38.917320,8.912210,IT,BCH
Spiaggia Riva dei Pini,38.922930,8.918070,IT,BCH
Spiaggia di Perla Marina,38.928170,8.925380,IT,BCH
Spiaggia Di Calaverde,38.934960,8.937610,IT,BCH
Spiaggia di Campumatta,38.947510,8.956130,IT,BCH
Spiaggia di Cala d'Ostia,38.952700,8.962830,IT,BCH
Spiaggia di Nora,38.989290,9.013510,IT,BCH
Spiaggia dei Fichi,38.994310,9.015860,IT,BCH
Spiaggia di Su Guventeddu,38.995800,9.017010,IT,BCH
Spiaggia di Porto Columbu,39.025390,9.027340,IT,BCH
Spiaggia di Torre degli Ulivi,39.130830,9.014050,IT,BCH
Spiaggia di Frutti d'Oro,39.140760,9.016840,IT,BCH
La Maddalena Spiaggia,39.151260,9.020830,IT,BCH
Spiaggia Vendicari,36.801110,15.094960,IT,BCH
Eloro Beach,36.838980,15.107230,IT,BCH
Spiaggia Lido di Avola,36.917580,15.155940,IT,BCH
Spiaggia Marina di Modica,36.709680,14.779980,IT,BCH
Spiaggia Sampieri,36.720380,14.744040,IT,BCH
Spiaggia Pane e Pomodoro,41.118540,16.892410,IT,BCH
Plaja Ulisse,36.696470,14.989420,IT,BCH
Marina di Schiavonea,39.656480,16.539540,IT,BCH
Lido di Liccola,40.879680,14.040310,IT,BCH
Marina di Varcaturo,40.899470,14.031940,IT,BCH
Spiaggia Porto San Giorgio,43.181700,13.799290,IT,BCH
Riviera dei Gelsomini,38.275960,16.309380,IT,BCHS
Spiaggia Sorriso,45.398500,12.363290,IT,BCH
Spiaggia Lungomare d'Annunzio,45.415110,12.379750,IT,BCH
Torre Mileto,41.918570,15.568050,IT,BCH
Lido del Gargano,41.923010,15.826420,IT,BCH
Campo di Mare,41.971740,12.036340,IT,BCH
Spiaggia finanza siracusa,37.040590,15.301930,IT,BCH
Guidaloca,38.028660,12.884080,IT,BCH
Mazza di Sciacca,38.056130,12.841340,IT,BCH
Playa San Vito Lo Capo,38.176950,12.735950,IT,BCH
Playa di Castellammare,38.024290,12.898790,IT,BCH
Playa Tritoni,37.929940,12.477520,IT,BCH
Playa Lido Zabbara,37.582180,12.831240,IT,BCH
Spiaggia Tre Fontane,37.566460,12.712330,IT,BCH
Puzziteddu,37.560020,12.677020,IT,BCH
Playa Porto Palo,37.576640,12.911070,IT,BCH
Spiaggia Ciache Bianche,37.545960,12.982170,IT,BCH
Spiaggia Di San Marco,37.509270,13.013970,IT,BCH
Playa Lido Garibaldi,37.390880,13.289760,IT,BCH
Playa Lido Sabbia D'oro,37.341410,13.382370,IT,BCH
Playa Lido La Spiaggetta,37.311880,13.424800,IT,BCH
Playa Lido Rossello,37.294600,13.456040,IT,BCH
San Leone,37.253990,13.599700,IT,BCH
Drasy,37.209830,13.656650,IT,BCH
Mandy Beach,37.103060,13.881350,IT,BCH
Playa Serenusa,37.108600,14.018530,IT,BCH
Lido Panama Beach,37.103160,14.114660,IT,BCH
Lido Manfria,37.096520,14.151940,IT,BCH
Spiaggia Bianca,38.499030,14.961760,IT,BCH
Coral beach,38.493010,14.962310,IT,BCH
Ficogrande,38.806370,15.238210,IT,BCH
Brigantini,38.572090,14.581540,IT,BCH
Spiaggia Citara,40.717270,13.861190,IT,BCH
Plage of Saint Montano in Lacco Ameno,40.757060,13.877690,IT,BCH
Spiaggia Pinarella,44.242310,12.372280,IT,BCH
Spiaggia Cesenatico,44.202390,12.407860,IT,BCH
Spiaggia Cervia,44.265330,12.360310,IT,BCH
Bagno Egisto,44.091300,12.534900,IT,BCH
Vatikaki,44.079520,12.552200,IT,BCH
Riviera of Rimini,44.078950,12.577460,IT,BCHS
Miramare Beach,44.035430,12.619710,IT,BCH
Riminiterme,44.027580,12.628780,IT,BCH
La Spiaggia Del Cuore,44.012730,12.648750,IT,BCH
La Spiaggia delle Donne,44.009410,12.653710,IT,BCH
Spiaggia Le Palme,44.006550,12.658940,IT,BCH
Spiaggia Andrea,44.003810,12.662470,IT,BCH
Spiaggia Della Rosa,43.999960,12.668080,IT,BCH
Portoverde Beach,43.972980,12.717870,IT,BCH
Augusto Stefano,43.970190,12.729240,IT,BCH
Spiaggia Cattolica,43.969230,12.733030,IT,BCH
Bagni Due Palme,43.901560,12.936140,IT,BCH
Miramare Beach,43.893080,12.948450,IT,BCH
Arzilla,43.853690,13.007000,IT,BCH
Spiaggia Viserbella,44.100370,12.521960,IT,BCH
Greta Benvenuti,44.134680,12.483320,IT,BCH
Vela,44.450500,12.294150,IT,BCH
Big Mama Beach,44.482510,12.286830,IT,BCH
Boca Do Mar,42.169860,11.740020,IT,BCH
Ultima Spiaggia,42.379110,11.444790,IT,BCH
Siaggia delle graticciare,42.374110,11.461470,IT,BCH
Riva del Marchese,42.386640,11.208760,IT,BCH
La capannuccia,42.417900,11.275950,IT,BCH
Braccio,42.409140,11.210510,IT,BCH
Tantulli Ulisse,42.438390,11.167060,IT,BCH
Cala Di Forno,42.617290,11.087330,IT,BCH
Medusa,42.695130,10.994630,IT,BCH
Oasi,42.689960,10.997060,IT,BCH
Kite Beach Fiumara,42.731550,10.961160,IT,BCH
Cala Civette,42.847700,10.775650,IT,BCH
Cala Violina,42.856670,10.774390,IT,BCH
Ultima Spiaggia,42.926540,10.744830,IT,BCH
Mirollino,42.945920,10.693260,IT,BCH
Calamoresca,42.935330,10.499130,IT,BCH
Fosso alle Canne,42.968460,10.485840,IT,BCH
Altamarea,42.996710,10.514610,IT,BCH
Ultima Spiaggia,43.020270,10.521960,IT,BCH
Cormorano,43.243300,10.524730,IT,BCH
Cala del Leone,43.463910,10.354300,IT,BCH
Spiaggia di Calignaia,43.465240,10.348470,IT,BCH
Spiaggia per Cani,43.507550,10.318730,IT,BCH
Spiaggia del Felciaio,43.518740,10.315220,IT,BCH
Spiaggia libera per cani,43.582970,10.297390,IT,BCH
La Lecciona,43.838950,10.247630,IT,BCH
Spiaggia della Marinella di San Terenzo,44.082980,9.894680,IT,BCH
La Spiaggia di Levanto,44.170250,9.607720,IT,BCH
Baia del Silenzio,44.269240,9.392950,IT,BCH
Ulivarella,38.379950,15.858090,IT,BCH
Spiaggia Costa Viola,38.385200,15.861490,IT,BCH
Spiaggia Di Palmi,38.398500,15.863940,IT,BCH
Spiaggia Gioia Tauro,38.434530,15.886600,IT,BCH
Spiaggia San Ferdinando,38.485190,15.913220,IT,BCH
Le Dune Blu,38.500930,15.917910,IT,BCH
Spiaggia Marina di Gioiosa Ionica,38.299370,16.333450,IT,BCH
Spiaggia di Siderno,38.266490,16.298860,IT,BCH
Spiaggia Villaggio Thurium,39.691540,16.525090,IT,BCH
Spiaggia Salicetti,39.682240,16.525370,IT,BCH
Spiaggia Fabrizio,39.641750,16.565300,IT,BCH
Spiaggia di Chiatona,40.516740,17.064730,IT,BCH
Spiaggia Castellaneta Marina,40.464660,16.941390,IT,BCH
Spiaggia Marina Palmense,43.148390,13.816400,IT,BCH
Spiaggia Lido di Fermo,43.206830,13.788660,IT,BCH
Spiaggia Porto Sant'Elpidio,43.261530,13.760440,IT,BCH
Spiaggia Cupra Marittima,43.026460,13.861510,IT,BCH
Spiaggia Pedaso,43.099700,13.843470,IT,BCH
Spiaggia Riva Verde,43.119960,13.832730,IT,BCH
Spiaggia Casabianca,43.215640,13.784820,IT,BCH
Spiaggia Locri,38.233560,16.267530,IT,BCH
Spiaggia Grotteria Mare,38.291850,16.322240,IT,BCH
Spiaggia Marina di Lesina,41.917000,15.334380,IT,BCH
Spiaggia Lido Cormoran,41.911480,15.346100,IT,BCH
Spiaggia Forio,40.738080,13.857860,IT,BCH
Spiaggia Ischia Porto,40.744350,13.946330,IT,BCH
Spiaggia Saporetti,41.248430,13.035950,IT,BCH
Spiaggia Lilanda,41.275390,13.023330,IT,BCH
Spiaggia Sabaudia,41.264070,13.029230,IT,BCH
Spiaggia Cava d'Aliga,36.728120,14.684860,IT,BCH
Spiaggia Donnalucata,36.764000,14.631540,IT,BCH
Spiaggia Gabicce Mare,43.967790,12.758730,IT,BCH
Spiaggia Lido Tirreno,41.253630,13.702350,IT,BCH
Spiaggia Scauri,41.253900,13.705710,IT,BCH
Spiaggia Lido Villaggio,41.231340,13.749290,IT,BCH
Lido Del Carabiniere,37.451780,15.086500,IT,BCH
Primosole Beach,37.404600,15.090670,IT,BCH
Spiaggia Roseto degli Abruzzi,42.679440,14.016690,IT,BCH
La spiaggia del Surabaja,42.699690,14.001710,IT,BCH
Pineto Beach,42.624680,14.057260,IT,BCH
Spiaggia Porto Empedocle,37.289790,13.514860,IT,BCH
Spiaggia Punta Grande,37.288920,13.484510,IT,BCH
Sun Beach,44.259340,9.419970,IT,BCH
Luna Blu Beach,44.276410,9.393240,IT,BCH
Spiaggia Chiavari,44.313870,9.319370,IT,BCH
Spiaggia di Rio Torto,41.602700,12.480900,IT,BCH
Spiaggia Torvaianica,41.630200,12.449270,IT,BCH
Spiaggia Marina di Ardea,41.553840,12.533250,IT,BCH
Zion Beach,41.652410,12.421070,IT,BCH
Riviera di Cardone,44.041330,8.224700,IT,BCHS
Baba Beach,44.031910,8.204340,IT,BCH
Spiaggia Albenga,44.049870,8.226290,IT,BCH
Spiaggia Salvo Marina,42.074050,14.767880,IT,BCH
Spiaggia Marina di Vasto,42.097390,14.727170,IT,BCH
Spiaggia Scalo Ferroviario,42.036800,14.853090,IT,BCH
Spiaggia Litorale Nord,42.014550,14.938230,IT,BCH
Spiaggia San Vito,40.422920,17.214870,IT,BCH
Spiaggia Agropoli,40.353630,14.993690,IT,BCH
Spiaggia Lido Linora,40.396110,14.997050,IT,BCH
Spiaggia Lido Raggio Verde,40.421830,14.984410,IT,BCH
Spiaggia Lido Marilena,40.400380,14.995380,IT,BCH
Spiaggia Lido La Siesta,40.406490,14.992720,IT,BCH
Spiaggia Lido Tiziana,40.741400,17.736670,IT,BCH
Spiaggia Betlemme,40.680510,17.932110,IT,BCH
Spiaggia Bellaria,44.152930,12.462060,IT,BCH
Spiaggia Piana Grande,37.454490,13.222150,IT,BCH
Spiaggia La Zagara,37.468030,13.194640,IT,BCH
Spiaggia San Giorgio,37.491370,13.170230,IT,BCH
Spiaggia Pozzallo,36.728150,14.851370,IT,BCH
Spiaggia Grottelle,36.731230,14.875100,IT,BCH
Spiaggia Tegolaio,36.730870,14.882170,IT,BCH
Spiaggia Bove Marino,36.729920,14.886200,IT,BCH
Spiaggia Raganzino,36.716920,14.816840,IT,BCH
Pietre Nere,36.729480,14.856130,IT,BCH
Spiaggia Dei Pescatori,40.738170,13.955530,IT,BCH
Spiaggia Lido di Noto,36.857200,15.116800,IT,BCH
Spiaggia Piccio,36.878800,15.136890,IT,BCH
Spiaggia Cicirata,36.885090,15.139740,IT,BCH
Spiaggia Ventimiglia,43.787250,7.609210,IT,BCH
Maoma Beach,43.778620,7.659630,IT,BCH
Spiaggia Scilla,38.252980,15.711150,IT,BCH
Spiaggia Favazzina,38.262400,15.758790,IT,BCH
Spiaggia Bagnara Calabra,38.289130,15.803920,IT,BCH
Spiaggia Forte dei Marmi,43.957480,10.164840,IT,BCH
Spiaggia Marina di Pietrasanta,43.927570,10.195480,IT,BCH
Spiaggia Lido di Camaiore,43.897340,10.219520,IT,BCH
Spiaggia Viareggio,43.870180,10.238740,IT,BCH
Spiaggia di Valverde,44.183470,12.424210,IT,BCH
Spiaggia Gatteo a Mare,44.172030,12.440430,IT,BCH
Spiaggia Roccella,38.098770,13.410230,IT,BCH
Spiaggia Aspra,38.105120,13.498250,IT,BCH
Spiaggia di Brancaccio,38.105080,13.391690,IT,BCH
Blue Bay Beach,40.039180,18.012770,IT,BCH
Spiaggia Baia Verde,40.036830,18.014350,IT,BCH
Zeus Beach,40.030720,18.017850,IT,BCH
Samsara Beach,40.028500,18.018650,IT,BCH
Spiaggia la Puritate,40.055540,17.974360,IT,BCH
Spiaggia Torre San Giovanni,39.885290,18.119590,IT,BCH
Spiaggia Torre Mozza,39.858870,18.162310,IT,BCH
Spiaggia Lido Marini,39.850180,18.181310,IT,BCH
Spiaggia Torre Pali,39.838130,18.209180,IT,BCH
Spiaggia Santa Maria del Focallo,36.716870,14.922390,IT,BCH
Spiaggia Granelli,36.702350,15.016420,IT,BCH
Caribe beach,36.658520,15.070900,IT,BCH
Spiaggia Reitani,36.758480,15.102550,IT,BCH
Spiaggia San Lorenzo,36.764620,15.100280,IT,BCH
Spiaggia Fondo Morte,36.746970,15.111030,IT,BCH
Spiagge bianche,43.378880,10.436110,IT,BCH
Bagno Ausonia,43.402160,10.410180,IT,BCH
Bagno Aurora,43.407370,10.407420,IT,BCH
Spiaggia Velico Pietrabianca,43.356590,10.443710,IT,BCH
Spiaggia Gradini,41.220410,13.528770,IT,BCH
Spiaggia Summit,41.225100,13.512900,IT,BCH
Spiaggia Vendicio,41.249710,13.591830,IT,BCH
Spiaggia Lavinio,41.499840,12.581230,IT,BCH
Spiaggia Milano Marittima,44.276000,12.355410,IT,BCH
Spiaggia Francavilla al Mare,42.416200,14.300680,IT,BCH
Spiaggia Pescara,42.470010,14.220000,IT,BCH
Spiaggia Postilli,42.403560,14.324410,IT,BCH
Spiaggia di Foro,42.397350,14.336470,IT,BCH
Spiaggia di Ghiomera,42.390630,14.350120,IT,BCH
Spiaggia Villaggio Coppola,40.969340,13.984310,IT,BCH
Spiaggia Marina di Cecina,43.296530,10.494200,IT,BCH
Spiaggia Ippocampo,43.309070,10.478730,IT,BCH
Spiaggia Marina d'Avola,36.898290,15.144870,IT,BCH
Spiaggia San Tommaso Tre Archi,43.230040,13.780030,IT,BCH
La Playa de Cococciò,43.277160,13.752250,IT,BCH
Spiaggia Marina di Palma,37.171290,13.719130,IT,BCH
Spiaggia Fontanamare,39.282030,8.433120,IT,BCH
Spiaggia Villaggio Tedeschi,37.979010,13.812280,IT,BCH
Spiaggia Porto Cesareo,40.259470,17.897110,IT,BCH
Spiaggia Solemarebarocco,40.269530,17.882960,IT,BCH
Spiaggia Le Dune,40.272110,17.878870,IT,BCH
Spiaggia Scala di Furno,40.277680,17.868040,IT,BCH
Spiaggia Torre Lapillo,40.285910,17.848410,IT,BCH
Togo bay la Spiaggia,40.289920,17.810750,IT,BCH
Spiaggia delle Paludi del Conte,40.294220,17.778500,IT,BCH
Spiaggia San Pietro Specchiarica,40.304530,17.677430,IT,BCH
Spiaggia San Pietro in Bevagna,40.303000,17.648680,IT,BCH
Spiaggia Campomarino,40.298500,17.567500,IT,BCH
Elisir Beach,40.295080,17.528920,IT,BCH
Spiaggia Librari,40.309460,17.495280,IT,BCH
Spiaggia Sant'Isidoro,40.217520,17.925840,IT,BCH
Frascone,40.210270,17.922530,IT,BCH
Spiaggia Padula Bianca,40.098790,18.011660,IT,BCH
Punta della suina,40.003100,18.015220,IT,BCH
Spiaggia Torre Canne,40.836850,17.468180,IT,BCH
Spiaggia Rosa Marina,40.800000,17.553340,IT,BCH
Spiaggia Marina Grande,40.896990,17.375030,IT,BCH
Spiaggia Momena,39.621260,16.622960,IT,BCH
Spiaggia Sant'Angelo,39.620000,16.634030,IT,BCH
Spiaggia Gallarate,39.619970,16.659260,IT,BCH
Spiaggia Gammicella,39.620860,16.681620,IT,BCH
Spiaggia Fossa-Solfara Mare,39.618220,16.715480,IT,BCH
Spiaggia Pantano Martucci,39.622950,16.762520,IT,BCH
Spiaggia Fiumarella,39.591900,16.813460,IT,BCH
Spiaggia di Camigliano,39.548600,16.852770,IT,BCH
Spiaggia San Giuliano,38.038360,12.538170,IT,BCH
Spiaggia Trapani,38.024650,12.522500,IT,BCH
Spiaggia Monte Cofano,38.094230,12.662500,IT,BCH
Spiaggia del Bue Marino,38.140460,12.737590,IT,BCH
Spiaggia Agnone,37.331270,15.095300,IT,BCH
Spiaggia Villaggio San Leonardo,37.354670,15.092040,IT,BCH
Spiaggia Sant'Anna,37.741740,15.205810,IT,BCH
Spiaggia Fondachelo,37.759080,15.215550,IT,BCH
Spiaggia San Marco,37.800530,15.249370,IT,BCH
Spiaggia di Naxos,37.826350,15.270110,IT,BCH
Spiaggia Praiola,37.680510,15.201300,IT,BCH
Spiaggia Is Arutas,39.951210,8.401300,IT,BCH
Spiaggia di Sa Rocca Tunda,40.042350,8.419540,IT,BCH
Spiaggia di Sa Capanna,40.083100,8.490180,IT,BCH
Spiaggia di Santa Caterina,40.103520,8.490760,IT,BCH
Spiaggia di Portixeddu,39.436860,8.412270,IT,BCH
Portu Banda,39.318350,8.426870,IT,BCH
Portu Cauli,39.332310,8.420630,IT,BCH
Spiaggia Marinella di Sarzana,44.046650,10.014750,IT,BCH
La Goletta Beach,44.048400,10.010810,IT,BCH
Spiaggia Marina di Massa,44.002540,10.105150,IT,BCH
Spiaggia Fiumaretta di Ameglia,44.049780,9.992410,IT,BCH
Spiaggia Eco Del Mare,44.067680,9.919750,IT,BCH
Spiaggia di Miseno,40.785890,14.082630,IT,BCH
Spiaggia di Falconara Marittim,43.628110,13.404390,IT,BCH
Spiaggia Marina di Rocca Priora,43.645630,13.365230,IT,BCH
Spiaggia di Collemarino,43.616850,13.432670,IT,BCH
Spiaggia di Mondragone,41.112370,13.876630,IT,BCH
Spiaggia di Baia Azzurra-Levagnole,41.146700,13.847040,IT,BCH
Spiaggia di Pineta Riviera,41.083180,13.898280,IT,BCH
Spiaggia di Lavagna,44.303950,9.348810,IT,BCH
Spiaggia di Sperlonga,41.258400,13.429990,IT,BCH
Spiaggia di Marina Julia,45.775370,13.532070,IT,BCH
Spiaggia Lido di Fido,45.677510,13.408560,IT,BCH
Spiaggia di Grado,45.675390,13.393390,IT,BCH
Spiaggia di Rapallo,44.347460,9.229470,IT,BCH
Spiaggia di Triscina,37.580810,12.790400,IT,BCH
Spiaggia di Piano Inferno Marina,38.076580,13.059270,IT,BCH
Spiaggia di Alcamo Marina,38.028350,12.934000,IT,BCH
Spiaggia Castellammare di Stabia,40.699300,14.481070,IT,BCH
Spiaggia di Punta Penna,42.174120,14.703550,IT,BCH
Spiaggia di Grotta del Saraceno,42.152620,14.718390,IT,BCH
Spiaggia di Termini,42.196730,14.628770,IT,BCH
Spiaggia di Valle Caterina,42.208840,14.596840,IT,BCH
Spiaggia di Senigallia,43.723260,13.215420,IT,BCH
Spiaggia di Marotta,43.763560,13.150460,IT,BCH
Spiaggia di Marzocca,43.677060,13.291010,IT,BCH
Spiaggia di Porto Badino,41.281060,13.200070,IT,BCH
Spiaggia di Termoli,42.005300,14.990740,IT,BCH
Lido Campomarino,41.960000,15.058520,IT,BCH
Spiaggia di Portocivitanova,43.307080,13.736320,IT,BCH
Spiaggia di Porto Potenza Picena,43.360510,13.699350,IT,BCH
Spiaggia di Milazzo,38.213230,15.229280,IT,BCH
Balneare la Baia Beach,41.953000,12.060990,IT,BCH
Spiaggia di Passo Oscuro,41.901000,12.155300,IT,BCH
Spiaggia di Fregene,41.849420,12.193150,IT,BCH
Spiaggia di Fiumicino,41.766660,12.222000,IT,BCH
Spiaggia di Focene,41.812270,12.211780,IT,BCH
Spiaggia di Caldera,38.169130,15.192160,IT,BCH
Torretta Spiaggia,38.187530,15.213810,IT,BCH
Dolphin Beach,38.183320,13.138670,IT,BCH
Spiaggia di Cinisi,38.160410,13.084530,IT,BCH
Spiaggia di Salvina,38.086270,13.075250,IT,BCH
Spiaggia di Contrada San Marco,37.501130,13.046890,IT,BCH
Spiaggia di Cala Regina,37.497110,13.119520,IT,BCH
Spiaggia di Fontespina,43.329330,13.715360,IT,BCH
Spiaggia Sogni d'estate,43.887230,8.046310,IT,BCH
Spiaggia di Diano Marina,43.907510,8.081990,IT,BCH
Spiaggia di Rovere,43.918160,8.097500,IT,BCH
Spiaggia di Fano,43.847850,13.024810,IT,BCH
Spiaggia di Metauro,43.833320,13.049230,IT,BCH
Spiaggia di Sottomarina,45.216480,12.299190,IT,BCH
Spiaggia di Isola Bacucco,45.176680,12.322070,IT,BCH
Spiaggia di Rosolina Mare,45.129230,12.327000,IT,BCH
Spiaggia di Pittulongu,40.946200,9.572400,IT,BCH
Spiaggia Bianca,40.990610,9.592090,IT,BCH
Le cinque spiagge,41.003700,9.613080,IT,BCH
Spiaggia di Murta Maria,40.899760,9.585830,IT,BCH
Spiaggia Torre Annunziata,40.753520,14.440460,IT,BCH
Spiaggia di Sicciarotta,38.041800,12.982150,IT,BCH
Spiaggia di Nettuno,41.456530,12.665800,IT,BCH
Spiaggia di Anzio,41.450640,12.617500,IT,BCH
Lido di Sirene,41.466140,12.608270,IT,BCH
Spiaggia di Lavinio,41.450190,12.635200,IT,BCH
Sohal Beach,40.816050,14.046440,IT,BCH
Riviera delle Palme,42.946900,13.889340,IT,BCH
Spiaggia di Grottammare,42.985810,13.873670,IT,BCH
Spiaggia di Mazara del Vallo,37.649540,12.591460,IT,BCH
Spiaggia di Punta Parrino Sibiliana,37.723020,12.471820,IT,BCH
Spiaggia di Villaggio Greco,37.737560,12.472620,IT,BCH
Spiaggia di Montesilvano Marina,42.520640,14.159060,IT,BCH
Spiaggia di Silvi,42.544480,14.129150,IT,BCH
Spiaggia Delle Nazioni,43.813520,7.772990,IT,BCH
Spiaggia di Sanremo,43.817890,7.781900,IT,BCH
Spiaggia di Bussana,43.827740,7.845500,IT,BCH
Spiaggia di Ospedaletti,43.800150,7.717260,IT,BCH
Spiaggia di Magazzeno,40.611020,14.855100,IT,BCH
Spiaggia di Torre Picentina,40.627500,14.836950,IT,BCH
Spiaggia di Spineta,40.574330,14.886820,IT,BCH
Spiaggia di Civitavecchia,42.088200,11.794560,IT,BCH
Spiaggiadi Porto Clementino,42.223020,11.703360,IT,BCH
Spiaggia di Vietri sul Mare,40.667400,14.725800,IT,BCH
Spiaggia di Crotone,39.078200,17.133210,IT,BCH
Spiaggia Lido kika,39.043450,17.151890,IT,BCH
Spiaggia di Gabella III,39.156100,17.122340,IT,BCH
Spiaggia di Zigari I,39.126270,17.110930,IT,BCH
Spiaggia di Siponto,41.606680,15.898200,IT,BCH
Spiaggia L'Ultima,41.594660,15.895480,IT,BCH
Spiaggia di Manfredonia,41.630600,15.924080,IT,BCH
Spiaggia di Bisceglie,41.243880,16.508650,IT,BCH
Spiaggia di Tesoro Maria,41.250190,16.487220,IT,BCH
Spiaggia di Gizzeria Lido,38.928620,16.213420,IT,BCH
Spiaggia di Marinella,38.924360,16.216340,IT,BCH
Spiaggia di Cafarone,38.914640,16.219600,IT,BCH
Spiaggia di Albisola Marina,44.326500,8.503420,IT,BCH
Spiaggia di Savona,44.296700,8.465800,IT,BCH
Spiaggia di Vado Ligure,44.273780,8.440320,IT,BCH
Spiaggia di Marina di Grosseto,42.717440,10.978780,IT,BCH
Spiaggia di Castiglione della Pescaia,42.762170,10.876270,IT,BCH
Spiaggia Cirella di Diamante,39.710080,15.809200,IT,BCH
Spiaggia Dell'Arcomagno,39.850610,15.789780,IT,BCH
Spiaggia del Troncone,40.008550,15.339040,IT,BCH
Mingardo,40.032030,15.311200,IT,BCH
Marina di Curinga,38.839310,16.219680,IT,BCH
Hang Loose Beach,38.934940,16.191700,IT,BCH
Spiaggia di Falerna Scalo,38.970770,16.147520,IT,BCH
Manfria,37.072510,14.216740,IT,BCH
Spiaggia di Borgo Sabotino,41.415090,12.828450,IT,BCH
Spiaggia di Foce Verde,41.413190,12.848120,IT,BCH
Spiaggia di Pesaro,43.918980,12.913100,IT,BCH
Spiaggia di Catanzaro Lido,38.825730,16.625750,IT,BCH
Spiaggia di Roccelletta,38.809100,16.603320,IT,BCH
Spiaggia di Villaggio le Roccelle,38.795900,16.593950,IT,BCH
Spiaggia di Squillace Lido,38.774730,16.573690,IT,BCH
Spiaggia di Maringoli,38.852940,16.688880,IT,BCH
Spiaggia di Ruggero,38.876940,16.735010,IT,BCH
Spiaggia di Ostia,41.728100,12.277310,IT,BCH
Spiaggia di Tor Paterno,41.699910,12.344600,IT,BCH
Spiaggia di Santa Marinella,42.034220,11.860960,IT,BCH
Settimo Cielo Beach,41.664500,12.404030,IT,BCH
Spiaggia Barricata,44.842630,12.459440,IT,BCH
Lido Mancarella,40.382450,18.306660,IT,BCH
Lido Pantarei,40.438160,18.248260,IT,BCH
Lido Stella,40.451060,18.226580,IT,BCH
Lido Le Cesine,40.339870,18.364960,IT,BCH
Spiaggia di Torre dell'Orso,40.269700,18.433810,IT,BCH
Spiaggia di Porto Grande,40.131130,18.509500,IT,BCH
Spiaggia di Cala Casotto,40.128790,18.506950,IT,BCH
Lido Adriano,44.413640,12.312710,IT,BCH
Spiaggia Verruca,43.584000,10.301440,IT,BCH
Spiaggia Del Persico,44.066420,9.796140,IT,BCH
Spiaggia di San Terenzo,44.082960,9.898020,IT,BCH
Spiaggia di Guvano,44.125460,9.703480,IT,BCH
Spiaggia del Passetto,43.617550,13.533550,IT,BCH
Spiaggia di San Michele,43.530290,13.621070,IT,BCH
Spiaggia Urbani,43.523320,13.623730,IT,BCH
Riviera del Conero,43.520450,13.624570,IT,BCHS
Spiaggia delle Due Sorell,43.546540,13.627270,IT,BCH
Spiaggia dei Gabbiani,43.551770,13.618630,IT,BCH
Spiaggia della Vela,43.558390,13.610940,IT,BCH
Spiaggia di Portonovo,43.564130,13.589470,IT,BCH
Mezzavalle,43.569200,13.574940,IT,BCH
Balai,40.838210,8.417370,IT,BCH
Bau Bau Beach,40.823020,8.519490,IT,BCH
Margherita di Savoia,41.376410,16.153550,IT,BCH
Massawa,41.330280,16.258220,IT,BCH
Spiaggia Verde,41.306040,16.354630,IT,BCH
Spiaggia Arenella,36.996420,15.264690,IT,BCH
Spiaggia Fontane Bianche,36.963490,15.208450,IT,BCH
Marchesa di Cassibile,36.946690,15.187650,IT,BCH
Spiaggia di Gallina,36.936340,15.177440,IT,BCH
Spiaggia di Mercatello,40.657820,14.800570,IT,BCH
Lido Comunale Zerbi,38.115600,15.648430,IT,BCH
Spiaggia di Archi,38.139960,15.655390,IT,BCH
Bagni Comunali Lanterna,45.648180,13.754400,IT,BCH
Spiaggia dell'Elefante,41.082420,9.542330,IT,BCH
Spiaggia La Celvia,41.081480,9.547160,IT,BCH
Spiagghja Li Vitriceddi,41.081890,9.534200,IT,BCH
Liscia Ruja,41.071280,9.529030,IT,BCH
Spiaggia Del Romazzino,41.098030,9.565530,IT,BCH
Cala liccia,41.102480,9.563640,IT,BCH
Petra Ruja,41.060280,9.531610,IT,BCH
Playa Razza de junco,41.056690,9.529440,IT,BCH
Cala Ginepro,41.114880,9.456930,IT,BCH
Riviera del Ringo,38.214610,15.563910,IT,BCH
Bagni Oasis,44.391610,8.963090,IT,BCH
Spiaggia di Vernazzola,44.391180,8.980050,IT,BCH
Spiaggia di Baia Sardinia,41.140380,9.479950,IT,BCH
Spiaggia Precedente A Mucchi Bianchi,41.131530,9.472100,IT,BCH
Spiaggia di Porto Cervo,41.139510,9.510220,IT,BCH
Li Piscini,41.151970,9.429490,IT,BCH
Spiagge di Monte Fico,41.182170,9.436560,IT,BCH
Spiaggia di Punta Tegge,41.211410,9.384750,IT,BCH
Spiaggia Tanca manna,41.134420,9.438030,IT,BCH
Spiaggia di Budoni,40.706260,9.716910,IT,BCH
Spiaggia La Caletta,40.604540,9.751180,IT,BCH
Spiaggia Cefalú,38.036870,14.017790,IT,BCH
Plaja degli Uccelli,38.018370,14.073190,IT,BCH
Spiaggia di Cocuzzola,38.025580,13.941690,IT,BCH
Spiaggia di Piane Vecchie,38.018410,13.927190,IT,BCH
Spiaggia di Siena,38.120450,15.093500,IT,BCH
Spiaggia di Tonnarella,38.125480,15.109210,IT,BCH
Spiaggia di Falcone,38.120820,15.081100,IT,BCH
Spiaggia di Oliveri,38.128410,15.061530,IT,BCH
Lido L'Aurora Celeste,37.818510,15.271040,IT,BCH
Lido di Iesolo,45.504750,12.648650,IT,BCH
Spiaggia Libera,45.508560,12.659920,IT,BCH
Marina di Orosei,40.371790,9.725000,IT,BCH
Spiaggia Centrale,40.283240,9.637040,IT,BCH
Spiaggia Cala Cartoe,40.324690,9.671830,IT,BCH
Spiaggia dei Sassi,41.031660,9.555190,IT,BCH
Spiaggia Punta Volpe,41.036400,9.559380,IT,BCH
Spiaggia di Santa Margherita Ligure,44.334860,9.214830,IT,BCH
Spiaggia Minaglia Santa,44.326190,9.215890,IT,BCH
Spiaggia di Scalea,39.806480,15.788190,IT,BCH
Spiaggia di Santa Domenica,38.667280,15.864920,IT,BCH
Spiaggia Di Riaci,38.670870,15.869350,IT,BCH
Spiaggia di Turiano,38.647850,15.838570,IT,BCH
Spiaggia di Villagonia,37.846050,15.284560,IT,BCH
Spiaggia di Spisone,37.862150,15.296850,IT,BCH
Spiaggia di Tropea,38.680220,15.898200,IT,BCH
Spiaggia Del Cannone,38.680900,15.901000,IT,BCH
Spiaggia di Formicoli,38.660100,15.849950,IT,BCH
Spiaggia di Vieste,41.888060,16.168310,IT,BCH
Spiaggia di Scialara,41.867840,16.176170,IT,BCH
Lido Stella Mattutina,38.918890,17.042180,IT,BCH
Spiaggia di Le Castella,38.909940,17.020150,IT,BCH
Spiaggia di Praialonga,38.933170,16.991710,IT,BCH
Spiaggia di Botricello,38.920650,16.858280,IT,BCH
Spiaggia di Capo Rizzuto,38.906210,17.103610,IT,BCH
Spiaggia di Capopiccolo,38.912510,17.084340,IT,BCH
Spiagge Rosse,38.903510,17.099800,IT,BCH
Spiaggia di Le Cannella,38.944990,17.150670,IT,BCH
Spiaggia di Marina Di Campo,42.748120,10.237990,IT,BCH
Spiaggia Laconella,42.756660,10.296190,IT,BCH
Spiaggia di Lacona,42.759740,10.305350,IT,BCH
Spiaggia di Acquarilli,42.763460,10.334590,IT,BCH
Spiaggia Di Barbarossa,42.769210,10.407170,IT,BCH
Terranera,42.773680,10.419750,IT,BCH
Spiaggia di Procchio,42.787480,10.242990,IT,BCH
Spiaggia di Scaglieri,42.801450,10.267750,IT,BCH
Spiaggia La Sorgente,42.823320,10.282190,IT,BCH
Spiaggia Di Sansone,42.822820,10.280490,IT,BCH
Spiaggia Seccione,42.818790,10.297060,IT,BCH
Spiaggia Di Sottobomba,42.819200,10.307820,IT,BCH
Spiaggia di Capo Bianco,42.820230,10.313200,IT,BCH
Spiaggia della Padulella,42.819900,10.316460,IT,BCH
Spiaggetta di Forno,42.807630,10.267780,IT,BCH
Spiaggia di Marciana Marina,42.806630,10.196960,IT,BCH
Spiaggia Sant'Andrea,42.807230,10.141240,IT,BCH
Spiaggia di Patresi,42.792860,10.109930,IT,BCH
Pomonte,42.748130,10.118550,IT,BCH
Spiaggia di Fetovaia,42.732820,10.153650,IT,BCH
Spiaggia di Seccheto,42.736260,10.176770,IT,BCH
Spiaggia di Cavoli,42.737020,10.187030,IT,BCH
Spiaggia di Fonza,42.745000,10.264790,IT,BCH
Calanova,42.743280,10.412940,IT,BCH
Istria,42.742990,10.415230,IT,BCH
Spiaggia di Naregno,42.754880,10.403610,IT,BCH
Topinetti,42.837080,10.438300,IT,BCH
Spiaggia di Ortano,42.794170,10.430150,IT,BCH
Spiaggia di Bagnaia,42.810370,10.362900,IT,BCH
Spiaggia di Nisporto,42.825800,10.378600,IT,BCH
Spiaggia di Cavo,42.862530,10.420660,IT,BCH
Spiaggia di Favignana,37.929330,12.325380,IT,BCH
Cala Rotonda,37.925050,12.283080,IT,BCH
Spiaggia bue marino,37.917270,12.369920,IT,BCH
Spiaggia di Frontone,40.906310,12.959770,IT,BCH
Sciatu Persu,35.495680,12.622850,IT,BCH
Spiaggia dei Conigli,35.512700,12.557760,IT,BCH
Spiaggia di Ponza,40.894580,12.960490,IT,BCH
Spiaggia di Santa Maria,40.899130,12.961420,IT,BCH
Spiaggia La Licciola,41.230470,9.274690,IT,BCH
La Balcaccia,41.239170,9.267500,IT,BCH
La Marmorata,41.245150,9.237910,IT,BCH
Spiaggia La liscia,41.192400,9.294050,IT,BCH
Spiaggia Delle Dune,41.191760,9.315280,IT,BCH
Spiaggia dell'Isola dei Gabbiani,41.195200,9.318620,IT,BCH
Spiaggia Cala d'Inferno,41.233090,9.389920,IT,BCH
Spiaggia dell' alberello,41.231400,9.443070,IT,BCH
Spiaggia del Costone,41.250810,9.428390,IT,BCH
Spiaggia di Spalmatore,41.246970,9.429450,IT,BCH
Spiaggia Monti dell'Arena,41.250180,9.412580,IT,BCH
Spiaggia dello Strangolato,41.257860,9.404680,IT,BCH
Spiaggia di Cala Garibaldi,41.222490,9.458280,IT,BCH
Spiaggia di Cala Napoletana,41.242140,9.463280,IT,BCH
Spiaggia di Cala Coticcio,41.218650,9.484250,IT,BCH
Spiaggia Cala Brigantina,41.204490,9.475130,IT,BCH
Spiaggia I due Mari,41.183350,9.464530,IT,BCH
Spiaggia del Relitto,41.181290,9.475790,IT,BCH
Cala Andreana,41.176930,9.470790,IT,BCH
Spiaggia di Cala Corsara,41.230910,9.344260,IT,BCH
Spiaggia Doppia sponda,41.248510,9.353880,IT,BCH
Spaggia Soraya,41.231510,9.351340,IT,BCH
Spiaggia Rosa,41.279210,9.356230,IT,BCH
Spiaggia dei Cavalieri,41.286530,9.358460,IT,BCH
Spiaggia di Mangiabarche,39.076460,8.350210,IT,BCH
Cala del Ceppo,43.027080,9.836280,IT,BCH
Lo Scoglione,43.015190,9.823490,IT,BCH
Cala della Mortola,43.065970,9.830920,IT,BCH
Cala Biriola,40.147750,9.653030,IT,BCH
Cala Nave,40.795530,13.432440,IT,BCH
Parrocchia Santa Candida,40.797250,13.433300,IT,BCH
Cala Spido,42.116910,15.494380,IT,BCH
Spiaggia Torre Salsa,37.356040,13.355430,IT,BCH
Spiaggia della Rocca di San Nicola,37.113620,13.858950,IT,BCH
Spiaggia La Lanterna,36.894190,14.425630,IT,BCH
Spiaggia di Kamarina,36.880710,14.438130,IT,BCH
Spiaggia di Punta Braccetto,36.816100,14.464900,IT,BCH
Spiaggia di Torre di Mezzo,36.803670,14.479580,IT,BCH
Spiaggia di Castiglione,40.636900,14.610950,IT,BCH
Spiaggia di Minori,40.648270,14.627940,IT,BCH
Spiaggia Fornillo,40.626220,14.481550,IT,BCH
Spiaggia di Maiori,40.648090,14.639080,IT,BCH
Spiaggia di Peschici,41.948100,16.009430,IT,BCH
Spiaggia di Caorle,45.594010,12.878080,IT,BCH
Spiaggia di Levante,45.603500,12.894020,IT,BCH
Spiaggia di Porto Santa Margherita,45.584730,12.856240,IT,BCH
Spiaggia di Bibione,45.630980,13.053260,IT,BCH
Spiaggia di Lignano Pineta,45.665980,13.113130,IT,BCH
Spiaggia di Lignano Sabbiadoro,45.677730,13.130040,IT,BCH
Spiaggia di Bibione Pineda,45.628410,13.007980,IT,BCH
Spiaggia di Duna Verde,45.564850,12.806280,IT,BCH
Spiaggia di Eraclea Mare,45.545220,12.766590,IT,BCH
Spiaggia del Faro,45.480190,12.585980,IT,BCH
Spiaggia Libera Albarella,45.085910,12.328360,IT,BCH
Lido di Spina,44.652230,12.255330,IT,BCH
Lido degli Estensi,44.669690,12.252070,IT,BCH
Lido di Pomposa,44.717710,12.241430,IT,BCH
Lido degli Scacchi,44.706000,12.241170,IT,BCH
Lido Santa Maria in Potenza,43.408200,13.677550,IT,BCH
Spiaggia di Martinsicuro,42.881840,13.921780,IT,BCH
Spiaggia di Alba Adriatica,42.830250,13.935000,IT,BCH
Tortoreto Lido,42.800850,13.946290,IT,BCH
Spiaggia di Giulianova,42.757760,13.969590,IT,BCH
Spiaggia di Santa Maria a Valle,42.593090,14.082460,IT,BCH
Ripari di Giobbe,42.371200,14.392550,IT,BCH
Spiaggia di Ortona,42.344130,14.413850,IT,BCH
Spiaggia diMarina di San Vito,42.309430,14.446250,IT,BCH
Spiaggia di Marina,42.251550,14.510490,IT,BCH
Spiaggia di Canale,42.138890,14.718930,IT,BCH
Spiaggia di Rodi Garganico,41.930700,15.890870,IT,BCH
Spiaggia di Mattinata,41.704220,16.069180,IT,BCH
Spiaggia Di Domani,43.349850,10.451300,IT,BCH
Spiaggia di Pietra Ligure,44.148310,8.285020,IT,BCH
Spiaggia di Borghetto Santo Spirito,44.110240,8.245150,IT,BCH
Spiaggia di Ceriale,44.091100,8.231850,IT,BCH
Spiaggia di Borgio,44.157420,8.309790,IT,BCH
Spiaggia di Finale Ligure,44.168460,8.346430,IT,BCH
Spiaggia di Cavallino,45.467720,12.544840,IT,BCH
Cala del gesso,42.416250,11.092260,IT,BCH
Spiaggia di San Foca,40.303570,18.403040,IT,BCH
Spiaggia della Punticeddha,40.251000,18.447640,IT,BCH
Spiaggia di Porto Miggiano,40.032280,18.445440,IT,BCH
Spiaggia di San Teodoro,37.906420,12.459480,IT,BCH
Spiaggia di Marausa,37.934520,12.480900,IT,BCH
Spiaggia La Sorgente,38.074550,15.636830,IT,BCH
Mazzeo,37.872270,15.302060,IT,BCH
Letojanni,37.880250,15.308560,IT,BCH
San Mauro a Mare beach,44.164540,12.448280,IT,BCH
Savignano a Mare beach,44.167340,12.444190,IT,BCH
Spiaggia di Torre Guaceto,40.715740,17.792880,IT,BCH
Grève de Lecq,49.248060,-2.201390,JE,BCH
Sand Eel Beach,49.256980,-2.230110,JE,BCH
La Grève d' Azette,49.168240,-2.084570,JE,BCH
Les Laveurs,49.230000,-2.232220,JE,BCH
L’Ouziere,49.218060,-2.229440,JE,BCH
Green Island Beach,49.163260,-2.075170,JE,BCH
Harmony Beach,18.483190,-77.520400,JM,BCH
Gunboat Beach,17.944080,-76.761620,JM,BCH
Farquhars Beach,17.850000,-77.383330,JM,BCH
Buccaneer Beach,17.945280,-76.765750,JM,BCH
Boston Beach,18.156700,-76.353100,JM,BCH
Barnswell Beach,17.750420,-77.140360,JM,BCH
James Bond Beach,18.411510,-77.093360,JM,BCH
Hellshire Beach,17.898050,-76.894200,JM,BCH
Sugarman Beach,17.896460,-76.896070,JM,BCH
Puerto Seco Beach,18.463250,-77.399500,JM,BCH
Cornwall Beach,18.488400,-77.928600,JM,BCH
Yumiga-hama,35.483330,133.333330,JP,BCH
Yorii Hama,37.930420,139.037520,JP,BCH
Tagono Ura,35.137220,138.710160,JP,BCH
Suya Ura,34.255350,132.264980,JP,BCH
Omurono-hama,33.167630,133.199570,JP,BCH
Ō-hama,34.251900,136.816020,JP,BCH
Niriga Hama,34.259520,135.093120,JP,BCH
Nichinan-kaigan,31.750000,131.466670,JP,BCH
Neda-hama,26.233330,127.300000,JP,BCH
Namaitaga-hama,33.900000,130.916670,JP,BCH
Nakō-hama,26.633330,128.033330,JP,BCH
Nakata Hama,37.483020,137.107550,JP,BCH
Naga-hama,30.550000,130.933330,JP,BCH
Koishi-hama,29.448400,129.618570,JP,BCH
Kiyomi Gata,35.058410,138.534700,JP,BCH
Kiriishi-hama,29.605900,129.713000,JP,BCH
Kichiri-ura,29.583330,129.716670,JP,BCH
Kana-hama,26.283330,126.816670,JP,BCH
Ikarashi-hama,37.883330,138.950000,JP,BCH
Igarashi Hama,37.874830,138.937490,JP,BCH
White Beach,26.301670,127.909170,JP,BCH
Iwai Kaigan,35.093630,139.840720,JP,BCH
Heiza-hama,38.566670,139.550000,JP,BCH
Heisa-ura,34.943070,139.813010,JP,BCH
Goshiki-hama,35.681400,134.979050,JP,BCH
Futami-ura,34.509290,136.790900,JP,BCH
Fukiage-hama,31.450000,130.283330,JP,BCH
Ara-hama,26.683330,128.100000,JP,BCH
Ara-hama,26.300000,126.766670,JP,BCH
Ao-hama,33.950000,131.016670,JP,BCH
Akogi-ura,34.704740,136.521710,JP,BCH
Naga-hama,42.114440,139.514440,JP,BCH
Senjō-hama,42.091110,139.428330,JP,BCH
Naga Hama,38.414420,141.350510,JP,BCH
Naga Hama,38.258540,141.017080,JP,BCH
Kujūkuri Hama,35.497080,140.428310,JP,BCH
Kikuta-ura,36.883330,140.800000,JP,BCH
Kashima-ura,35.750000,140.833330,JP,BCH
Tofuno-ura,40.100000,141.833330,JP,BCH
Shichirinaga Hama,40.915960,140.302360,JP,BCH
Hyakunin Hama,41.983330,143.250000,JP,BCH
Nobiru Kaigan,38.366540,141.161540,JP,BCH
Goishi Kaigan,38.987410,141.740890,JP,BCH
Dairiseki Kaigan,38.948760,141.639220,JP,BCH
Kugunari Hama,38.871170,141.631020,JP,BCH
Tanaka Hama,38.861870,141.622650,JP,BCH
Odano Hama,38.852330,141.622300,JP,BCH
Sankyō,38.879460,141.591330,JP,BCH
Kayobe,41.196750,140.332530,JP,BCH
Naga Hama,41.359300,140.823800,JP,BCH
Mae Hama,31.996530,128.351640,JP,BCH
Ushiro Hama,31.996640,128.350280,JP,BCH
Hateno Hama,26.348040,126.888550,JP,BCH
Zaimokuza Kaigan,35.305810,139.549120,JP,BCH
Yuiga Hama,35.309360,139.541010,JP,BCH
Katsuura Hama,33.836550,130.480640,JP,BCH
Shingū Hama,33.719530,130.438680,JP,BCH
Senriga Hama,33.331900,129.530350,JP,BCH
Minami Hama,27.681550,142.134980,JP,BCH
Chidoriga Hama,24.770130,141.293660,JP,BCH
Okina Hama,24.761360,141.308790,JP,BCH
Hinode Hama,24.788660,141.344380,JP,BCH
Matsuzakino Hama,31.229660,130.768890,JP,BCH
Heta Kaigan,31.146690,130.751850,JP,BCH
Takasu Kaigan,31.335290,130.803710,JP,BCH
Kozuka Hama,31.169090,130.575210,JP,BCH
Ashiya Kaigan,33.888370,130.644180,JP,BCH
Natsuiga Hama,33.915180,130.667740,JP,BCH
Fukiageno Hama,35.115170,138.613560,JP,BCH
Zushi Kaigan,35.292380,139.572330,JP,BCH
Shichiriga Hama,35.304530,139.512480,JP,BCH
Nunobiki Kaigan,35.306970,139.810080,JP,BCH
Shinmaiko Kaigan,35.243990,139.868920,JP,BCH
Tadara Kitahama Kaigan,35.039870,139.828770,JP,BCH
Namuya Kaigan,35.060200,139.826440,JP,BCH
Izumi Ura,35.289940,140.405810,JP,BCH
Hiari Ura,35.269430,140.399520,JP,BCH
Shiratsuru Hama,32.379180,129.995150,JP,BCH
Kujiramichi,32.483900,130.281380,JP,BCH
Shiratono Hama,32.396640,130.401330,JP,BCH
Bentenga Hama,42.969550,144.383910,JP,BCH
Soto Hama,43.177360,145.500830,JP,BCH
Sanri Hama,43.189100,145.468300,JP,BCH
Maruichi Hama,42.985480,144.955390,JP,BCH
Kojari Hama,42.981900,144.965610,JP,BCH
Jari Hama,42.982600,144.970630,JP,BCH
Riruran,42.988660,144.982260,JP,BCH
Chōbushi Hama,42.657620,143.616710,JP,BCH
Yūdō Hama,42.590260,143.540750,JP,BCH
Tiwi Beaches,-4.232640,39.606260,KE,BCH
Shelly Beach,-4.093470,39.674740,KE,BCH
Nyuma Maji,-4.668190,39.384890,KE,BCH
Nyali Beach,-4.048680,39.709480,KE,BCH
Kifundi Beach,-4.661900,39.395190,KE,BCH
Gazi Beach,-4.441130,39.505930,KE,BCH
Funzi Beach,-4.580210,39.436570,KE,BCH
Diani Beach,-4.279760,39.594700,KE,BCH
Bumburi Beach,-3.983330,39.733330,KE,BCH
Galu Beach,-4.355910,39.556320,KE,BCH
Shanzu Beach,-3.972060,39.753040,KE,BCH
Landing Beach,-4.012860,-154.971480,KI,BCH
Public Recreation Area,1.353780,173.038250,KI,BCH
Mtsangani Sima,-12.215560,44.281940,KM,BCH
Chiroroni,-12.376940,44.501110,KM,BCH
Pinney's Beach,17.152900,-62.628770,KN,BCH
Frigate Beach,17.281100,-62.688660,KN,BCH
Yonghwa-haesuyokchang,37.292220,129.301110,KR,BCH
Sinnam-haesuyokchang,37.265280,129.326670,KR,BCH
Yangjŏng-haesuyokchang,37.020830,129.410830,KR,BCH
Pongp’yŏng-haesuyokchang,37.048100,129.412600,KR,BCH
Pugu-haesuyokchang,37.097780,129.380000,KR,BCH
Nagok-haesuyokchang,37.123890,129.372500,KR,BCH
Tŏksan-haesuyokchang,37.382300,129.247500,KR,BCH
Kungch’on-haesuyokchang,37.317500,129.275830,KR,BCH
Hosan-haesuyokchang,37.167000,129.346800,KR,BCH
Ihohaesuyokjang,33.498270,126.453060,KR,BCH
Kimnyŏng-haesuyokchang,33.561940,126.761940,KR,BCH
Sinyang-haesuyokchang,33.431670,126.915560,KR,BCH
Kwanmae-haesuyokchang,34.243330,126.052220,KR,BCH
Nanji-haesuyokchang,37.044170,126.424170,KR,BCH
Chebu-haesuyokchang,37.166940,126.617780,KR,BCH
Jigyeonghaesuyokjang,37.927300,128.796600,KR,BCH
Jukdohaesuyokjang,37.974900,128.759500,KR,BCH
Jumunjinhaesuyokjang,37.910100,128.820300,KR,BCH
Kyŏngp’o-haesuyokchang,37.805200,128.908800,KR,BCH
Namaehaesuyokjang,37.951900,128.775300,KR,BCH
Sach’ŏn-haesuyokchang,37.828100,128.880200,KR,BCH
Songjŏng-haesuyokchang,37.778700,128.939700,KR,BCH
Wŏlch’ŏn-haesuyokchang,37.162900,129.351600,KR,BCH
Mallip’o-haesuyokchang,36.786510,126.141430,KR,BCH
Ch’ŏllip’o-haesuyokchang,36.799700,126.146900,KR,BCH
Ch’ŏngp’odae-haesuyokchang,36.605100,126.290300,KR,BCH
Imwŏnjin-haesuyokchang,37.222300,129.340500,KR,BCH
Paengnip’o-haesuyokchang,36.812800,126.154200,KR,BCH
Mongsanp’o-haesuyokchang,36.669000,126.287600,KR,BCH
Yŏnp’o-haesuyokchang,36.693700,126.210400,KR,BCH
Kop’o-haesuyokchang,37.148700,129.362200,KR,BCH
Ch’ŏngp’odae-haesuyokchang,36.642800,126.299800,KR,BCH
Sambong-haesuyokchang,36.567200,126.317600,KR,BCH
Pangp’o-haesuyokchang,36.509100,126.331300,KR,BCH
Samch’ŏk-haesuyokchang,37.468200,129.169300,KR,BCH
Maengbang-haesuyokchang,37.394000,129.225700,KR,BCH
Tŏkch’ŏn-haesuyokchang,36.570600,129.420400,KR,BCH
Koraebul-haesuyokchang,36.588600,129.410100,KR,BCH
Wŏlsongjŏng-haesuyokchang,36.739500,129.472500,KR,BCH
Hajodaehaesuyokjang,38.024650,128.722330,KR,BCH
Ch’odori-haesuyokchang,38.494150,128.428270,KR,BCH
Baekdohaesuyokjang,38.308310,128.543060,KR,BCH
Sampohaesuyokjang,38.318130,128.532750,KR,BCH
Songjihohaesuyokjang,38.343680,128.514600,KR,BCH
Hwajinp’o-haesuyokchang,38.477710,128.438730,KR,BCH
Bongpohaesuyokjang,38.253410,128.564810,KR,BCH
Naksanhaesuyokjang,38.115530,128.636440,KR,BCH
Geojin sipilli haesuyokjang,38.440670,128.454500,KR,BCH
Banamhaesuyokjang,38.423600,128.462860,KR,BCH
Gyoamhaesuyokjang,38.297740,128.547660,KR,BCH
Munamhaesuyokjang,38.301000,128.547200,KR,BCH
Ayajinhaesuyokjang,38.275460,128.553510,KR,BCH
Cheongganhaesuyokjang,38.263270,128.558970,KR,BCH
Cheonjinhaesuyokjang,38.258440,128.560010,KR,BCH
Bongsudaehaesuyokjang,38.322530,128.527900,KR,BCH
Gonghyeonjinhaesuyokjang,38.356340,128.510580,KR,BCH
Sokchohaesuyokjang,38.188830,128.604870,KR,BCH
Hwaongchihaesuyokjang,38.184300,128.608160,KR,BCH
Jeongamhaesuyokjang,38.138030,128.616700,KR,BCH
Seorakhaesuyokjang,38.129240,128.624150,KR,BCH
Osanhaesuyokjang,38.091620,128.662480,KR,BCH
Donghohaesuyokjang,38.055550,128.686120,KR,BCH
Jangyohaesuyokjang,37.994150,128.742440,KR,BCH
Dongsanpohaesuyokjang,37.977140,128.759760,KR,BCH
Hyanghohaesuyokjang,37.914890,128.813210,KR,BCH
Yeongjinhaesuyokjang,37.870350,128.844270,KR,BCH
Hyeopjaehaesuyokjang,33.394140,126.239420,KR,BCH
Geumneunghaesuyokjang,33.390610,126.235560,KR,BCH
Hamohaesuyokjang,33.211040,126.261180,KR,BCH
Gwanseonghaesuyokjang,35.664030,129.453410,KR,BCH
Ilsanhaesuyokjang,35.496570,129.430980,KR,BCH
Ilgwanghaesuyokjang,35.261210,129.233730,KR,BCH
Jinhahaesuyokjang,35.382850,129.345590,KR,BCH
Gwangallihaesuyokjang,35.151960,129.117550,KR,BCH
Haeundaehaesuyokjang,35.158880,129.161480,KR,BCH
Songjeonghaesuyokjang,35.179150,129.200240,KR,BCH
Nongsomongdolhaesuyokjang,35.007350,128.703750,KR,BCH
Heungnamhaesuyokjang,34.955980,128.716400,KR,BCH
Dwitjangseulhaesuyokjang,37.633050,126.242710,KR,BCH
Sidohaesuyokjang,37.540760,126.424350,KR,BCH
Sugihaesuyokjang,37.544880,126.431790,KR,BCH
Handeulhaesuyokjang,37.528570,126.345160,KR,BCH
Ongamhaesuyokjang,37.529450,126.373760,KR,BCH
Wangsanhaesuyokjang,37.456060,126.368790,KR,BCH
Eulwanghaesuyokjang,37.446740,126.372570,KR,BCH
Keunmalhaesuyokjang,37.252260,126.302050,KR,BCH
Janggolhaesuyokjang,37.245860,126.310400,KR,BCH
Palmidohaesuyokjang,37.359530,126.513510,KR,BCH
Simnipohaesuyokjang,37.281020,126.481870,KR,BCH
Oborihaesuyokjang,36.439300,129.433180,KR,BCH
Daetanhaesuyokjang,36.436730,129.433590,KR,BCH
Namhohaesuyokjang,36.328910,129.379900,KR,BCH
Jangsahaesuyokjang,36.283940,129.375830,KR,BCH
Hwajinhaesuyokjang,36.254080,129.373200,KR,BCH
Wolpohaesuyokjang,36.201500,129.371370,KR,BCH
Chilpohaesuyokjang,36.131960,129.400100,KR,BCH
Bukbuhaesuyokjang,36.059550,129.379920,KR,BCH
Songdohaesuyokjang,36.037190,129.379240,KR,BCH
Guryongpohaesuyokjang,35.997410,129.566610,KR,BCH
Oryuhaesuyokjang,35.820170,129.509970,KR,BCH
Jeonchonhaesuyokjang,35.788330,129.491770,KR,BCH
Najeonghaesuyokjang,35.782430,129.491720,KR,BCH
Geumgaphaesuyokjang,34.395700,126.278130,KR,BCH
Gagyehaesuyokjang,34.433580,126.353650,KR,BCH
Songpyeonghaesuyokjang,34.431430,126.475070,KR,BCH
Sagumihaesuyokjang,34.320000,126.585900,KR,BCH
Geumhohaesuyokjang,34.693810,126.359770,KR,BCH
Sumunhaesuyokjang,34.634840,127.034390,KR,BCH
Yulpohaesuyokjang,34.670110,127.092190,KR,BCH
Pungnyuhaesuyokjang,34.663640,127.229430,KR,BCH
Daejeonhaesuyokjang,34.713920,127.272610,KR,BCH
Geumhohaesuyokjang,34.640730,127.188520,KR,BCH
Yongdonghaesuyokjang,34.633530,127.183790,KR,BCH
As Sīf,29.436110,47.777780,KW,BCH
Seven Mile Beach,19.350000,-81.383330,KY,BCH
Prospect Beach,19.273350,-81.334830,KY,BCH
Clarinda Beach,19.300000,-81.150000,KY,BCH
Bats Cave Beach,19.266670,-81.316670,KY,BCH
Rum Point Beach,19.372900,-81.270460,KY,BCH
Yâroûti,33.701650,35.439410,LB,BCH
Ebriêl,33.294170,35.220000,LB,BCH
Vigie Beach,14.024700,-60.984650,LC,BCH
Marisule Beach,14.047400,-60.972510,LC,BCH
La Pointe Beach,13.789710,-61.067520,LC,BCH
Choc Beach,14.032820,-60.975740,LC,BCH
Malabar Beach,14.025790,-60.983260,LC,BCH
Wewakanda,6.113900,81.082600,LK,BCH
Wannakanveli,9.462800,80.170400,LK,BCH
Urindimunai,9.703100,79.839000,LK,BCH
Sinna Muhattuvaram,7.183100,81.859000,LK,BCH
Periya Muhattuvaram,7.153500,81.857500,LK,BCH
Pasarchenal,6.830200,81.829800,LK,BCH
Marakkalagoda,6.018900,80.790800,LK,BCH
Malala Modera,6.156300,81.177400,LK,BCH
Keelikudah,8.000000,81.500000,LK,BCH
Kadalanchiya,6.616000,81.759100,LK,BCH
Mt Lavinia Beach,6.840060,79.862620,LK,BCH
Homco Beach,6.416670,-10.816670,LR,BCH
Coopers Beach,6.233330,-10.683330,LR,BCH
Bernard Beach,6.266670,-10.766670,LR,BCH
Parventas pludmale,57.425940,21.587580,LV,BCH
Zīvartiņš,57.073890,23.284110,LV,BCH
Jurmala Beach,56.963930,23.630780,LV,BCH
Vecaki beach,57.081290,24.104910,LV,BCH
Lilastes Pludmale,57.188340,24.326990,LV,BCH
Saulkrastu pludmale,57.297500,24.407030,LV,BCH
Shāţi’ Wādī Murquş,32.866670,22.250000,LY,BCH
Shāţi’ Wādī aḑ Ḑab‘,32.872740,22.269750,LY,BCH
Shāţi’ Umm al A‘lām,32.871410,22.299280,LY,BCH
Shāţi’ ash Sha‘rāyah,32.873570,22.323200,LY,BCH
Sāḩil Kirissah,32.850000,22.433330,LY,BCH
Shāţi’ Julyānah,32.075500,20.042060,LY,BCH
Plage de Temara,33.930480,-6.958950,MA,BCH
Playa de Tamajarusch,29.550000,-10.060000,MA,BCH
Plage Souani,35.196640,-3.844690,MA,BCH
Plage de Skhirat,33.869860,-7.053110,MA,BCH
Plage de Sidi Kacem,35.737980,-5.944330,MA,BCH
Plage de Sidi Driss,35.228850,-3.596660,MA,BCH
Playa del Sfiha,35.200000,-3.900000,MA,BCH
Plage des Nations,34.152240,-6.739500,MA,BCH
Plage Sidi Qanqouch,35.831970,-5.700060,MA,BCH
Id Bouchini,29.530000,-10.060000,MA,BCH
Playa del Harch,35.200000,-3.800000,MA,BCH
Plage Rosa Marin,33.887260,-7.016940,MA,BCH
Plage Blanche,28.870000,-10.780000,MA,BCH
Plage Beni Maadane,35.585860,-5.260580,MA,BCH
Plage de Hawziya,33.307460,-8.355900,MA,BCH
Plage Abdouna,35.194590,-3.316370,MA,BCH
Plage Mhibet,35.423210,-6.062630,MA,BCH
Plage Tayt,35.202910,-3.875980,MA,BCH
Plage Salina,35.200130,-3.816940,MA,BCH
Plage Tanda,35.203510,-3.803220,MA,BCH
Plage Baddou,35.209990,-3.788020,MA,BCH
Plage Lharach,35.217430,-3.776550,MA,BCH
Plage Isri,35.219910,-3.912950,MA,BCH
Plage Sfiha,35.208450,-3.893800,MA,BCH
Plage Oued Lihoud,35.794300,-5.834530,MA,BCH
Mgad El Ain,32.494710,-9.246670,MA,BCH
Aouli,32.490120,-9.243420,MA,BCH
Legsayeb,32.482480,-9.235780,MA,BCH
Bouznad,32.479190,-9.232140,MA,BCH
Lahouioua,32.468450,-9.232800,MA,BCH
Erriha,32.458340,-9.233440,MA,BCH
Mgad Jmel,32.444670,-9.237830,MA,BCH
Faryat,32.436840,-9.240690,MA,BCH
Lbarkou,32.427930,-9.245880,MA,BCH
Jaajae,32.424560,-9.247250,MA,BCH
Labbir,32.485700,-9.239570,MA,BCH
Jhir,32.572480,-9.241510,MA,BCH
Ouljat Oulad Ali,32.654880,-9.130990,MA,BCH
Ouljat Ezzaouia,32.636730,-9.154270,MA,BCH
Ouljat Oulad Said,32.626090,-9.167710,MA,BCH
Kofe Hmam,34.925620,-6.276120,MA,BCH
Hofret Jmal,34.909790,-6.282630,MA,BCH
Hjar Lamaarrad,34.903390,-6.285590,MA,BCH
Plage Sidi Boughaba,34.218690,-6.698290,MA,BCH
Choudir,33.782130,-7.256310,MA,BCH
Laghouichi,33.780060,-7.264480,MA,BCH
Loualja,33.775340,-7.271390,MA,BCH
Lamaayden,33.772050,-7.278170,MA,BCH
Ben Arayba,33.769510,-7.281430,MA,BCH
Lmoumna,33.763600,-7.287360,MA,BCH
Brimila,33.757250,-7.298790,MA,BCH
Mersset Chama,33.750350,-7.307300,MA,BCH
Touddmine,31.157440,-9.829720,MA,BCH
Tassaksout n-Tahna,31.154920,-9.832460,MA,BCH
Taftast Ouaoulil,31.123450,-9.834110,MA,BCH
Tagzirt,31.170910,-9.824690,MA,BCH
Tamda Isseemmoumene,31.176550,-9.821240,MA,BCH
Imouftas,31.179560,-9.819440,MA,BCH
Iftane,31.194720,-9.815250,MA,BCH
Bizergane,31.219290,-9.819710,MA,BCH
Tabakechoult,31.242020,-9.817280,MA,BCH
Plage Ras Rmel,35.211090,-6.147330,MA,BCH
Plage Sidi-Rbat,30.094330,-9.665790,MA,BCH
Plage Chlihat,34.274430,-6.667390,MA,BCH
Plage Sanaoubar,33.794240,-7.236740,MA,BCH
Plage Bouznika,33.820500,-7.150050,MA,BCH
Plage Said,33.816840,-7.160800,MA,BCH
Plage Azrou,31.317770,-9.794730,MA,BCH
Plage Takaouch,31.279340,-9.800760,MA,BCH
Ord Omar,31.479180,-9.778070,MA,BCH
Lkarkoura,31.458400,-9.788990,MA,BCH
El Ma Lahlou,31.429850,-9.814990,MA,BCH
Ich Orane,31.403550,-9.836170,MA,BCH
Tagrioualet,31.382060,-9.813990,MA,BCH
Bou Drioua,31.386710,-9.835850,MA,BCH
And Tikinet,31.392650,-9.841090,MA,BCH
Martil,35.627200,-5.273080,MA,BCH
Kourmila,35.155970,-4.396040,MA,BCH
Plage Boukmour,34.494340,-6.510720,MA,BCH
Plage Rouge,35.104580,-2.480090,MA,BCH
Lmechchal,35.136980,-2.406060,MA,BCH
Ifris Ou Gharrabou,35.190860,-3.321370,MA,BCH
Mrah Sebiti,35.649690,-5.972540,MA,BCH
Plage Marqala,35.794020,-5.834080,MA,BCH
Plage Chaqqar,35.777120,-5.931070,MA,BCH
Plage Bakoura,35.767890,-5.935360,MA,BCH
Plage Oued Allyene,35.827460,-5.648740,MA,BCH
Plage Des Amiraux,35.824490,-5.722650,MA,BCH
Plage Lamrissa,35.827300,-5.352870,MA,BCH
Plage El Amine,35.808670,-5.351530,MA,BCH
Soulia Plage,35.800730,-5.350510,MA,BCH
Eden Plage,35.798850,-5.350550,MA,BCH
Plage Al Amine,35.784720,-5.348810,MA,BCH
Plage Dalya,35.904930,-5.476930,MA,BCH
Plage Oued Tamassint,35.904550,-5.446330,MA,BCH
Plage Lhammam,35.909170,-5.392480,MA,BCH
Lqassarine,35.919530,-5.400110,MA,BCH
Plage Taghassa,35.222050,-4.732630,MA,BCH
Lahouat,35.205280,-4.644180,MA,BCH
Plage Sbae Bibane,35.156510,-4.332390,MA,BCH
Plage Badis,35.170650,-4.293830,MA,BCH
Plage Torres,35.157620,-4.325990,MA,BCH
Marsat Gaayad,34.566060,-6.462210,MA,BCH
Azrau Zouggaghne,29.790720,-9.849540,MA,BCH
Amane Imodane,29.798820,-9.841450,MA,BCH
El Mkitaa,32.907040,-8.830910,MA,BCH
Baïlet,32.864750,-8.876880,MA,BCH
Mers Olad. Rbia,32.810680,-8.942540,MA,BCH
Fetissa,32.789540,-8.971460,MA,BCH
Plage du Larvotto,43.746560,7.434040,MC,BCH
'Boka' beach (Bijela vila),42.451320,18.532520,ME,BCH
'Žaba' Beach,42.452590,18.529580,ME,BCH
'Kod tunela' beach,42.453270,18.527800,ME,BCH
'Lazaret' beach,42.451670,18.531660,ME,BCH
'Yachting Club' Beach,42.451820,18.530600,ME,BCH
'Žalo' beach,42.449950,18.535170,ME,BCH
Hotel 'Topla' beach,42.454470,18.525820,ME,BCH
'Milašinović' beach,42.456190,18.523390,ME,BCH
Hotel 'Plaža' beach,42.450440,18.541740,ME,BCH
Petite Plage,18.109920,-63.053200,MF,BCH
Ducks Beach,18.116280,-63.046490,MF,BCH
Coconut Grove,18.072020,-63.019980,MF,BCH
Le Gallon,18.078770,-63.013560,MF,BCH
Coralita Beach,18.059890,-63.012920,MF,BCH
Orient Beach,18.089850,-63.021780,MF,BCH
Plage d’ Amborovy,-15.633330,46.333330,MG,BCH
Andilana,-13.252600,48.185560,MG,BCH
Palm,-13.379430,48.194060,MG,BCH
Ngwe Saung Beach,16.857530,94.388090,MM,BCH
Ngapali Beach,18.444970,94.314570,MM,BCH
Unai Achugao,15.245270,145.763150,MP,BCH
Unai Baput,15.161670,145.760830,MP,BCH
Unai Chiget,15.061140,145.655210,MP,BCH
Unai Dandan,15.135690,145.741910,MP,BCH
Unai Dangkolo,15.035560,145.646110,MP,BCH
Unai Dikike Matuis,15.262490,145.783720,MP,BCH
Unai Halaihai,15.184180,145.781050,MP,BCH
Kammer Beach,14.963610,145.623060,MP,BCH
Unai Chalan Kiya,15.161390,145.704170,MP,BCH
Unai Lamlam,15.086670,145.630280,MP,BCH
Unai Laolao Kattan,15.174720,145.785960,MP,BCH
Unai I Hasngot,15.209890,145.778540,MP,BCH
Unai Laolao,15.159720,145.751110,MP,BCH
Unai Makpe,15.270730,145.790510,MP,BCH
Opyan,15.105880,145.738510,MP,BCH
Unai Peo,15.107720,145.716650,MP,BCH
Pau Pau Beach,15.252140,145.775790,MP,BCH
Taga Beach,14.956390,145.627500,MP,BCH
Unai Tanapag,15.236110,145.745280,MP,BCH
Tarage,18.170000,145.793890,MP,BCH
Teteto Beach,14.172220,145.188890,MP,BCH
Black Sand Beaches on Southwestern Coast,18.740180,145.651500,MP,BCHS
Micro Beach,15.218730,145.716590,MP,BCH
Nord Plage,14.878000,-61.147320,MQ,BCH
Anse Madame,14.617510,-61.103810,MQ,BCH
Club Nautique Schoelcher,14.617010,-61.103130,MQ,BCH
Maya Beach Club,14.427410,-60.886030,MQ,BCH
Plage du Goliath,20.600000,-16.433330,MR,BCH
Ir-Ramla tal-Pwales,35.946390,14.382780,MT,BCH
Ir-Ramla tal Mixquqa,35.933610,14.342220,MT,BCH
Ix-Xtajta tal-Qawra,35.956390,14.424720,MT,BCH
Ix-Xtajta ta’ Buġibba,35.954440,14.416940,MT,BCH
Ix-Xtajta,36.062780,14.279440,MT,BCH
Ramla taż-Żewwieqa,36.026670,14.298610,MT,BCH
Sliema beach,35.911530,14.507450,MT,BCH
Mont Choisy,-20.015190,57.556460,MU,BCH
Playa Washington,25.833330,-97.150000,MX,BCH
Playa Villa del Mar,19.182880,-96.124560,MX,BCH
Playa Hornos,19.183330,-96.116670,MX,BCH
Playa Costa-Verde,19.168420,-96.112150,MX,BCH
Playa Norte,18.658690,-91.846220,MX,BCH
Playa Palancar,20.351180,-87.021730,MX,BCH
Playa Chen Río,20.381940,-86.883330,MX,BCH
Playa San Francisco,20.400680,-87.017770,MX,BCH
Playa del Carmen,20.622220,-87.069440,MX,BCH
Playa Norte,18.663970,-91.831710,MX,BCH
Playa Bahamita,18.695470,-91.706850,MX,BCH
Playa Ancha,21.136110,-86.754170,MX,BCH
Playa Caracol,21.139360,-86.749510,MX,BCH
Playa Tortugas,21.139620,-86.769150,MX,BCH
Playa Palancar,20.200000,-87.016670,MX,BCH
Playa Chen Río,20.366670,-86.866670,MX,BCH
Playa Garrafón,21.204170,-86.718060,MX,BCH
Playa El Cocal,21.260560,-86.754170,MX,BCH
Playa Nixche,19.016670,-91.150000,MX,BCH
Playas San Benito,21.321570,-89.459460,MX,BCH
Playa Kantenah,20.445230,-87.283440,MX,BCH
Playa Norte,21.016670,-97.325000,MX,BCH
Playas Antón Lizardo,19.058330,-96.050000,MX,BCH
Playa Los Halcones,27.104180,-110.092670,MX,BCH
Playa Bruja,23.290150,-106.477590,MX,BCH
Playa Ceuta,23.915690,-106.971390,MX,BCH
Playas Los Buenos,32.438270,-117.101650,MX,BCH
Playas de Tijuana,32.518810,-117.124140,MX,BCH
Playa Taiti,32.450000,-117.100000,MX,BCH
Playa San Juan,26.026370,-109.421090,MX,BCH
Playa San Antonio del Mar,31.100000,-116.300000,MX,BCH
Playa Saliboca,26.266670,-109.200000,MX,BCH
Playa El Naranjo,21.085420,-105.230080,MX,BCH
Playa Los Muertos,20.598630,-105.239310,MX,BCH
Playa La Biznaga,26.078530,-109.393990,MX,BCH
Playa Huatabampito,26.696070,-109.609690,MX,BCH
Playa Hermosa,31.321080,-113.565280,MX,BCH
Playa La Garza Blanca,20.554340,-105.264530,MX,BCH
Playa El Atero,26.300000,-109.183330,MX,BCH
Playa Costa Azul,32.516670,-117.116670,MX,BCH
Playa El Coco,19.163600,-104.637880,MX,BCH
Playa Chila,21.218910,-105.217510,MX,BCH
Playa Campos,19.013700,-104.297370,MX,BCH
Playa Agiabampo,26.366670,-109.150000,MX,BCH
Playa El Faro,22.873200,-109.944880,MX,BCH
Playa San Luis,17.236650,-100.950580,MX,BCH
Playa Puerta Palapares,22.116670,-105.650000,MX,BCH
Playa Paraíso,20.643230,-87.056140,MX,BCH
Playa Mujeres,21.244900,-86.804350,MX,BCH
Playa Arenosa,31.493210,-114.094020,MX,BCH
Playa Las Almejas,31.140200,-114.888890,MX,BCH
Playa San Felipe,31.011410,-114.834770,MX,BCH
Playas Rosarito,32.344910,-117.062320,MX,BCH
Playa Escondida,18.603230,-95.057820,MX,BCH
Playas del Jicacal,18.576020,-95.041690,MX,BCH
Playa Punta Estrella,30.906150,-114.710660,MX,BCH
Playa El Porvenir,30.837080,-114.706790,MX,BCH
Playa Paraiso,22.286430,-97.801050,MX,BCH
Playa Miramar,22.275900,-97.793460,MX,BCH
Playa Hermosa,22.196630,-97.791530,MX,BCH
Playa Azul,20.994260,-97.319990,MX,BCH
Playa Oriente,20.306990,-96.850610,MX,BCH
Playa Maracaibo,20.210260,-96.756880,MX,BCH
Playa Chancla,20.004850,-96.576070,MX,BCH
Playa El Domingal,20.041280,-96.608000,MX,BCH
Playa Fantasía Barra Vieja,20.050450,-96.615940,MX,BCH
Playa Navarro,20.057860,-96.622340,MX,BCH
Playa de Higueros,21.464230,-97.547680,MX,BCH
Playa La Silica,29.019280,-113.562490,MX,BCH
Playas Las Coloraditas,27.963490,-111.003150,MX,BCH
Playas Empalme,27.918580,-110.807400,MX,BCH
Playas Cochorit,27.916720,-110.771160,MX,BCH
Playas del Sol,27.895880,-110.689870,MX,BCH
Playa Miramar,27.922990,-110.946990,MX,BCH
Playa El Marron,28.804200,-114.365870,MX,BCH
Playas Kino,28.852190,-111.993740,MX,BCH
Playa Norte,28.742670,-111.933580,MX,BCH
Playa Sur,28.732340,-111.926020,MX,BCH
Playa Media Luna,28.721970,-111.923360,MX,BCH
Playa Varadero Malarrimo,27.792500,-114.451450,MX,BCH
Playa El Almirante,27.956460,-112.762010,MX,BCH
Playa La Palmita,27.846300,-112.758940,MX,BCH
Playa Guadalupe,27.124350,-110.177130,MX,BCH
Playa Quechehueca,27.112120,-110.117390,MX,BCH
Playa El Siari,26.903220,-109.883080,MX,BCH
Playa Tastiota,28.383220,-111.483510,MX,BCH
Playa La Palmita,27.064690,-111.978520,MX,BCH
Playas El Chivato,26.986280,-112.016130,MX,BCH
Playa Bachomojaqui,26.559230,-109.305340,MX,BCH
Playa Camahuiroa,26.531050,-109.283240,MX,BCH
Playa Las Bocas,26.586710,-109.336530,MX,BCH
Playa Bufeo,29.908750,-114.454660,MX,BCH
Playa El Faro,29.843000,-114.410310,MX,BCH
Playa Ligui,25.738700,-111.253200,MX,BCH
Playa El Triunfo,25.663100,-111.206280,MX,BCH
Playa San Cosme,25.571330,-111.162720,MX,BCH
Playa La Ballena,25.612200,-111.192930,MX,BCH
Playa Los Coquitos,20.822870,-86.897920,MX,BCH
Playa Ojo de Agua,20.873100,-86.865980,MX,BCH
Paso Victoria,20.995690,-86.823440,MX,BCH
Playa Las Salinas,26.093340,-109.382050,MX,BCH
Playa Ixpetha,21.428220,-88.746390,MX,BCH
Playa Bonita,21.346170,-89.239360,MX,BCH
Playa Alegria,21.539270,-87.776930,MX,BCH
Playa Cocal,21.524650,-87.723640,MX,BCH
Playa Dársena,21.518940,-87.696090,MX,BCH
Playa El Bordo,25.699670,-109.262550,MX,BCH
Playa Verdemar,25.713320,-109.281680,MX,BCH
Playa Farallón,19.626760,-96.388790,MX,BCH
Playa Los Amarillos,19.525270,-96.355060,MX,BCH
Playa Juan Ángel,19.488390,-96.320450,MX,BCH
Playa de Chachalacas,19.436000,-96.321610,MX,BCH
Playa Chalchihueca,19.329620,-96.299950,MX,BCH
Playa Medano Blanco,26.188400,-109.314630,MX,BCH
Playa Burumuquila,25.505190,-108.968690,MX,BCH
Playa Cancunito,21.610310,-88.044340,MX,BCH
Playa Norte,19.212020,-96.151100,MX,BCH
Playa Linda,19.219920,-96.168350,MX,BCH
Playa Mocambo,19.144630,-96.099830,MX,BCH
Playa Las Trochas,18.793030,-95.756920,MX,BCH
Playa Esscolleras,18.777890,-95.732180,MX,BCH
Playa Fuente de Los Fierros,18.721090,-95.584210,MX,BCH
Playa Lanea,18.715860,-95.534770,MX,BCH
Playa El Morro,18.551330,-94.954430,MX,BCH
Playa Paraiso,18.439930,-93.230000,MX,BCH
Playa Dos Bocas,18.443110,-93.125980,MX,BCH
Playa Bruja,18.443480,-93.107530,MX,BCH
Playa Jalapita,18.437820,-93.075940,MX,BCH
Playa Pico de Oro,18.432770,-93.049930,MX,BCH
Playa Las Palmitas,18.200730,-94.185580,MX,BCH
Playa Guarixe,18.767400,-91.554810,MX,BCH
Puerto Real,18.776480,-91.539600,MX,BCH
Playa Isla Aguada,18.786010,-91.499560,MX,BCH
Playa Punta Perla,18.795530,-91.492380,MX,BCH
Playa El Bosque,18.605010,-92.686060,MX,BCH
Playa El Boqueron,18.636960,-92.518040,MX,BCH
Playa Bonita,18.431520,-92.995320,MX,BCH
Playa Azul,18.434830,-92.949680,MX,BCH
Playa Pico de Oro,18.453340,-92.863700,MX,BCH
Playa Los Cerritos,23.318510,-106.479620,MX,BCH
Playa Gaviotas,23.253800,-106.458480,MX,BCH
Playa Norte,23.220080,-106.423090,MX,BCH
Playa El Pedregon,24.835960,-108.012830,MX,BCH
Playa del Caimanero,22.880340,-106.073710,MX,BCH
Playa El Borrego,21.524050,-105.277170,MX,BCH
Playa El Huevo,24.243540,-107.416630,MX,BCH
Playa Ponce,24.342410,-107.549050,MX,BCH
Playa Pichilingue,24.284250,-110.328480,MX,BCH
Playa Cachimba,24.346880,-110.259580,MX,BCH
Playa Pilitas,24.344210,-110.300580,MX,BCH
Playa Tecolotes,24.337350,-110.313150,MX,BCH
Playa La Sorpresa,24.249990,-110.166510,MX,BCH
Playa El Caracol,24.297800,-110.211620,MX,BCH
Playa El Bote,24.302320,-110.216590,MX,BCH
Playa Las Cuevas,21.139190,-105.231360,MX,BCH
Playa Los Ayala,21.025580,-105.289560,MX,BCH
Playas Vallarta,20.649480,-105.243220,MX,BCH
Playas El Venado,20.573400,-105.249420,MX,BCH
Playas La Punta Negra,20.559720,-105.257360,MX,BCH
Playa San Pedrito,23.392590,-110.214190,MX,BCH
Playa Los Cerritos,23.324590,-110.172740,MX,BCH
Playa Costa Azul,23.035810,-109.708090,MX,BCH
Playa El Calvario,17.380620,-101.152710,MX,BCH
Playa Icacos,17.443170,-101.233770,MX,BCH
Playa El Mezquite,18.174080,-102.993510,MX,BCH
Playa El Chical,18.144400,-102.924330,MX,BCH
Playa El Morro,18.135650,-102.905220,MX,BCH
Playa Salinas,18.122380,-102.875700,MX,BCH
Playa El Patole,23.753890,-106.843210,MX,BCH
Playa Ventanas,19.033360,-104.334050,MX,BCH
Playa Azul,19.096160,-104.321920,MX,BCH
Playa Las Brisas,19.070330,-104.303660,MX,BCH
Playa Las Brisas,18.572920,-103.661840,MX,BCH
Playa La Brisa,18.554560,-103.635210,MX,BCH
Playa Salinas del Padre,18.543200,-103.620640,MX,BCH
Playa La Placita,18.516070,-103.591780,MX,BCH
Playa Naranjitos,18.233280,-103.231080,MX,BCH
Playa Chocola,18.224760,-103.199850,MX,BCH
Playa Titzupa,18.205870,-103.129020,MX,BCH
Playa Cuilala,18.192140,-103.084310,MX,BCH
Playa Puerto Pichilinguillo,18.190960,-103.068470,MX,BCH
Playa Carricitos,18.194510,-103.060660,MX,BCH
Playa Ahuijote,18.185640,-103.024070,MX,BCH
Playa Consuelo,15.762250,-96.118200,MX,BCH
Playa Esperanza,15.763120,-96.112490,MX,BCH
Playa El Arrocito,15.764540,-96.099360,MX,BCH
Playa El Mojón,15.808360,-96.005470,MX,BCH
Playa Majahual,15.800610,-96.015540,MX,BCH
Playa La Mañosa,15.791650,-96.032230,MX,BCH
Playa La Bocana,15.783680,-96.055980,MX,BCH
Playa Magueyito,15.779990,-96.061820,MX,BCH
Playa La Guerrilla,15.780710,-96.065380,MX,BCH
Playa Arena,15.775300,-96.075080,MX,BCH
Playa La Mixteca,15.768650,-96.081820,MX,BCH
Playa Tangolunda,15.773230,-96.092630,MX,BCH
Playa Manzanillo,15.766230,-96.100190,MX,BCH
Playa Chahué,15.759280,-96.123330,MX,BCH
Playa El Tornillo,15.770900,-96.098880,MX,BCH
Playa Mitla,16.972960,-100.177560,MX,BCH
Playa Pie de La Cuesta,16.898720,-99.970220,MX,BCH
Playa Caleta,16.829890,-99.901700,MX,BCH
Playa Hornos,16.855690,-99.894520,MX,BCH
Playa Hornitos,16.859440,-99.879440,MX,BCH
Playa Condesa,16.852650,-99.858170,MX,BCH
Playa Icacos,16.835520,-99.852090,MX,BCH
Playa Majahua,16.795510,-99.843300,MX,BCH
Playa Revolcadero,16.788030,-99.816450,MX,BCH
Playa Aeromar,16.754380,-99.772180,MX,BCH
Playa Encantada,16.704770,-99.681270,MX,BCH
Playa Bancos de Oro,16.182700,-98.113210,MX,BCH
Playa La Ventanilla,15.672050,-96.590200,MX,BCH
Playa San Agustinillo,15.664280,-96.539110,MX,BCH
Playa Mermejita,15.663100,-96.564800,MX,BCH
Playa Zipolite,15.662500,-96.516800,MX,BCH
Playa La Mina,15.674340,-96.476960,MX,BCH
Playa La Tijera,15.686120,-96.442730,MX,BCH
Playa Tahueca,15.688620,-96.376470,MX,BCH
Playa Zapotengo,15.691390,-96.401210,MX,BCH
Playa del Mar Vivo,16.208830,-94.918910,MX,BCH
Playa La Escondida,16.101170,-95.300070,MX,BCH
Playa Azul,16.130440,-95.268530,MX,BCH
Playa del Marquez,16.161440,-95.225270,MX,BCH
Playa Abierta,16.169640,-95.186970,MX,BCH
Playa Mazcalco,15.854460,-95.870520,MX,BCH
Playa Grande,15.837990,-95.921750,MX,BCH
Playa Zimatán,15.812150,-95.991020,MX,BCH
Playa Salinita,15.860290,-95.844740,MX,BCH
Playa Culeca,15.866290,-95.819720,MX,BCH
Playa Brinca Perro,15.870920,-95.801590,MX,BCH
Playa La Estrella,15.911820,-95.684070,MX,BCH
Playa Morro Ayuta,15.903280,-95.738230,MX,BCH
Playa Chachacual,15.712220,-96.204410,MX,BCH
Playa Las Dos Hermanas,15.704000,-96.207310,MX,BCH
Playa San Agustín,15.691320,-96.238120,MX,BCH
Playa Cuatonalco,15.688140,-96.321810,MX,BCH
Playa Boca Vieja,15.686800,-96.299320,MX,BCH
Playa Ixtapa,15.686530,-96.273230,MX,BCH
Playa El Coyote,15.685600,-96.247230,MX,BCH
Playa Cacaluta,15.725420,-96.162420,MX,BCH
Playa El Maguey,15.733850,-96.152160,MX,BCH
Playa Organo,15.738560,-96.145770,MX,BCH
Playa El Entrego,15.743780,-96.129080,MX,BCH
Playa Bachoco,15.865960,-97.093240,MX,BCH
Playa Zicatela,15.850250,-97.055340,MX,BCH
Playa Escondida,18.489060,-87.761430,MX,BCH
Playa Cocinas,19.546890,-105.109760,MX,BCH
Playas Las Rosadas,19.547660,-105.084990,MX,BCH
Playa Perula,19.580630,-105.106430,MX,BCH
Playa La Virgen,19.514500,-105.079200,MX,BCH
Playa Manzanilla,19.298970,-104.797660,MX,BCH
Playa Las Truchas,19.496310,-105.060470,MX,BCH
Playa Rumorosa,19.484220,-105.060050,MX,BCH
Playa Esmeralda,19.472600,-105.058460,MX,BCH
Playa del Amor,20.247630,-105.583030,MX,BCH
Playa Colorada,23.594110,-109.558570,MX,BCH
Playas Gemelas,18.750290,-110.997110,MX,BCH
Playa Blanca,18.812340,-111.037440,MX,BCH
Playa Norte,18.854560,-110.982310,MX,BCH
Playa Lauro Villar,25.831310,-97.150910,MX,BCH
Playa Coromuel,24.196410,-110.300350,MX,BCH
Playa Carrizalito,24.225720,-110.122540,MX,BCH
Playa Malecón,24.170060,-110.308750,MX,BCH
Manzanillera,18.364190,-103.514690,MX,BCH
La Negra,18.326880,-103.483220,MX,BCH
Careycito,18.288390,-103.396150,MX,BCH
La Llorona,18.336580,-103.494720,MX,BCH
Playa de Amor,19.216300,-104.713150,MX,BCH
Playa Azul,17.981480,-102.350230,MX,BCH
El Dorado,17.031080,-100.339520,MX,BCH
Viaducto Playa,18.986640,-91.198440,MX,BCH
Playa del Amor,22.874400,-109.905200,MX,BCH
Chileno,22.947520,-109.807410,MX,BCH
Playa Barco Varado,22.912390,-109.836920,MX,BCH
Playa Blanca,19.550750,-90.703950,MX,BCH
Payucan,19.663260,-90.703480,MX,BCH
Playas San Bruno,21.334400,-89.357210,MX,BCH
Chemuyil,20.357100,-87.337810,MX,BCH
Playa Corona,31.789900,-116.616510,MX,BCH
Playa Monalisa,31.782990,-116.618620,MX,BCH
Playa Estero,31.778250,-116.619510,MX,BCH
Las Cabras,22.699090,-105.861010,MX,BCH
La Tambora,22.554140,-105.764220,MX,BCH
Playa Larga,22.725930,-105.889240,MX,BCH
Playa Larga,17.690190,-101.645400,MX,BCH
Playa Linda,17.679450,-101.644260,MX,BCH
Playa Carey,17.676840,-101.656260,MX,BCH
Veradero,17.677750,-101.656500,MX,BCH
Playa Quieta,17.670770,-101.642810,MX,BCH
Playas Cuatas,17.665850,-101.645710,MX,BCH
Don Rodrigo,17.664310,-101.637310,MX,BCH
Don Juan,17.664860,-101.630850,MX,BCH
El Palmar,17.660850,-101.606780,MX,BCH
Majahua,17.636310,-101.577680,MX,BCH
Madera,17.638780,-101.552610,MX,BCH
La Ropa,17.629840,-101.546280,MX,BCH
Las Gatas,17.623760,-101.546610,MX,BCH
Playa Blanca,17.574350,-101.450150,MX,BCH
Playa Hermosa,17.647510,-101.597490,MX,BCH
Playa Nixche,19.093850,-91.037100,MX,BCH
Golden Zone Beach,23.244070,-106.454390,MX,BCH
Pantai Peranginan Sungai Berembang,6.350000,100.150000,MY,BCH
Pantai Irama,6.071070,102.397710,MY,BCH
Pantai Chinta Berahi,6.200000,102.283330,MY,BCH
Pasir Tiga Ruang,5.916670,102.750000,MY,BCH
Pasir Tiang Berusong Besar,2.268900,103.968200,MY,BCH
Pasir Terup,2.716670,104.200000,MY,BCH
Pasir Tenggara,5.733330,103.000000,MY,BCH
Pasir Tenggara,5.611810,103.061070,MY,BCH
Pasir Temenggong,2.634000,103.764900,MY,BCH
Pasir Teluran,2.466670,104.533330,MY,BCH
Pasir Telor,4.200800,100.543100,MY,BCH
Pasir Teluk Penepat,2.214600,104.072800,MY,BCH
Pasir Telok Kalong Kechil,5.766670,103.033330,MY,BCH
Pasir Teluk Belanga,5.612040,103.066410,MY,BCH
Pasir Telok Aur,5.916670,102.716670,MY,BCH
Pasir Soniong,1.683330,110.300000,MY,BCH
Pasir Sigung,2.720700,104.196200,MY,BCH
Pasir Selambun Tulang,2.344700,103.920300,MY,BCH
Pasir Seruang,1.817200,104.163900,MY,BCH
Pasir Seriah,2.735700,104.135300,MY,BCH
Pasir Sengki,1.683330,110.300000,MY,BCH
Pasir Sempit,2.583330,104.316670,MY,BCH
Pasir Selaba,2.300200,104.142300,MY,BCH
Pasir Sarang Burung,2.719200,104.154900,MY,BCH
Pantai Punggor,2.166670,102.316670,MY,BCH
Pasir Pepari,5.750000,103.016670,MY,BCH
Pasir Penut,2.760600,104.219700,MY,BCH
Pantai Pengorak,3.965800,103.410900,MY,BCH
Pasir Penglima Abu,5.933330,102.716670,MY,BCH
Pasir Pengelau,5.933330,102.716670,MY,BCH
Pasir Pendek,4.387200,100.587200,MY,BCH
Pasir Panjang,4.664100,103.447500,MY,BCH
Pasir Panjang,5.783330,103.033330,MY,BCH
Pasir Panjang,5.321610,100.324720,MY,BCH
Pasir Panjang,5.300000,100.183330,MY,BCH
Pasir Panjang,4.357900,100.578000,MY,BCH
Pasir Panjang,2.907300,104.104500,MY,BCH
Pasir Pandak,5.791690,102.892540,MY,BCH
Pasir Pandak,5.274530,100.181090,MY,BCH
Pasir Pandak,1.700000,110.300000,MY,BCH
Pasir Murau Besar,2.288100,103.956300,MY,BCH
Pasir Munjur,2.751800,104.217500,MY,BCH
Pasir Mentawak,2.785100,104.204100,MY,BCH
Pasir Mat Bau,4.533330,103.483330,MY,BCH
Pantai Mek Mas,6.212720,102.243260,MY,BCH
Pantai Mas,5.428890,100.189190,MY,BCH
Mak Simpan,5.783330,103.000000,MY,BCH
Pasir Mak Kepit,5.803590,102.989690,MY,BCH
Pasir Macam Ayam,5.771820,102.991930,MY,BCH
Pantai Laut,6.218370,102.179580,MY,BCH
Pasir Landa Kechil,2.319300,103.953300,MY,BCH
Pasir Landa,2.331100,103.943200,MY,BCH
Pasir Lambing,2.433330,104.533330,MY,BCH
Laboh Tenggara,1.989200,104.097200,MY,BCH
Pantai Kundor,6.200000,102.266670,MY,BCH
Pantai Kerachut,5.449580,100.182390,MY,BCH
Pasir Keranji,5.900000,102.716670,MY,BCH
Pasir Kelupak,2.719000,104.176500,MY,BCH
Pasir Kechil,5.766670,103.000000,MY,BCH
Pasir Karang,5.900000,102.716670,MY,BCH
Pantai Kundor,2.232300,102.145900,MY,BCH
Pasir Kambau Kechil,2.220600,104.070900,MY,BCH
Pasir Kambau Besar,2.227000,104.066100,MY,BCH
Pasir Juara,2.795300,104.204700,MY,BCH
Pasir Jong,5.883330,102.750000,MY,BCH
Pasir Ikan Mati,5.260650,100.273170,MY,BCH
Pasir Gerenggan,2.718100,104.172400,MY,BCH
Pasir Gemang,1.862100,102.698800,MY,BCH
Pantai Emas,4.394700,100.587800,MY,BCH
Pasir Elok,5.470220,100.243340,MY,BCH
Pasir Cina,5.620720,103.057390,MY,BCH
Pasir Chagar Hutang,5.816670,103.000000,MY,BCH
Pasir Bunga,1.405300,104.105300,MY,BCH
Pasir Bulan,5.283330,100.183330,MY,BCH
Pasir Bujang,5.795390,102.991590,MY,BCH
Pasir Buaya,5.436890,100.179510,MY,BCH
Pasir Besar,5.800510,102.893530,MY,BCH
Pasir Belanda,5.283330,100.216670,MY,BCH
Pasir Belakang,2.215200,104.075700,MY,BCH
Pasir Batang Ayer Raja,5.750000,103.000000,MY,BCH
Pasir Ayer,5.800000,102.900000,MY,BCH
Pasir Ayam Denak,2.716670,101.450000,MY,BCH
Pasir Akar,5.750000,103.000000,MY,BCH
Pantai Acheh,2.883330,101.283330,MY,BCH
Pasir Rugon,1.680000,110.486940,MY,BCH
Pantai Tengah,6.282630,99.728840,MY,BCH
Pasir Panjang,6.469400,99.842970,MY,BCH
Pantai Datok Syed Omar,6.298250,99.856390,MY,BCH
Pantai Beringin,6.295870,99.861720,MY,BCH
Pantai Telok Nibong,6.360520,99.701130,MY,BCH
Pantai Tanjong Rhu,6.457150,99.825520,MY,BCH
Pantai Pasir Tengkorak,6.430870,99.726250,MY,BCH
Pantai Kok,6.366460,99.677890,MY,BCH
Pasir Telok Kerma,5.935290,102.726260,MY,BCH
Pantai Merang,5.539490,102.949290,MY,BCH
Pantai Suri,6.217850,102.213600,MY,BCH
Ru Batel,4.847400,103.406000,MY,BCH
Pantai Dickson,2.418000,101.897990,MY,BCH
Pantai Lagun Biru,2.416100,101.854600,MY,BCH
Pantai Ru Rebah,1.913700,104.106400,MY,BCH
Pasir Panjang,5.227500,103.263600,MY,BCH
Pantai Dedap,5.223600,103.261100,MY,BCH
Caggar Hutan,4.537700,103.471500,MY,BCH
Pantai Hiburan,3.282100,103.433500,MY,BCH
Pantai Tanjung Batu,3.205500,103.447100,MY,BCH
Desaru,1.540200,104.268000,MY,BCH
Pantai Puteri Dewi,4.250700,100.545900,MY,BCH
Pasir Ketapang,4.220200,100.544500,MY,BCH
Pantai Teluk Batek,4.187600,100.607400,MY,BCH
Pantai Kembali,4.085100,103.387100,MY,BCH
Pantai Cenang,6.295760,99.722390,MY,BCH
Pantai Batu Hitam,3.889500,103.367600,MY,BCH
Pasir Bogak,4.209400,100.558100,MY,BCH
Likas Beach,5.994610,116.103390,MY,BCH
Bak Bak Beach,6.927810,116.839940,MY,BCH
Damai Beach,1.749550,110.312700,MY,BCH
Tanjung Rhu Beach,6.456320,99.823150,MY,BCH
Pantai Dalit Beach,6.158680,116.150960,MY,BCH
Praia Uincuana,-14.133330,40.616670,MZ,BCH
Uelele,-16.550000,39.683330,MZ,BCH
Costa do Sol,-25.916110,32.646940,MZ,BCH
Praia Sepúlveda,-25.118610,33.727500,MZ,BCH
Praia Quitaluco,-12.916670,40.516670,MZ,BCH
Praia de Quilombamoeze,-12.883330,40.533330,MZ,BCH
Praia da Polana,-25.966670,32.600000,MZ,BCH
Praia de Pebane,-17.283330,38.166670,MZ,BCH
Natupi,-16.450000,39.816670,MZ,BCH
Nacote,-16.516670,39.733330,MZ,BCH
Praia Nacololo,-14.066670,40.633330,MZ,BCH
Nacassala,-16.500000,39.766670,MZ,BCH
Praia de Nacalala,-16.750000,39.300000,MZ,BCH
Mussemuco,-12.316670,40.466670,MZ,BCH
Praia Miási,-14.000000,40.633330,MZ,BCH
Praia Matongo,-14.500000,40.833330,MZ,BCH
Praia de Macalopa,-13.950000,40.633330,MZ,BCH
Praia de Jangamo,-24.064440,35.492500,MZ,BCH
Praia do Goludo,-12.150000,40.483330,MZ,BCH
Beringano,-12.566670,40.533330,MZ,BCH
Praia Simuco,-13.925280,40.614440,MZ,BCH
Praia do Coral,-26.011670,32.911940,MZ,BCH
Praia de Chinhambanine,-25.960830,32.982500,MZ,BCH
Praia Matezinana,-25.680830,32.768060,MZ,BCH
Praia de Macaneta,-25.771940,32.737500,MZ,BCH
Praia de Quinga,-15.847500,40.241110,MZ,BCH
Praia Nova,-16.233610,39.971110,MZ,BCH
Praia Velha,-16.242780,39.921390,MZ,BCH
Praia de Chongoene,-25.092220,33.798610,MZ,BCH
Praia Muolove,-24.909440,34.350000,MZ,BCH
Praia de Chidenguele,-24.951110,34.207220,MZ,BCH
Praia Massano,-25.008060,34.050560,MZ,BCH
Praia Correia,-25.020280,34.016390,MZ,BCH
Praia Morrungulo,-23.230280,35.491940,MZ,BCH
Praia de Ravene,-24.285000,35.376940,MZ,BCH
D. Govene,-24.345560,35.324170,MZ,BCH
Praia Manhame,-24.436110,35.251110,MZ,BCH
Praia de Massinga,-23.433890,35.447220,MZ,BCH
Praia de Závora,-24.517490,35.201720,MZ,BCH
Praia da Barra,-23.793060,35.518060,MZ,BCH
Tofinho,-23.861940,35.551670,MZ,BCH
Praia da Rocha,-23.922780,35.526390,MZ,BCH
Praia da Costa do Sol,-25.922500,32.640000,MZ,BCH
Praia Mar,-25.935560,32.627780,MZ,BCH
Praia do Mira Mar,-25.950560,32.613610,MZ,BCH
South Beach,-22.683330,14.516670,NA,BCH
North Beach,-22.666670,14.516670,NA,BCH
Dolfynstrand,-22.843060,14.539440,NA,BCH
Agate Beach,-26.606110,15.178330,NA,BCH
Long Beach,-22.818270,14.542570,NA,BCH
Plage de Tiakan,-21.016670,165.383330,NC,BCH
Poundjo,-20.750000,165.116670,NC,BCH
Népia,-21.050000,165.400000,NC,BCH
Plage de Nébondi,-21.050000,165.400000,NC,BCH
Mon Plaisir,-22.233330,166.533330,NC,BCH
Plage de Mahamaté,-20.300000,164.483330,NC,BCH
Eviéré Plage,-22.566670,167.483330,NC,BCH
Bororot,-20.150000,164.200000,NC,BCH
Boidio,-22.400000,166.816670,NC,BCH
Boche,-20.066670,164.166670,NC,BCH
Anse Vata Beach,-22.302740,166.441780,NC,BCH
Plage du Méridien,-22.311320,166.448530,NC,BCH
Plae du Chateau Royale,-22.309070,166.448600,NC,BCH
Victoria Beach,6.416210,3.425800,NG,BCH
Playa Ocosme,12.856830,-87.617930,NI,BCH
Playa Mechapa,12.822740,-87.565410,NI,BCH
Playa El Manzano,12.693360,-87.400450,NI,BCH
Strandslag Zandloper,52.900000,4.716670,NL,BCH
Westerstrand,53.476980,6.130900,NL,BCH
Strandslag Voordijk,52.850000,4.700000,NL,BCH
Strandslag Sint Maartenszee,52.800000,4.666670,NL,BCH
Strandslag Petten,52.766670,4.650000,NL,BCH
Oosterstrand,53.502480,6.252700,NL,BCH
Onrust,52.990820,4.726580,NL,BCH
Noordoosthoek,53.300840,5.097580,NL,BCH
Strandslag Julianadorp,52.900000,4.716670,NL,BCH
Strandslag Huisduinen,52.950000,4.716670,NL,BCH
Het Rif,53.461730,6.126410,NL,BCH
Het Hen,53.466670,5.933330,NL,BCH
Strandslag Groote Keeten,52.866670,4.700000,NL,BCH
Strandslag Falga,52.916670,4.716670,NL,BCH
Strandslag Duinoord,52.933330,4.716670,NL,BCH
Strandslag Drooghe Weert,52.883330,4.716670,NL,BCH
Strandslag Callantsoog,52.833330,4.683330,NL,BCH
Balg,53.507200,6.309430,NL,BCH
Strandslag Abbestee,52.833330,4.683330,NL,BCH
Aloha Beach,51.594220,3.580080,NL,BCH
Ouddorp Beach,51.823980,3.887700,NL,BCH
Badstrand Rockanje,51.869360,4.048630,NL,BCH
Maasvlaktestrand,51.928650,3.979370,NL,BCH
Habana Beach,52.069270,4.218410,NL,BCH
Almeerderstrand,52.336760,5.138250,NL,BCH
Beach Ameland,53.459230,5.755680,NL,BCH
Playa Bengé,12.289960,-68.411900,NL,BCH
Vinjestranda,59.000000,9.666670,NO,BCH
Stranda,58.983330,9.750000,NO,BCH
Krabberødstranda,59.050000,9.683330,NO,BCH
Kleivstrand,59.116670,9.650000,NO,BCH
Helgerostranda,59.000000,9.850000,NO,BCH
Breidestranden,59.050000,9.716670,NO,BCH
Bjørnehistranda,59.066670,9.783330,NO,BCH
Bjønnesstranda,59.050000,9.783330,NO,BCH
Asdalsstranda,59.066670,9.633330,NO,BCH
Hvalstrand,59.842150,10.488570,NO,BCH
Rørestranda,59.391110,10.478060,NO,BCH
Mortensteinstranda,69.693610,18.201390,NO,BCH
Stranda,69.728330,18.248330,NO,BCH
Norskesanden,69.773060,18.430000,NO,BCH
Halden brygge,59.888290,10.633780,NO,BCH
Rolvestangen,59.890540,10.633960,NO,BCH
Langeby,59.078480,10.261140,NO,BCH
Vøra,59.072130,10.258480,NO,BCH
Bestemorstranda,59.864940,10.508450,NO,BCH
Holmenskjæret,59.854170,10.495030,NO,BCH
Heimstesanden,69.026550,17.056020,NO,BCH
Sørstesanden,69.018220,17.045890,NO,BCH
Hvittensand,59.036200,10.054530,NO,BCH
Rulletostranda,59.550810,10.581230,NO,BCH
Apotekerstranda,59.540250,10.552750,NO,BCH
Sandbukta,59.526990,10.506400,NO,BCH
Seivall,59.072990,9.715820,NO,BCH
Tautu Beach,-19.048680,-169.781450,NU,BCH
Avatele Beach,-19.126760,-169.912360,NU,BCH
Hio Beach,-18.988640,-169.904210,NU,BCH
Transit Beach,-44.600000,167.716670,NZ,BCH
Shelly Beach,-36.572390,174.379030,NZ,BCH
Pohara Beach,-40.833330,172.883330,NZ,BCH
Ohope Beach,-37.966670,177.033330,NZ,BCH
Ocean Beach,-45.900000,170.516670,NZ,BCH
Ninety Miles Beach,-44.100000,171.700000,NZ,BCH
Nine Mile Beach,-41.833330,171.466670,NZ,BCH
Muriwai Beach,-36.766670,174.400000,NZ,BCH
Long Beach,-46.633330,169.266670,NZ,BCH
Katiki Beach,-45.416670,170.816670,NZ,BCH
Hooks Beach,-36.733330,175.183330,NZ,BCH
Harihari Beach,-38.216670,174.716670,NZ,BCH
Fitzroy Beach,-39.050000,174.100000,NZ,BCH
Chrystalls Beach,-46.200000,170.100000,NZ,BCH
Carters Beach,-41.750000,171.550000,NZ,BCH
Carters Beach,-37.716670,174.816670,NZ,BCH
Buffalo Beach,-36.850000,175.700000,NZ,BCH
Browns Bay,-36.714770,174.749910,NZ,BCH
Mahanga Beach,-39.034170,177.891670,NZ,BCH
Three Mile Beach,-44.316670,168.100000,NZ,BCH
Hunt Beach,-43.533330,169.716670,NZ,BCH
Gillespie Beach,-43.400000,169.833330,NZ,BCH
Maori Pa Beach,-41.162220,173.447220,NZ,BCH
Milford Beach,-36.768890,174.771670,NZ,BCH
Long Bay,-36.684660,174.750850,NZ,BCH
Orewa Beach,-36.587500,174.700280,NZ,BCH
Kohimarama Beach,-36.849440,174.844170,NZ,BCH
Cheltenham Beach,-36.820560,174.808890,NZ,BCH
Narrow Neck Beach,-36.812220,174.802220,NZ,BCH
Takapuna Beach,-36.791670,174.780560,NZ,BCH
Thorne Bay,-36.778180,174.776670,NZ,BCH
Argyle Beach,-46.604170,168.352780,NZ,BCH
Morrison Beach,-46.600000,168.350000,NZ,BCH
Ocean Beach,-35.806670,174.568610,NZ,BCH
Waitangi Beach,-43.950000,-176.550000,NZ,BCH
Prices Beach,-46.078430,166.580050,NZ,BCH
Mussel Beach,-46.208420,167.360070,NZ,BCH
Red Beach,-47.178440,167.670090,NZ,BCH
The Settlement,-47.238450,167.590090,NZ,BCH
Sydney Beach,-44.438350,167.870050,NZ,BCH
Madagascar Beach,-44.448350,167.860050,NZ,BCH
No Mans Beach,-44.428350,167.880050,NZ,BCH
Ruby Beach,-44.418340,167.890050,NZ,BCH
North Beach,-46.348420,168.030080,NZ,BCH
Smoky Beach,-46.698430,167.840080,NZ,BCH
Magnetic Beach,-46.838430,168.080090,NZ,BCH
Little Hellfire Beach,-46.858430,167.750090,NZ,BCH
Big Hellfire Beach,-46.808430,167.720080,NZ,BCH
East Ruggedy Beach,-46.708430,167.730080,NZ,BCH
West Ruggedy Beach,-46.728430,167.720080,NZ,BCH
East Smoky Beach,-46.688430,167.850080,NZ,BCH
Lucky Beach,-46.708430,167.930080,NZ,BCH
Rollers Beach,-46.758430,167.980090,NZ,BCH
Murray Beach,-46.788430,168.000090,NZ,BCH
Golden Beach,-46.798430,168.010090,NZ,BCH
Big Bungaree Beach,-46.808430,168.030090,NZ,BCH
Little Bungaree Beach,-46.818430,168.040090,NZ,BCH
Newton Beach,-46.818430,168.050090,NZ,BCH
Sawyers Beach,-46.828430,168.080090,NZ,BCH
Maori Beach,-46.848430,168.080090,NZ,BCH
Roys Beach,-46.898430,168.020090,NZ,BCH
Swains Beach,-46.898430,168.030090,NZ,BCH
Whitestone Beach,-46.908430,168.050090,NZ,BCH
Millars Beach,-46.908430,168.050090,NZ,BCH
Watercress,-46.903270,168.107280,NZ,BCH
Tarpaulin Beach,-46.948430,168.170090,NZ,BCH
Boulder Beach,-46.928430,168.120090,NZ,BCH
West End Beach,-46.918430,168.110090,NZ,BCH
Sandhill Beach,-46.908430,168.150090,NZ,BCH
Moses Corner,-46.908430,168.130090,NZ,BCH
Ringaringa Beach,-46.898430,168.140090,NZ,BCH
Lonnekers Beach,-46.898430,168.140090,NZ,BCH
Bathing Beach,-46.888430,168.120090,NZ,BCH
Butterfield Beach,-46.888430,168.130090,NZ,BCH
Dead Man Beach,-46.878430,168.140090,NZ,BCH
Frenchmans Beach,-46.868430,168.130090,NZ,BCH
Hunter Beach,-46.938430,168.180090,NZ,BCH
Lowrys Beach,-46.928430,168.180090,NZ,BCH
Back Beach,-46.928430,168.180090,NZ,BCH
Karimoni Beach,-46.918430,168.180090,NZ,BCH
Oreti Beach,-46.448420,168.230090,NZ,BCH
Murrays Mistake,-46.978430,168.190090,NZ,BCH
Kellys Beach,-47.068440,168.170100,NZ,BCH
Salty Beach,-47.058440,168.170100,NZ,BCH
Ocean Beach,-46.968430,168.170090,NZ,BCH
Paua Beach,-46.958430,168.080090,NZ,BCH
Murphy Beach,-43.708320,169.230090,NZ,BCH
Haast Beach,-43.847840,169.022600,NZ,BCH
Three Mile Beach,-43.248300,170.110110,NZ,BCH
Five Mile Beach,-43.268300,170.080110,NZ,BCH
Waiho Beach,-43.288300,170.040110,NZ,BCH
Sandfly Beach,-43.318300,170.020100,NZ,BCH
Moonlight Beach,-43.348300,169.980100,NZ,BCH
Isaacs Beach,-43.468310,169.750100,NZ,BCH
Scotchmans Beach,-43.458310,169.760100,NZ,BCH
Saltwater Beach,-43.448310,169.770100,NZ,BCH
Galway Beach,-43.388310,169.880100,NZ,BCH
Maori Beach,-43.588310,169.600100,NZ,BCH
Sandy Beach,-43.568310,169.620100,NZ,BCH
Tautuku Beach,-46.578410,169.430100,NZ,BCH
Waipati Beach,-46.608410,169.360100,NZ,BCH
Shades Beach,-46.628410,169.230100,NZ,BCH
Little Beach,-46.638410,169.230100,NZ,BCH
Dummys Beach,-46.628410,169.250100,NZ,BCH
Wallace Beach,-46.618410,169.280100,NZ,BCH
Smiths Beach,-46.288400,169.920110,NZ,BCH
Measly Beach,-46.238400,170.000110,NZ,BCH
Greens Beach,-42.998290,170.570120,NZ,BCH
Saint Clair Beach,-45.908380,170.490100,NZ,BCH
Saint Kilda Beach,-45.908380,170.510100,NZ,BCH
Tomahawk Beach,-45.898380,170.540100,NZ,BCH
Smaills Beach,-45.898380,170.560100,NZ,BCH
Boulder Beach,-45.888380,170.610100,NZ,BCH
Allans Beach,-45.868380,170.680100,NZ,BCH
Tunnel Beach,-45.918380,170.450100,NZ,BCH
Papanui Beach,-45.858380,170.740100,NZ,BCH
Victory Beach,-45.828380,170.730100,NZ,BCH
Pipikaretu Beach,-45.798380,170.740100,NZ,BCH
Reids Beach,-45.788380,170.740100,NZ,BCH
Penguin Beach,-45.788380,170.740100,NZ,BCH
Te Rauone Beach,-45.788380,170.720100,NZ,BCH
Long Beach,-45.748380,170.640100,NZ,BCH
Whareakeake,-45.758380,170.660100,NZ,BCH
Kaikai Beach,-45.758380,170.680100,NZ,BCH
Spit Beach,-45.758380,170.700100,NZ,BCH
The Spit,-45.778380,170.710100,NZ,BCH
Pilots Beach,-45.768380,170.720100,NZ,BCH
Otekiho Beach,-45.778380,170.720100,NZ,BCH
Ryans Beach,-45.808380,170.740100,NZ,BCH
Watsons Beach,-46.158390,170.150100,NZ,BCH
Bushy Beach,-45.118360,170.970090,NZ,BCH
Te Hakapureirei Beach,-45.228370,170.860090,NZ,BCH
Moeraki Beach,-45.348370,170.820090,NZ,BCH
Hampden Beach,-45.318370,170.820090,NZ,BCH
Little Beach,-41.888270,171.440140,NZ,BCH
Pakiroa Beach,-42.148270,171.320140,NZ,BCH
Pakiroa Beach,-42.218270,171.310140,NZ,BCH
Wakanui Beach,-44.028340,171.860110,NZ,BCH
Stony Beach,-43.673880,173.053740,NZ,BCH
Armers Beach,-42.418300,173.700150,NZ,BCH
Marfells Beach,-41.718290,174.200180,NZ,BCH
Ward Beach,-41.838290,174.180180,NZ,BCH
South Beach,-41.078270,174.860200,NZ,BCH
Plimmerton Beach,-41.078270,174.860200,NZ,BCH
Brendan Beach,-41.028270,174.890200,NZ,BCH
Whareroa Beach,-40.968270,174.950200,NZ,BCH
Peka Peka Beach,-40.828260,175.050200,NZ,BCH
Whangaimoana Beach,-41.398280,175.160190,NZ,BCH
Twilight Beach (Te Paengarehia),-34.488180,172.690170,NZ,BCH
Te Werahi Beach,-34.448180,172.670170,NZ,BCH
Whangakea Beach,-34.448180,172.780170,NZ,BCH
Ninety Mile Beach,-34.568180,172.780180,NZ,BCH
Te Horo Beach,-34.448180,172.810170,NZ,BCH
Waikuku Beach,-34.428180,173.000180,NZ,BCH
Kahokawa Beach,-34.528180,172.710170,NZ,BCH
Ninety Mile Beach,-34.648180,172.860180,NZ,BCH
Rarawa Beach,-34.718180,173.070180,NZ,BCH
Kowhai Beach,-34.778180,173.140180,NZ,BCH
East Beach,-34.848180,173.170180,NZ,BCH
Ninety Mile Beach,-34.768180,172.970180,NZ,BCH
Ninety Mile Beach,-35.018180,173.160180,NZ,BCH
Te Angaanga Beach,-35.168180,173.120180,NZ,BCH
Tokerau Beach,-34.878180,173.370180,NZ,BCH
Hihi Beach,-34.968180,173.530180,NZ,BCH
Tokerau Beach,-34.938180,173.380180,NZ,BCH
Coopers Beach,-34.988180,173.510180,NZ,BCH
Taipa Beach,-34.988180,173.460180,NZ,BCH
Aurere Beach,-34.978180,173.430180,NZ,BCH
Hobson Beach,-35.268180,174.080180,NZ,BCH
Baylys Beach,-35.938180,173.730180,NZ,BCH
Orua Beach,-34.998180,173.790180,NZ,BCH
Kikipaku Beach,-34.988180,173.940180,NZ,BCH
Wiwiki Beach,-35.148180,174.100180,NZ,BCH
Long Beach,-35.258180,174.130180,NZ,BCH
Wairiki Beach,-35.238180,174.240180,NZ,BCH
Parutahi Beach,-35.378180,174.340180,NZ,BCH
Okurekureia Beach,-35.428180,174.370180,NZ,BCH
Okupe Beach,-35.438180,174.420180,NZ,BCH
Parauwanui Beach,-35.708180,174.520190,NZ,BCH
Rangitira Beach,-36.538190,174.210180,NZ,BCH
Muriwai Beach,-36.718190,174.360180,NZ,BCH
North Piha Beach,-36.938200,174.460190,NZ,BCH
Whites Beach,-36.928200,174.450190,NZ,BCH
Muriwai Beach,-36.808200,174.410190,NZ,BCH
Karioitahi Beach,-37.278210,174.650190,NZ,BCH
Hatfields Beach,-36.558190,174.690190,NZ,BCH
Red Beach,-36.598190,174.700190,NZ,BCH
Swan Beach,-36.618190,174.740190,NZ,BCH
Big Manly Beach,-36.628270,174.758360,NZ,BCH
Little Manly Beach,-36.637190,174.761840,NZ,BCH
Tindalls Beach,-36.618190,174.760190,NZ,BCH
Mairangi Bay,-36.738050,174.756230,NZ,BCH
Waiake Beach,-36.702970,174.752310,NZ,BCH
Shelly Park Beach,-36.908900,174.954460,NZ,BCH
Howick Beach,-36.888200,174.940190,NZ,BCH
Eastern Beach,-36.868200,174.910190,NZ,BCH
Bucklands Beach,-36.858200,174.900190,NZ,BCH
Ocean Beach,-36.798200,174.940190,NZ,BCH
Blackpool Beach,-36.788200,175.000190,NZ,BCH
Big Oneroa Beach,-36.778190,175.000190,NZ,BCH
Sulphur Beach,-36.808200,174.750190,NZ,BCH
City of Cork Beach,-36.808200,174.750190,NZ,BCH
Saint Leonards Beach,-36.798200,174.790190,NZ,BCH
Duders Beach,-36.828200,174.800190,NZ,BCH
Devonport Beach,-36.828200,174.790190,NZ,BCH
Halls Beach,-36.818200,174.740190,NZ,BCH
Gibson Beach,-37.668210,174.800190,NZ,BCH
Wainamu Beach,-37.798210,174.850200,NZ,BCH
Ngarunui Beach,-37.808210,174.830200,NZ,BCH
Raukumara Beach,-38.018220,174.780200,NZ,BCH
Ruapuke Beach,-37.898220,174.760200,NZ,BCH
Maukutea Beach,-38.008220,174.800200,NZ,BCH
Takapuahia Beach,-38.078220,174.800200,NZ,BCH
Kaipekepeke Beach,-38.098220,174.760200,NZ,BCH
Karewa Beach,-38.068220,174.810200,NZ,BCH
Kiritehere Beach,-38.318230,174.700200,NZ,BCH
Waikawau Beach,-38.468230,174.640200,NZ,BCH
Whangapoua Beach,-36.128180,175.420190,NZ,BCH
Stony Beach,-36.198180,175.480200,NZ,BCH
Overtons Beach,-36.168180,175.480200,NZ,BCH
Umupuia Beach,-36.898200,175.060200,NZ,BCH
Tawhitokino Beach,-36.938200,175.200200,NZ,BCH
Kellys Beach,-36.878200,175.010200,NZ,BCH
Omana Beach,-36.868200,175.020200,NZ,BCH
Te Pene Beach,-36.868200,175.030200,NZ,BCH
Maraetai Beach,-36.878200,175.040200,NZ,BCH
Ohinerangi Beach,-36.878200,175.040200,NZ,BCH
Waiomanu Beach,-36.878200,175.050200,NZ,BCH
Little Oneroa Beach,-36.778190,175.010190,NZ,BCH
Palmers Beach,-36.218180,175.470200,NZ,BCH
Medlands Beach,-36.258180,175.490200,NZ,BCH
Matarangi Beach,-36.718190,175.650200,NZ,BCH
New Chums Beach,-36.688190,175.600200,NZ,BCH
Otama Beach,-36.708190,175.740210,NZ,BCH
Rings Beach,-36.728190,175.680200,NZ,BCH
Whangapoua Beach,-36.708190,175.610200,NZ,BCH
Kuaotunu Beach,-36.718190,175.720210,NZ,BCH
Boulder Beach,-36.688190,175.790210,NZ,BCH
Ohuka Beach,-36.798190,175.700210,NZ,BCH
Whauwhau Beach,-36.768190,175.740210,NZ,BCH
Pauanui Beach,-37.008200,175.860210,NZ,BCH
Hot Water Beach,-36.878190,175.810210,NZ,BCH
Hahei Beach,-36.838190,175.800210,NZ,BCH
Wharekaho Beach,-36.788190,175.720210,NZ,BCH
Buffalo Beach,-36.808190,175.700210,NZ,BCH
Storm Beach,-37.038200,175.880210,NZ,BCH
Opoutere Beach,-37.088200,175.880210,NZ,BCH
Ocean Beach,-37.458210,175.980210,NZ,BCH
Pukehina Beach,-37.768220,176.500210,NZ,BCH
Newdicks Beach,-37.738220,176.470210,NZ,BCH
Kohioawa Beach,-37.868220,176.710220,NZ,BCH
Waiotahi Beach,-37.988230,177.220210,NZ,BCH
Hikuwai Beach,-37.988230,177.300210,NZ,BCH
Te Uritukituki Beach,-37.888230,177.550210,NZ,BCH
Hautai Beach,-37.658230,178.500220,NZ,BCH
Te Wharau Beach,-37.788230,178.460220,NZ,BCH
Marau Beach,-38.278240,178.330210,NZ,BCH
Wairere Beach,-38.388240,178.330210,NZ,BCH
Waihi Beach,-38.408240,178.340210,NZ,BCH
Waihau Beach,-38.438240,178.290210,NZ,BCH
Puatai Beach,-38.468240,178.270210,NZ,BCH
Porters Beach,-40.968250,172.100160,NZ,BCH
Heaphy Beach,-40.998250,172.100160,NZ,BCH
Twenty Minute Beach,-41.018250,172.110160,NZ,BCH
Nettle Beach,-41.028250,172.090160,NZ,BCH
Twin Beach,-41.048250,172.100160,NZ,BCH
Big Rock Beach,-41.068250,172.100160,NZ,BCH
Scotts Beach,-41.088250,172.100160,NZ,BCH
Wharariki Beach,-40.498240,172.660160,NZ,BCH
Tata Beach,-40.808250,172.910170,NZ,BCH
Totaranui Beach,-40.818250,173.000170,NZ,BCH
Observation Beach,-40.958250,173.050170,NZ,BCH
Kina Beach,-41.158260,173.050170,NZ,BCH
Tahunanui Beach,-41.280350,173.240880,NZ,BCH
Te Horea,-40.768260,173.940190,NZ,BCH
Queens Beach,-40.668250,174.000190,NZ,BCH
Long Beach,-40.908260,174.000190,NZ,BCH
Pipi Beach,-41.168270,173.860180,NZ,BCH
Motu Roa Beach,-41.158260,174.030190,NZ,BCH
Campbells Beach,-36.378190,174.760190,NZ,BCH
Ocean Beach,-41.368280,175.060190,NZ,BCH
Mangakuri Beach,-39.968250,176.910210,NZ,BCH
Rangaiika,-39.658240,177.080210,NZ,BCH
Opoutama Beach,-39.058230,177.850210,NZ,BCH
Baddeleys Beach,-36.378190,174.750190,NZ,BCH
Te Akau (Black Beach),-40.788260,173.940190,NZ,BCH
Puwheke Beach,-34.858180,173.300180,NZ,BCH
Burneys Beach,-41.168270,174.290190,NZ,BCH
Karikari Beach,-34.848180,173.360180,NZ,BCH
Wairaka Beach,-34.798180,173.380180,NZ,BCH
Kaitoke Beach,-36.238180,175.470200,NZ,BCH
Koura Beach,-41.058250,172.100160,NZ,BCH
Kaikai Beach,-35.588180,173.410180,NZ,BCH
Onehorahia,-36.798200,174.930190,NZ,BCH
Te Awa a te Atua Beach,-37.878220,176.750220,NZ,BCH
North Beach,-41.745200,171.615540,NZ,BCHS
Pohutukawa Bay,-36.668830,174.746990,NZ,BCH
Campbells Bay,-36.744700,174.761710,NZ,BCH
Murrays Bay,-36.732600,174.753520,NZ,BCH
Torbay,-36.696020,174.762180,NZ,BCH
West Cape Beach,-45.860950,166.438430,NZ,BCH
Smoothwater,-43.972460,168.596750,NZ,BCH
InterContinental Hotel Beach,23.618480,58.466470,OM,BCH
Ruwi Beach,23.633240,58.547730,OM,BCH
Wizards Beach,9.350000,-82.200000,PA,BCH
Playa de Viveros,8.488890,-78.978330,PA,BCH
Venado Beach,8.900000,-79.600000,PA,BCH
Playa Vanado,7.433330,-81.716670,PA,BCH
Playa del Socorro,8.133330,-82.316670,PA,BCH
Shimmey Beach,9.366670,-79.950000,PA,BCH
Playa de Santana,8.453330,-78.947500,PA,BCH
Playa San Lorenzo,8.215100,-82.056440,PA,BCH
Playa de San Juan,8.314170,-78.851110,PA,BCH
Playa de San Agustín,8.441940,-78.973330,PA,BCH
Playa Rosario,7.633330,-81.766670,PA,BCH
Playa de Río Sucio,8.317780,-78.965000,PA,BCH
Playa Punta Mala,8.100000,-82.333330,PA,BCH
Playa Punta del Pozo,8.133330,-82.316670,PA,BCH
Playa de Punta Coco,8.228060,-78.905280,PA,BCH
Playa Prieta,8.300280,-78.889440,PA,BCH
Playa Palma Real,8.100000,-82.333330,PA,BCH
Playa Palma de Coco,7.650000,-81.283330,PA,BCH
Playa de Palenque,8.183330,-82.266670,PA,BCH
Playa Pachotal,7.316670,-80.916670,PA,BCH
Playa de Pacheca,8.666960,-79.051540,PA,BCH
Playa Otoñal,8.299170,-78.965560,PA,BCH
Ortupu Ukupsuit,8.816670,-77.616670,PA,BCH
Old Point Beach,9.300000,-82.100000,PA,BCH
Playita Negra,8.100000,-82.366670,PA,BCH
Playa de Mogo Mogo,8.570620,-79.020080,PA,BCH
Playa de la Mina,7.933330,-81.633330,PA,BCH
Playa Martín Pérez,8.381940,-78.960280,PA,BCH
Playa María Grande,8.420830,-78.963890,PA,BCH
Playa Mafafita,8.285560,-78.919720,PA,BCH
Playa Machete,7.633330,-81.733330,PA,BCH
Playita Los Tiburones,8.133330,-82.316670,PA,BCH
Playa Los Colorados,8.083330,-82.350000,PA,BCH
Long Beach,9.333330,-82.133330,PA,BCH
Playa Limón,8.295000,-78.918330,PA,BCH
Playa Las Pavas,8.233330,-82.416670,PA,BCH
Playa La Paridita,8.083330,-82.333330,PA,BCH
Playa de La Legua,8.351670,-78.956670,PA,BCH
Playa La Lanza,8.116670,-82.333330,PA,BCH
Playa La Bejucosa,8.100000,-82.333330,PA,BCH
Playa La Barita,8.100000,-82.366670,PA,BCH
Playa Jurel,8.133330,-82.316670,PA,BCH
Playa Juan Avaca,8.183330,-81.950000,PA,BCH
Playa de Juana,7.700000,-81.466670,PA,BCH
Playa del Jobo,8.183330,-81.900000,PA,BCH
Playa Jejenoza Negra,8.100000,-82.333330,PA,BCH
Playa Jejenoza Blanca,8.100000,-82.333330,PA,BCH
Playa Interior,8.133330,-82.333330,PA,BCH
Playa Icaco,8.116670,-82.333330,PA,BCH
Hideaway Beach,8.933330,-79.566670,PA,BCH
Playa Hermosa,7.516670,-81.866670,PA,BCH
Playa Guerrero,8.216670,-82.366670,PA,BCH
Playa Grillo,8.284720,-78.942220,PA,BCH
Playa Grande de Saboga,8.616670,-79.066670,PA,BCH
Playa Grande,8.516670,-79.050000,PA,BCH
Playa Grande,8.483330,-79.066670,PA,BCH
Playa Grande,8.475000,-78.989720,PA,BCH
Playa Grande,8.400000,-80.033330,PA,BCH
Playa Grande,8.254640,-79.102420,PA,BCH
Playa Grande,8.231110,-78.920000,PA,BCH
Playa Grande,8.200000,-82.183330,PA,BCH
Playa Grande,8.100000,-82.366670,PA,BCH
Playa Gato,7.305510,-80.921300,PA,BCH
Playa Galera,8.381970,-79.095660,PA,BCH
Flat Rock Beach,9.416670,-82.250000,PA,BCH
Farfan Beach,8.933330,-79.566670,PA,BCH
Playa de Esmeralda,8.270830,-78.921390,PA,BCH
Playa Ensenada,8.466670,-79.016670,PA,BCH
Dreffe Beach,9.350000,-82.183330,PA,BCH
Playa Diablo,8.803150,-79.566320,PA,BCH
Devils Beach,9.366670,-79.966670,PA,BCH
Playa de Cocal,8.516670,-79.016670,PA,BCH
Playa de Cinique,8.300830,-78.876940,PA,BCH
Playa de Chuchecal,8.216670,-82.166670,PA,BCH
Playa Chiriquí,8.900000,-81.633330,PA,BCH
Playa Chiquita,8.200000,-82.200000,PA,BCH
Playa de Chiquero,8.299440,-78.855000,PA,BCH
Playa Chame,8.616670,-79.733330,PA,BCH
Playa de Cerro,8.616670,-79.600000,PA,BCH
Playa la Caleta,8.200000,-80.483330,PA,BCH
Playa de Cacique,8.307500,-78.899170,PA,BCH
Playa Brazo,8.241940,-78.911110,PA,BCH
Playa Brava,8.459810,-78.988610,PA,BCH
Playa Brava,8.346800,-78.420690,PA,BCH
Playa Brava,8.289910,-78.261660,PA,BCH
Playa Brava,7.900000,-81.600000,PA,BCH
Playa Brava,7.550000,-81.850000,PA,BCH
Playa del Bongo,8.200000,-82.250000,PA,BCH
Playa de Bongo,8.250000,-82.333330,PA,BCH
Playa Bongo,8.451390,-78.866670,PA,BCH
Playa Boca Parita,8.000000,-80.416670,PA,BCH
Playa de Boca Brava,8.200000,-82.283330,PA,BCH
Playa Blanca,8.809080,-79.519230,PA,BCH
Playa Blanca,8.483330,-79.050000,PA,BCH
Playa Blanca,8.133330,-82.333330,PA,BCH
Playa Blanca,7.383330,-81.650000,PA,BCH
Playa Bella Vista de Rincón,8.216670,-82.083330,PA,BCH
Playa Bella Vista,8.200000,-80.483330,PA,BCH
Playa Barco Quebrado,7.333330,-81.700000,PA,BCH
Playa Azul,7.866670,-81.583330,PA,BCH
Amador Beach,8.914930,-79.534210,PA,BCH
Playón de Salud,9.208610,-80.143060,PA,BCH
Playa Bonita,8.898660,-79.581610,PA,BCH
Playa Venado,7.432290,-80.196050,PA,BCH
Playa Grande,8.352290,-78.178020,PA,BCH
Playa Blanca,8.345350,-80.152340,PA,BCH
Playa Tres Chozas,-8.857090,-78.683300,PE,BCH
Playa Santa,-9.214500,-78.565950,PE,BCH
Playa San Pablo,-5.441100,-80.940910,PE,BCH
Playa Quitacalzón,-9.340390,-78.431620,PE,BCH
Playa La Punta,-7.115270,-79.691640,PE,BCH
Playa Puerto Pobre,-9.436490,-78.386440,PE,BCH
Playa Pozo Hondo,-7.858060,-79.363060,PE,BCH
Playa Perico,-5.236450,-81.169610,PE,BCH
Playa Pedregal,-9.511600,-78.389430,PE,BCH
Playa Nac,-6.016130,-81.135930,PE,BCH
Playa Mar Brava,-9.275250,-78.505440,PE,BCH
Playa de Lobos,-6.971090,-79.828090,PE,BCH
Playa Las Delicias,-5.717920,-80.852090,PE,BCH
Playa Las Ánimas,-4.241230,-81.215530,PE,BCH
Playa Lancón,-9.169990,-78.544200,PE,BCH
Playa La Huaca,-6.588310,-80.195030,PE,BCH
Playa Grande,-9.763550,-78.252320,PE,BCH
Playa Grande,-8.697130,-78.740600,PE,BCH
Playa Grande,-7.745200,-79.438990,PE,BCH
Playa Grande,-7.247190,-79.624800,PE,BCH
Playa La Garita,-6.069180,-81.104320,PE,BCH
Playa El Gerón,-4.973610,-81.081110,PE,BCH
Playa Dorada,-9.193010,-78.577080,PE,BCH
Playa Don Pérez,-9.479640,-78.396870,PE,BCH
Playa Culebras,-9.934400,-78.225330,PE,BCH
Playa Corralón Chico,-9.066440,-78.627830,PE,BCH
Playa Corral de Chancho,-6.457620,-80.441900,PE,BCH
Playa Coishco,-9.011730,-78.620420,PE,BCH
Playa Chica,-9.789220,-78.231560,PE,BCH
Playa El Cerco,-7.877180,-79.346840,PE,BCH
Playa El Castillo,-9.920680,-78.224000,PE,BCH
Playa La Casita,-5.344810,-81.036780,PE,BCH
Playa Cajero Grande,-9.555990,-78.366780,PE,BCH
Playa La Bocana,-7.779070,-79.402500,PE,BCH
Playa Balcones,-4.673100,-81.323430,PE,BCH
Playa Arena,-9.360120,-78.427370,PE,BCH
Playa Almires,-6.108330,-81.050000,PE,BCH
Playa las Aldas,-9.669790,-78.317880,PE,BCH
Playa Alconsillo,-9.157580,-78.561470,PE,BCH
Playa Chica,-5.089350,-81.171960,PE,BCH
Playa Grande,-5.110410,-81.161320,PE,BCH
Playa Pacas,-5.152590,-81.169530,PE,BCH
Playa El Cenizo,-5.270520,-81.133050,PE,BCH
Playa Bocana Vieja,-4.935000,-81.113610,PE,BCH
Playa Santa Jobina,-4.291980,-81.255180,PE,BCH
Playa Palo Parado,-5.620460,-80.853160,PE,BCH
Playa La Cruz del Faro,-6.898880,-79.897390,PE,BCH
Playa Calanloche,-7.046570,-79.752430,PE,BCH
Playa Los Olitares,-7.372020,-79.576140,PE,BCH
Playa Mal Paso,-7.011850,-79.788860,PE,BCH
Playa Ahogada,-7.887020,-79.336280,PE,BCH
Playa La Bocana,-7.950200,-79.276120,PE,BCH
Playa El Alambre,-7.892300,-79.331000,PE,BCH
Playa El Milagro,-7.801330,-79.384560,PE,BCH
Playa La Barca,-7.709070,-79.458520,PE,BCH
Playa Pulpar,-7.818670,-79.380870,PE,BCH
Playa Hermosa,-3.553860,-80.526340,PE,BCH
Playa Punta El Faro,-5.907130,-81.144870,PE,BCH
Playa Punta Shode,-5.859430,-81.127260,PE,BCH
Playa Nunura,-5.838740,-81.098880,PE,BCH
Playa Tantalean,-5.803580,-81.081890,PE,BCH
Playa Puerto Rico,-5.815170,-81.041960,PE,BCH
Playa Reventazón,-6.155730,-80.968900,PE,BCH
Playa Dos Mujeres,-6.561380,-80.253510,PE,BCH
Playa Las Delicias,-5.682780,-80.850560,PE,BCH
Playa Acapulco,-8.178890,-79.018890,PE,BCH
Playa Las Delicias,-8.186940,-79.011670,PE,BCH
Playa Huanchaquito,-8.107220,-79.101390,PE,BCH
Playa de Yauca,-15.664440,-74.621670,PE,BCH
Playa Yanyarina,-15.462120,-75.003500,PE,BCH
Playa Los Vidrios,-15.393330,-75.144720,PE,BCH
Playa Ventanilla,-11.869400,-77.154870,PE,BCH
Playa Tunga,-14.208830,-76.170030,PE,BCH
Playa de los Troncos,-16.110800,-73.880230,PE,BCH
Playa Tres Palos,-15.932200,-74.083550,PE,BCH
Playa de Tanaca,-15.701110,-74.518060,PE,BCH
Playa Tacahuay,-17.833330,-71.119440,PE,BCH
Playa Santa Ana,-14.411870,-76.044520,PE,BCH
Playa San Juanito,-15.268810,-75.241920,PE,BCH
Playa San Andrés,-13.733450,-76.223620,PE,BCH
Playa Puerto Viejo,-11.283330,-77.650000,PE,BCH
Pisco de la Playa,-13.700000,-76.250000,PE,BCH
Playa de Pescadores,-11.441530,-77.391080,PE,BCH
Playa de las Peñuelas,-15.623610,-74.705830,PE,BCH
Playa Pedregosa,-15.921630,-74.110100,PE,BCH
Pedregal,-17.590830,-71.344720,PE,BCH
Playa Pasamayo,-11.624830,-77.235140,PE,BCH
Playa Palo Vento,-14.366670,-76.100000,PE,BCH
Playa Palo Parado,-14.282020,-76.210750,PE,BCH
Playa Mulata,-13.200950,-76.346030,PE,BCH
Playa del Morro,-14.225180,-76.145730,PE,BCH
Playa Millo,-15.909650,-74.135970,PE,BCH
Playa de Media Luna,-14.592500,-75.926940,PE,BCH
Playa Médano,-10.001380,-78.192920,PE,BCH
Mar Bravo,-12.350000,-76.833330,PE,BCH
Playa Mansa de Lomas,-15.536940,-74.864170,PE,BCH
Playa de Lomitas,-14.737910,-75.806140,PE,BCH
Playa Libertad,-15.474850,-74.983350,PE,BCH
Playa La Virgen,-12.627060,-76.672740,PE,BCH
Playa Las Salinas,-13.979560,-76.268370,PE,BCH
Playa La Punta,-17.192560,-71.781860,PE,BCH
Playa La Pedregosa,-14.983050,-75.465780,PE,BCH
Playa Esperanza,-14.484060,-75.968430,PE,BCH
Playa La Chira,-12.194050,-77.034620,PE,BCH
Playa La Boca,-14.866670,-75.575830,PE,BCH
Playa Los Ingleses,-15.126700,-75.370710,PE,BCH
Playa Inglesa,-17.898480,-70.994670,PE,BCH
Playa Huasiparita,-14.996110,-75.440710,PE,BCH
Playa de Huagin,-16.750000,-72.400000,PE,BCH
Playa Huacllaco,-15.897290,-74.161400,PE,BCH
Playa Hermosa,-15.356450,-75.170430,PE,BCH
Playa Hermosa,-11.770640,-77.184310,PE,BCH
Playa Herencia,-12.564160,-76.720490,PE,BCH
Playa Haragán,-11.233330,-77.650000,PE,BCH
Playa Grande,-17.200000,-71.733330,PE,BCH
Playa Grande,-12.096050,-77.218420,PE,BCH
Playa Grande,-11.348910,-77.551080,PE,BCH
Playa Gramadal,-17.566670,-71.366670,PE,BCH
Playa Gramadal,-10.386390,-78.002780,PE,BCH
Playa Gallinazo,-14.078270,-76.272930,PE,BCH
Playa El Yate,-11.216670,-77.633330,PE,BCH
Playa El Muerto,-12.087420,-77.230370,PE,BCH
Playa El Erizal,-14.118020,-76.278550,PE,BCH
Playa El Chucho,-14.149990,-76.226400,PE,BCH
Playa Cóndor,-13.156040,-76.380480,PE,BCH
Playa Conchán,-12.250000,-76.916670,PE,BCH
Playa El Conchal,-15.215280,-75.223330,PE,BCH
Playa Cocoe,-11.216670,-77.650000,PE,BCH
Playa La Chorrera,-15.188330,-75.246940,PE,BCH
Playa Chilca,-12.530000,-76.761110,PE,BCH
Playa Chica,-11.163540,-77.595790,PE,BCH
Playa Chepeconde,-12.926950,-76.504540,PE,BCH
Playa Carhuas,-14.213810,-76.164920,PE,BCH
Playa Carhua,-14.233330,-76.150000,PE,BCH
Playa El Cachucho,-15.490050,-74.967500,PE,BCH
Playa Brava de Lomas,-15.569090,-74.824660,PE,BCH
Playa Bermejo,-10.548710,-77.906300,PE,BCH
Playa Barlovento,-14.369700,-76.094990,PE,BCH
Playa de Bandurrias,-16.168280,-73.784880,PE,BCH
Playa de Asia,-12.766670,-76.666670,PE,BCH
Playa Arenosa,-15.944390,-74.058430,PE,BCH
Playa de Arena,-16.576570,-72.833410,PE,BCH
Playa de Tanaca,-15.704050,-74.516410,PE,BCH
Playa de Chala,-15.837280,-74.278740,PE,BCH
Playa Arenosa,-15.951110,-74.060000,PE,BCH
Playa Chasqui,-18.206940,-70.590000,PE,BCH
Playa La Morena,-18.188610,-70.625000,PE,BCH
Playa Pozo Lizas,-17.696110,-71.345000,PE,BCH
Playa La Chira,-16.526910,-72.904400,PE,BCH
Playa de Media Luna,-14.550830,-75.946670,PE,BCH
Playa Yanyarina,-15.465830,-74.992220,PE,BCH
Playa La Palmilla,-13.759860,-76.232860,PE,BCH
Playa Lobería,-13.769730,-76.236500,PE,BCH
Playa Santa Elena,-13.778870,-76.238700,PE,BCH
Playa Media Luna,-13.787730,-76.239890,PE,BCH
Playa Puerto Nuevo,-13.815430,-76.249860,PE,BCH
Playa Puntilla,-13.819440,-76.250000,PE,BCH
Playa Chaco,-13.830710,-76.247000,PE,BCH
Playa Atenas,-13.819970,-76.301480,PE,BCH
Playa Talpo,-13.798950,-76.347540,PE,BCH
Playa El Peligro,-13.847450,-76.452080,PE,BCH
Playa Culebra,-13.851370,-76.384330,PE,BCH
Playa El Boquerón,-13.867510,-76.387700,PE,BCH
Playa Lira,-13.884460,-76.391820,PE,BCH
Playa Los Choros,-13.907540,-76.368330,PE,BCH
Playa Supay,-13.941650,-76.279180,PE,BCH
Playa Yumaque,-13.938670,-76.277250,PE,BCH
Playa El Puente,-14.003660,-76.274350,PE,BCH
Playa Cantolao,-12.069440,-77.162500,PE,BCH
Playa Carpayo,-12.067220,-77.151110,PE,BCH
Playa Los Cocos,-12.067220,-77.147780,PE,BCH
Playa Mar Brava,-12.064190,-77.141680,PE,BCH
Playa Arenilla,-12.067500,-77.155560,PE,BCH
Playa Tuquillo,-10.017730,-78.186930,PE,BCH
Playa Las Monjas,-10.367500,-78.018060,PE,BCH
Playa Caleta de Lobos,-10.413450,-78.008770,PE,BCH
Playa Cáncer,-10.105470,-78.178670,PE,BCH
Playa Gaviotas,-10.361310,-78.025710,PE,BCH
Playa La Honda,-10.045750,-78.173800,PE,BCH
Playa Las Zorras,-10.291670,-78.064720,PE,BCH
Playa Manache,-10.075220,-78.166240,PE,BCH
Playa Peje Sapero,-10.056620,-78.169920,PE,BCH
Playa Salinas,-10.025920,-78.183310,PE,BCH
Playa El Colorado,-11.031220,-77.646610,PE,BCH
Playa Grande,-11.308890,-77.626110,PE,BCH
Playa Herradura,-11.272940,-77.641020,PE,BCH
Playa La Redonda,-11.054720,-77.631940,PE,BCH
Playa Paraíso,-11.218060,-77.618890,PE,BCH
Playa Tartacay,-11.231390,-77.642220,PE,BCH
Playa Tangón,-9.265570,-78.514930,PE,BCH
Playa Viento,-9.170680,-78.581280,PE,BCH
Playa Los Tres Brincos,-9.033820,-78.633680,PE,BCH
Playa Corralón Grande,-9.055160,-78.629770,PE,BCH
Playa Oquendo,-11.976980,-77.130870,PE,BCH
Playa Márquez,-11.941800,-77.134540,PE,BCH
Playa La Playuela,-11.828970,-77.183720,PE,BCH
Playa Hondable,-11.812370,-77.174690,PE,BCH
Playa Santa Rosa,-11.801390,-77.178610,PE,BCH
Playa Grande,-11.788470,-77.180340,PE,BCH
Playa Salitral,-11.781940,-77.196110,PE,BCH
Playa La Ofrenda,-11.770230,-77.195630,PE,BCH
Playa Huaquilla,-11.773800,-77.193130,PE,BCH
Playa La Puntilla,-11.766270,-77.195680,PE,BCH
Playa Miramar,-11.762670,-77.169620,PE,BCH
Playa Carros Grandes,-11.728480,-77.169050,PE,BCH
Playa Carros Chicos,-11.715870,-77.177150,PE,BCH
Playa El Estanque,-11.695660,-77.192410,PE,BCH
Playa Toma y Calla,-11.683350,-77.189880,PE,BCH
Playa San Juan,-11.663100,-77.198620,PE,BCH
Playa Cascajo,-11.591650,-77.269210,PE,BCH
Playa Casonal,-11.518670,-77.296440,PE,BCH
Playa Caletilla,-12.511020,-76.795320,PE,BCH
Playa La Entrada,-12.513150,-76.791060,PE,BCH
Playa Ñaves,-12.520940,-76.777700,PE,BCH
Playa San Pedro,-12.543610,-76.740280,PE,BCH
Playa Yaya,-12.538360,-76.739370,PE,BCH
Playa Honda,-12.554640,-76.725840,PE,BCH
Playa Puerto Viejo,-12.578080,-76.701710,PE,BCH
Playa San Pablo,-12.597000,-76.695560,PE,BCH
Playa Barrancadero,-12.600980,-76.689120,PE,BCH
Playa El Colorado,-12.603960,-76.686320,PE,BCH
Playa León Dormido,-12.629100,-76.668930,PE,BCH
Playa La Ensenada,-12.639270,-76.666910,PE,BCH
Playa La Totorita,-12.682520,-76.652340,PE,BCH
Playa Los Delfines,-12.719640,-76.628200,PE,BCH
Playa Venturosa,-12.739250,-76.634520,PE,BCH
Playa Bolsillo,-12.742230,-76.635090,PE,BCH
Playa Chocalla,-12.743820,-76.628440,PE,BCH
Playa Sarapampa,-12.832020,-76.538630,PE,BCH
Playa Valdivia,-12.861730,-76.513560,PE,BCH
Playa Palillos,-12.900970,-76.508660,PE,BCH
Playa Chiquita,-12.933780,-76.505650,PE,BCH
Playa Las Lomas,-12.935390,-76.505390,PE,BCH
Playa Puerto Field,-12.942720,-76.504830,PE,BCH
Playa Gallardo,-12.961550,-76.510750,PE,BCH
Playa Las Palmeras,-12.967590,-76.507160,PE,BCH
Playa Honda,-12.970490,-76.505260,PE,BCH
Playa La Conchita,-12.977290,-76.504610,PE,BCH
Playa Los Lobos,-12.985140,-76.500810,PE,BCH
Playa Jardín,-18.105560,-70.731940,PE,BCH
Playa Brava,-18.152220,-70.687780,PE,BCH
Playa Brava,-17.892220,-70.980560,PE,BCH
Playa Grande,-11.394440,-77.468060,PE,BCH
Playa Corralones,-9.980700,-78.200670,PE,BCH
Playa Gringos,-9.966540,-78.208370,PE,BCH
Playa Colorados,-9.961040,-78.216030,PE,BCH
Playa Gaviotas,-9.953610,-78.226110,PE,BCH
Playa Dos Amigos,-9.910330,-78.228120,PE,BCH
Playa Cashco,-9.905430,-78.225200,PE,BCH
Playa Los Litros,-9.898080,-78.227930,PE,BCH
Playa La Campana,-9.881650,-78.234040,PE,BCH
Playa Mirador,-9.228330,-78.486670,PE,BCH
Playa Chimús,-9.319110,-78.464800,PE,BCH
Playa La Cocina,-9.325500,-78.479330,PE,BCH
Playa El Zapatero,-9.333360,-78.478330,PE,BCH
Playa Bernardino,-9.417070,-78.417420,PE,BCH
Playa Tortuga,-9.365360,-78.408650,PE,BCH
Playa Guaynuma,-9.345610,-78.423570,PE,BCH
Playa Campanario,-9.490660,-78.392310,PE,BCH
Playa Las Salinas,-9.325590,-78.445470,PE,BCH
Playa Viña del Mar,-13.360450,-76.219750,PE,BCH
Playa El Turno,-13.318210,-76.247420,PE,BCH
Playa El Zorro,-13.274670,-76.282610,PE,BCH
Playa Melchorita,-13.249850,-76.304390,PE,BCH
Playa Huachama,-13.179500,-76.360060,PE,BCH
Playa Clarita,-13.152400,-76.383660,PE,BCH
Playa Agua Dulce,-13.099860,-76.425770,PE,BCH
Playa Hermosa,-13.087440,-76.437150,PE,BCH
Playa La Costa,-13.050810,-76.472740,PE,BCH
Playa El Hueso,-13.017060,-76.482090,PE,BCH
Playa Las Totoritas,-13.399720,-76.199800,PE,BCH
Playa Carrizal,-13.391430,-76.203460,PE,BCH
Playa Los Reyes,-13.008200,-76.486910,PE,BCH
Playa La Perla,-13.418550,-76.193080,PE,BCH
Playa El Silencío,-13.407290,-76.197120,PE,BCH
Playa Las Conchitas,-11.748640,-77.168590,PE,BCH
Playa La Guanera,-11.709340,-77.181450,PE,BCH
Playa Vividero,-11.701600,-77.186980,PE,BCH
Playa Caulancillo,-11.673040,-77.193770,PE,BCH
Playa Chorrillano,-11.657420,-77.202700,PE,BCH
Playa Muerto de Piedra,-11.648990,-77.205130,PE,BCH
Playa Muerto de Arena,-11.644640,-77.206300,PE,BCH
Playa San Gaspar,-11.639440,-77.212330,PE,BCH
Playa Chacra y Mar,-11.621980,-77.230910,PE,BCH
Playa Agua Dulce,-11.503770,-77.308150,PE,BCH
Playa Los Delfines,-11.843290,-77.169530,PE,BCH
Playa Lance,-11.837080,-77.179910,PE,BCH
Playa Carcal,-11.826320,-77.184160,PE,BCH
Playa Chica,-11.797400,-77.176390,PE,BCH
Playa Carachoza,-11.804610,-77.175360,PE,BCH
Playa Visitador,-11.781210,-77.187530,PE,BCH
Playa El Casino,-11.772410,-77.177490,PE,BCH
Playa San Francisco,-11.768350,-77.186540,PE,BCH
Playa Dormidero,-11.765650,-77.189010,PE,BCH
Playa Las Conchitas,-11.755370,-77.169190,PE,BCH
Playa Bujama Baja,-12.715980,-76.628140,PE,BCH
Playa Salazar,-12.700100,-76.642710,PE,BCH
Playa La Costa,-12.669420,-76.659780,PE,BCH
Playa El Quemado,-12.660780,-76.667730,PE,BCH
Playa Brava,-8.997160,-78.635910,PE,BCH
Playa Rosario Chico,-14.975120,-75.478040,PE,BCH
Playa Rosario Grande,-14.967590,-75.490000,PE,BCH
Playa Hermosa,-6.847610,-79.935090,PE,BCH
Playa Salina Chica,-7.022770,-79.769890,PE,BCH
Playa Palo Parado,-7.011020,-79.782140,PE,BCH
Playa Chira,-12.104530,-77.208640,PE,BCH
Playa La Pampilla,-12.118640,-77.043350,PE,BCH
Playa Tres Picos,-12.114230,-77.047500,PE,BCH
Malecón La Marina,-12.116620,-77.044000,PE,BCH
Malecón Cisneros,-12.121930,-77.037790,PE,BCH
Playa Miraflores,-12.124440,-77.035810,PE,BCH
Playa Estrella,-12.133340,-77.027210,PE,BCH
Playa Cascadas,-12.138850,-77.025520,PE,BCH
Playa Barranco,-12.144990,-77.023170,PE,BCH
Playa los Yuyos,-12.149020,-77.023050,PE,BCH
Playa Las Sombrillas,-12.153300,-77.024120,PE,BCH
Playa Agua Dulce,-12.157170,-77.025150,PE,BCH
Playa La Herradura,-12.172900,-77.032810,PE,BCH
Playa Los Delfines,-12.108020,-77.053310,PE,BCH
Playa Marbella,-12.103530,-77.059360,PE,BCH
Playa de Villa,-12.206720,-77.022520,PE,BCH
Playa Constante,-5.654760,-80.848420,PE,BCH
Playa de los Ahogados,-9.230360,-78.485590,PE,BCH
Playa Honda,-14.096170,-76.282300,PE,BCH
Playa La Raya,-14.136390,-76.265530,PE,BCH
Playa Sacasemita,-14.146520,-76.276120,PE,BCH
Playa Redumbao,-14.185480,-76.274400,PE,BCH
Playa Los Viejos,-13.824510,-76.366210,PE,BCH
Playa Cequión Grande,-13.837910,-76.300720,PE,BCH
Scarlet Beach,-6.483330,147.850000,PG,BCH
Kombon Beach,-4.000000,152.900000,PG,BCH
Kirra Beach,-9.533330,147.250000,PG,BCH
Kauho Beach,-5.533330,148.583330,PG,BCH
Garingi Beach,-5.533330,148.550000,PG,BCH
Fingal Beach,-9.533330,147.250000,PG,BCH
Taurama Beach,-9.523080,147.256170,PG,BCH
Ela Beach,-9.479660,147.156260,PG,BCH
Eroro Beach,-8.898550,148.485890,PG,BCH
Kabikawan Beach,17.367420,122.245240,PH,BCH
Digdig Beach,17.599910,122.166550,PH,BCH
Demolit Beach,17.125340,122.432040,PH,BCH
Debor Beach,17.474220,122.206350,PH,BCH
Bilagbag Beach,17.356520,122.259550,PH,BCH
Sigangao Beach,6.684100,121.589000,PH,BCH
Balukbaluk Beach,6.675500,121.713700,PH,BCH
Caromatan Beach,7.800100,123.701700,PH,BCH
Sigayan Beach,7.736300,123.757500,PH,BCH
Kalibao Beach,7.701800,123.815400,PH,BCH
Liangan Beach,7.685830,123.929440,PH,BCH
Maladig Beach,7.669170,123.963330,PH,BCH
Kiamba Beach,5.980280,124.646110,PH,BCH
Kling-Tambilil Beach,5.955830,124.685560,PH,BCH
Kayupo Kling Beach,5.936110,124.722780,PH,BCH
Lumuyon-Kayupo Beach,5.928330,124.743330,PH,BCH
Maasin-Cablacan Beach,5.861390,124.971670,PH,BCH
Katubao Beach,5.888060,124.829720,PH,BCH
Lumazal Beach,5.885000,124.848890,PH,BCH
Nama Beach,5.907780,124.803060,PH,BCH
Tañgo Beach,5.871670,125.221110,PH,BCH
Lago Beach,5.892500,125.224720,PH,BCH
Kapatan Beach,5.902780,125.235830,PH,BCH
Kabog Beach,5.912500,125.245280,PH,BCH
Maasin Beach,5.855560,125.017500,PH,BCH
Kamanga Beach,5.853890,125.042500,PH,BCH
Tampat Beach,5.911110,125.091390,PH,BCH
Sigil Beach,5.953330,125.098060,PH,BCH
Bauin Sigil Beach,5.963890,125.108330,PH,BCH
Bauin Beach,5.983330,125.116940,PH,BCH
Sapu Beach,5.919170,125.260830,PH,BCH
Malapatan Beach,5.971940,125.284170,PH,BCH
Sellona Beach,5.797220,125.174720,PH,BCH
Taban Beach,5.793060,125.184170,PH,BCH
Adarna Beach,5.785280,125.188060,PH,BCH
Milbuk Beach,6.156670,124.279170,PH,BCH
Kraan Colongcolong-Baliango Beach,6.128890,124.309720,PH,BCH
Mindupok Beach,6.082500,124.432780,PH,BCH
Maguling Beach,6.094170,124.402780,PH,BCH
Malisbeng Beach,6.114720,124.366670,PH,BCH
Maitum-Mabay Beach,6.045560,124.485560,PH,BCH
Palimbang Beach,6.205910,124.191720,PH,BCH
Kanipaan Beach,6.161670,124.248060,PH,BCH
Sangay Beach,6.444720,124.040560,PH,BCH
Heart Break Beach,6.386220,124.055560,PH,BCH
Namat Beach,6.388330,124.077780,PH,BCH
Maganal Beach,6.350830,124.092220,PH,BCH
Malatunol Beach,6.314370,124.116920,PH,BCH
Medel Beach,6.298270,124.132050,PH,BCH
Wasag Beach,6.273330,124.157320,PH,BCH
Kiambing Beach,6.027220,124.515280,PH,BCH
Bula Beach,6.106110,125.182780,PH,BCH
Kulagsing Beach,6.631390,125.425560,PH,BCH
Magbato Beach,6.615280,125.441670,PH,BCH
Malalag Beach,6.601670,125.404440,PH,BCH
Bitaug Beach,6.599720,125.458610,PH,BCH
Dawis Beach,6.728060,125.371940,PH,BCH
Binagao Beach,6.950280,125.485280,PH,BCH
Darong Beach,6.931390,125.487500,PH,BCH
Sibulan Beach,6.910560,125.476390,PH,BCH
Astorga Beach,6.898890,125.456390,PH,BCH
Talisay Beach,6.868330,125.438610,PH,BCH
Baray Beach,6.859170,125.430830,PH,BCH
Lubo Island Beach,6.839170,125.420830,PH,BCH
Kinimi-nalkan Beach,6.968890,123.974720,PH,BCH
Tambak-kinimi Beach,6.936670,123.969170,PH,BCH
Lumuyon Beach,5.913610,124.785560,PH,BCH
Ladol Beach,6.094720,125.255560,PH,BCH
Kawas Beach,6.062220,125.275830,PH,BCH
Sakhang Beach,6.055560,125.271670,PH,BCH
Pequeño Beach,6.047500,125.277780,PH,BCH
Mud Beach,6.033330,125.276670,PH,BCH
Lun Beach,6.017220,125.284720,PH,BCH
Lawayon Beach,6.018610,125.691390,PH,BCH
Tagbulanan Beach,6.548330,125.511940,PH,BCH
Basiawan Beach,6.516940,125.523890,PH,BCH
Kisulad Beach,6.527780,125.540830,PH,BCH
Sikalig Beach,6.532500,125.558890,PH,BCH
Mainapan Beach,6.520000,125.569170,PH,BCH
Butak Beach,6.518610,125.577220,PH,BCH
White Beach,11.994170,121.925000,PH,BCH
Puka Beach,11.996000,121.915300,PH,BCH
Lasgas Beach,10.305100,118.996200,PH,BCH
Danlig Beach,10.391690,118.992400,PH,BCH
Biyalaso Beach,10.375490,118.982800,PH,BCH
Kialpaan Beach,10.357190,118.975400,PH,BCH
Caruray Beach,10.317290,119.002500,PH,BCH
Erawan Beach,10.644770,119.327800,PH,BCH
Nagtulay Beach,10.628570,119.322800,PH,BCH
Alemanguan Beach,10.607870,119.324100,PH,BCH
Enarayan Beach,10.561780,119.296800,PH,BCH
Pinagmangalokan Beach,10.542480,119.272300,PH,BCH
Makatombaten Beach,10.511180,119.265100,PH,BCH
Sagboyin Beach,10.486880,119.230100,PH,BCH
Mahilamonen Beach,10.464180,119.212000,PH,BCH
Pamaoyan Beach,10.433390,119.186200,PH,BCH
Itaytay Beach,10.412790,119.176600,PH,BCH
Kaniloan Beach,10.472280,119.093300,PH,BCH
Saleng Beach,10.498180,119.062400,PH,BCH
Tebo Beach,10.488980,119.066100,PH,BCH
Cabang Beach,10.494180,119.077500,PH,BCH
Sabang Beach,10.196720,118.893400,PH,BCH
Selangan Beach,10.424190,119.023900,PH,BCH
Panotoan Beach,10.396690,119.071500,PH,BCH
Santa Cruz Beach,10.387090,119.054900,PH,BCH
Cenangarian Beach,10.398990,119.035300,PH,BCH
Carag Beach,10.408190,119.021100,PH,BCH
Caygobay Beach,10.404790,119.012500,PH,BCH
Nagbarongas Beach,10.403290,119.003300,PH,BCH
Palios Beach,10.335290,119.005800,PH,BCH
Dicala Beach,10.340390,119.026800,PH,BCH
Denay Beach,10.361790,119.020000,PH,BCH
Caybolo Beach,10.412490,119.073700,PH,BCH
Ibobonuwang Beach,10.435090,119.104200,PH,BCH
Tagawili Beach,10.437490,119.099900,PH,BCH
Bitaog Beach,10.439590,119.099000,PH,BCH
Kabayosoan Beach,10.441290,119.095900,PH,BCH
Pinsawan Beach,10.450790,119.092600,PH,BCH
Agtap Beach,10.462880,119.089300,PH,BCH
Tangdang Beach,10.478080,119.215200,PH,BCH
Naonao Beach,10.455990,119.202400,PH,BCH
Penanindigan Beach,10.535600,119.239100,PH,BCH
Arton Beach,10.570400,119.136600,PH,BCH
Ombo Beach,10.691600,119.338600,PH,BCH
Debangan Beach,11.020400,119.725300,PH,BCH
Badlang Beach,11.146800,119.597200,PH,BCH
South Beach,11.238800,119.699200,PH,BCH
Matenlen Beach,11.242000,119.712400,PH,BCH
Basakar Beach,11.249200,119.723900,PH,BCH
Talisay Beach,11.245300,119.686000,PH,BCH
Pinamalayan Beach,11.277700,119.679300,PH,BCH
Bayo Bayo Beach,11.303000,119.692000,PH,BCH
Patoltol Beach,11.316500,119.694600,PH,BCH
Pigtayan Beach,11.319800,119.680300,PH,BCH
Iloc Beach,11.314700,119.677700,PH,BCH
Parada Beach,11.287100,119.658200,PH,BCH
Paduldolan Beach,11.275200,119.662100,PH,BCH
Santa Monica Beach,11.305400,119.566100,PH,BCH
Bulang Beach,11.314100,119.562100,PH,BCH
Samalague Beach,11.191200,119.590700,PH,BCH
Basques Beach,11.266900,119.670500,PH,BCH
Mirabel Beach,11.250500,119.630600,PH,BCH
Palma Beach,11.244200,119.627500,PH,BCH
Villagracia Beach,11.241900,119.620800,PH,BCH
Lim Beach,11.246600,119.621100,PH,BCH
Basakar Beach,11.257100,119.623800,PH,BCH
Patatpat Beach,11.183300,119.627600,PH,BCH
Tumarbong Beach,10.375290,119.460600,PH,BCH
Casuarina Beach,18.480160,122.147750,PH,BCH
Racat Beach,18.413060,122.132350,PH,BCH
Darong Beach,18.472760,122.241850,PH,BCH
Debenbenan Beach,17.114740,122.477840,PH,BCH
Oway Beach,17.337630,122.288500,PH,BCH
Motiong Beach,16.190600,122.071400,PH,BCH
Pasmacanan Beach,18.416780,122.276220,PH,BCH
Lomintong Beach,18.873390,121.246690,PH,BCH
Gagaco Beach,18.871110,121.262130,PH,BCH
Poso Beach,18.860300,121.263300,PH,BCH
Sebio Beach,18.853460,121.248540,PH,BCH
Musa Beach,18.874110,121.282500,PH,BCH
Tocod Beach,18.896600,121.432600,PH,BCH
Calalapson Beach,18.882800,121.461800,PH,BCH
Calinebneb Beach,18.861100,121.460400,PH,BCH
Nagulian Beach,18.848400,121.370600,PH,BCH
Dakal Beach,18.840900,121.321400,PH,BCH
Cababangtalan Beach,18.844500,121.290100,PH,BCH
Baler Beach,15.884900,121.551200,PH,BCH
Disagadan Beach,15.943900,121.604500,PH,BCH
Bungan Beach,15.960200,121.621200,PH,BCH
Kinayabutan Beach,18.082880,122.167050,PH,BCH
Kalamansig Beach,6.548100,124.056030,PH,BCH
Poral Tibpuan Beach,6.604500,124.052830,PH,BCH
Tibpuan Tran Beach,6.652830,124.041810,PH,BCH
Masepit Beach,7.076000,126.468280,PH,BCH
Lingayeo Beach,7.114700,126.484480,PH,BCH
Andron Buyanging Beach,16.381800,119.871200,PH,BCH
Talampo Beach,13.879150,120.057920,PH,BCH
Balibago Beach,13.869850,120.052920,PH,BCH
Manga Beach,14.848810,120.265040,PH,BCH
Banua Beach,19.032000,121.233100,PH,BCH
Pansol Beach,13.898500,122.227900,PH,BCH
Odells Cape Beach,7.363600,125.811100,PH,BCH
San Antonio Beach,7.738160,126.502220,PH,BCH
Mahoc Beach,7.736990,126.518740,PH,BCH
Bacolinay Beach,7.736350,126.526420,PH,BCH
Banao Beach,7.736550,126.537820,PH,BCH
Bangcocaan Beach,7.698590,126.551580,PH,BCH
Cabuyawan Beach,7.681830,126.551060,PH,BCH
Honocan Beach,7.632780,126.554250,PH,BCH
Luha Beach,7.617210,126.565260,PH,BCH
Lambajon Beach,7.607060,126.563270,PH,BCH
Baganga Beach,7.581470,126.558220,PH,BCH
Lakud Beach,7.572630,126.564780,PH,BCH
Daquit Beach,7.544220,126.584380,PH,BCH
Bobon Beach,7.517730,126.595410,PH,BCH
Guiguiwanen Beach,16.379060,119.908790,PH,BCH
Long Beach,16.390780,119.879680,PH,BCH
Lobo River Beach,13.634480,121.196280,PH,BCH
Matabungkay Beach,13.961640,120.614450,PH,BCH
Sitio Kitay Beach,13.928920,122.503450,PH,BCH
Mabini Beach,10.628090,124.443730,PH,BCH
Hundura Beach,13.497420,120.955280,PH,BCH
Balete Beach,13.502610,120.958770,PH,BCH
Encenada Beach,13.503190,120.964470,PH,BCH
Big Lalaguna Beach,13.525180,120.967240,PH,BCH
Fuego Beach 2,14.135850,120.572610,PH,BCH
Sunset Beach,14.132770,120.578840,PH,BCH
Coral Beach,14.134350,120.581280,PH,BCH
Pirate Cove Beach,14.131420,120.580960,PH,BCH
Rock Beach,14.130770,120.582780,PH,BCH
Palm Beach,14.135060,120.584710,PH,BCH
Weathered Rock Beach,14.130240,120.585360,PH,BCH
Sailor's Cove Beach,14.130570,120.587480,PH,BCH
Long Beach (Main Beach),14.134840,120.587010,PH,BCH
Lost Beach,14.134100,120.591340,PH,BCH
Crescent Beach,14.133830,120.594430,PH,BCH
Secret Beach,14.124990,120.591720,PH,BCH
Sunset Beach 2,14.120980,120.591920,PH,BCH
Coral Garden Beach,14.121450,120.596920,PH,BCH
Marina Beach,14.122110,120.599150,PH,BCH
Barber Beach,14.121520,120.602330,PH,BCH
South Beach,14.382010,120.584580,PH,BCH
San Juan Beach,13.800140,121.444690,PH,BCH
Aliguay Island Beach,8.749700,123.223880,PH,BCH
Aliguay Island Tourist Beach,8.742810,123.223990,PH,BCH
Awasan Beach,13.932460,122.512340,PH,BCH
Perez Beach,16.516650,120.316560,PH,BCH
Alona Beach,9.547970,123.771560,PH,BCH
Buyong Beach,10.288720,124.008080,PH,BCH
Sands Pit,24.830360,66.926630,PK,BCH
Clifton Beach,24.801900,67.025200,PK,BCH
Sind Bay Play Land,24.801700,67.028280,PK,BCH
Warszòw plaża,53.917230,14.303380,PL,BCH
Plaża Międzyzdroje,53.932970,14.447580,PL,BCH
Plaża Międzywodzie,54.010060,14.691900,PL,BCH
Plaża w Dziwnowie,54.026780,14.751330,PL,BCH
Pobierowo Plaża,54.060850,14.925910,PL,BCH
Plaża Niechorze,54.097410,15.077830,PL,BCH
Plaża w Pogorzelicy,54.105990,15.119630,PL,BCH
Plaża Dżwirzyno,54.160650,15.399530,PL,BCH
Płaza Kolobrzeg,54.186870,15.557110,PL,BCH
Sianożęty Plaża,54.209520,15.720150,PL,BCH
Plaża w Ustroniu Morskim,54.215940,15.749670,PL,BCH
Plaża Sarbinowo,54.249330,15.953910,PL,BCH
Plaża Dąbki,54.383480,16.314180,PL,BCH
Jarosławiec Plaża,54.542920,16.541930,PL,BCH
Plaża Dębina,54.641960,17.007650,PL,BCH
Plaża Rowy,54.668170,17.048120,PL,BCH
Plaża Łeba,54.768340,17.561690,PL,BCH
Plaża Kopalino,54.811300,17.831240,PL,BCH
Plaża Lubiatowo,54.816270,17.856950,PL,BCH
Plaża Białogóra,54.829470,17.952950,PL,BCH
Plaża Dębki,54.833030,18.090450,PL,BCH
Władysławowo plaża,54.800780,18.406220,PL,BCH
Playa Aguila,17.979410,-67.214350,PR,BCH
Balnearin de Añasco,18.289670,-67.194070,PR,BCH
Aviones Beach,18.457720,-65.980720,PR,BCH
Bahía Salinas Beach,17.950800,-67.195730,PR,BCH
Balneario Condado,18.461020,-66.082250,PR,BCH
Balneario El Tuque,17.980800,-66.643230,PR,BCH
Balneario Isla Verde,18.448830,-65.999050,PR,BCH
Balneario Luquillo,18.384950,-65.730160,PR,BCH
Balneario Municipal de Aguda,18.395500,-67.191850,PR,BCH
Balneario Público de Humacao,18.154960,-65.762380,PR,BCH
Balneario de Anasco,18.284400,-67.191570,PR,BCH
Balneario de Arroyo,17.962190,-66.039050,PR,BCH
Playa Blanca,18.199400,-65.651830,PR,BCH
Blue Beach,18.108850,-65.407940,PR,BCH
Balneario Público de Boquerón,18.013300,-67.171850,PR,BCH
Playa Brava,18.330510,-65.285710,PR,BCH
Playa Brava,18.056900,-67.877410,PR,BCH
Playa Canalejo,18.377730,-65.617660,PR,BCH
Playa de Cascajo,18.292460,-65.295990,PR,BCH
Playa de Cerro Gordo,18.485220,-66.359610,PR,BCH
Condado Beach,18.459950,-66.077940,PR,BCH
Playa Dinero,18.286900,-65.284320,PR,BCH
Domes Beach,18.364110,-67.270180,PR,BCH
Culebrita Beach,18.317460,-65.227660,PR,BCH
El Alambique Beach,18.444110,-66.024330,PR,BCH
Escambron Beach,18.465500,-66.087110,PR,BCH
Playa Flamenco,18.328010,-65.316270,PR,BCH
Playa Grande,18.157740,-65.374880,PR,BCH
Isla Verde Beach,18.444950,-66.014050,PR,BCH
Playa de Jaboncillo,17.952740,-66.904340,PR,BCH
Playa de Jauca,17.968300,-66.362950,PR,BCH
Joyuda Beach,18.113290,-67.182120,PR,BCH
La Pared Beach,18.376990,-65.715110,PR,BCH
Lamela Beach,18.065790,-67.196850,PR,BCH
Playa Larga,18.321340,-65.258490,PR,BCH
Los Pozos Beach,18.002190,-67.197680,PR,BCH
Luis Pena Beach,18.311070,-65.332940,PR,BCH
Playa de Luquillo,18.386060,-65.729610,PR,BCH
Playa Manzanilla,18.292460,-65.259320,PR,BCH
Melones Beach,18.303010,-65.310710,PR,BCH
Mosquito Bay Beach,18.098020,-65.441270,PR,BCH
Navio Beach,18.097460,-65.438770,PR,BCH
Ocean Park Beach,18.454670,-66.053220,PR,BCH
Pico Piedra,18.385220,-67.212400,PR,BCH
Playa Boqueron,18.010240,-67.175460,PR,BCH
Playa Bramadero,18.169960,-67.178790,PR,BCH
Playa Buye,18.040240,-67.206010,PR,BCH
Playa Corcega,18.329160,-67.251420,PR,BCH
Playa El Combate,17.969960,-67.212400,PR,BCH
Playa Espinar,18.391610,-67.196290,PR,BCH
Playa Icacos,18.063020,-65.799610,PR,BCH
Playa La Puente,18.262450,-67.185180,PR,BCH
Playa La Ruina,18.488830,-67.161850,PR,BCH
Playa Laguna,18.140790,-67.180180,PR,BCH
Playa Las Palmas,17.963580,-66.034610,PR,BCH
Playa Mala Pascua,17.976360,-65.917110,PR,BCH
Playa Mar Chiquita,18.471610,-66.482120,PR,BCH
Playa Maunabo,17.989410,-65.886550,PR,BCH
Playa Media Luna,18.089410,-65.455710,PR,BCH
Playa Puerto Nuevo,18.489390,-66.403230,PR,BCH
Playa Puerto Real,18.332730,-65.628220,PR,BCH
Playa Punta Arenas,18.138010,-67.183510,PR,BCH
Playa Punta Borinquen,18.508270,-67.137400,PR,BCH
Playa Sabaneta,18.234680,-67.173510,PR,BCH
Playa Salinas,17.955240,-67.190730,PR,BCH
Playa Sardinas,18.301350,-65.303210,PR,BCH
Playa Sardinera,18.090510,-67.940190,PR,BCH
Playa Sun Bay,18.096910,-65.460440,PR,BCH
Playa Torrecillas Pinones,18.452720,-65.962940,PR,BCH
Playa Tortuguero,18.469110,-66.458780,PR,BCH
Playa Uvero,18.059680,-67.904910,PR,BCH
Playa Vacia Talega,18.447170,-65.907660,PR,BCH
Playa Zoni,18.306620,-65.244320,PR,BCH
Playa de Guayanilla,18.006630,-66.766290,PR,BCH
Playa de Levittown,18.452720,-66.175720,PR,BCH
Playa de Vega,18.489110,-66.391840,PR,BCH
Playa de los Cabes,18.471610,-66.119890,PR,BCH
Playa del Dorado,18.477170,-66.257670,PR,BCH
Playa del Mar,18.240230,-67.173790,PR,BCH
Playa el Convento,18.362170,-65.648770,PR,BCH
Playuela Beach,17.932740,-67.187680,PR,BCH
Punta Guilarte Beach,17.961630,-66.035720,PR,BCH
Puntas Arenas Beach,18.160510,-67.183240,PR,BCH
Playa Resaca,18.331070,-65.299600,PR,BCH
Playa de Sardinas,18.302180,-65.303770,PR,BCH
Playa de Sardinera,18.472300,-66.290880,PR,BCH
Seven Seas Beach,18.371340,-65.632110,PR,BCH
Playa de Tamarindo,17.952750,-66.848230,PR,BCH
Playa de los Tocones,18.475500,-66.319060,PR,BCH
Playa de las Tres Palmitas,18.447170,-65.939890,PR,BCH
Playa del Uvero,18.059120,-67.905190,PR,BCH
Playa Tortuga,18.320000,-65.229170,PR,BCH
Playa los Dátiles,18.299440,-65.301110,PR,BCH
Playa del Este,18.318060,-65.226670,PR,BCH
Playa del Cocal,18.305000,-65.309720,PR,BCH
Playa de Tórtola,18.331940,-65.272220,PR,BCH
Playa de Magollo,18.309720,-65.313890,PR,BCH
Praia do Zavial,37.045540,-8.870480,PT,BCH
Praia da Zambujeira,37.523050,-8.788050,PT,BCH
Praia da Vide,38.917470,-9.427340,PT,BCH
Praia Velha,39.777400,-9.022700,PT,BCH
Praia de Vale Figueiros,37.895840,-8.797500,PT,BCH
Praia de Vale Figueiras,37.252150,-8.865850,PT,BCH
Praia da Ursa,38.783330,-9.483330,PT,BCH
Praia dos Três Irmãos,37.118190,-8.578230,PT,BCH
Praia do Tonel,37.005950,-8.948430,PT,BCH
Praia do Telheiro,37.045490,-8.978680,PT,BCH
Praia de São Torpes,37.922650,-8.806190,PT,BCH
Praia de São Sebastião,38.971910,-9.420570,PT,BCH
Praia de São Lourenço,39.016670,-9.416670,PT,BCH
Praia de Santa Rita,39.170560,-9.360270,PT,BCH
Praia de Santa Cruz,39.138320,-9.381470,PT,BCH
Praia da Samarra,38.896930,-9.434980,PT,BCH
Praia de Salema,37.065160,-8.824360,PT,BCH
Praia do Rodízio,38.821070,-9.473320,PT,BCH
Praia da Ribeira de Cascais,38.699170,-9.417930,PT,BCH
Praia da Ribeira,38.964020,-9.418680,PT,BCH
Praia da Rainha,38.700000,-9.416670,PT,BCH
Praia da Questã,38.479490,-8.899140,PT,BCH
Praia do Porto Novo,39.066670,-9.416670,PT,BCH
Praia de Porto Chão,39.095130,-9.408500,PT,BCH
Praia da Ponta Ruiva,37.068930,-8.964430,PT,BCH
Praia da Pena Furada,37.147220,-8.915960,PT,BCH
Praia da Pedra da Bica,37.532510,-8.786320,PT,BCH
Praia das Paredes,39.683330,-9.050000,PT,BCH
Praia Nossa Senhora da Conceição,38.700090,-9.416380,PT,BCH
Praia de Nossa Senhora,37.530280,-8.786620,PT,BCH
Praia do Norte,39.610870,-9.086100,PT,BCH
Praia do Norte,38.967270,-9.420050,PT,BCH
Praia da Murraçao,37.153950,-8.909110,PT,BCH
Praia dos Mouranitos,37.116670,-8.933330,PT,BCH
Praia do Mirouço,37.136070,-8.918550,PT,BCH
Praia do Martinhal,37.018550,-8.926470,PT,BCH
Praia da Marinha,37.089700,-8.412020,PT,BCH
Praia da Mareta,37.005390,-8.939560,PT,BCH
Praia do Malhão,37.787060,-8.802110,PT,BCH
Praia do Magoito,38.863600,-9.449210,PT,BCH
Praia das Maçãs,38.825040,-9.470060,PT,BCH
Praia da Luz,37.083330,-8.733330,PT,BCH
Praia da Laje,38.683330,-9.316670,PT,BCH
Praia dos Lagosteiros,38.423570,-9.214810,PT,BCH
Praia da Lagoa,37.970100,-8.870330,PT,BCH
Praia de João Vaz,37.042180,-8.894760,PT,BCH
Praia da Ingrina,37.046700,-8.878980,PT,BCH
Ilha de Faro,36.994880,-7.975580,PT,BCH
Praia do Guincho,39.116670,-9.383330,PT,BCH
Praia Grande do Rodízio,38.814500,-9.478600,PT,BCH
Praia Grande do Guincho,38.732680,-9.474100,PT,BCH
Praia Grande,37.950000,-8.866670,PT,BCH
Praia Grande,37.652150,-8.801940,PT,BCH
Praia Grande,37.116140,-8.519410,PT,BCH
Praia da Galapa,38.484450,-8.964040,PT,BCH
Praia das Furnas,37.716200,-8.786210,PT,BCH
Praia dos Frades,39.300000,-9.350000,PT,BCH
Praia da Foz,38.950000,-9.416670,PT,BCH
Praia da Foz,37.885350,-8.796130,PT,BCH
Praia Formosa,39.131720,-9.385550,PT,BCH
Praia Formosa,38.133330,-9.383330,PT,BCH
Praia da Figueira,37.060580,-8.839780,PT,BCH
Praia dos Estoris,38.702060,-9.397620,PT,BCH
Praia das Eiras,37.058620,-8.972680,PT,BCH
Praia da Cruz Quebrada,38.700000,-9.250000,PT,BCH
Praia dos Coxos,39.004540,-9.425570,PT,BCH
Praia da Cova Redonda,37.098600,-8.380470,PT,BCH
Praia da Cova,38.440630,-9.059020,PT,BCH
Praia da Cordoana,37.110080,-8.937890,PT,BCH
Praia da Comenda,38.506470,-8.925450,PT,BCH
Praia da Coelha,37.066670,-8.300000,PT,BCH
Praia do Cavalo,38.802250,-9.486730,PT,BCH
Praia dos Cavacos,37.036660,-7.794800,PT,BCH
Praia Castelejo,37.100030,-8.944920,PT,BCH
Praia das Cascas,37.111430,-7.619430,PT,BCH
Praia do Carvalho,37.087440,-8.421590,PT,BCH
Praia das Carreiras,39.185220,-9.355520,PT,BCH
Praia de Carcavelos,38.678380,-9.334160,PT,BCH
Praia do Burrinho,37.867940,-8.794040,PT,BCH
Praia do Burgau,37.071590,-8.775410,PT,BCH
Praia do Brejo Largo,37.674730,-8.795720,PT,BCH
Praia da Bordeira,37.200350,-8.900280,PT,BCH
Praia do Belixe,37.025710,-8.965660,PT,BCH
Praia do Barranco,37.050000,-8.900000,PT,BCH
Praia da Baleia,38.957740,-9.415650,PT,BCH
Praia da Baleeira,37.083330,-8.266670,PT,BCH
Praia da Baleeira,37.011110,-8.930220,PT,BCH
Praia da Arrifana,37.300000,-8.866670,PT,BCH
Praia do Areia do Mastro,38.433330,-9.216670,PT,BCH
Praia da Areia Branca,39.262500,-9.336920,PT,BCH
Praia da Angrinha,37.116670,-8.516670,PT,BCH
Praia do Anção,37.033590,-8.040510,PT,BCH
Praia da Ana,37.083330,-8.666670,PT,BCH
Praia da Amoreira,39.127960,-9.388180,PT,BCH
Praia de Alvor,37.122700,-8.600080,PT,BCH
Praia dos Alteirinhos,37.518370,-8.788190,PT,BCH
Praia de Alpertucho,38.467430,-8.990390,PT,BCH
Praia de Albufeira,37.083330,-8.250000,PT,BCH
Praia da Adraga,38.803600,-9.485030,PT,BCH
Praia da Aguda,38.851860,-9.455540,PT,BCH
Praia dos Moleiros,38.846960,-9.458500,PT,BCH
Arcão,38.840510,-9.463090,PT,BCH
Concelho,38.833160,-9.468110,PT,BCH
Praia Pequeña do Rodízio,38.816890,-9.476860,PT,BCH
Praia das Maçãs,38.833330,-9.408330,PT,BCH
Ursas,38.790720,-9.492600,PT,BCH
Praia do Abano,38.742840,-9.473050,PT,BCH
Praia do Guincho,38.737670,-9.473090,PT,BCH
Praia da Crismina,38.726700,-9.476610,PT,BCH
Praia de São João,38.655050,-9.249800,PT,BCH
Praia de Santo António,38.658600,-9.253710,PT,BCH
Praia da Costa da Caparica,38.646640,-9.243490,PT,BCH
Praia da Saude,38.638930,-9.236880,PT,BCH
Praia da Rainha,38.625490,-9.225900,PT,BCH
Praia do Pescador,38.613280,-9.217660,PT,BCH
Praia do Rei,38.606840,-9.214010,PT,BCH
Praia Fonte da Telha,38.573430,-9.197030,PT,BCH
Praia da Ribeira,38.700000,-9.416670,PT,BCH
Praia da Duquesa,38.700820,-9.414760,PT,BCH
Praia das Moitas,38.700000,-9.408330,PT,BCH
Praia do Monte Estoril,38.702410,-9.408160,PT,BCH
Praia do Estoril,38.703630,-9.405070,PT,BCH
Praia de São João do Estoril,38.702890,-9.398570,PT,BCH
Praia da Azarujinha,38.700650,-9.389230,PT,BCH
Praia de São Pedro do Estoril,38.693520,-9.369460,PT,BCH
Praia de Bafureira,38.691980,-9.365930,PT,BCH
Verandas de São Pedro,38.693880,-9.371180,PT,BCH
Praia das Avencas,38.688230,-9.360620,PT,BCH
Praia de Parede,38.685680,-9.353980,PT,BCH
Praia de Santo Amaro,38.684930,-9.309070,PT,BCH
Praia de Paço de Arcos,38.690120,-9.296100,PT,BCH
Praia de Caxias,38.700000,-9.279170,PT,BCH
Praia de Torre,38.675660,-9.322770,PT,BCH
Praia da Vagueira,40.565050,-8.769350,PT,BCH
Praia Nova,41.500570,-8.788120,PT,BCH
Praia do Marreto,41.238030,-8.724110,PT,BCH
Praia da Madalena,41.108090,-8.663660,PT,BCH
Praia de Lavadores,41.129390,-8.668880,PT,BCH
Praia de Labruge,41.276890,-8.729030,PT,BCH
Praia de Fão,41.508800,-8.787300,PT,BCH
Praia de Paramos,40.977130,-8.650660,PT,BCH
Praia Verde,37.173880,-7.478470,PT,BCH
Fuzeta beach (land based),37.051000,-7.742690,PT,BCH
Fuzeta beach (island),37.043070,-7.744260,PT,BCH
Praia da Manta Rota,37.162920,-7.518640,PT,BCH
Oura Beach,37.086020,-8.226080,PT,BCH
Praia de Monte Gordo,37.176650,-7.447440,PT,BCH
Praia da Alagoa,37.169310,-7.497550,PT,BCH
Praia de Cacela Velha,37.152990,-7.542330,PT,BCH
Praia de Cabanas,37.133570,-7.589700,PT,BCH
Praia da Terra Estreita,37.097910,-7.640840,PT,BCH
Praia do Barril,37.085840,-7.661850,PT,BCH
Praia da Quinta do Lago,37.025160,-8.025930,PT,BCH
Praia do Vale do Garrão,37.043380,-8.056880,PT,BCH
Praia do Trafal,37.053770,-8.075100,PT,BCH
Praia de Loulé Velho,37.057370,-8.081410,PT,BCH
Praia do Forte Novo,37.061680,-8.089540,PT,BCH
Praia da Rocha Baixinha,37.073700,-8.128200,PT,BCH
Praia da Falésia,37.086230,-8.168830,PT,BCH
Praia das Belharucas,37.090440,-8.181490,PT,BCH
Praia dos Olhos de Água,37.089570,-8.190400,PT,BCH
Praia Maria Luisa,37.089250,-8.202200,PT,BCH
Praia de Santa Eulália,37.087960,-8.212660,PT,BCH
Praia da Oura,37.085990,-8.225720,PT,BCH
Praia dos Aveiros,37.083550,-8.231100,PT,BCH
Praia dos Alemães,37.083730,-8.237930,PT,BCH
Praia do INATEL,37.085420,-8.243470,PT,BCH
Praia do Peneco,37.086190,-8.252290,PT,BCH
Praia de Arrifes,37.075860,-8.277430,PT,BCH
Praia de São Rafael,37.074600,-8.280140,PT,BCH
Praia do Evaristo,37.074170,-8.302740,PT,BCH
Praia da Galé,37.081090,-8.317140,PT,BCH
Praia da Galé Oeste,37.084930,-8.322810,PT,BCH
Praia dos Salgados,37.088370,-8.328850,PT,BCH
Praia Grande de Pêra,37.097270,-8.348150,PT,BCH
Praia da Senhora da Rocha,37.096960,-8.385770,PT,BCH
Praia de Albandeira,37.090960,-8.399840,PT,BCH
Praia de Benagil,37.087330,-8.425750,PT,BCH
Praia do Vale de Centianes,37.091440,-8.456080,PT,BCH
Praia do Paraíso,37.096960,-8.475600,PT,BCH
Praia da Salgadeira,37.098490,-8.480370,PT,BCH
Praia do Padre Vicente,37.098990,-8.481980,PT,BCH
Praia da Cama da Vaca,37.100000,-8.485730,PT,BCH
Praia dos Caneiros,37.105040,-8.513870,PT,BCH
Praia do Torrado,37.105890,-8.515810,PT,BCH
Praia do Pintadinho,37.108120,-8.518990,PT,BCH
Praia do Molhe,37.109880,-8.519560,PT,BCH
Praia Grande Sul,37.114030,-8.518420,PT,BCH
Praia do Vau,37.119700,-8.558490,PT,BCH
Praia do Barranco das Canas,37.119680,-8.563400,PT,BCH
Praia de Boião,37.119170,-8.565250,PT,BCH
Praia de João de Arens,37.116120,-8.567750,PT,BCH
Praia do Valentim de Carvalho,37.116460,-8.571810,PT,BCH
Praia do Vale da Lama,37.120940,-8.627630,PT,BCH
Meia Praia,37.117230,-8.644850,PT,BCH
Praia de São Roque,37.106230,-8.664740,PT,BCH
Batata beach,37.098150,-8.667680,PT,BCH
Praia do Pinhão,37.094550,-8.667740,PT,BCH
Praia Dona Ana,37.092090,-8.668900,PT,BCH
Praia do Camilo,37.087410,-8.668450,PT,BCH
Praia dos Pinheiros,37.084390,-8.667050,PT,BCH
Praia do Barranco do Martinho,37.082170,-8.672490,PT,BCH
Praia do Canavial,37.083920,-8.679130,PT,BCH
Praia de Porto de Mós,37.085270,-8.688160,PT,BCH
Praia dos Rebolos,37.069020,-8.781700,PT,BCH
Almadena,37.066120,-8.801730,PT,BCH
Praia da Boca do Rio,37.066190,-8.809260,PT,BCH
Praia da Santa,37.061320,-8.836580,PT,BCH
Praia do João Vaz,37.044110,-8.884960,PT,BCH
Praia dos Rebolinhos,37.022150,-8.920180,PT,BCH
Prainha das Poças,37.002690,-8.944560,PT,BCH
Praia da Barriga,37.119810,-8.930700,PT,BCH
Praia do Amado,37.166540,-8.904550,PT,BCH
Praia da Pedra da Agulha,37.268590,-8.860620,PT,BCH
Praia da Pipa,37.324300,-8.869270,PT,BCH
Praia da Fateixa,37.335390,-8.859810,PT,BCH
Praia do Monte Clérigo,37.343530,-8.852360,PT,BCH
Praia da Amoreira,37.352030,-8.846700,PT,BCH
Praia da Carriagem,37.358170,-8.842150,PT,BCH
Praia do Vale dos Homens,37.385260,-8.824240,PT,BCH
Praia de Samouqueira,37.407140,-8.812250,PT,BCH
Praia da Baía dos Tiros,37.406640,-8.812790,PT,BCH
Praia de Odeceixe Mar,37.442410,-8.799310,PT,BCH
Praia de Adegas,37.439670,-8.800870,PT,BCH
Praia da Amália,37.482260,-8.794530,PT,BCH
Praia do Machado,37.492050,-8.794270,PT,BCH
Praia do Carvalhal,37.501060,-8.792840,PT,BCH
Praia do Alvorião,37.503990,-8.791810,PT,BCH
Praia das Bernosas,37.514850,-8.790630,PT,BCH
Praia da Meia Laranja,37.516790,-8.790350,PT,BCH
Praia da Baía da Arquinha,37.535950,-8.786640,PT,BCH
Praia da Entrada da Barca,37.551040,-8.792100,PT,BCH
Praia do Tonel,37.558870,-8.792250,PT,BCH
Praia da Lavagueira,37.566700,-8.797500,PT,BCH
Praia do Creleizão,37.592950,-8.816380,PT,BCH
Praia da Laginha,37.607920,-8.813550,PT,BCH
Praia do Cão,37.610130,-8.811910,PT,BCH
Praia da Barca Grande,37.637870,-8.807970,PT,BCH
Praia dos Carriços,37.644930,-8.806270,PT,BCH
Praia da Poça do Buraco,37.647450,-8.805490,PT,BCH
Praia de Nossa Senhora,37.654200,-8.802090,PT,BCH
Praia da Foz dos Ouriços,37.657950,-8.800990,PT,BCH
Praia da Angra das Melancias,37.660030,-8.802710,PT,BCH
Praia da Angra do Travesso,37.662230,-8.801470,PT,BCH
Praia dos Picos,37.665270,-8.800760,PT,BCH
Praia do Cavalo,37.681780,-8.795290,PT,BCH
Praia da Angra do Navio de Trigo,37.692960,-8.792500,PT,BCH
Praia da Angra do Cozinhadouro,37.697690,-8.792500,PT,BCH
Praia do Carreiro das Fazendas,37.723240,-8.792420,PT,BCH
Praia da Franquia,37.722170,-8.787540,PT,BCH
Praia do Farol,37.718530,-8.790040,PT,BCH
Praia do Patacho,37.725960,-8.793130,PT,BCH
Praia do Porto das Barcas,37.734890,-8.796620,PT,BCH
Praia da Angra da Cerva,37.752820,-8.807830,PT,BCH
Praia do Burdo,37.759930,-8.806410,PT,BCH
Praia da Angra da Vaca,37.764910,-8.806800,PT,BCH
Praia da Angra da Barreta,37.770280,-8.804710,PT,BCH
Praia dos Nascedios,37.791570,-8.802370,PT,BCH
Praia do Saltinho,37.794050,-8.802020,PT,BCH
Praia do Salto,37.860150,-8.794660,PT,BCH
Praia da Samoqueira,37.868970,-8.793530,PT,BCH
Praia Vasco da Gama,37.953600,-8.866440,PT,BCH
Praia de Melides,38.129280,-8.794070,PT,BCH
Praia da Aberta Nova,38.177780,-8.781540,PT,BCH
Praia do Pêgo,38.293240,-8.779190,PT,BCH
Playa De Comporta,38.393810,-8.810350,PT,BCH
Praia de Albarquel,38.510860,-8.915630,PT,BCH
Praia da Figueirinha,38.483810,-8.944120,PT,BCH
Praia dos Galapinhos,38.483870,-8.968350,PT,BCH
Praia dos Coelhos,38.481790,-8.969410,PT,BCH
Praia do Portinho da Arrábida,38.476910,-8.983860,PT,BCH
Praia da Ribeira do Cavalo,38.432860,-9.128750,PT,BCH
Praia das Bicas,38.464940,-9.192800,PT,BCH
Praia do Meco,38.489420,-9.184350,PT,BCH
Praia da Lagoa de Albufeira,38.507440,-9.182960,PT,BCH
Praia da Sereia,38.599070,-9.209720,PT,BCH
Praia da Morena,38.602790,-9.211180,PT,BCH
Praia do Tarquínio-Paraíso,38.641340,-9.239070,PT,BCH
Praia do Norte,38.650170,-9.245450,PT,BCH
Praia dos Gémeos,38.676630,-9.329330,PT,BCH
Praia do Moinho,38.676310,-9.327190,PT,BCH
Praia da Poça,38.702040,-9.392160,PT,BCH
Praia do Pescoço do Cavalo,38.701950,-9.395190,PT,BCH
Praia do Tamariz,38.702640,-9.400160,PT,BCH
Praia da Arriba,38.720410,-9.479320,PT,BCH
Praia da Grota,38.749850,-9.472120,PT,BCH
Praia do Porto do Touro,38.757750,-9.481840,PT,BCH
Praia de Assentiz,38.775850,-9.493930,PT,BCH
Praia da Aroeira,38.785970,-9.496140,PT,BCH
Praia do Caneiro,38.795670,-9.489850,PT,BCH
Praia do Giribeto,38.874260,-9.444670,PT,BCH
Praia de São Julião,38.932370,-9.420200,PT,BCH
Praia da Foz do Lizandro,38.942650,-9.416640,PT,BCH
Praia de Ribeira d'Ilhas,38.987670,-9.419690,PT,BCH
Praia das Escadinhas,39.042130,-9.416560,PT,BCH
Praia das Peças,39.061740,-9.416210,PT,BCH
Praia das Furnas,39.063320,-9.416200,PT,BCH
Praia da Horta,39.069070,-9.419090,PT,BCH
Praia do Baío,39.076580,-9.420230,PT,BCH
Praia de Cambelas,39.083920,-9.416310,PT,BCH
Praia da Foz do Sizandro,39.104240,-9.400890,PT,BCH
Praia Azul,39.110200,-9.396100,PT,BCH
Praia do Mirante,39.142830,-9.377780,PT,BCH
Praia do Amanhã,39.148770,-9.373460,PT,BCH
Praia da Mexilhoeira,39.155640,-9.369580,PT,BCH
Praia do Seixo,39.158070,-9.368100,PT,BCH
Praia de Porto Novo,39.178410,-9.356560,PT,BCH
Praia do Valmitão,39.201950,-9.346740,PT,BCH
Praia de Porto Dinheiro,39.214820,-9.344320,PT,BCH
Praia do Zimbral,39.222660,-9.341400,PT,BCH
Praia do Porto das Barcas,39.227270,-9.340070,PT,BCH
Praia da Peralta,39.245450,-9.341150,PT,BCH
Praia do Vale dos Frades,39.275720,-9.335780,PT,BCH
Praia do Caniçal,39.280990,-9.336560,PT,BCH
Praia de Paimogo,39.285200,-9.337760,PT,BCH
Praia de Vale Pombas,39.292510,-9.340520,PT,BCH
Praia do Alto de Santa Luzia,39.314330,-9.348720,PT,BCH
Praia de Miras,39.315310,-9.350240,PT,BCH
Praia do Salgueiro,39.316640,-9.351700,PT,BCH
Praia de São Marcos,39.318870,-9.355120,PT,BCH
Praia da Consolação,39.327170,-9.359850,PT,BCH
Praia das Rochas,39.323970,-9.360970,PT,BCH
Praia do Medão Grande,39.340820,-9.361210,PT,BCH
Praia dos Supertubos,39.345960,-9.364690,PT,BCH
Praia do Molhe Leste,39.350440,-9.367750,PT,BCH
Praia da Camaroa,39.353410,-9.387200,PT,BCH
Praia do Portinho da Areia Sul,39.353720,-9.388850,PT,BCH
Praia do Portinho da Areia do Norte,39.368800,-9.378270,PT,BCH
Praia do Quebrado,39.367210,-9.373740,PT,BCH
Praia da Gâmboa,39.364440,-9.372580,PT,BCH
Praia de Peniche de Cima,39.362160,-9.368320,PT,BCH
Praia da Cova da Alfarroba,39.360430,-9.362470,PT,BCH
Playa De Dunas,39.364280,-9.343850,PT,BCH
Praia do Campismo,39.367240,-9.339730,PT,BCH
Praia das Cebolas,39.372510,-9.339740,PT,BCH
Praia da Almagreira,39.379160,-9.313870,PT,BCH
Praia de Point Fabril,39.384200,-9.303060,PT,BCH
Praia do Pico da Mota,39.387670,-9.297440,PT,BCH
Praia do Pico da Antena,39.392560,-9.288700,PT,BCH
Praia d'El Rei,39.399280,-9.278100,PT,BCH
Praia de Covões,39.402230,-9.273230,PT,BCH
Praia de São Martinho do Porto,39.508910,-9.135320,PT,BCH
Praia Nova,39.604000,-9.080740,PT,BCH
Praia da Areeira,39.634750,-9.078430,PT,BCH
Praia da Falca,39.647960,-9.072290,PT,BCH
Praia da Légua,39.653800,-9.069700,PT,BCH
Praia das Águas Luxuosas,39.657360,-9.068530,PT,BCH
Praia de Vale Pardo,39.665310,-9.064600,PT,BCH
Praia de Vale Furado,39.683160,-9.058660,PT,BCH
Praia da Mina,39.695680,-9.053240,PT,BCH
Praia de Paredes da Vitória,39.701620,-9.051160,PT,BCH
Praia da Polvoeira,39.719690,-9.050180,PT,BCH
Praia da Pedra do Puro,39.726320,-9.047120,PT,BCH
Praia da Água de Madeiros,39.739770,-9.040250,PT,BCH
Praia de São Pedro de Moel,39.754550,-9.033130,PT,BCH
Praia da Descida da Areia,39.762120,-9.032450,PT,BCH
Praia da Vieira,39.882730,-8.969690,PT,BCH
Praia do Pedrogão,39.913460,-8.955140,PT,BCH
Praia do Fausto,39.932960,-8.946830,PT,BCH
Praia da Cova,40.125190,-8.864580,PT,BCH
Praia do Relógio,40.152300,-8.872670,PT,BCH
Praia de Quiaios,40.217420,-8.894110,PT,BCH
Praia da Tocha,40.329710,-8.845750,PT,BCH
Praia de Torrão do Lameiro,40.829110,-8.690510,PT,BCH
Praia da Marreta,40.859180,-8.680580,PT,BCH
Praia do Furadouro,40.870800,-8.678350,PT,BCH
Praia das Dunas de Ovar,40.893880,-8.670030,PT,BCH
Praia de São Pedro de Maceda,40.920910,-8.662270,PT,BCH
Praia de Cortegaça,40.935960,-8.659350,PT,BCH
Praia de Esmoriz,40.953200,-8.656860,PT,BCH
Praia de Silvalde,40.985810,-8.647830,PT,BCH
Praia da Rua 37,41.001730,-8.647580,PT,BCH
Praia do Bairro Piscatório,40.997450,-8.647250,PT,BCH
Praia do Areal da Marinha,41.018290,-8.645530,PT,BCH
Praia do Brito,41.024970,-8.645490,PT,BCH
Praia do Hotel Solverde,41.028610,-8.646280,PT,BCH
Praia da Granja,41.039500,-8.650200,PT,BCH
Praia da Sétima Arte,41.044570,-8.652380,PT,BCH
Praia da Aguda,41.051970,-8.656620,PT,BCH
Praia da Areia Branca,41.054570,-8.656350,PT,BCH
Praia de Mar e Sol,41.058100,-8.656980,PT,BCH
Praia de Miramar,41.067100,-8.657400,PT,BCH
Praia do Senhor da Pedra,41.070160,-8.658420,PT,BCH
Praia da Sãozinha,41.072910,-8.658430,PT,BCH
Praia de Francemar,41.076720,-8.657750,PT,BCH
Praia de Francelos,41.079800,-8.657580,PT,BCH
Praia de Dunas Mar,41.082340,-8.657290,PT,BCH
Praia do Atlântico,41.084860,-8.657040,PT,BCH
Praia de Marbelo,41.106550,-8.663790,PT,BCH
Praia de Canide,41.115270,-8.664990,PT,BCH
Praia da Sereia da Costa Verde,41.117620,-8.664550,PT,BCH
Praia de Salgueiros,41.120020,-8.665330,PT,BCH
Praia da Estrela do Mar,41.122790,-8.667810,PT,BCH
Praia das Pedras Amarelas,41.126170,-8.667740,PT,BCH
Praia do Cabedelo do Douro,41.139610,-8.667740,PT,BCH
Praia do Carneiro,41.148470,-8.676150,PT,BCH
Praia do Ourigo,41.150030,-8.677060,PT,BCH
Praia dos Ingleses,41.151710,-8.678520,PT,BCH
Praia da Luz,41.152970,-8.679630,PT,BCH
Praia de Gondarém,41.156080,-8.681870,PT,BCH
Praia do Molhe,41.157880,-8.683680,PT,BCH
Praia do Homem do Leme,41.159680,-8.685780,PT,BCH
Praia do Castelo do Queijo,41.167480,-8.690220,PT,BCH
Praia Internacional,41.170990,-8.688940,PT,BCH
Praia de Matosinhos,41.176060,-8.692770,PT,BCH
Praia de Leça da Palmeira,41.189570,-8.707590,PT,BCH
Praia do Fuzelhas,41.196260,-8.709990,PT,BCH
Praia da Boa Nova,41.202290,-8.714130,PT,BCH
Praia Azul,41.204220,-8.715110,PT,BCH
Praia do Aterro,41.209270,-8.716510,PT,BCH
Praia das Salinas,41.217230,-8.715720,PT,BCH
Praia do Cabo do Mundo,41.220760,-8.715290,PT,BCH
Praia do Paraíso,41.223920,-8.716890,PT,BCH
Praia da Memória,41.231540,-8.722490,PT,BCH
Praia do Marreco,41.235040,-8.724150,PT,BCH
Praia da Agudela,41.240290,-8.726400,PT,BCH
Praia das Pedras do Corgo,41.249520,-8.725550,PT,BCH
Praia das Pedras Brancas,41.252620,-8.724760,PT,BCH
Praia do Funtão,41.257070,-8.724440,PT,BCH
Praia Central,41.260730,-8.725090,PT,BCH
Praia do Barreiro,41.262250,-8.726290,PT,BCH
Praia de Angeiras,41.268260,-8.727670,PT,BCH
Praia de São Paio,41.283760,-8.731970,PT,BCH
Praia de Moreirá,41.285760,-8.732170,PT,BCH
Praia do Pucinho,41.288020,-8.732660,PT,BCH
Praia de Vila Chã,41.290890,-8.733540,PT,BCH
Praia da Congreira,41.294990,-8.736360,PT,BCH
Praia da Terra Nova,41.298260,-8.737600,PT,BCH
Praia de Laderça,41.301810,-8.737920,PT,BCH
Praia do Pinhal dos Eléctricos,41.303670,-8.738190,PT,BCH
Praia de Mindelo,41.307240,-8.739810,PT,BCH
Praia da Areia,41.312810,-8.740090,PT,BCH
Praia de Árvore,41.330080,-8.739720,PT,BCH
Praia da Senhora da Guia,41.340280,-8.750300,PT,BCH
Praia do Seca,41.341850,-8.753040,PT,BCH
Praia do Forno,41.342690,-8.753720,PT,BCH
Praia da Ladeira,41.345440,-8.754330,PT,BCH
Praia Azul,41.347460,-8.754090,PT,BCH
Praia do Turismo,41.350830,-8.754430,PT,BCH
Praia da Olinda,41.353460,-8.754860,PT,BCH
Praia das Caxinas,41.356650,-8.755850,PT,BCH
Praia Atlântica,41.358140,-8.756350,PT,BCH
Praia do Pôr do Sol,41.359910,-8.757560,PT,BCH
Praia de Luzimar,41.360600,-8.758170,PT,BCH
Praia de Mar e Sol,41.361210,-8.759330,PT,BCH
Praia Redonda,41.379920,-8.769470,PT,BCH
Praia do Carvalhido,41.381450,-8.770820,PT,BCH
Praia da Salgueira,41.383240,-8.771300,PT,BCH
Praia dos Beijinhos,41.387450,-8.775140,PT,BCH
Praia da Lada,41.389110,-8.775030,PT,BCH
Praia de Pontes,41.393040,-8.776600,PT,BCH
Praia do Fragosinho,41.394210,-8.777560,PT,BCH
Praia da Fragosa,41.398190,-8.779610,PT,BCH
Praia do Esteiro,41.401350,-8.778920,PT,BCH
Praia da Boucinha,41.404120,-8.780130,PT,BCH
Praia de Aver-o-Mar,41.405800,-8.780740,PT,BCH
Praia do Quião,41.408390,-8.783010,PT,BCH
Praia de Santo André,41.416370,-8.787670,PT,BCH
Praia de Paimó,41.431150,-8.784350,PT,BCH
Praia da Aguçadoura,41.433690,-8.784030,PT,BCH
Praia da Codixeira,41.438950,-8.781660,PT,BCH
Praia da Barranha,41.444430,-8.779560,PT,BCH
Praia do Rio Alto,41.450370,-8.778570,PT,BCH
Praia do Parque de Campismo,41.464080,-8.776470,PT,BCH
Praia da Ramalha,41.474440,-8.776530,PT,BCH
Praia de Apúlia Norte,41.486470,-8.780990,PT,BCH
Praia de Pedrinhas,41.495880,-8.786580,PT,BCH
Praia da Bonança,41.513530,-8.786490,PT,BCH
Praia de Ofir,41.517520,-8.788000,PT,BCH
Praia de Suave Mar,41.547640,-8.792540,PT,BCH
Praia de Cepães,41.554350,-8.793690,PT,BCH
Praia de Barrelas,41.562310,-8.796380,PT,BCH
Praia da Amorosa,41.647840,-8.825810,PT,BCH
Praia do Cabedelo,41.678840,-8.832740,PT,BCH
Praia do Coral,41.683520,-8.845170,PT,BCH
Praia do Norte,41.696550,-8.850820,PT,BCH
Praia do Porto de Vinha,41.711940,-8.861920,PT,BCH
Praia de Carreço,41.741610,-8.877360,PT,BCH
Praia de Afife,41.780320,-8.871150,PT,BCH
Praia de Moledo,41.849320,-8.866750,PT,BCH
Praia do Lacém,37.142600,-7.567990,PT,BCH
Praia da Ponta da Areia,37.170340,-7.411650,PT,BCH
Praia da Barreta,36.962720,-7.902690,PT,BCH
Praia Da Ilha Deserta,36.964050,-7.873570,PT,BCH
Culatra,36.985190,-7.839370,PT,BCH
Praia da Armona,37.011840,-7.795570,PT,BCH
Vilamoura,37.070480,-8.114970,PT,BCH
Praia dos Tomates,37.078240,-8.142480,PT,BCH
Alfamar,37.083170,-8.158960,PT,BCH
Aş Şabbānah Dukhān,25.391950,50.763380,QA,BCH
Shāţi’ Dukhān,25.430040,50.755150,QA,BCH
Shāţi’ Dukhān aş Şabbānah,25.405410,50.756420,QA,BCH
Shālayhāt Dukhān,25.492740,50.768140,QA,BCH
Al Usaywid,25.785840,50.981400,QA,BCH
Myrtos Beach,44.230890,28.629000,RO,BCH
Psy Beach,44.271400,28.621950,RO,BCH
Oha Beach,44.276860,28.622270,RO,BCH
Rapana Beach,44.299280,28.626620,RO,BCH
Celsius Beach,44.242990,28.624440,RO,BCH
Kudos Beach,44.262340,28.621650,RO,BCH
Plaja Modern,44.179560,28.656380,RO,BCH
Zoom Beach,44.192790,28.655820,RO,BCH
Khalaktyrskiy Plyazh,53.113300,159.104900,RU,BCH
Khalaktyrskiy Plyazh,53.040720,158.935930,RU,BCH
Bereg Zakhar-Sis,73.429010,140.751340,RU,BCH
Sahl an Numayyish,17.834590,41.812590,SA,BCH
Trench’s Beach,-9.416670,159.900000,SB,BCH
Tenaru Beach,-9.429010,160.084340,SB,BCH
Rere Beach,-9.410140,159.896370,SB,BCH
Onebulu Beach,-8.719350,160.684140,SB,BCH
Marumbo Beach,-9.366670,159.600000,SB,BCH
Manihuu,-9.516570,161.277270,SB,BCH
Oneporahu Beach,-10.213030,161.734560,SB,BCH
Namo Beach,-10.253780,161.717860,SB,BCH
Mellbystrand,56.516670,12.950000,SE,BCH
Gislövs Strandmark,55.333330,13.250000,SE,BCH
Eriksörestrand,56.616670,16.433060,SE,BCH
Långasand,56.833330,12.600000,SE,BCH
Lappis beach,59.372470,18.068880,SE,BCH
Fågelöudde,59.376450,18.232260,SE,BCH
Bagdsand,63.032650,18.520930,SE,BCH
Smitingen,62.599510,18.031130,SE,BCH
Kleva Badplats,56.548960,16.390530,SE,BCH
Bläsinge Strand,56.615370,16.697240,SE,BCH
Böda hamn Strand,57.237830,17.074380,SE,BCH
Böda Sand,57.261550,17.054430,SE,BCH
Byxelkrok Strand,57.323780,17.005460,SE,BCH
Lofta Strand,57.017840,16.824680,SE,BCH
Klinta Strand,56.883930,16.720980,SE,BCH
Talluddens Strand,56.647770,16.462080,SE,BCH
Ljumvikens havsbad,63.694900,20.368120,SE,BCH
Bettnesand,63.662280,20.092410,SE,BCH
Norrmjöle Havsbad,63.657110,20.128460,SE,BCH
Seskarö Havsbad,65.711760,23.761410,SE,BCH
Frevisören,65.757210,23.404550,SE,BCH
Tylösand strand,56.655280,12.730670,SE,BCH
Skrea strand,56.882560,12.505020,SE,BCH
Gullviks Havsbad,63.215070,18.828510,SE,BCH
Lillvik,57.259830,18.709800,SE,BCH
Segelstorpsstrand,56.357600,12.740020,SE,BCH
Kalvhäll,57.698780,18.848080,SE,BCH
Changi Beach,1.388330,104.001390,SG,BCH
Siloso Beach,1.253330,103.813330,SG,BCH
Tanah Merah Beach,1.378330,104.000280,SG,BCH
Pasir Ris Beach,1.385000,103.945560,SG,BCH
Tanjong Beach,1.243060,103.830000,SG,BCH
Pulau Ubi Beach,1.412220,103.993060,SG,BCH
Spire Beach,-7.933330,-14.316670,SH,BCH
Shelly Beach,-8.000000,-14.400000,SH,BCH
The Long Beach,-7.933330,-14.416670,SH,BCH
Clarkes Beach,-7.950000,-14.416670,SH,BCH
Seal Beach,-40.333330,-10.033330,SH,BCH
Little Beach,-37.064610,-12.287750,SH,BCH
Elephant Beach,-40.350000,-10.000000,SH,BCH
Carlisle Beach,-37.107420,-12.218950,SH,BCH
Big Beach,-37.063930,-12.273360,SH,BCH
Noisy Beach,-37.131230,-12.234540,SH,BCH
Halfway Beach,-37.095180,-12.224500,SH,BCH
Long Beach,-40.298390,-9.914240,SH,BCH
Trocaderostranda,78.658870,11.166440,SJ,BCH
Skjerstranda,77.034610,15.181610,SJ,BCH
Raudstranda,79.866670,13.583330,SJ,BCH
Rålstranda,77.010120,15.331760,SJ,BCH
Kvalrossfjæra,74.500000,18.966670,SJ,BCH
Fuhrmeisterstranda,78.758150,11.226990,SJ,BCH
Enjalbalstranda,79.133330,11.500000,SJ,BCH
Bogstranda,77.019960,15.800160,SJ,BCH
Ullerengsanden,70.987220,-8.251670,SJ,BCH
Haugenstranda,70.977220,-8.657220,SJ,BCH
Helenesanden,70.932780,-8.688890,SJ,BCH
Caloolajiifeen,6.636740,49.162190,SO,BCH
Arin Diir,7.984100,49.867500,SO,BCH
Praia Zale,0.050000,6.516670,ST,BCH
Praia Zabagor,0.066670,6.516670,ST,BCH
Praia Xixi,0.066670,6.516670,ST,BCH
Praia da Uba,1.680450,7.459800,ST,BCH
Praia de Sundi,1.683330,7.383330,ST,BCH
Praia Simão,0.033330,6.516670,ST,BCH
Praia Seca,1.550000,7.400000,ST,BCH
Praia São Tomé,1.566670,7.350000,ST,BCH
Praia de Santa Rita,1.700000,7.400000,ST,BCH
Praia de Santana,1.666670,7.433330,ST,BCH
Praia de Santa Catarina,0.266670,6.483330,ST,BCH
Praia Sandida,1.683330,7.433330,ST,BCH
Praia Sambangombe,0.083330,6.516670,ST,BCH
Praia Salgada,1.633330,7.450000,ST,BCH
Praia da Ribeira Izé,1.683330,7.400000,ST,BCH
Praia Ribeira,0.200000,6.700000,ST,BCH
Praia Rei,1.600000,7.350000,ST,BCH
Praia Rei,0.216670,6.733330,ST,BCH
Praia Ponta do Sol,1.650000,7.366670,ST,BCH
Praia Pombo,-0.016670,6.516670,ST,BCH
Praia Pombas,0.283330,6.750000,ST,BCH
Praia Pipa,0.116670,6.500000,ST,BCH
Praia Picão,0.266670,6.750000,ST,BCH
Praia Pesqueiro de Deus,0.016670,6.533330,ST,BCH
Praia do Periquito,1.600000,7.433330,ST,BCH
Praia Pequena,1.633330,7.450000,ST,BCH
Praia Pequena,0.333330,6.750000,ST,BCH
Praia da Pedra Furada,1.650000,7.366670,ST,BCH
Praia Pantufo,0.316670,6.750000,ST,BCH
Praia Palma,0.116670,6.500000,ST,BCH
Praia do Novo Destino,1.650000,7.433330,ST,BCH
Praia Morrão dos Castelos,0.200000,6.733330,ST,BCH
Praia Montanha,1.683330,7.383330,ST,BCH
Praia Mócótó,1.683330,7.383330,ST,BCH
Praia Moça,0.300000,6.483330,ST,BCH
Praia Micondó,0.166670,6.683330,ST,BCH
Praia Melão,0.316670,6.750000,ST,BCH
Praia Martim Mendes,0.100000,6.633330,ST,BCH
Praia Margarida,1.683330,7.366670,ST,BCH
Praia Manuel dos Santos da Nazaré,1.616670,7.433330,ST,BCH
Praia Mandioca,0.083330,6.600000,ST,BCH
Praia Macaco,1.683330,7.450000,ST,BCH
Praia da Lemba-Lemba,1.600000,7.350000,ST,BCH
Praia da Lapa,1.616670,7.366670,ST,BCH
Praia Lança,0.100000,6.516670,ST,BCH
Praia Lagarto,0.366670,6.716670,ST,BCH
Praia Kobá,0.400000,6.700000,ST,BCH
Praia Jigá,0.233330,6.750000,ST,BCH
Praia do Iola,1.650000,7.366670,ST,BCH
Praia do Ió,0.100000,6.650000,ST,BCH
Praia Inhame,1.666670,7.433330,ST,BCH
Praia Inhame,0.016670,6.516670,ST,BCH
Praia Guegue do Sul,0.183330,6.700000,ST,BCH
Praia Guegue,0.416670,6.633330,ST,BCH
Praia Grande,1.670880,7.447140,ST,BCH
Praia Grande,1.556990,7.417120,ST,BCH
Praia Grande,0.383330,6.600000,ST,BCH
Praia Golfinho,1.683330,7.416670,ST,BCH
Praia da Fortaleza,1.600000,7.350000,ST,BCH
Praia do Forno,0.000000,6.533330,ST,BCH
Praia Formiga,1.600000,7.333330,ST,BCH
Praia Faleiros,0.033330,6.516670,ST,BCH
Praia de Évora,1.650000,7.450000,ST,BCH
Praia Escada,-0.016670,6.533330,ST,BCH
Praia Dom Grande,0.033330,6.533330,ST,BCH
Praia Diogo Nunes,0.383330,6.700000,ST,BCH
Praia da Correia,1.600000,7.350000,ST,BCH
Praia Córacora,0.183330,6.483330,ST,BCH
Praia das Conchas,0.400000,6.616670,ST,BCH
Praia Cle-cle,0.033330,6.550000,ST,BCH
Praia Capitão,0.083330,6.616670,ST,BCH
Praia Candeia,1.550000,7.400000,ST,BCH
Praia Cana,1.683330,7.416670,ST,BCH
Praia da Campainha,1.683330,7.433330,ST,BCH
Praia Calundo,1.566670,7.433330,ST,BCH
Praia do Calaboio,0.083330,6.516670,ST,BCH
Praia Caixão,1.614260,7.355520,ST,BCH
Praia Cabinda,1.566670,7.433330,ST,BCH
Praia das Burras,1.683330,7.433330,ST,BCH
Praia Bunga,0.033330,6.550000,ST,BCH
Praia do Bombom,1.700000,7.400000,ST,BCH
Praia Boi,1.683330,7.466670,ST,BCH
Praia Bindá,0.216670,6.466670,ST,BCH
Praia Banana,1.684850,7.437290,ST,BCH
Praia Baleia,1.650000,7.450000,ST,BCH
Praia Azeitona,0.100000,6.633330,ST,BCH
Praia Amador,0.233330,6.733330,ST,BCH
Praia de Algés,0.300000,6.766670,ST,BCH
Praia do Abade,1.633330,7.450000,ST,BCH
Playa Playitas,13.281670,-87.793890,SV,BCH
Playa Los Negros,13.250000,-88.833330,SV,BCH
Playa Los Cóbanos,13.525000,-89.796670,SV,BCH
Playa Los Blancos,13.333330,-88.983330,SV,BCH
Playa Las Hojas,13.358060,-89.044170,SV,BCH
Playa Las Flores,13.555560,-89.826390,SV,BCH
Playa El Tamarindo,13.197220,-87.914720,SV,BCH
Playa El Mahahual,13.171110,-87.711110,SV,BCH
Playa El Espino,13.166670,-88.266670,SV,BCH
Playa El Cuco,13.166670,-88.100000,SV,BCH
Playa El Almendro,13.550000,-89.833330,SV,BCH
Playa de Conchalío,13.486390,-89.349720,SV,BCH
Playa de Acajutla,13.594170,-89.837220,SV,BCH
Playa Amatecampo,13.413610,-89.145280,SV,BCH
Playa El Amatal,13.460280,-89.237780,SV,BCH
Playa Costa del Sol,13.343610,-89.006390,SV,BCH
Playa El Majagual,13.488610,-89.363330,SV,BCH
Playa El Palmarcito,13.494170,-89.414440,SV,BCH
Playa El Sunzal,13.492500,-89.391940,SV,BCH
Playa El Tunco,13.492220,-89.381390,SV,BCH
Playa El Pimiental,13.365830,-89.060830,SV,BCH
Playa Las Bocanitas,13.422220,-89.162220,SV,BCH
Playa Las Flores,13.486390,-89.302220,SV,BCH
Playa del Obispo,13.486110,-89.312780,SV,BCH
Playa Río Mar,13.497220,-89.462220,SV,BCH
Playa San Diego,13.471110,-89.263610,SV,BCH
Playa Santa María Mizata,13.510000,-89.591110,SV,BCH
Playa de Shalpa,13.498610,-89.480830,SV,BCH
Siguapilapa,13.513610,-89.610830,SV,BCH
Playa Ticuisiapa,13.478610,-89.281670,SV,BCH
Playa Toluca,13.448890,-89.215830,SV,BCH
Playa La Zunganera,13.405280,-89.130000,SV,BCH
Las Bocanitas,13.418060,-89.155000,SV,BCH
Playa San Marcelino,13.350830,-89.024440,SV,BCH
Playa Dorada,13.677500,-89.980280,SV,BCH
Playa Los Limones,13.683890,-89.992780,SV,BCH
Playa Costa Azul,13.648330,-89.921940,SV,BCH
Playa El Limón,13.601110,-89.843890,SV,BCH
Playa El Monzón,13.639720,-89.905000,SV,BCH
Playa El Zunza,13.615560,-89.865280,SV,BCH
Playa Metalio,13.629440,-89.887500,SV,BCH
Balneario La Rábida,13.340000,-87.844720,SV,BCH
Playa Los Lagartos,13.319720,-87.815560,SV,BCH
Playa Santa Ana,13.313890,-87.804170,SV,BCH
Playa Limón,13.309720,-87.799720,SV,BCH
Playa El Chiquirín,13.290000,-87.790280,SV,BCH
Playa El Curumal,13.288890,-87.739170,SV,BCH
Playa Brava,13.279720,-87.740000,SV,BCH
Playa El Flor,13.243890,-87.829720,SV,BCH
Playa El Zapote,13.227220,-87.864720,SV,BCH
Playa Brava,13.225000,-87.760280,SV,BCH
Playa El Jaguey,13.180280,-87.917220,SV,BCH
Playas Negras,13.161670,-87.939720,SV,BCH
Playa Las Tunas,13.161390,-87.975280,SV,BCH
Playa El Flor,13.160830,-87.950560,SV,BCH
Playa Torola,13.159170,-87.966390,SV,BCH
Playa Blanca,13.158610,-87.927780,SV,BCH
Playa El Cáguamo,13.311670,-87.746110,SV,BCH
Playa El Corozal,13.166670,-87.703890,SV,BCH
Playa El Zambullido,13.202220,-87.701670,SV,BCH
Playa Jacobo,13.278890,-87.743890,SV,BCH
Playa Las Cuevitas,13.206390,-87.702500,SV,BCH
Playa del Muerto,13.318890,-87.679720,SV,BCH
Playa Peladero,13.215000,-87.708610,SV,BCH
Shāţi’ al Aḩlām,34.863290,35.887010,SY,BCH
Masbaḩ Jawl Jamāl,35.578090,35.745090,SY,BCH
Masbaḩ ash Shāţi’ al Azraq,35.588590,35.746210,SY,BCH
East Bay Beach,21.882250,-71.875930,TC,BCH
Long Bay Beach,21.794380,-71.655180,TC,BCH
Long Beach,21.534050,-71.496600,TC,BCH
Hotel Beach,21.441200,-71.152720,TC,BCH
White Sands Beach,21.422910,-71.142010,TC,BCH
Stubb’s Crawl,21.492010,-71.535390,TC,BCH
Conch Ground,21.492920,-71.535490,TC,BCH
Plage des Marmites,-46.466670,52.316670,TF,BCH
Plage de la Possession,-49.716670,68.933330,TF,BCH
Plage du Peau-Bleue,-49.350000,68.833330,TF,BCH
Plage Noire,-49.300000,68.850000,TF,BCH
Plage des Loups Marins,-37.850000,77.516670,TF,BCH
Plage des Lions Marins,-49.419910,68.888510,TF,BCH
Plage Jaune,-49.716670,69.016670,TF,BCH
Plage des Gorfous,-37.800720,77.580540,TF,BCH
Plage du Feu de Joie,-49.633330,68.783330,TF,BCH
Plage Demi-Lune,-49.650000,69.600000,TF,BCH
Hua Hin,12.542830,99.963310,TH,BCH
Hat Yao,12.725250,100.838350,TH,BCH
Hat Yao,12.606620,100.941380,TH,BCH
Hat Ton Liap,12.717030,100.795340,TH,BCH
Hat Toei,12.716670,100.783330,TH,BCH
Hat Toei,12.565250,100.950270,TH,BCH
Hat Thian,12.574530,100.956000,TH,BCH
Hat Tan,12.706690,100.765870,TH,BCH
Hat Ta Eng,12.700000,100.783330,TH,BCH
Hat Sung,12.634330,100.965040,TH,BCH
Hat So,12.707490,100.840330,TH,BCH
Hat Sai Kaeo,12.565580,101.462790,TH,BCH
Hat Ket,12.586700,100.966610,TH,BCH
Hat Pha-ong,12.550000,100.966670,TH,BCH
Hat Phattaya,12.931990,100.879470,TH,BCH
Hat Nuan,12.900670,100.776870,TH,BCH
Hat Nang Ram,12.615580,100.922250,TH,BCH
Hat Luk Lom,12.586060,100.949940,TH,BCH
Hat Kruat,12.900790,100.773140,TH,BCH
Hat Kruat,12.700000,100.766670,TH,BCH
Hat Kruat,12.699540,100.768860,TH,BCH
Hat Kruat,12.578040,100.943110,TH,BCH
Hat Krathueg,12.682900,100.776350,TH,BCH
Hat Kham,12.684640,100.791200,TH,BCH
Hat Daeng,12.614390,100.966100,TH,BCH
Hat Chek,12.689810,100.795270,TH,BCH
NaiThon Beach,8.058890,98.277250,TH,BCH
Kamala Beach,7.949160,98.277730,TH,BCH
Hat Chom Thiang,12.872500,100.888350,TH,BCH
Hat Khlot,12.653030,100.982670,TH,BCH
Hat Chuk Sa Met,12.628900,100.924500,TH,BCH
Hat Sattahip,12.653250,100.924460,TH,BCH
Hat Toei Ngam,12.670220,100.860710,TH,BCH
Hat Thung Prong,12.695060,100.853520,TH,BCH
Hat Noi,12.735780,100.835580,TH,BCH
Hat Bang Sare,12.743720,100.841810,TH,BCH
Hat Klet Kaeo,12.754860,100.854940,TH,BCH
Hat Kham,12.767760,100.866990,TH,BCH
Hat Bang Sare,12.760850,100.882070,TH,BCH
Hat Klet Kaeo,12.786610,100.906340,TH,BCH
Hat Pak Khlong,12.841200,100.904450,TH,BCH
Hat Ri,12.944740,100.666420,TH,BCH
Hat Then,12.948930,100.674420,TH,BCH
Hat Tha Nam,12.942760,100.676020,TH,BCH
Hat Kluai,12.937500,100.667190,TH,BCH
Hat Phutsa Wan,12.704770,100.773430,TH,BCH
Hat Thale,12.675210,100.787750,TH,BCH
Hat Krachong,12.692960,100.772910,TH,BCH
Hat Inthaphalam,12.703200,100.803460,TH,BCH
Hat Daeng Nok,12.923330,100.769990,TH,BCH
Hat Samae,12.911420,100.770130,TH,BCH
Hat Tham,12.905020,100.772670,TH,BCH
Hat Bang Saen,13.281690,100.915780,TH,BCH
Hat Si Chomphu,13.015740,100.927730,TH,BCH
Hat Ta Waen,12.931390,100.784440,TH,BCH
Hat Thong Lang,12.924320,100.682750,TH,BCH
Hat Khung Wiman,12.610040,101.869700,TH,BCH
Hat Laem Sing,12.477840,102.069950,TH,BCH
Hat Sai Khao,12.106520,102.270970,TH,BCH
Hat Kai Bae,12.032890,102.290730,TH,BCH
Hat Khlong Phrao,12.044250,102.298320,TH,BCH
Hat Chaiyachet,12.060800,102.287020,TH,BCH
Hat Tha Nam,12.007340,102.292810,TH,BCH
Hat Ban Chuen,11.898270,102.783880,TH,BCH
Hat Mai Rut,11.944120,102.784880,TH,BCH
Hat Phairin,11.860170,102.814700,TH,BCH
Hat Ratchakarun,11.977330,102.768950,TH,BCH
Hat Thapthim,11.989780,102.771450,TH,BCH
Hat Ai Lueam,11.596330,102.546480,TH,BCH
Hat Takhian,11.602590,102.540740,TH,BCH
Hat Daeng,11.619070,102.541640,TH,BCH
Hat Bang Bao,11.618620,102.536030,TH,BCH
Hat Khlong Chao,11.638690,102.539170,TH,BCH
Hat Taphao,11.647610,102.536210,TH,BCH
Hat Ngam Khong,11.628480,102.544610,TH,BCH
Siray Beach,7.874430,98.425660,TH,BCH
Hat Yao,7.117350,99.556620,TH,BCH
Hat Son,11.096940,99.489700,TH,BCH
Hat Ton Thonglang,11.141680,99.487630,TH,BCH
Hat Mae Ramphueng,11.208060,99.544460,TH,BCH
Hat Surin,11.580920,99.670140,TH,BCH
Hat Wanakon,11.641900,99.707400,TH,BCH
Hat Wa Ko,11.708320,99.748470,TH,BCH
Hat Nom Sao,12.233780,99.993420,TH,BCH
Hat Laem Sala,12.201570,100.014960,TH,BCH
Hat Sai Noi,12.453660,99.981630,TH,BCH
Hat Sam Phraya,12.151110,99.982790,TH,BCH
Hat Pak Meng,7.500880,99.322110,TH,BCH
Hat Ratcha Mongkhon,7.522380,99.306890,TH,BCH
Hat Pharadon Phap,10.430030,99.261200,TH,BCH
Hat Tawan Chai,9.797160,99.140440,TH,BCH
Hat Arunothai,10.096340,99.149560,TH,BCH
Hat Sai Kaeo,8.692930,99.944620,TH,BCH
Hat Dan Phasi,8.655020,99.949630,TH,BCH
Hat Sa Bua,8.618680,99.956580,TH,BCH
Hat Sao Phao,8.964450,99.912950,TH,BCH
Hat Ao Chak,9.355450,98.393290,TH,BCH
Hat Chandamri,9.964210,98.593010,TH,BCH
Hat Noppharat Thara,8.045570,98.786520,TH,BCH
Hat Noppharat Thara,8.042880,98.809280,TH,BCH
Hat Ao Nang,8.028020,98.824990,TH,BCH
Hat Sai Khao,8.240100,98.721450,TH,BCH
Hat Puek Tian,12.945340,100.033190,TH,BCH
Hat Chao Samran,13.011560,100.070990,TH,BCH
Hat Sai Daeng,12.074170,102.374240,TH,BCH
Hat Lamai,9.461270,100.044220,TH,BCH
Hat Bang Po,9.580800,99.961950,TH,BCH
Hat Mae Nam,9.576250,99.990820,TH,BCH
Hat Bo Phut,9.562110,100.025500,TH,BCH
Hat Chalok Lam,9.786750,100.004620,TH,BCH
Hat Thong Ta Pan,9.769170,100.060560,TH,BCH
Hat Chaweng,9.521980,100.059160,TH,BCH
Hat Bang Lut,8.821040,98.264330,TH,BCH
Hat Thap Tawan,8.803340,98.258150,TH,BCH
Hat Bang Sak,8.775270,98.263020,TH,BCH
Hat Nang Thong,8.649960,98.246000,TH,BCH
Hat Ao Khoei,9.305830,98.380520,TH,BCH
Hat Nai Thon,8.065160,98.273930,TH,BCH
Hat Nai Yang,8.110580,98.301930,TH,BCH
Hat Mai Khao,8.146580,98.297240,TH,BCH
Hat Sai Kaeo,8.174530,98.291340,TH,BCH
Hat Ket,12.923500,100.673730,TH,BCH
Hat Thian,12.918110,100.770030,TH,BCH
Hat Rin,9.677230,100.068020,TH,BCH
Samrong Beach,9.590040,100.069400,TH,BCH
Choeng Mon Beach,9.572420,100.082250,TH,BCH
Hat Sangwan,12.926310,100.772620,TH,BCH
Kata Noi Beach,7.804860,98.299700,TH,BCH
Karon Noi Beach,7.864940,98.282470,TH,BCH
Patong Beach,7.890220,98.292880,TH,BCH
Tub Kaek Beach,8.091050,98.747230,TH,BCH
Songkla Beach,7.182680,100.617060,TH,BCH
Bang Kao; Natier beach,9.421550,99.985300,TH,BCH
Samui Delma,9.455160,99.934680,TH,BCH
Lipa Noi Beach,9.500930,99.934450,TH,BCH
Na Thon Beach,9.534960,99.934800,TH,BCH
Laem Yai,9.570750,99.915210,TH,BCH
Nudist Beach Ko Samui,9.581710,99.965050,TH,BCH
Na Phralan Beach,9.584240,99.984070,TH,BCH
Bophut beach,9.561130,100.028010,TH,BCH
Chaweng Noi Beach,9.508050,100.056560,TH,BCH
Silver beach,9.477650,100.066960,TH,BCH
Koh Phangan,9.792420,100.035750,TH,BCH
Ao Thong Nai Pan,9.779710,100.055980,TH,BCH
Hat Yao,9.715380,100.075990,TH,BCH
Yuan Beach,9.691800,100.074380,TH,BCH
Hat Kai Mook,12.084100,102.276840,TH,BCH
Hat Salad,9.770840,99.962430,TH,BCH
Bangsak Beach,8.725700,98.229150,TH,BCH
Huay Yang Beach,11.607340,99.685760,TH,BCH
Chaloklum Beach,9.791410,99.997410,TH,BCH
Klong Muang Beach,8.049520,98.757490,TH,BCH
Khlongdao Beach,7.632200,99.031150,TH,BCH
Lonely Beach,11.999070,102.296390,TH,BCH
Sairee Beach,10.100180,99.827700,TH,BCH
Nopparat Thara Beach,8.041920,98.811420,TH,BCH
Pansea Beach,7.976300,98.278480,TH,BCH
Panwa Beach,7.818370,98.384540,TH,BCH
Natien Beach,9.536870,100.070210,TH,BCH
Naklua Beach,12.970670,100.900850,TH,BCH
Tubkaak Beach,8.083340,98.743430,TH,BCH
Nakalay Beach,7.924190,98.275370,TH,BCH
Pantai Rekreasi Uatabo,-8.438610,126.463060,TL,BCH
Beach Suailoro,-9.351760,125.273460,TL,BCH
Dataran Praiavero,-8.470830,127.241670,TL,BCH
Plage de la Seguia,33.785670,11.058000,TN,BCH
Oholei Beach,-21.250000,-175.166670,TO,BCH
Monotapu Beach,-21.131220,-175.346360,TO,BCH
Laulea Beach,-21.218100,-175.105210,TO,BCH
Hufangalupe Beach,-21.229670,-175.190170,TO,BCH
Ha‘atafu Beach,-21.071480,-175.334920,TO,BCH
Fahefa Beach,-21.166670,-175.333330,TO,BCH
Anahulu Beach,-21.200000,-175.100000,TO,BCH
Keitahi Beach,-18.616860,-173.917980,TO,BCH
’Ene’io Beach,-18.639930,-173.910090,TO,BCH
Toma Beach,-15.972070,-173.735630,TO,BCH
Kolovai Beach,-21.089400,-175.350820,TO,BCH
Finehika Beach,-21.169040,-175.068160,TO,BCH
Ha’amalo Beach,-21.177770,-175.080820,TO,BCH
’Ahononou Beach,-21.258120,-175.169190,TO,BCH
Ha Aluma Beach,-21.428420,-174.946420,TO,BCH
Tutuvai Beach,-21.361970,-174.969530,TO,BCH
Ufilae Beach,-21.328090,-174.945000,TO,BCH
Ha Unu Beach,-21.311480,-174.936890,TO,BCH
Kapa Beach,-21.295520,-174.931230,TO,BCH
Olu Beach,-21.284640,-174.921630,TO,BCH
Fianana Beach,-21.283730,-174.915250,TO,BCH
Pangutave Beach,-21.286910,-174.914040,TO,BCH
Fantagave Beach,-21.300700,-174.916670,TO,BCH
Lokupo Beach,-21.382650,-174.906210,TO,BCH
Çalış Beach,36.662700,29.107930,TR,BCH
Kleopatra Plajı,36.551230,31.976280,TR,BCH
Kumsal Halk Plajı,36.543290,32.009590,TR,BCH
Damlataş Plajı,36.544290,31.984910,TR,BCH
Konyaaltı Plajı,36.865010,30.644330,TR,BCH
Bambus Plajı,36.866510,30.723450,TR,BCH
Yeniköy Plaj,40.396180,28.381680,TR,BCH
Kadınlar Plajı,37.844630,27.242740,TR,BCH
Gümbet Plajı,37.031960,27.402190,TR,BCH
Bardakçı Plajı,37.029120,27.418040,TR,BCH
Paşatarlası Plajı,37.028110,27.440830,TR,BCH
Kumbahçe Plajı,37.032240,27.436930,TR,BCH
Uzunyalı Plajı,36.846750,28.259630,TR,BCH
Taşlık Plajı,36.721250,27.687740,TR,BCH
Kumluk Plajı,36.725620,27.686620,TR,BCH
Hastanealtı Plajı,36.729230,27.689690,TR,BCH
Didem Plajı,37.355110,27.277690,TR,BCH
Lancashire Landing,40.050470,26.168190,TR,BCH
V Beach,40.043740,26.183180,TR,BCH
S Beach,40.050150,26.216000,TR,BCH
X Beach,40.065490,26.178640,TR,BCH
Gully Beach,40.076280,26.185170,TR,BCH
Camber Beach,40.043130,26.191070,TR,BCH
A Beach,40.311280,26.244060,TR,BCH
C Beach,40.279950,26.247880,TR,BCH
B Beach,40.272090,26.259940,TR,BCH
Ocean Beach,40.251760,26.280030,TR,BCH
Brighton Beach,40.222440,26.278740,TR,BCH
Little West Beach,40.316690,26.225990,TR,BCH
West Beach,40.317400,26.224980,TR,BCH
Kangaroo Beach,40.316830,26.228860,TR,BCH
X Beach,40.317390,26.233320,TR,BCH
Anzac Beach,40.235780,26.277370,TR,BCH
Lowlands Beach,11.148420,-60.774860,TT,BCH
Tongxiao Haishui Yuchang,24.496600,120.671570,TW,BCH
Dabaisha,22.637500,121.494170,TW,BCH
Bali Haishui Yuchang,25.143780,121.383440,TW,BCH
Kunshen Haishui Yuchang,22.961110,120.167780,TW,BCH
Guanyin Haishui Yuchang,25.047030,121.074860,TW,BCH
Xiziwan Haishui Yuchang,22.626940,120.263060,TW,BCH
Zhuwei Haishui Yuchang,25.114100,121.240020,TW,BCH
Da’an Haishui Yuchang,24.383330,120.583890,TW,BCH
Nanliao Haishui Yuchang,24.838330,120.920000,TW,BCH
Jiqi Haishui Yuchang,23.702780,121.549720,TW,BCH
Nanwan Youqiqu,21.959170,120.763890,TW,BCH
Qiding Haishui Yuchang,24.722680,120.866720,TW,BCH
Kiwengwa Beach,-5.988990,39.378800,TZ,BCH
Sonom Beach,52.797680,173.104340,US,BCH
Smith Beach,52.975570,172.911330,US,BCH
Fox Beach,52.709440,174.150560,US,BCH
Chirikof Beach,52.841670,173.397220,US,BCH
Alexai Beach,52.825990,173.293750,US,BCH
Birch Beach,52.977330,172.968580,US,BCH
Broad Beach,52.054170,177.512500,US,BCH
Elliott Beach,52.767720,172.954330,US,BCH
Gainor Beach,52.081940,173.113890,US,BCH
Massacre Beach,52.854140,173.212190,US,BCH
West Beach,52.926030,173.126340,US,BCH
Parrot Beach,52.066670,177.634170,US,BCH
Chichagof Beach,52.924710,173.237190,US,BCH
Austin Beach,52.983580,173.068310,US,BCH
Schuler Beach,52.856120,173.373010,US,BCH
Sarana Beach,52.873380,173.261860,US,BCH
Red Beach,52.960890,173.164960,US,BCH
Foggy Beach,51.831110,177.320830,US,BCH
Gainor Beach,52.831400,173.393870,US,BCH
Hidalgo Beach,52.830590,173.327870,US,BCH
Kearney Beach,52.758370,172.941880,US,BCH
Eckman Beach,52.889720,173.288890,US,BCH
Canary Beach,51.920830,177.458330,US,BCH
Temnac Beach,52.832800,173.063720,US,BCH
Center Beach,52.972160,172.944970,US,BCH
Big Mike Beach,52.823150,173.301170,US,BCH
Casco Beach,52.823070,173.167120,US,BCH
Little Kiska Beach,51.958330,177.620830,US,BCH
Fort Island Beach,28.907480,-82.690380,US,BCH
Bienville Beach,30.247150,-88.123610,US,BCH
Singleton Swash,33.755450,-78.794470,US,BCH
Dauphin Beach,30.244090,-88.113890,US,BCH
Bethany Beach,38.541780,-75.053790,US,BCH
Big Stone Beach,38.994280,-75.321860,US,BCH
Bowers Beach,39.058450,-75.396860,US,BCH
Broadkill Beach,38.819000,-75.200460,US,BCH
Deemers Beach,39.652330,-75.583260,US,BCH
Deemers Beach,39.641220,-75.595480,US,BCH
Fowler Beach,38.880670,-75.267970,US,BCH
Fraland Beach,39.315390,-75.449640,US,BCH
Indian Beach,38.683450,-75.070460,US,BCH
Joy Beach,38.679000,-75.135740,US,BCH
Old Inlet Beach,38.817060,-75.200190,US,BCH
Pickering Beach,39.137060,-75.409640,US,BCH
Primehook Beach,38.844280,-75.231850,US,BCH
Rehoboth Beach,38.716780,-75.076010,US,BCH
Slaughter Beach,38.912610,-75.305190,US,BCH
Whiskey Beach,38.737610,-75.080180,US,BCH
Apollo Beach,27.771690,-82.406200,US,BCH
Apollo Beach,28.874430,-80.787270,US,BCH
Bahama Beach,27.713640,-82.633150,US,BCH
Bahia Beach,27.728640,-82.475650,US,BCH
Bonair Beach,27.082000,-80.121990,US,BCH
Bonita Beach,26.351470,-81.855090,US,BCH
Bonita Beach,29.909380,-83.668760,US,BCH
Bunche Beach,26.475910,-81.967310,US,BCH
Butler Beach,29.789420,-81.258400,US,BCH
Caspersen Beach,27.047280,-82.437320,US,BCH
Cocoa Plum Beach,24.728750,-81.003400,US,BCH
Crescent Beach,27.255600,-82.540380,US,BCH
De Soto Beach (historical),28.533610,-80.566440,US,BCH
Dixie Beach,26.452580,-82.029540,US,BCH
Dunedin Beach,28.061410,-82.828160,US,BCH
East Beach,27.636420,-82.698990,US,BCH
Eau Gallie Beach,28.138900,-80.579770,US,BCH
Englewood Beach,26.918400,-82.356760,US,BCH
Fort Lauderdale Beach,26.140640,-80.101990,US,BCH
Gardenville Beach,27.839190,-82.393430,US,BCH
Haulover Beach,25.911200,-80.121710,US,BCH
Hernando Beach,28.492780,-82.666490,US,BCH
Highland Beach,25.484560,-81.191740,US,BCH
Hollywood Beach,26.028150,-80.114210,US,BCH
Indian Beach,27.363930,-82.556490,US,BCH
Klondike Beach,28.744710,-80.700880,US,BCH
Lido Beach,27.724750,-82.742880,US,BCH
Long Beach,24.636260,-81.345910,US,BCH
Manatee County Beach,27.499760,-82.713990,US,BCH
Marco Beach,25.933150,-81.732590,US,BCH
Money Beach,29.683550,-85.281030,US,BCH
Morgan Beach,25.856590,-81.689050,US,BCH
Mustin Beach,30.345760,-87.286640,US,BCH
Navarre Beach,30.379370,-86.862180,US,BCH
New Smyrna Beach,29.028870,-80.889500,US,BCH
North Beach,27.639750,-82.741490,US,BCH
Pass-a-Grille Beach,27.696140,-82.737320,US,BCH
Playalinda Beach,28.644720,-80.623940,US,BCH
San Carlos Beach,30.344920,-87.302470,US,BCH
Sand Beach,29.785490,-84.892960,US,BCH
Sarasota Beach,27.270600,-82.562040,US,BCH
Seminole Beach,30.390520,-81.395360,US,BCH
Siesta Beach,27.264770,-82.550650,US,BCH
Smathers Beach,24.551860,-81.769300,US,BCH
Sugarloaf Beach,24.610420,-81.555920,US,BCH
Sunset Beach,28.146680,-82.786770,US,BCH
Tahiti Beach,25.698160,-80.246720,US,BCH
Titusville Beach,28.597770,-80.583380,US,BCH
Virginia Beach,25.734540,-80.156990,US,BCH
Wabasso Beach,27.768080,-80.399220,US,BCH
Wilson Beach,29.929520,-84.445650,US,BCH
Nanny Goat Beach,31.395500,-81.261760,US,BCH
Saint Andrew Beach,31.017730,-81.421480,US,BCH
Sea Island Beach,31.189400,-81.337600,US,BCH
Coquina Beach,35.834060,-75.557670,US,BCH
Currituck Beach,36.381550,-75.824920,US,BCH
Deer Field Shores,34.757940,-76.662710,US,BCH
East Beach,33.864900,-77.959150,US,BCH
Headys Beach,34.629050,-77.147730,US,BCH
Holden Beach,33.913230,-78.303890,US,BCH
Hurst Beach,34.576000,-77.260230,US,BCH
Indian Beach,34.689050,-76.871330,US,BCH
Indian Beach,34.689880,-76.890500,US,BCH
Island View Shores,35.423500,-76.702990,US,BCH
Kennel Beach,35.024330,-76.899660,US,BCH
Lawson Shore,35.500440,-76.622990,US,BCH
Long Beach,33.914060,-78.154990,US,BCH
Lupton Shore,35.417670,-76.536590,US,BCH
Norflick Shore,35.509890,-76.636040,US,BCH
North Topsail Shores,34.521830,-77.355240,US,BCH
Ocean Isle Beach,33.886280,-78.437230,US,BCH
Old House Beach,34.926830,-76.218240,US,BCH
Onslow Beach,34.570440,-77.268570,US,BCH
Pine Knoll Shores,34.699330,-76.797990,US,BCH
Respess Shore,35.462670,-76.812720,US,BCH
Sand Island,34.942940,-76.199350,US,BCH
The Sands,34.907110,-76.242130,US,BCH
Sea Haven Beach,34.464060,-77.476630,US,BCH
Brigantine Beach,39.402060,-74.366810,US,BCH
Chadwick Beach,39.991230,-74.062640,US,BCH
Cooks Beach,39.109000,-74.894060,US,BCH
Five Mile Beach,38.989000,-74.804610,US,BCH
Fortescue Beach,39.236780,-75.173240,US,BCH
Higbee Beach,38.959000,-74.964900,US,BCH
Island Beach,39.482340,-74.326260,US,BCH
Island Beach,39.833450,-74.082910,US,BCH
Kimbles Beach,39.105670,-74.895730,US,BCH
Little Beach,39.479280,-74.325140,US,BCH
Little Beach,39.739840,-74.174860,US,BCH
Long Beach,39.752060,-74.102910,US,BCH
Long Beach,39.736510,-74.115410,US,BCH
Ludlam Beach,39.147610,-74.694330,US,BCH
Miami Beach,39.030670,-74.939900,US,BCH
Mile Beach,38.978720,-74.820450,US,BCH
Moores Beach,39.187610,-74.950170,US,BCH
Peck Beach,39.246500,-74.612380,US,BCH
Peter Beach,39.392060,-74.400700,US,BCH
Seven Mile Beach,39.072890,-74.739330,US,BCH
Shore Beach,39.756510,-74.190690,US,BCH
Sunray Beach,39.044000,-74.931840,US,BCH
Sunset Beach,38.949560,-74.968510,US,BCH
Thompsons Beach,39.192340,-74.992400,US,BCH
Two Mile Beach,38.948450,-74.857390,US,BCH
Whale Beach,39.188450,-74.661830,US,BCH
Bradley Beach,32.197430,-80.691770,US,BCH
Burkes Beach,32.192150,-80.695660,US,BCH
Canepatch Swash,33.734890,-78.826130,US,BCH
Cherry Grove Beach,33.825730,-78.649740,US,BCH
Debidue Beach,33.382670,-79.146990,US,BCH
Deephead Swash,33.725170,-78.839470,US,BCH
Edingsville Beach,32.523520,-80.263710,US,BCH
Edisto Beach,32.487130,-80.319540,US,BCH
Folly Beach,32.661290,-79.923700,US,BCH
Folly Field Beach,32.202410,-80.686530,US,BCH
Futch Beach,33.837120,-78.614180,US,BCH
Hunting Island Beach,32.359080,-80.442050,US,BCH
Litchfield Beach,33.456560,-79.103930,US,BCH
Magnolia Beach,33.482390,-79.085870,US,BCH
Midway Swash,33.655730,-78.920030,US,BCH
Sandy Point Beach,33.008780,-79.456730,US,BCH
Seabrook Beach,32.568240,-80.159260,US,BCH
Singleton Beach,32.188540,-80.699270,US,BCH
White Point Swash,33.782390,-78.749460,US,BCH
Windy Hill Beach,33.793510,-78.728350,US,BCH
Withers Swash,33.680170,-78.892810,US,BCH
Bermuda Beach,29.209410,-94.924090,US,BCH
Bermuda Beach,29.216070,-94.914640,US,BCH
Boca Chica Beach,25.992860,-97.148580,US,BCH
Bolivar Beach,29.413010,-94.699360,US,BCH
Bryan Beach,28.898580,-95.350770,US,BCH
North Beach,27.822250,-97.386940,US,BCH
Crystal Beach,29.452730,-94.629640,US,BCH
Del Mar Beach,26.029250,-97.152750,US,BCH
East Beach,29.318010,-94.752690,US,BCH
East Shore,27.861140,-97.114160,US,BCH
Holiday Beach,27.822250,-97.058880,US,BCH
West Beach,29.217740,-94.909370,US,BCH
Bethel Beach,37.418470,-76.249660,US,BCH
Bow Beach,37.946790,-75.313530,US,BCH
Cedar Island Beach,37.628190,-75.600200,US,BCH
Cordreys Beach,37.954300,-76.373840,US,BCH
Fleeton Beach,37.816240,-76.282170,US,BCH
Gargathy Beach,37.768740,-75.534930,US,BCH
Ginny Beach,37.900960,-76.253830,US,BCH
Guard Shore,37.845960,-75.678260,US,BCH
Hungars Beach,37.381250,-75.986040,US,BCH
Kiptopeke Beach,37.165970,-75.985210,US,BCH
Marshalls Beach,37.950680,-76.355500,US,BCH
Myrtle Island Beach,37.191530,-75.809920,US,BCH
Narrow Beach,38.122910,-76.637180,US,BCH
Neals Beach,37.866800,-76.241330,US,BCH
Parramore Beach,37.548750,-75.614650,US,BCH
Ragged Point Beach,38.140680,-76.613290,US,BCH
The Sands,38.173460,-76.878860,US,BCH
Smith Beach,37.362910,-75.990770,US,BCH
Smith Island Beach,37.132090,-75.880200,US,BCH
Snead Beach,37.657080,-75.599090,US,BCH
Sound Beach,37.739850,-75.826040,US,BCH
Tankards Beach,37.347080,-76.001880,US,BCH
Wallops Beach,37.852070,-75.466870,US,BCH
White Stone Beach,37.630410,-76.390780,US,BCH
Wildwood Beach,37.808470,-76.741350,US,BCH
Wilkins Beach,37.354580,-75.995210,US,BCH
Willoughby Beach,36.969590,-76.278000,US,BCH
Yorktown Beach,37.239030,-76.508010,US,BCH
Cummings Park Beach,41.039260,-73.515960,US,BCH
The Brook Beach,44.215360,-68.779200,US,BCH
DuBois Beach,41.328430,-71.906460,US,BCH
East Rive Beach,41.267320,-72.638430,US,BCH
Eastern Point Beach,41.318990,-72.074800,US,BCH
Sandy Beach,41.704820,-71.407280,US,BCH
Esker Point Beach,41.320930,-71.998680,US,BCH
Fairfield Beach,41.121760,-73.257340,US,BCH
Fairfield Beach,41.132870,-73.241500,US,BCH
Fairfield Public Beach,41.121760,-73.275950,US,BCH
Farview Beach,41.216760,-73.005940,US,BCH
Fords Beach,41.023990,-73.555960,US,BCH
Fort Trumbull Beach,41.208150,-73.056500,US,BCH
Front Beach,41.251760,-72.839820,US,BCH
Giants Neck Beach,41.298710,-72.228970,US,BCH
Great Hammock Beach,41.274540,-72.396200,US,BCH
Green Harbor Beach,41.337040,-72.100080,US,BCH
Groton Beach,41.334270,-72.037020,US,BCH
Groton Long Point Main Beach,41.312320,-72.012850,US,BCH
Groton Long Point South Beach,41.307880,-72.007850,US,BCH
Grove Beach,41.270930,-72.483980,US,BCH
Gulf Beach,41.212040,-73.047610,US,BCH
Gulf Beach,41.207600,-73.043160,US,BCH
Hammonasset Beach,41.257880,-72.555920,US,BCH
Harbor Point Beach,41.013710,-73.594290,US,BCH
Harbor View Beach,41.081210,-73.408450,US,BCH
Harveys Beach,41.273150,-72.394810,US,BCH
Hawthorne Beach,40.988430,-73.656520,US,BCH
Hotchkiss Cove Beach,41.267870,-72.783990,US,BCH
Hotchkiss Grove Beach,41.264540,-72.787040,US,BCH
Indiantown Beach,41.277320,-72.401750,US,BCH
Jacobs Public Beach,41.265930,-72.668710,US,BCH
Jennings Beach,41.141210,-73.236500,US,BCH
Kiddie Beach,41.351760,-72.177300,US,BCH
Limewood Beach,41.260100,-72.795930,US,BCH
Long Beach,41.158430,-73.167610,US,BCH
Long Beach,41.152880,-73.148440,US,BCH
Long Beach,41.072870,-73.403170,US,BCH
Lordship Beach,41.151490,-73.117890,US,BCH
Marvin Beach,41.090650,-73.400400,US,BCH
Momauguin Beach,41.245370,-72.866770,US,BCH
Money Beach,41.144820,-73.225950,US,BCH
Morningside Beach,41.209260,-73.008160,US,BCH
Nauyaug Coast,41.322320,-71.970070,US,BCH
Ocean Beach,41.307600,-72.098690,US,BCH
Osprey Beach,41.313990,-72.093960,US,BCH
Oyster River Beach,41.235930,-72.984270,US,BCH
Pear Tree Point Beach,41.045370,-73.483730,US,BCH
Pleasure Beach,41.158990,-73.167890,US,BCH
Plum Bank Beach,41.268430,-72.392590,US,BCH
Point Beach,41.203990,-73.016490,US,BCH
Pond Point Beach,41.207320,-73.025940,US,BCH
Poverty Island Beach,41.280100,-72.328690,US,BCH
Prospect Beach,41.248150,-72.962880,US,BCH
Quotonset Beach,41.279270,-72.449250,US,BCH
Rocky Beach,41.235930,-72.973440,US,BCH
Rocky Neck State Park Bathing Beach,41.300100,-72.248690,US,BCH
Rowayton Community Beach,41.062870,-73.445680,US,BCH
Saint John Beach,41.085370,-73.399840,US,BCH
Sasco Hill Beach,41.127320,-73.282060,US,BCH
Sea Bluff Beach,41.252320,-72.958710,US,BCH
Seaside Beach,41.158150,-73.202610,US,BCH
Shennecossett Beach,41.320100,-72.069800,US,BCH
Shell Beach,41.245650,-72.897050,US,BCH
Short Beach,41.160100,-73.109830,US,BCH
Short Beach,41.252600,-72.854270,US,BCH
Silver Sands Beach,41.244540,-72.877600,US,BCH
Sound Beach (historical),41.021760,-73.569290,US,BCH
Soundview Beach,41.284260,-72.277300,US,BCH
South Pine Creek Beach,41.120100,-73.268730,US,BCH
Southport Beach,41.126490,-73.294840,US,BCH
Stannard Beach,41.277880,-72.434810,US,BCH
Sunset Beach,41.249260,-72.818150,US,BCH
Town Beach,41.303990,-72.103960,US,BCH
Uncas Point Beach,41.012880,-73.567350,US,BCH
Walnut Public Beach,41.195380,-73.078720,US,BCH
Weed Beach,41.047600,-73.494570,US,BCH
West Beach,41.037870,-73.522070,US,BCH
West Beach,41.273710,-72.463420,US,BCH
West Silver Sands Beach,41.244260,-72.885380,US,BCH
Back Beach,42.491760,-70.849490,US,BCH
Ballston Beach,42.000660,-70.020300,US,BCH
Bank Street Beach,41.663450,-70.070570,US,BCH
Bass River Beach,41.643720,-70.199190,US,BCH
Bassing Beach,42.242320,-70.785600,US,BCH
Bay View Street Beach,41.646780,-70.272800,US,BCH
Bend-in-the-Road Beach,41.416780,-70.548640,US,BCH
Black Beach,41.591770,-70.646700,US,BCH
Black Beach,42.579260,-70.731430,US,BCH
Black Rock Beach,42.426490,-70.935600,US,BCH
Black Rock Beach,42.263990,-70.824490,US,BCH
Brant Beach,41.628160,-70.824760,US,BCH
Brayton Point Beach,41.711210,-71.185600,US,BCH
Cahoon Hollow Beach,41.944550,-69.983630,US,BCH
Cape Hedge Beach,42.637600,-70.600880,US,BCH
Carson Beach,42.325100,-71.048110,US,BCH
Chapin Memorial Beach,41.732050,-70.234190,US,BCH
Chappaquiddick Beach,41.384560,-70.499470,US,BCH
Chappaquoit Beach,41.601500,-70.650860,US,BCH
Childrens Beach,41.287350,-70.097240,US,BCH
Cisco Beach,41.252350,-70.157790,US,BCH
Clean Shore,41.279290,-70.092790,US,BCH
Cliff Beach,41.295120,-70.113350,US,BCH
Coatue Beach,41.312620,-70.057790,US,BCH
Coast Guard Beach,41.843160,-69.945300,US,BCH
Coffins Beach,42.662590,-70.717550,US,BCH
Colony Beach,41.890660,-70.531970,US,BCH
Cooks Brook Beach,41.864550,-70.008080,US,BCH
Corporation Beach,41.750660,-70.186960,US,BCH
Coskata Beach,41.358450,-70.024460,US,BCH
Cowfort,42.487040,-70.854210,US,BCH
Craigville Beach,41.632060,-70.356410,US,BCH
Crane Beach,42.686200,-70.766160,US,BCH
Crescent Beach,41.469550,-70.792530,US,BCH
Crescent Beach,42.267320,-70.834210,US,BCH
Cressy Beach,42.603430,-70.680040,US,BCH
Crosby Landing Beach,41.785390,-70.030570,US,BCH
Dane Street Beach,42.544540,-70.874490,US,BCH
Devereux Beach,42.491530,-70.850830,US,BCH
Dionis Beach,41.294010,-70.153630,US,BCH
Dowses Beach,41.622330,-70.366130,US,BCH
Duck Harbor Beach,41.943440,-70.076410,US,BCH
Earle Road Beach,41.661220,-70.096960,US,BCH
East Beach,41.372900,-70.450020,US,BCH
East Horseneck Beach,41.501490,-71.032820,US,BCH
East Sandwich Beach,41.754270,-70.447530,US,BCH
Eastville Beach,41.458170,-70.581970,US,BCH
Edgartown Beach,41.408450,-70.536970,US,BCH
Ellis Landing Beach,41.775660,-70.055020,US,BCH
Englewood Beach,41.640390,-70.245020,US,BCH
Eustis Beach,41.662610,-70.634200,US,BCH
Falmouth Beach,41.540940,-70.625310,US,BCH
First Encounter Beach,41.822890,-70.003910,US,BCH
Fisher Beach,41.984270,-70.077250,US,BCH
Fishermans Beach,42.467600,-70.909770,US,BCH
Forest Beach,41.669560,-70.024460,US,BCH
Fort Beach,42.508150,-70.841440,US,BCH
Fort Pickering Beach,42.535370,-70.871440,US,BCH
Front Beach,42.659260,-70.621710,US,BCH
Fuller Street Beach,41.396500,-70.504750,US,BCH
Garmet Beach,42.498980,-70.835600,US,BCH
Gas House Basin,42.512870,-70.845330,US,BCH
Gay Head Town Beach,41.336500,-70.828360,US,BCH
Glendon Road Beach,41.650670,-70.142240,US,BCH
Goldthwait Beach,42.490010,-70.857970,US,BCH
Good Harbor Beach,42.619540,-70.631430,US,BCH
Grand Vue Beach,41.636770,-70.802530,US,BCH
Graves Beach,42.573430,-70.742820,US,BCH
Gray Beach,42.576480,-70.718930,US,BCH
Grays Beach,41.725110,-70.241130,US,BCH
Great Hollow Beach,42.011210,-70.096690,US,BCH
Greystone Beach,42.487040,-70.865330,US,BCH
Haigis Beach,41.650950,-70.148630,US,BCH
Halfmoon Beach,42.604260,-70.677270,US,BCH
Harding Beach,41.666220,-69.994180,US,BCH
Hatch Beach,41.817890,-70.004190,US,BCH
Head of the Meadow Beach,42.052880,-70.082800,US,BCH
Herring Cove Beach,42.047880,-70.220300,US,BCH
Highland Beach,42.047880,-70.071140,US,BCH
Hollywoods Beach,41.655940,-70.757530,US,BCH
Horseneck Beach,41.511220,-71.082820,US,BCH
Humarock Beach,42.137600,-70.689210,US,BCH
Hyannis Port Beach,41.633440,-70.298350,US,BCH
Inman Road Beach,41.655390,-70.120300,US,BCH
Jetties Beach,41.297340,-70.105020,US,BCH
Josephs Beach,42.419540,-70.911990,US,BCH
Kalmas Park Beach,41.634000,-70.276410,US,BCH
Kalmus Park Beach,41.635110,-70.276410,US,BCH
Katama County Beach,41.347340,-70.501690,US,BCH
Keyes Memorial Beach,41.635390,-70.291130,US,BCH
Kings Beach,42.465370,-70.923100,US,BCH
Kingsbury Beach,41.837330,-70.004460,US,BCH
L Street Beach,42.329260,-71.035610,US,BCH
Lamberts Cove Beach,41.447890,-70.668920,US,BCH
Lewis Bay Beach,41.650940,-70.274470,US,BCH
Lighthouse Beach,41.392340,-70.503360,US,BCH
Linnell Landing Beach,41.784000,-70.033630,US,BCH
Little Beach,41.511770,-71.014760,US,BCH
Little Harbor Beach,41.725100,-70.674480,US,BCH
Lobsterville Beach,41.349830,-70.790580,US,BCH
Long Beach,41.629280,-70.360580,US,BCH
Long Beach,41.315110,-70.803640,US,BCH
Long Beach,42.447320,-70.936720,US,BCH
Long Beach,42.629260,-70.617540,US,BCH
Longnook Beach,42.020940,-70.036970,US,BCH
Low Beach,41.250120,-69.974460,US,BCH
Lucy Vincent Beach,41.338450,-70.726690,US,BCH
Lynn Beach,42.458430,-70.934770,US,BCH
Madequecham Beach,41.242070,-70.044460,US,BCH
Maguire Landing Beach,41.921670,-69.973330,US,BCH
Malibu Beach,42.324540,-71.050880,US,BCH
Manet Beach,42.266770,-70.950320,US,BCH
Marconi Beach,41.891770,-69.961130,US,BCH
Mattapoisett Town Beach,41.655660,-70.803370,US,BCH
Mayflower Beach,41.743440,-70.214460,US,BCH
Mayo Beach,41.930110,-70.041130,US,BCH
Menauhant Beach,41.549280,-70.554750,US,BCH
Menemsha Beach,41.357060,-70.764750,US,BCH
Menemsha Hills Reservation Beach,41.372330,-70.753640,US,BCH
Merriam Beach,41.666770,-70.636980,US,BCH
Miacomet Beach,41.234290,-70.118070,US,BCH
Mingo Beach,42.550100,-70.838380,US,BCH
Minot Beach,42.243710,-70.763380,US,BCH
Minot Forest Beach,41.751490,-70.702260,US,BCH
Monomoy Beach,41.645950,-69.968900,US,BCH
Monument Beach,41.715380,-70.614750,US,BCH
Nantasket Beach,42.291770,-70.874490,US,BCH
Nauset Beach,41.841770,-69.945300,US,BCH
Nauset Light Beach,41.859830,-69.959460,US,BCH
Newcomb Hollow Beach,41.963990,-69.995300,US,BCH
Nickerson Beach,42.302040,-71.013380,US,BCH
Niles Beach,42.595930,-70.654490,US,BCH
Nobadeer Beach,41.243180,-70.059460,US,BCH
Nobska Beach,41.517610,-70.659200,US,BCH
Nobska Beach,41.726490,-70.721700,US,BCH
North Scituate Beach,42.233430,-70.757820,US,BCH
North Shore Beach,41.431500,-70.700860,US,BCH
Oak Bluffs Town Beach,41.456500,-70.555310,US,BCH
Old Churm,42.506210,-70.833380,US,BCH
Old Garden Beach,42.658430,-70.605040,US,BCH
Orient Heights Beach,42.383990,-71.010610,US,BCH
Orleans Beach,41.787610,-69.935570,US,BCH
Owen Park Beach,41.459280,-70.600030,US,BCH
Oyster Harbors Beach,41.605670,-70.416140,US,BCH
Oyster Pond Beach,41.680110,-69.963900,US,BCH
Paine's Creek Beach,41.761500,-70.113630,US,BCH
Parkwood Beach,41.743720,-70.704760,US,BCH
Parkers River Beach,41.640950,-70.211130,US,BCH
Patch Beach,42.550100,-70.852270,US,BCH
Pavilion Beach,42.608430,-70.668930,US,BCH
Pebble Beach,41.242130,-69.994880,US,BCH
Pebbly Beach,42.638980,-70.596710,US,BCH
Peggotty Beach,42.186210,-70.718930,US,BCH
Pest House Shore,41.283460,-70.077790,US,BCH
Phillips Beach,42.470930,-70.886990,US,BCH
Pico Beach,41.652330,-70.791700,US,BCH
Pilgrim Beach,41.888990,-70.531420,US,BCH
Pilgrim Shorefront,41.943440,-70.573370,US,BCH
Pleasant Beach,42.260660,-70.810600,US,BCH
Pleasant Road Beach,41.659280,-70.106130,US,BCH
Plymouth Beach,41.962600,-70.638370,US,BCH
Point of Rocks Landing Beach,41.772330,-70.070300,US,BCH
Pond Beach,42.422320,-70.927270,US,BCH
Popplestone Beach,42.573710,-70.709490,US,BCH
Quidnet Beach,41.300400,-69.974460,US,BCH
Quissett Beach,41.534830,-70.639750,US,BCH
Race Point Beach,42.081210,-70.216140,US,BCH
Red River Beach,41.667670,-70.041130,US,BCH
Rest House Shore,41.284840,-70.077240,US,BCH
Revere Beach,42.425100,-70.982830,US,BCH
Riverhead Beach,42.492040,-70.855600,US,BCH
Robbins Hill Beach,41.762330,-70.108630,US,BCH
Rock Harbor Beach,41.804280,-70.006680,US,BCH
Ryder Beach,41.963720,-70.076970,US,BCH
Sagamore Beach,41.793440,-70.520310,US,BCH
Saints Landing Beach,41.763720,-70.103910,US,BCH
Salisbury Beach,42.872310,-70.816160,US,BCH
Salt Box Beach,41.678440,-70.170300,US,BCH
Sandy Beach,42.787040,-70.805330,US,BCH
Sandy Beach,42.256770,-70.799490,US,BCH
Sandy Neck Beach,41.739550,-70.378640,US,BCH
Saquish Beach,42.004550,-70.620310,US,BCH
Savin Hill Beach,42.307600,-71.050880,US,BCH
Scorton Neck Beach,41.740390,-70.391140,US,BCH
Scusset Beach,41.781220,-70.503640,US,BCH
Sea Street Beach,41.652060,-70.133910,US,BCH
Sea Gull Beach,41.635670,-70.224460,US,BCH
Sesuit Beach,41.756220,-70.152240,US,BCH
Shipyard Lane Beach,42.027050,-70.671430,US,BCH
Short Beach,42.430650,-70.932830,US,BCH
Short Beach,42.391760,-70.981440,US,BCH
Siasconset Beach,41.260850,-69.962910,US,BCH
Silver Beach,41.489830,-70.755860,US,BCH
Singing Beach,42.566760,-70.761160,US,BCH
Skaket Beach,41.795940,-70.016130,US,BCH
South Beach,41.348170,-70.528640,US,BCH
South Beach,41.280400,-70.094460,US,BCH
South Cape Beach,41.550390,-70.511970,US,BCH
South Shore,41.240400,-70.099460,US,BCH
Southwest Beach,41.662610,-70.649480,US,BCH
Springhill Beach,41.755660,-70.453080,US,BCH
Springhill Brook,41.764000,-70.475030,US,BCH
Squibnocket Beach,41.306500,-70.785580,US,BCH
Standish Shore,42.016770,-70.668930,US,BCH
Stephens Field Beach,41.952600,-70.653920,US,BCH
Stonewall Beach,41.324000,-70.755310,US,BCH
Stony Beach,42.428430,-70.916160,US,BCH
Sunken Meadow Beach,41.872880,-70.009190,US,BCH
Sunrise Beach,41.661220,-70.638360,US,BCH
Sunrise Beach,42.087600,-70.660590,US,BCH
Surfside Beach,41.232900,-70.097520,US,BCH
Surfside Beach,41.244570,-70.078630,US,BCH
Surfside Beach,41.873720,-70.531420,US,BCH
Lake Tashmoo Town Beach,41.467610,-70.633080,US,BCH
Tenean Beach,42.293150,-71.043110,US,BCH
Thachers Beach,41.638450,-70.217240,US,BCH
Thumpertown Beach,41.843720,-70.005300,US,BCH
Tisbury Town Beach,41.462890,-70.599470,US,BCH
Town Beach,41.768160,-70.085570,US,BCH
Town Beach,41.769550,-70.486140,US,BCH
Bass Beach,42.971760,-70.768940,US,BCH
Foss Beach,43.011480,-70.738940,US,BCH
Jenress Beach,42.984530,-70.763110,US,BCH
North Hampton Beach,42.953420,-70.784220,US,BCH
Rye North Beach,43.011760,-70.739500,US,BCH
Belvedero Beach,40.455940,-74.134310,US,BCH
Cliffwood Beach,40.451500,-74.220700,US,BCH
Highlands Beach,40.394280,-73.975970,US,BCH
Ideal Beach,40.443440,-74.106530,US,BCH
L Street Bathing Beach,40.179000,-74.033470,US,BCH
Laurence Harbor Beach,40.458720,-74.244590,US,BCH
Navesink Beach,40.389550,-73.975420,US,BCH
Nejecho Beach,40.048450,-74.083190,US,BCH
Raritan Bay Beach,40.452610,-74.228760,US,BCH
Seidler Beach,40.456220,-74.235140,US,BCH
Amagansett Beach,40.963990,-72.136470,US,BCH
Annadale Beach,40.526490,-74.164030,US,BCH
Asharoken Beach,40.932600,-73.367060,US,BCH
Atlantic Beach,40.585940,-73.728740,US,BCH
Atlantique Beach,40.639540,-73.173170,US,BCH
Bar Beach,40.828710,-73.654300,US,BCH
Beekman Beach,40.877320,-73.542350,US,BCH
Blue Point Beach,40.746490,-73.025110,US,BCH
Callahans Beach,40.918430,-73.276230,US,BCH
Canarsie Beach,40.628720,-73.886800,US,BCH
Cedar Beach,40.965380,-73.032880,US,BCH
Cedar Beach,40.630100,-73.340950,US,BCH
Cedar Overlook Beach,40.632050,-73.334290,US,BCH
Centerport Beach,40.908990,-73.377340,US,BCH
Centre Island Beach,40.912880,-73.532620,US,BCH
Chocomount Beach,41.276210,-71.964520,US,BCH
Cold Spring Beach,40.866770,-73.466230,US,BCH
The Creek Beach,40.903430,-73.600130,US,BCH
Crescent Beach,40.907320,-73.400120,US,BCH
Crescent Beach,41.079820,-72.363690,US,BCH
Cupsoque Beach,40.767880,-72.740100,US,BCH
East Atlantic Beach,40.583720,-73.703460,US,BCH
East Beach,40.898430,-73.621790,US,BCH
East Beach,40.704270,-73.146780,US,BCH
East Beach,40.919260,-73.430120,US,BCH
East Hampton Beach,40.942880,-72.194250,US,BCH
Ferry Beach,40.908710,-73.547900,US,BCH
Fisherman Beach,41.006770,-72.455640,US,BCH
Gibsons Beach,41.039820,-72.278140,US,BCH
Gilgo Beach,40.614270,-73.405960,US,BCH
Gold Star Beach,40.896760,-73.430400,US,BCH
Great South Beach,40.666770,-73.054000,US,BCH
Hashamomuck Beach,41.088990,-72.414810,US,BCH
Hicks Beach,40.592050,-73.702080,US,BCH
Hobart Beach,40.929260,-73.403450,US,BCH
Horton Lane Beach,41.078710,-72.450920,US,BCH
Huguenot Beach,40.520110,-74.179870,US,BCH
Isabella Beach,41.261770,-71.991180,US,BCH
Jones Beach,40.594550,-73.502900,US,BCH
Kenneys Road Beach,41.070660,-72.457030,US,BCH
Lido Beach,40.586770,-73.616800,US,BCH
Lloyd Beach,40.909540,-73.485680,US,BCH
Long Beach,40.583440,-73.665960,US,BCH
Long Beach,40.922880,-73.167610,US,BCH
Long Beach,41.118990,-72.286190,US,BCH
Long Beach,40.998990,-72.322860,US,BCH
Lower Beach,41.081490,-72.299800,US,BCH
Maidstone Park Beach,41.037600,-72.180360,US,BCH
Makamah Beach,40.927040,-73.315950,US,BCH
Midland Beach,40.575660,-74.078750,US,BCH
Miller Place Beach,40.965650,-73.008440,US,BCH
Napeague Beach,40.993160,-72.048960,US,BCH
New Dorp Beach,40.559550,-74.097360,US,BCH
North Shore Beach,40.962880,-72.923440,US,BCH
Oak Neck Beach,40.909540,-73.581790,US,BCH
Oakland Beach,40.958710,-73.679850,US,BCH
Oakwood Beach,40.548990,-74.111810,US,BCH
Old Field Beach,40.970380,-73.106220,US,BCH
Orchard Beach,40.866210,-73.793470,US,BCH
Orient Beach,41.135650,-72.254250,US,BCH
Overlook Beach,40.698430,-73.155950,US,BCH
Rockaway Beach,40.571490,-73.851520,US,BCH
Rye Beach,40.962040,-73.678460,US,BCH
Sammys Beach,41.032320,-72.196470,US,BCH
Sandy Beach,41.107040,-72.353690,US,BCH
Scotts Beach,40.966490,-72.975100,US,BCH
Shell Beach,41.042880,-72.343420,US,BCH
Shoreham Beach,40.962880,-72.907320,US,BCH
Short Beach,40.583440,-73.554570,US,BCH
Short Beach,40.907320,-73.224280,US,BCH
Short Beach,41.010660,-72.317580,US,BCH
South Beach,40.589270,-74.064860,US,BCH
South Beach,41.280660,-71.945070,US,BCH
Southampton Beach,40.853710,-72.437590,US,BCH
Stehli Beach,40.909270,-73.587900,US,BCH
Tappen Beach,40.835380,-73.650680,US,BCH
Tiana Beach,40.830660,-72.514530,US,BCH
Tobay Beach,40.605940,-73.445120,US,BCH
Town Beach,40.705930,-73.195120,US,BCH
Town Beach,40.705930,-73.214560,US,BCH
Truman Beach,41.137880,-72.324250,US,BCH
A B Carpenters Beach,41.373990,-71.548110,US,BCH
Atlantic Beach,41.488990,-71.284770,US,BCH
Atlantic Beach,41.325100,-71.791180,US,BCH
Atlantic Beach,41.325930,-71.781730,US,BCH
Bailey Beach,41.456490,-71.313110,US,BCH
Ballards Beach,41.173710,-71.557560,US,BCH
Barrington Beach,41.723430,-71.312830,US,BCH
Black Rock Beach,41.147050,-71.595330,US,BCH
Block Island State Beach,41.182330,-71.565330,US,BCH
Bonnet Shores Beach,41.472320,-71.426440,US,BCH
Bristol Town Beach,41.700940,-71.291990,US,BCH
Buttonwoods Beach,41.686210,-71.421720,US,BCH
Calf Pasture Point Beach,41.628160,-71.403940,US,BCH
Captain Roger W Wheeler State Beach,41.370940,-71.496720,US,BCH
Charleston Beach,41.195100,-71.593110,US,BCH
Charlestown Beach,41.358430,-71.648120,US,BCH
Collins Beach,41.459820,-71.360610,US,BCH
Conochet Club Beach,41.439820,-71.446720,US,BCH
Crescent Beach,41.191210,-71.563390,US,BCH
Dunes Park Beach,41.328990,-71.764510,US,BCH
East Beach,41.345100,-71.682290,US,BCH
East Matunuck State Beach,41.376490,-71.528670,US,BCH
Dunes Club Beach,41.441770,-71.442280,US,BCH
Easton Beach,41.487600,-71.291160,US,BCH
Edgewood Beach,41.778430,-71.390890,US,BCH
Fenway Beach,41.328710,-71.761180,US,BCH
Fogland Beach,41.558160,-71.216990,US,BCH
Galilee Beach Club Beach,41.374820,-71.508670,US,BCH
Goddard Memorial State Park Beach,41.666210,-71.435610,US,BCH
Gooseberry Beach,41.460100,-71.321160,US,BCH
Grimmells Beach,41.622320,-71.228940,US,BCH
Hazard Beach,41.459820,-71.325330,US,BCH
Hazard Beach,41.459820,-71.322550,US,BCH
Island Park Beach,41.621210,-71.235600,US,BCH
Juniper Trail Beach,41.701210,-71.246710,US,BCH
King Park Beach,41.477600,-71.318110,US,BCH
Longmeadow Beach,41.702320,-71.364500,US,BCH
Mackeral Cove Beach,41.488990,-71.382830,US,BCH
Mansion Beach,41.201490,-71.559780,US,BCH
Matunuck Beach,41.373710,-71.545060,US,BCH
Misquamicut Fire District Beach,41.320660,-71.813680,US,BCH
Misquamicut State Beach,41.323710,-71.802850,US,BCH
Monhegan Bluffs Beach,41.150940,-71.560050,US,BCH
Navy Beach,41.492600,-71.246990,US,BCH
Ninigret Beach,41.380660,-71.647560,US,BCH
North Kingstown Beach,41.609820,-71.414780,US,BCH
North Kingstown Town Beach,41.565100,-71.442830,US,BCH
North Ligth Beach,41.230100,-71.575330,US,BCH
Ocean House Beach,41.306770,-71.855900,US,BCH
Old Salt Work Beach,41.481490,-71.360050,US,BCH
Pebbly Beach,41.167330,-71.550610,US,BCH
Pebby Beach,41.166770,-71.550890,US,BCH
Peckham Beach,41.518440,-71.231990,US,BCH
Plum Beach,41.524550,-71.418670,US,BCH
Plum Point Beach,41.531210,-71.417280,US,BCH
Rocky Point Beach,41.672050,-71.373390,US,BCH
Roger Wheeler State Beach,41.370940,-71.500890,US,BCH
Roy Carpenters Beach,41.372600,-71.560610,US,BCH
Salty Brine State Beach,41.375380,-71.511720,US,BCH
Sam Ferretti Blue Shutters Town Beach,41.339270,-71.698120,US,BCH
Sand Hill Cove State Beach,41.375940,-71.501720,US,BCH
Sandy Point Beach,41.660380,-71.410610,US,BCH
Sandy Point Beach,41.549550,-71.234770,US,BCH
Scarborough South State Beach,41.380380,-71.477830,US,BCH
Scarborough State Beach,41.389820,-71.473110,US,BCH
Scotch Beach,41.193160,-71.563940,US,BCH
Seaside Beach Club Beach,41.328990,-71.767570,US,BCH
Second Beach,41.484830,-71.256440,US,BCH
Sunset Beach,41.552880,-71.385890,US,BCH
Teddy Beach,41.622880,-71.222820,US,BCH
Vaills Beach,41.148710,-71.572280,US,BCH
Warren Town Beach,41.717050,-71.285050,US,BCH
Watch Hill Beach Association Beach,41.308990,-71.859510,US,BCH
Weekapaug Beach,41.330260,-71.738410,US,BCH
Weekapaug Inn Beach,41.326770,-71.750620,US,BCH
West Beach,41.221770,-71.576450,US,BCH
Westerly Town Beach,41.328160,-71.772010,US,BCH
Willow Dell Beach,41.373160,-71.557840,US,BCH
Middle Beach,41.278710,-72.442310,US,BCH
Nelson Beach,41.965100,-70.669480,US,BCH
Alvord Beach,41.113430,-73.325670,US,BCH
Attawan Beach,41.303430,-72.205080,US,BCH
Bayview Beach,41.206210,-73.033990,US,BCH
Bluff Point Beach,41.316490,-72.037570,US,BCH
Burial Hill Beach,41.116760,-73.314840,US,BCH
Burwells Beach,41.222600,-73.003160,US,BCH
Bushy Point Beach,41.319540,-72.047020,US,BCH
Calf Pasture Beach,41.086760,-73.392060,US,BCH
Chalker Beach,41.277880,-72.410360,US,BCH
Chapman Strand (historical),41.278430,-72.404530,US,BCH
Chapman Beach,41.277040,-72.419250,US,BCH
Clinton Beach,41.267600,-72.495920,US,BCH
Circle Beach,41.267040,-72.651760,US,BCH
Clinton Town Beach,41.267600,-72.519530,US,BCH
Compo Beach,41.106490,-73.350670,US,BCH
Bannings Beach,33.374750,-118.353680,US,BCH
Aeneas Beach,36.611900,-121.897450,US,BCH
Agate Beach,37.897430,-122.710820,US,BCH
Alamitos Bay Beach,33.756130,-118.131450,US,BCH
Aliso Beach,33.510030,-117.752550,US,BCH
Amarillo Beach,34.029730,-118.706200,US,BCH
Arch Beach,33.521690,-117.764780,US,BCH
Arched Rock Beach,38.367690,-123.072780,US,BCH
Arroyo De Los Frijoles Beach,37.225780,-122.409420,US,BCH
Avals Beach,38.231590,-122.982220,US,BCH
Baker Beach,37.794370,-122.483310,US,BCH
Balboa Beach,33.583080,-117.901450,US,BCH
Baywood Park Beach,35.330250,-120.844070,US,BCH
Ben Weston Beach,33.361970,-118.485080,US,BCH
Big Rock Beach,34.037230,-118.615360,US,BCH
Black Point Beach,38.686300,-123.432510,US,BCH
Blacks Beach,32.892550,-117.253650,US,BCH
Blind Beach,38.436030,-123.121950,US,BCH
Blue Gums Beach,38.226860,-122.977220,US,BCH
Bonny Doon Beach,36.999670,-122.181640,US,BCH
Boomer Beach,32.850050,-117.274200,US,BCH
Bowling Ball Beach,38.870740,-123.658350,US,BCH
Brazil Beach,38.234090,-122.956670,US,BCH
Button Shell Beach,33.405030,-118.368960,US,BCH
Cabrillo Beach,33.709460,-118.282850,US,BCH
El Capitan Beach,34.459710,-120.027360,US,BCH
Capitola Beach,36.971620,-121.951630,US,BCH
Carbon Beach,34.038900,-118.658700,US,BCH
Carmel Beach,36.550240,-121.929120,US,BCH
Carmel Beach,38.373250,-123.077500,US,BCH
Castle Rock Beach,34.040560,-118.563420,US,BCH
Cayucos Beach,35.448580,-120.905740,US,BCH
Central Beach,32.684220,-117.186980,US,BCH
Childrens Pool Beach,32.847830,-117.278370,US,BCH
China Beach,37.789930,-122.488580,US,BCH
China Cove Beach,33.598080,-117.879500,US,BCH
China Ladder Beach,37.067450,-122.256640,US,BCH
Christi Beach,34.026670,-119.875960,US,BCH
Clam Beach,38.515470,-123.254170,US,BCH
Coast Royale Beach,33.505300,-117.748390,US,BCH
Coleman Beach,38.365190,-123.071110,US,BCH
Cooks Beach,38.789630,-123.561120,US,BCH
Coronado City Beach,32.684770,-117.187810,US,BCH
Coronado Shores Beach,32.676440,-117.174480,US,BCH
Corral Beach,34.033060,-118.733140,US,BCH
La Costa Beach,34.037790,-118.642310,US,BCH
Cove Beach,37.117170,-122.308860,US,BCH
Cowell Beach,36.961060,-122.024960,US,BCH
Crown Point Shores,32.785330,-117.231980,US,BCH
Del Monte Beach,36.604130,-121.871900,US,BCH
Devils Slide Beach,37.565220,-122.514420,US,BCH
Dog Beach,32.755330,-117.253090,US,BCH
Doran Beach,38.313530,-123.039720,US,BCH
Drakes Beach,38.027430,-122.961660,US,BCH
Driftwood Beach,38.196590,-122.966110,US,BCH
Dunes Beach,37.483830,-122.452750,US,BCH
East Beach,34.416660,-119.664020,US,BCH
Elmar Beach,37.474390,-122.448030,US,BCH
Empire Landing,33.426970,-118.434520,US,BCH
Encinal Beach,34.038900,-118.890090,US,BCH
Escondido Beach,34.024730,-118.768420,US,BCH
Fan Shell Beach,36.582460,-121.969120,US,BCH
Fish Rock Beach,38.803240,-123.581960,US,BCH
Four Mile Beach,36.966340,-122.122740,US,BCH
Francis Beach,37.469390,-122.446090,US,BCH
Frenchys Cove Beach,34.007230,-119.410390,US,BCH
Gallagher Beach,33.370580,-118.348680,US,BCH
Gallinas Beach,38.015480,-122.504980,US,BCH
Gaviota Beach,34.470820,-120.224590,US,BCH
Gleason Beach,38.389640,-123.085560,US,BCH
Goat Rock Beach,38.446580,-123.126390,US,BCH
El Granada Beach,37.500220,-122.470810,US,BCH
Hamilton Beach,33.353920,-118.329520,US,BCH
Harbor Beach,33.205040,-117.394210,US,BCH
Hendrys Beach,34.400830,-119.739300,US,BCH
Hidden Beach,36.510240,-121.941900,US,BCH
Hollywood Beach,34.164170,-119.230390,US,BCH
Hooper Beach,36.970230,-121.955240,US,BCH
Hope Ranch Private Beach,34.413050,-119.776250,US,BCH
Huntington City Beach,33.653350,-117.998120,US,BCH
Island Beach,36.804680,-121.788010,US,BCH
Jenner Beach,38.454080,-123.133060,US,BCH
Jetty Beach,36.809680,-121.789950,US,BCH
Johnsons Landing,33.468640,-118.532020,US,BCH
La Jolla Beach,34.082780,-119.035380,US,BCH
La Jolla Shores Beach,32.861440,-117.255310,US,BCH
Kehoe Beach,38.154920,-122.948890,US,BCH
Kelham Beach,37.992430,-122.816100,US,BCH
Kellers Beach,37.920760,-122.386640,US,BCH
Kirby Beach,37.826590,-122.489970,US,BCH
Laguna Point Beach,39.490440,-123.796960,US,BCH
Las Tunas Beach,34.039450,-118.593690,US,BCH
Leadbetter Beach,34.401110,-119.699300,US,BCH
Limantour Beach,38.028260,-122.898610,US,BCH
Lincoln Beach,36.960510,-121.994680,US,BCH
Little Corona Del Mar Beach,33.590300,-117.869500,US,BCH
Lorenzo Beach,33.473640,-118.566470,US,BCH
Macabee Beach,36.615790,-121.899400,US,BCH
Main Beach,33.541690,-117.784780,US,BCH
Malibu Beach,34.031950,-118.688420,US,BCH
Manhattan Beach,37.430770,-122.439980,US,BCH
Marine Street Beach,32.836990,-117.281430,US,BCH
Marshall Beach,38.162420,-122.915000,US,BCH
Mateo Coast State Beaches,37.477720,-122.449420,US,BCH
McClures Beach,38.187420,-122.965280,US,BCH
Miramar Beach,37.493270,-122.460250,US,BCH
Miwok Beach,38.360470,-123.068890,US,BCH
Monastery Beach,36.523570,-121.927180,US,BCH
Montara Beach,37.546880,-122.514980,US,BCH
Moonstone Beach,33.388920,-118.367850,US,BCH
Moonstone Beach,35.574970,-121.113800,US,BCH
Moran Lake Beach,36.956340,-121.978020,US,BCH
More Mesa Beach,34.416390,-119.808470,US,BCH
Morro Rock Beach,35.371360,-120.866010,US,BCH
Moss Beach,36.609960,-121.948290,US,BCH
Muir Beach,37.859650,-122.576920,US,BCH
Naples Beach,37.488550,-122.455810,US,BCH
Newport Beach,33.590580,-117.918950,US,BCH
North Beach,38.077150,-122.975830,US,BCH
North Beach,32.686160,-117.192530,US,BCH
North Beach,34.045840,-118.946210,US,BCH
North Moss Beach,36.617460,-121.942180,US,BCH
North Salmon Creek Beach,38.357140,-123.067780,US,BCH
North Star Beach,33.625020,-117.893390,US,BCH
Ocean Beach,37.766100,-122.510700,US,BCH
Ocean Beach City Beach,32.740050,-117.255310,US,BCH
Oceanside City Beach,33.195310,-117.385320,US,BCH
Oil Piers Beach,34.350830,-119.425120,US,BCH
Ormond Beach,34.136950,-119.184270,US,BCH
Palisades Beach,34.023340,-118.513140,US,BCH
Palomarin Beach,37.930200,-122.745270,US,BCH
Panther Beach,36.993010,-122.170520,US,BCH
Parsons Landing,33.472800,-118.551750,US,BCH
Pebble Beach,36.566630,-121.947460,US,BCH
Pebble Beach,37.236890,-122.416360,US,BCH
Pebble Beach,38.696580,-123.439730,US,BCH
Perles Beach,37.854930,-122.438580,US,BCH
Pescadero Beach,37.262170,-122.413310,US,BCH
Pfeiffer Beach,36.238570,-121.817460,US,BCH
Phillip Burton Memorial Beach,37.706880,-122.502470,US,BCH
La Playa,32.709220,-117.236980,US,BCH
Poche Beach,33.440860,-117.645610,US,BCH
Point Molate Beach,37.945200,-122.414140,US,BCH
Point Mugu Beach,34.085560,-119.057050,US,BCH
Point Reyes Beach,38.083260,-122.973330,US,BCH
Pomponio Beach,37.292170,-122.407200,US,BCH
Portuguese Beach,38.381860,-123.081670,US,BCH
Potbelly Beach,36.977450,-121.928850,US,BCH
Pudding Creek Beach,39.455440,-123.806130,US,BCH
Puerco Beach,34.031400,-118.718700,US,BCH
Quarry Beach,37.859090,-122.421080,US,BCH
Rat Beach,33.803630,-118.394800,US,BCH
Red Rock Beach,37.889370,-122.632760,US,BCH
Red; White and Blue Beach,36.976340,-122.141910,US,BCH
Redondo Beach,37.440220,-122.443590,US,BCH
Refugio Beach,34.462770,-120.070140,US,BCH
Ribbon Beach,33.449750,-118.579530,US,BCH
Rincon Beach,34.335550,-119.407060,US,BCH
Rio Del Mar Beach,36.963840,-121.897730,US,BCH
Rockaway Beach,37.609940,-122.497480,US,BCH
Rodeo Beach,37.829930,-122.536920,US,BCH
Saint Malo Beach,33.166980,-117.360590,US,BCH
San Carlos Beach,36.609680,-121.895510,US,BCH
San Clemente City Beach,33.427250,-117.628380,US,BCH
San Gregorio Beach,37.323000,-122.403310,US,BCH
San Pedro Beach,37.598270,-122.502750,US,BCH
Sand Beach,37.271330,-122.410530,US,BCH
Sand Dollar Beach,35.923850,-121.468550,US,BCH
Sand Springs Beach,37.855480,-122.428580,US,BCH
Sandy Beach,36.506910,-121.939400,US,BCH
Sandy Beach,37.742710,-122.217470,US,BCH
Santa Cruz Beach,36.963560,-122.018570,US,BCH
Santa Maria Beach,38.015200,-122.853600,US,BCH
Scott Creek Beach,37.040230,-122.229970,US,BCH
Sculptured Beach,38.010200,-122.844710,US,BCH
Seabright Beach,36.963280,-122.008020,US,BCH
Seal Rocks Beach,37.786040,-122.508310,US,BCH
Seaside Creek Beach,39.559050,-123.766410,US,BCH
Sharp Park Beach,37.632440,-122.494700,US,BCH
Shell Beach,38.421300,-123.113060,US,BCH
Silver Strand Beach,34.150280,-119.219000,US,BCH
Ski Beach,32.775600,-117.233370,US,BCH
South Beach,34.045840,-118.930930,US,BCH
South Beach,38.049930,-122.988330,US,BCH
South Jetty Beach,34.240000,-119.266780,US,BCH
South Oceanside Beach,33.172260,-117.365320,US,BCH
South Salmon Creek Beach,38.339360,-123.068060,US,BCH
Stinson Beach,37.894370,-122.638590,US,BCH
Stump Beach,38.581860,-123.335560,US,BCH
Sullivans Beach,33.461690,-118.522860,US,BCH
Sunset Beach,36.888010,-121.833290,US,BCH
Sunshine Beach,38.035200,-122.925000,US,BCH
Surfside Beach,33.725570,-118.082560,US,BCH
Ten Mile Beach,39.526270,-123.776400,US,BCH
Three Mile Beach,36.961620,-122.112740,US,BCH
Tomales Beach,38.172980,-122.923050,US,BCH
Topanga Beach,34.038620,-118.581470,US,BCH
Torrance County Beach,33.810850,-118.391740,US,BCH
Torrey Pines City Beach,32.877270,-117.251150,US,BCH
Trancas Beach,34.033060,-118.849540,US,BCH
Trestles Beach,33.385310,-117.593940,US,BCH
Tunitas Beach,37.357720,-122.399970,US,BCH
Twin Lakes Beach,36.963280,-122.003300,US,BCH
West Beach,34.409160,-119.691800,US,BCH
Weston Beach,36.512460,-121.944400,US,BCH
Westward Beach,34.008340,-118.814810,US,BCH
White Point Beach,33.714740,-118.314240,US,BCH
Wildcat Beach,37.963260,-122.788320,US,BCH
Wilder Beach,36.953280,-122.078850,US,BCH
Windansea Beach,32.831160,-117.281150,US,BCH
Wipeout Beach,32.845050,-117.279200,US,BCH
Wreck Beach,36.234690,-121.799120,US,BCH
Wrights Beach,38.405190,-123.098890,US,BCH
Yerba Buena Beach,34.051670,-118.960650,US,BCH
Agate Beach,42.747890,-124.513720,US,BCH
Agate Beach,42.470670,-124.422050,US,BCH
Agate Beach,45.465940,-123.974580,US,BCH
Arcadia Beach,45.839270,-123.961250,US,BCH
Arizona Beach,42.615110,-124.399830,US,BCH
Baker Beach,44.076230,-124.126790,US,BCH
Bandon Beach,43.109960,-124.434670,US,BCH
Barley Beach,42.456780,-124.422050,US,BCH
Bastendorff Beach,43.345390,-124.348450,US,BCH
Cannon Beach,45.881770,-123.964310,US,BCH
Chapman Beach,45.903440,-123.964030,US,BCH
Cove Beach,45.788160,-123.968190,US,BCH
Crescent Beach,45.914550,-123.970140,US,BCH
Harris Beach,42.064280,-124.305090,US,BCH
Holly Beach,44.469840,-124.081790,US,BCH
Indian Beach,45.927880,-123.977640,US,BCH
Kiwanda Beach,45.151490,-123.974280,US,BCH
Lighthouse Beach,43.339000,-124.366510,US,BCH
Lone Ranch Beach,42.098450,-124.342880,US,BCH
Merchants Beach,43.237050,-124.392060,US,BCH
Moolack Beach,44.699840,-124.065390,US,BCH
Nehalem Beach,45.666490,-123.937360,US,BCH
Neskowin Beach,45.101220,-123.985950,US,BCH
North Beach,43.384830,-124.316510,US,BCH
Nye Beach,44.642340,-124.062340,US,BCH
Ona Beach,44.526230,-124.076230,US,BCH
Ophir Beach,42.549890,-124.395830,US,BCH
Sacchi Beach,43.264280,-124.383730,US,BCH
Short Beach,45.474820,-123.968460,US,BCH
Short Sand Beach,45.762610,-123.967360,US,BCH
Sixes Beach,42.851220,-124.545670,US,BCH
Sunset Beach,46.088720,-123.935700,US,BCH
Sunset Beach,45.974830,-123.947080,US,BCH
Sunset Beach,45.694000,-123.939020,US,BCH
Wakeman Beach,42.487330,-124.420660,US,BCH
Whisky Run Beach,43.211780,-124.395120,US,BCH
Wilson Beach,45.428160,-123.937900,US,BCH
Alki Beach,47.579260,-122.410410,US,BCH
Anaco Beach,48.486210,-122.667400,US,BCH
Blue Heron Beach,48.576500,-122.504890,US,BCH
Boulder Beach,47.803410,-124.468820,US,BCH
Caledonia Beach,47.309270,-122.431240,US,BCH
Chin-Chin-Tse-Tung,48.634270,-122.857400,US,BCH
Chito Beach,48.309520,-124.440780,US,BCH
Crescent Beach,48.695100,-122.895180,US,BCH
Des Moines Beach,47.403990,-122.330400,US,BCH
First Beach,47.903960,-124.633270,US,BCH
Flint Beach,48.420660,-122.869340,US,BCH
Fourth of July Beach,48.470100,-123.005730,US,BCH
Green Bank,48.612330,-122.861850,US,BCH
Hermosa Beach,48.727050,-122.642400,US,BCH
Hobuck Beach,48.338120,-124.664680,US,BCH
Jackson Beach,48.519820,-123.011010,US,BCH
Kayostia Beach,48.037720,-124.682280,US,BCH
Kimple Beach,48.687050,-122.956850,US,BCH
Maple Beach,47.644540,-122.856270,US,BCH
Miami Beach,47.652040,-122.838210,US,BCH
Monroe Landing,48.237880,-122.690170,US,BCH
Mount Baker Beach,47.584270,-122.287900,US,BCH
Neontawanta Beach,48.710660,-122.631290,US,BCH
North Beach,48.401490,-122.655450,US,BCH
North Beach,48.710660,-122.928240,US,BCH
Northilla Beach,47.343430,-122.462350,US,BCH
Pelican Beach,48.600380,-122.701290,US,BCH
Rialto Beach,47.917230,-124.638240,US,BCH
Ruby Beach,47.710910,-124.415480,US,BCH
Samish Beach,48.575380,-122.518500,US,BCH
Scenic Beach,47.650090,-122.847100,US,BCH
Second Beach,48.370620,-124.580510,US,BCH
Shi-Shi Beach,48.259780,-124.682740,US,BCH
Snee-oosh Beach,48.402050,-122.543780,US,BCH
Tsoo-Yess Beach,48.307010,-124.663020,US,BCH
South Beach,48.563710,-122.937960,US,BCH
South Beach,48.461490,-123.019340,US,BCH
Sunset Beach,48.502050,-122.691290,US,BCH
Sunset Beach,47.814540,-122.380970,US,BCH
Terrill Beach,48.713440,-122.890190,US,BCH
Third Beach,48.367290,-124.569400,US,BCH
Three D Beach,47.883130,-124.599930,US,BCH
Tulalip Shores,48.082870,-122.321260,US,BCH
Warmhouse Beach,48.388680,-124.663850,US,BCH
West Beach,48.231210,-122.767670,US,BCH
West Beach,48.740660,-122.671010,US,BCH
White Beach,48.610380,-122.865180,US,BCH
Yellow Banks,48.095620,-124.687170,US,BCH
Agate Beach,43.253170,-124.387340,US,BCH
Black Sand Beach,55.286110,-131.634720,US,BCH
Kahaloko,21.478360,-158.224870,US,BCH
Kahana Beach,20.974460,-156.679050,US,BCH
Kahanamoku Beach,21.281400,-157.838450,US,BCH
Kāheʻa,20.836800,-156.816440,US,BCH
Kahemanō,20.787820,-156.818040,US,BCH
Kāhili,21.211150,-156.975380,US,BCH
Kāhili Beach,22.218270,-159.385190,US,BCH
Kahōkūnui,20.905310,-156.885760,US,BCH
Kahonua,19.493220,-154.817520,US,BCH
Kahuku Golf Course Beach,21.680440,-157.944860,US,BCH
Kahului Beach,20.892900,-156.476220,US,BCH
Kai Beach,21.360560,-157.968890,US,BCH
Kaiaka Bay Beach,21.583160,-158.117210,US,BCH
Kaihalulu Beach,21.704490,-157.991380,US,BCH
Kaihalulu Beach,20.751820,-155.982710,US,BCH
Kailiili,20.806920,-156.601700,US,BCH
Ka‘iliki‘i Beach (historical),18.954800,-155.708240,US,BCH
Kailua Beach,21.407730,-157.740410,US,BCH
Kaimu Beach (historical),19.359900,-154.970140,US,BCH
Kaipapa‘u Beach,21.621070,-157.914030,US,BCH
Kaipukaihina,20.770520,-156.459520,US,BCH
Kalaeloa Beach,21.296080,-158.105150,US,BCH
Kalāhiki Beach,19.370240,-155.895990,US,BCH
Kalakala,20.884080,-156.860410,US,BCH
Kalalau Beach,22.172680,-159.659040,US,BCH
Kalama Beach,21.405250,-157.738970,US,BCH
Kalani Beach,21.200480,-157.167930,US,BCH
Kalaoa Beach,21.878620,-160.126420,US,BCH
Kalapakī Beach,21.960430,-159.350470,US,BCH
Kalapana Beach (historical),19.352470,-154.974220,US,BCH
Kalapueo,21.316030,-157.666550,US,BCH
Kaleʻia,20.790060,-156.475950,US,BCH
Kalela Beach,21.626450,-157.920810,US,BCH
Kalepolepo,20.763200,-156.459320,US,BCH
Kalihi Kai Beach,22.226940,-159.449170,US,BCH
Kalihiwai Beach,22.216360,-159.426900,US,BCH
Kaloko Beach,21.292920,-157.658670,US,BCH
Kalua,20.926050,-156.493760,US,BCH
Kaluahole,21.638200,-158.065840,US,BCH
Kaluahole Beach,21.261140,-157.821370,US,BCH
Kaluanui Beach,21.600100,-157.897300,US,BCH
Kaluhikaa Beach,20.017080,-155.822990,US,BCH
Kamakahonu Beach,19.639660,-155.997880,US,BCH
Kamaka‘ipo Beach,21.113490,-157.301390,US,BCH
Kamalino Beach,21.839230,-160.243710,US,BCH
Kamaʻole,20.722920,-156.448270,US,BCH
Kamehame Beach,19.144580,-155.465960,US,BCH
Kamokuna (historical),19.318840,-155.043330,US,BCH
Kanaio Beach,20.579900,-156.391950,US,BCH
Kanalukaha Beach,21.089430,-157.264650,US,BCH
Kanenelu Beach,21.536060,-157.839910,US,BCH
Kaʻōpala,20.982040,-156.673430,US,BCH
Kapaeloa Beach,21.628630,-158.073800,US,BCH
Kapaka Beach,21.605280,-157.901400,US,BCH
Kapahukapu Manini Beach,19.471160,-155.920940,US,BCH
Kapalaoa Beach,21.610280,-157.909420,US,BCH
Kapiolani Park Beach,21.267310,-157.822650,US,BCH
Kapua,20.969030,-156.680490,US,BCH
Kapueokahi Beach,20.758580,-155.985950,US,BCH
Kapukahehu Beach,21.140900,-157.289140,US,BCH
Kapukuwahine Beach,21.092430,-157.281220,US,BCH
Kauapea Beach,22.224240,-159.409800,US,BCH
Kauhala,21.710200,-157.981950,US,BCH
Kaukaukapapa Beach,20.535520,-156.694840,US,BCH
Kaulana Beach,20.593030,-156.600610,US,BCH
Kaulahao,20.922190,-156.374680,US,BCH
Kaunala Beach,21.682220,-158.032560,US,BCH
Kaunalā Beach,21.137590,-157.289260,US,BCH
Kaunaoa Beach,20.004560,-155.824800,US,BCH
Kaupoa Beach,21.128630,-157.296760,US,BCH
Ka‘ūpūlehu Beach,19.831180,-155.986700,US,BCH
Kauwaha Beach,21.930940,-160.166670,US,BCH
Kawa‘aloa Beach,21.197420,-157.155570,US,BCH
Kawailoa Beach,21.609620,-158.096970,US,BCH
Kawakiu Beach,21.207570,-157.249300,US,BCH
Kea‘ā Beach,20.816670,-156.067380,US,BCH
Kea‘au Beach,19.643410,-154.982720,US,BCH
Kealapūpūakiha,21.218200,-157.240030,US,BCH
Keālia Beach,19.385350,-155.901360,US,BCH
Keālia Beach,21.582620,-158.200200,US,BCH
Keālia Beach,22.095260,-159.306210,US,BCH
Keamano Beach,21.997770,-160.080710,US,BCH
Keanahaki Beach,21.791060,-160.201910,US,BCH
Keanakua,21.169690,-156.935280,US,BCH
Keawaiki,21.172650,-156.943710,US,BCH
Keawakapu Beach,20.702370,-156.445870,US,BCH
Keawalua,21.022420,-156.587610,US,BCH
Keawanui Beach,21.944360,-160.139640,US,BCH
Ke‘ehi Lagoon Beach,21.330270,-157.896810,US,BCH
Kē‘ē Beach,22.221490,-159.582940,US,BCH
Ke‘ei Beach,19.461800,-155.924780,US,BCH
Kehena Beach,19.393560,-154.930100,US,BCH
Kēōkea Beach,20.228030,-155.745650,US,BCH
Keomuku,20.851600,-156.826410,US,BCH
Keone‘ele‘ele,19.136760,-155.499440,US,BCH
Keonehelelee,21.022220,-156.625580,US,BCH
Keonenui,20.983990,-156.672750,US,BCH
Kepuhi Beach,22.223430,-159.546050,US,BCH
Kepuhi Beach,21.189410,-157.247980,US,BCH
Ki‘eki‘e Beach,21.893240,-160.217230,US,BCH
Kipu Kai Beach,21.911170,-159.390110,US,BCH
Kokololio Beach,21.624540,-157.918020,US,BCH
Kōkī,20.728750,-155.985730,US,BCH
Kōloa Beach,19.127050,-155.510520,US,BCH
Kuahine,21.419990,-157.744230,US,BCH
Kuahua,20.918570,-156.912020,US,BCH
Kualoa Sugar Mill Beach,21.520020,-157.835400,US,BCH
Kuilei Beach,21.255750,-157.804470,US,BCH
Kukio Beach,19.820980,-155.997190,US,BCH
Kulanaokalai Beach,20.826080,-156.633280,US,BCH
Kupaka,21.314620,-157.986450,US,BCH
Ku‘unahonu,21.153370,-156.710720,US,BCH
Laehau,21.538200,-158.232480,US,BCH
Lahaina Beach,20.867450,-156.675940,US,BCH
Laie,20.747790,-156.457990,US,BCH
Lā‘ie Beach,21.651290,-157.925330,US,BCH
Laniakea Beach,21.619010,-158.085230,US,BCH
Lanikai Beach,21.390140,-157.713420,US,BCH
Lanikuhonua Beach,21.342380,-158.127770,US,BCH
Laniloa Beach,21.643150,-157.919030,US,BCH
Larsens Beach,22.206400,-159.338950,US,BCH
Laukinui Beach,21.468510,-158.217560,US,BCH
Laulauwa‘a,21.459500,-158.206190,US,BCH
Liho‘ula Beach,20.732680,-155.986060,US,BCH
Lighthouse Beach,21.104280,-157.307550,US,BCH
Lopa Beach,20.803670,-156.808100,US,BCH
Lumahaʻi Beach,22.215230,-159.526520,US,BCH
Maalaea Beach,20.792980,-156.508720,US,BCH
Machida Beach,19.737830,-155.038010,US,BCH
Maeaea,21.602950,-158.106450,US,BCH
Mahai‘ula Beach,19.782000,-156.037380,US,BCH
Mahakea Beach,21.626550,-157.920870,US,BCH
Mahana Beach,18.936010,-155.646470,US,BCH
Mailiili Beach,21.426560,-158.179310,US,BCH
Maka‘alae Beach,20.708710,-155.988260,US,BCH
Makalawena Beach,19.791530,-156.028280,US,BCH
Makao Beach,21.606400,-157.903690,US,BCH
Makapu‘u Beach,21.311060,-157.660080,US,BCH
Makawehi,21.875750,-159.432690,US,BCH
Makolea Beach,19.574840,-155.967960,US,BCH
Makolea Beach,19.768160,-156.048730,US,BCH
Mākua Beach,21.529980,-158.229390,US,BCH
Mālaekahana Beach,21.667960,-157.936660,US,BCH
Maluaka Beach,20.646760,-156.442670,US,BCH
Maniniholo Beach,22.220580,-159.566170,US,BCH
Maniniowali Beach,19.807670,-156.010370,US,BCH
Manners Beach,21.359890,-158.131950,US,BCH
Mauumae Beach,20.016270,-155.823280,US,BCH
Miloli‘i Beach,22.151110,-159.718230,US,BCH
Mōkapu Beach,20.693640,-156.444130,US,BCH
Moku‘auia Beach,21.662660,-157.923540,US,BCH
Mokulau Beach,20.638890,-156.110230,US,BCH
Mokulē‘ia Army Beach,21.581710,-158.207030,US,BCH
Mokulē‘ia Beach,21.579920,-158.160400,US,BCH
Mokulē‘ia Beach,21.011310,-156.641970,US,BCH
Mo‘omomi Beach,21.196910,-157.147620,US,BCH
Naha,20.776960,-156.825090,US,BCH
Nākeikiapua,21.155060,-156.711880,US,BCH
Nene‘u Beach,21.444610,-158.189440,US,BCH
Nimitz Beach,21.299430,-158.068590,US,BCH
Nimitz Officers Beach,21.302990,-158.046270,US,BCH
Ninini Beach,21.958750,-159.341770,US,BCH
Niu Beach,21.279800,-157.740090,US,BCH
Nonopapa Beach,21.858430,-160.234930,US,BCH
North Beach,21.455040,-157.750460,US,BCH
Nualolo Kai Beach,22.159040,-159.700790,US,BCH
Ohaiula Beach,20.023280,-155.822340,US,BCH
ʻŌhikilolo,21.516320,-158.229300,US,BCH
‘Olo‘upena,21.163380,-156.855500,US,BCH
Olowalu Beach,20.809560,-156.614510,US,BCH
Oneawa Beach,21.417120,-157.744150,US,BCH
Oneloa Beach,20.632040,-156.447290,US,BCH
Oneloa Beach,21.005540,-156.659930,US,BCH
One‘ula Beach,21.306340,-158.026520,US,BCH
Oneuli Beach,20.641240,-156.446190,US,BCH
Outrigger Canoe Club Beach,21.262200,-157.821550,US,BCH
Pahipahi‘ālua Beach,21.695870,-158.016250,US,BCH
Pāhoa,21.055520,-156.904190,US,BCH
Pahoa Beach,20.258280,-155.816480,US,BCH
Pa‘iloa Beach,20.788690,-156.003550,US,BCH
Paikō Beach,21.281350,-157.728620,US,BCH
Pakala Beach,21.936940,-159.649460,US,BCH
Palama Beach,21.885330,-159.524860,US,BCH
Palalau,20.795380,-156.487840,US,BCH
Palauea Beach,20.670610,-156.442820,US,BCH
Pali Ke Kua Beach,22.223620,-159.493520,US,BCH
Papa‘iloa Beach,21.611650,-158.095380,US,BCH
Papaloa Beach,21.197220,-156.982830,US,BCH
Papaoneone,21.463550,-158.213550,US,BCH
Pāpōhaku Beach,21.167720,-157.260320,US,BCH
Paukukalo Beach,20.906350,-156.482400,US,BCH
Pelekunu Beach,21.160740,-156.881430,US,BCH
Pepeiaolepo Beach,20.669260,-156.039500,US,BCH
Pilaa Beach,22.211650,-159.363080,US,BCH
Pōhakumāuliuli,21.195020,-157.247790,US,BCH
Pōhakukāʻanapali,20.967040,-156.681450,US,BCH
Pōhue Beach,19.010570,-155.797420,US,BCH
Poipu Beach,21.875830,-159.460170,US,BCH
Pōleho,21.956670,-160.074370,US,BCH
Polihua Beach,20.923160,-157.033280,US,BCH
Polo Beach,20.675870,-156.443490,US,BCH
Pololū Beach,20.202630,-155.729810,US,BCH
Pomokupa,21.473180,-158.219320,US,BCH
Po‘olau Beach,21.154200,-157.278560,US,BCH
Po‘olenalena Beach,20.663950,-156.441790,US,BCH
Po‘ooneone Beach,21.853290,-160.167770,US,BCH
Pounders Beach,21.631220,-157.921020,US,BCH
Puau,21.554170,-158.247780,US,BCH
Punalu‘u Beach,19.135910,-155.504450,US,BCH
Punapalaha,21.708840,-157.984960,US,BCH
Pu‘u Ali‘i Beach,19.790310,-156.030360,US,BCH
Puu Olai Beach,20.631980,-156.447270,US,BCH
Puu Poa Beach,22.216910,-159.498880,US,BCH
Pu‘unoa,20.882470,-156.687770,US,BCH
Pu‘uwai Beach,21.917780,-160.199720,US,BCH
Pyramid Rock Beach,21.459980,-157.763160,US,BCH
Royal-Moana Beach,21.275350,-157.825620,US,BCH
Sam Wights Beach,21.105720,-157.306670,US,BCH
Sand Box Beach,20.912060,-156.692530,US,BCH
Sandy Beach,21.114810,-156.737890,US,BCH
Sans Souci Beach,21.268160,-157.822870,US,BCH
Sea Lodge Beach,22.229120,-159.477870,US,BCH
Secret Beach,21.888640,-159.545620,US,BCH
Shipwreck Beach,21.874440,-159.438560,US,BCH
Spreckelsville Beach,20.909450,-156.409580,US,BCH
Sunset Beach,21.664430,-158.052060,US,BCH
Three Tables,21.645760,-158.063930,US,BCH
Tunnels Beach,22.224440,-159.560310,US,BCH
Ula‘ula,21.304730,-158.031420,US,BCH
Ulua Beach,20.690590,-156.443790,US,BCH
Wahine Pe‘e Beach,20.922240,-156.695810,US,BCH
Wai‘ahukini Beach,18.947200,-155.698330,US,BCH
Waiakalua Nui Beach,22.216200,-159.374760,US,BCH
Waiakalua Iki Beach,22.215610,-159.372180,US,BCH
Waialea Beach,19.981880,-155.828610,US,BCH
Wai‘anae Kai Military Reservation Beach,21.447770,-158.192650,US,BCH
Waianukole,20.852130,-156.661110,US,BCH
Waikalae,21.705480,-157.996790,US,BCH
Waikīkī Beach,21.276610,-157.828650,US,BCH
Waikoko Beach,22.210980,-159.517820,US,BCH
Waikoloa Beach,20.762450,-155.985470,US,BCH
Waikui Beach,20.021860,-155.822690,US,BCH
Wailau Beach,21.163860,-156.830950,US,BCH
Wailea Beach,20.683000,-156.443060,US,BCH
Wailua Beach,22.047530,-159.335100,US,BCH
Waimahaihai,20.736910,-156.456580,US,BCH
Waiohai Beach,21.873800,-159.455750,US,BCH
Waiopae,20.846410,-156.821460,US,BCH
Waipahu Beach,21.358100,-158.131200,US,BCH
Waipouli,22.056450,-159.321560,US,BCH
Waipu,20.624690,-156.144330,US,BCH
Waipū,21.161220,-156.866270,US,BCH
Wai‘ula‘ula Beach,20.014270,-155.825170,US,BCH
Waterhouse Beach,21.879660,-159.471770,US,BCH
Wawaloli Beach,19.715200,-156.048840,US,BCH
Zablan Beach,21.376860,-158.142230,US,BCH
Kahalepohaku Beach,21.093570,-157.290720,US,BCH
Fort Kamehameha Beach,21.316570,-157.956530,US,BCH
Ewa Plantation Beach,21.306200,-158.025370,US,BCH
Fagans Beach,21.126950,-156.729290,US,BCH
Fort Hase Beach,21.444680,-157.736290,US,BCH
Fleming Beach,20.999640,-156.666340,US,BCH
Fort DeRussy Beach,21.280220,-157.836370,US,BCH
Gillins Beach,21.889420,-159.412420,US,BCH
Glass Beach,21.898280,-159.584380,US,BCH
Beans Beach,19.648970,-156.021220,US,BCH
Beach House Beach,21.882240,-159.478770,US,BCH
Grays Beach,21.277250,-157.831650,US,BCH
Banzai Beach,21.660780,-158.055350,US,BCH
Hale o Lono Beach,21.088540,-157.257610,US,BCH
Hale‘iwa Army Beach,21.588940,-158.113050,US,BCH
Halena Beach,21.089140,-157.224570,US,BCH
Awalua Beach,20.828610,-156.635560,US,BCH
Halepalaoa Beach,20.824960,-156.808050,US,BCH
Awalua,20.826490,-156.633650,US,BCH
‘Awahua Beach,21.180960,-156.991320,US,BCH
Hāmoa Beach,20.719510,-155.987600,US,BCH
Halulu,20.910530,-156.892410,US,BCH
Hanaka‘ilio Beach,21.709090,-157.978120,US,BCH
Hanakanae‘a Beach,20.516430,-156.685530,US,BCH
Hanakāpī‘ai Beach,22.209260,-159.597890,US,BCH
Disappearing Sands Beach,19.594570,-155.972180,US,BCH
Hapuna Beach,19.992180,-155.825860,US,BCH
Haula Beach,21.899240,-159.404130,US,BCH
Hau‘ula Beach Park,21.611890,-157.910920,US,BCH
‘Alula Beach,19.667240,-156.027670,US,BCH
Hickam Harbor Beach,21.317160,-157.951130,US,BCH
Hoai Beach,21.881100,-159.473980,US,BCH
Honokohau Beach,19.672150,-156.025960,US,BCH
Honopu Beach,22.167430,-159.668520,US,BCH
Changs Beach,20.663200,-156.441560,US,BCH
Honowae,20.927640,-156.994840,US,BCH
Honukanaenae,20.522740,-156.695640,US,BCH
Ho‘olehua Beach,21.210530,-156.965620,US,BCH
Hulopoʻe Beach,20.743060,-156.897220,US,BCH
Iamo,20.882670,-156.858330,US,BCH
‘Iliopi‘i Beach,21.203640,-156.979290,US,BCH
Iroquois Beach,21.316040,-157.981080,US,BCH
Ka‘aku‘u Beach,21.999000,-160.096160,US,BCH
Kā‘anapali Beach,20.936430,-156.692850,US,BCH
Kaalawai Beach,21.256650,-157.799360,US,BCH
Brennecke Beach,21.873160,-159.451370,US,BCH
Ka‘elehuluhulu,19.781120,-156.042440,US,BCH
Ka‘ehu Beach,20.912720,-156.490550,US,BCH
Kahala Hilton Beach,21.270670,-157.775110,US,BCH
Kāhala Beach,21.264440,-157.781100,US,BCH
Alapa‘i,21.172730,-156.928300,US,BCH
‘Aliomanu Beach,22.159550,-159.306970,US,BCH
Anahola Beach,22.147440,-159.304910,US,BCH
Ananoio,21.162200,-156.869060,US,BCH
ʻAnini Beach,22.223860,-159.460790,US,BCH
Bagley Beach,21.345490,-157.702340,US,BCH
Bakers Beach,19.728370,-155.057090,US,BCH
Barking Sands,22.069330,-159.776270,US,BCH
Charley Young Beach,20.729920,-156.452810,US,BCH
Chuns Reef Beach,21.623520,-158.081120,US,BCH
Cresent Beach,21.281460,-157.838740,US,BCH
Davidsons Beach,21.960580,-159.704880,US,BCH
Donkey Beach,22.114100,-159.296870,US,BCH
Cottonwood Beach,61.183890,-151.016110,US,BCH
East Landing,57.121170,-170.269960,US,BCH
Finny Beach,57.737500,-152.497220,US,BCH
Happy Beach,57.685000,-152.473060,US,BCH
Holiday Beach,57.706940,-152.475000,US,BCH
Kalifornsky Beach,60.460000,-151.284170,US,BCH
Kooku Beach,63.069720,-169.539720,US,BCH
Little Beach,58.358330,-154.099440,US,BCH
Long Beach,55.333060,-161.789170,US,BCH
Long Beach,55.962220,-158.889170,US,BCH
Ningeehak Beach,63.672500,-171.594170,US,BCH
Nivalghat Beach,63.338890,-169.325000,US,BCH
North Beach,57.211110,-170.222220,US,BCH
Nunathloogagamiutbingoi Dunes,59.852220,-166.053060,US,BCH
Ocean Beach,55.161110,-160.541670,US,BCH
Oksenof Beach,54.814170,-164.584720,US,BCH
Oongalambingoi Dunes,59.877500,-165.925560,US,BCH
Oongalambingoi Dunes,59.889440,-165.844170,US,BCH
Patricks Beach (not official),61.021390,-149.743060,US,BCH
Polovina Sands,57.158330,-170.191670,US,BCH
Salamatof Beach,60.626110,-151.343890,US,BCH
Salghat Beach,63.335000,-169.181110,US,BCH
Schooner Beach,59.750000,-140.100000,US,BCH
Sevenmile Beach,57.653060,-154.131110,US,BCH
Shingle Beach,59.675560,-151.402780,US,BCH
Tolstoi Sands,57.144440,-170.283330,US,BCH
West Landing,57.125000,-170.277780,US,BCH
Zolotoi Sands,57.116090,-170.277610,US,BCH
Agnes Beach,53.872610,-166.544170,US,BCH
Agsinoralak Beach,71.366670,-156.516670,US,BCH
Airplane Flats,54.620830,-164.856940,US,BCH
Arigilivik Beach,71.366670,-156.516670,US,BCH
Arkansas Beach,53.897500,-166.570830,US,BCH
Bangookthleet Dunes,59.813330,-166.274440,US,BCH
Bangookbit Dunes,59.846670,-166.381670,US,BCH
Belleview Beach,51.815560,-177.210560,US,BCH
Alys Beach,30.282780,-86.031110,US,BCH
Opal Beach,30.364720,-86.962500,US,BCH
Pratts Beach,40.886110,-73.645280,US,BCH
Meudon Beach,40.901940,-73.605000,US,BCH
Creek Club Beach,40.905280,-73.597220,US,BCH
West Harbor Beach,40.905000,-73.543330,US,BCH
Amityville Beach,40.655280,-73.407500,US,BCH
Copiague Beach,40.656110,-73.396940,US,BCH
Knollwood Beach,40.905280,-73.387780,US,BCH
North Sea Bathing Beach,40.947780,-72.422780,US,BCH
Steer's Beach,40.917500,-73.352500,US,BCH
Venetian Shores Beach,40.668610,-73.348890,US,BCH
West Islip Beach,40.684720,-73.289170,US,BCH
Northport Beach,40.899720,-73.359720,US,BCH
Ocean Terrace Public Beach,25.860830,-80.119170,US,BCH
Crandon Beach,25.706670,-80.151940,US,BCH
Robinsons Beach,40.500280,-74.235830,US,BCH
Dennis Beaches,41.750460,-70.194260,US,BCHS
Adguix,57.127780,-170.278060,US,BCH
Smiilix,57.131110,-170.281940,US,BCH
Chiqix Hasax,57.130280,-170.277220,US,BCH
Qigduxtam Kadaa,56.608330,-169.528890,US,BCH
Kitasiilux̂ Sitxaa,56.601390,-169.488610,US,BCH
Ustinam Sitxaa,56.601110,-169.592780,US,BCH
La Conchita Beach,34.363890,-119.450000,US,BCH
Butter Bean Beach,31.946650,-81.067810,US,BCH
Sayville Bathing Beach,40.723610,-73.072220,US,BCH
Buono Beach,40.615830,-74.063060,US,BCH
Laurel Beach,41.182080,-73.093070,US,BCH
Hampton Beach,40.808290,-72.592510,US,BCH
Westhampton Beach,40.790610,-72.657310,US,BCH
Kitasiilux̂ Sitxa,56.603890,-169.498890,US,BCH
Hookipa Beach,20.933060,-156.359140,US,BCH
Velzyland,21.675690,-158.039700,US,BCHS
Quonochontaug Beach,41.331770,-71.721730,US,BCH
Kimsis,51.872300,-176.164300,US,BCH
Awas Tugimaga,52.042300,-176.003900,US,BCH
Agaagilax,51.953700,-175.852300,US,BCH
Igilam Aaliicha,52.172500,-175.528890,US,BCH
Atxam Acha,52.010000,-175.305280,US,BCH
Chalaalux,52.017780,-175.288610,US,BCH
Kmisxam-tugimaga,52.024720,-175.331670,US,BCH
Chuyaglix,52.017220,-175.330000,US,BCH
Udgaax,51.705000,-177.614440,US,BCH
Taamuyas Tugimaga,51.735000,-177.839720,US,BCH
Bathtub Beach,27.186810,-80.160240,US,BCH
Qyasxum Hachan Tugimaga,52.202220,-174.354440,US,BCH
Simsum-tugimaga,52.370830,-174.058060,US,BCH
Unangalixtax,52.304720,-174.344170,US,BCH
Uyuqiidasxis,52.205830,-174.199440,US,BCH
Tugimagix,52.218060,-174.201940,US,BCH
Ingalum-tugimaga,52.228610,-174.143890,US,BCH
Aaguliigagim Tugimaga,52.228060,-174.114440,US,BCH
Qudagiilux,52.229170,-174.058060,US,BCH
Akayum Angaa,52.133060,-174.085280,US,BCH
Kasamim-chugugan Ignaachxagii,52.144720,-174.105000,US,BCH
Aknaangix,52.152220,-174.114440,US,BCH
Aknaangim Qalan Ungluu,52.157500,-174.124440,US,BCH
Chiidam Udagan Qaluugii,52.162500,-174.140560,US,BCH
Silaxagis,52.052780,-173.631670,US,BCH
Uchiing,52.041940,-173.833330,US,BCH
Tinas,52.032500,-173.542220,US,BCH
Utunan,52.938610,-168.868890,US,BCH
Asudakix Sitxa,53.166390,-168.344170,US,BCH
Qigunam-tugumaga,53.343060,-168.407220,US,BCH
Iitaagim-tugumaga,53.770830,-166.947780,US,BCH
Achuugix Tanaxtaqax,53.842780,-166.143890,US,BCH
Ququgan,53.828890,-166.420830,US,BCH
Chaluuknax,53.844170,-166.387780,US,BCH
Chamax,53.871390,-166.305000,US,BCH
Slukam-tugumaga,54.204170,-165.431940,US,BCH
Sanagan,54.161110,-165.600560,US,BCH
Tuckers Beach,42.488730,-70.860400,US,BCH
Seaweed Beach,41.370830,-71.490280,US,BCH
Jehemy Beach,33.219950,-119.448530,US,BCH
Brook's Landing,33.265530,-119.497050,US,BCH
Waialua Beach,21.066900,-156.803330,US,BCH
Long,33.763950,-118.175130,US,BCH
Posmo State Beach,35.086230,-120.622860,US,BCH
Natural Bridges State Beach,36.949840,-122.057870,US,BCH
Secret Frisbee Beach,32.943340,-117.263110,US,BCH
Shell Point Beach,30.058090,-84.297790,US,BCH
Secret Beach,22.222330,-159.417510,US,BCH
Fort DeSoto Dog Beach,27.615420,-82.728370,US,BCH
Margate Beach,39.318430,-74.513090,US,BCH
Beesley's Point Beach,39.287620,-74.626130,US,BCH
Surfside Beach,25.882820,-80.120480,US,BCH
Bal Harbour Beach,25.894530,-80.121190,US,BCH
Loggia Beach,25.966130,-80.118140,US,BCH
Indian Beach,25.820710,-80.120190,US,BCH
South Beach,25.780220,-80.128190,US,BCH
Virginia Key Beach,25.737940,-80.150240,US,BCH
Hillsboro Beach,26.294070,-80.077460,US,BCH
Deerfield Beach,26.318920,-80.074580,US,BCH
Highland Beach,26.402170,-80.064500,US,BCH
Delray Beach,26.459660,-80.057460,US,BCH
South Palm Beach,26.591110,-80.037120,US,BCH
Palm Beach,26.705750,-80.032830,US,BCH
Juno Beach,26.880320,-80.051920,US,BCH
Jupiter Beach,26.941510,-80.071460,US,BCH
Hobe Sound Beach,27.066480,-80.114900,US,BCH
Santa Lucea Beach,27.207880,-80.169860,US,BCH
Jensen Beach,27.254630,-80.195740,US,BCH
Herman's Bay Beach,27.321190,-80.226190,US,BCH
Walton Rocks Beach,27.338240,-80.233030,US,BCH
Middle Cove Beach,27.396020,-80.262010,US,BCH
Perdido Beach,30.254620,-87.638750,US,BCH
Tom Nevers Beach,41.243610,-69.989990,US,BCH
Old Kona Airport Beach,19.644990,-156.013650,US,BCH
Baby Pond Beach,19.638500,-156.002690,US,BCH
Naalehu Beach,19.034100,-155.561110,US,BCH
Rotary Beach,55.309510,-131.579410,US,BCH
Willoughby Beach,39.435400,-76.248720,US,BCH
Playa Verde,-34.897920,-56.073420,UY,BCH
Playa Santa Rosa,-34.883330,-56.000000,UY,BCH
Playa Ramírez,-34.916200,-56.170180,UY,BCH
Playa Pocitas,-34.915070,-56.147730,UY,BCH
Playa Pascual,-34.747780,-56.465000,UY,BCH
Playa Mansa,-34.952840,-54.941020,UY,BCH
Playa de Malvín,-34.897200,-56.107610,UY,BCH
Playa la Mulata,-34.898870,-56.069240,UY,BCH
Playa de Carrasco,-34.888470,-56.047870,UY,BCH
Playa Capurro,-34.866670,-56.216670,UY,BCH
Playa del Buceo,-34.899150,-56.120120,UY,BCH
Playa Brava,-34.957610,-54.935780,UY,BCH
Playa del Cerro,-34.896110,-56.252990,UY,BCH
Playa San Francisco,-34.859380,-55.286460,UY,BCH
Playa de los Ingleses,-34.895850,-56.085230,UY,BCH
Playa Honda,-34.895760,-56.092220,UY,BCH
Playa de Piriapolis,-34.856600,-55.293370,UY,BCH
Playa Parador Movistar,-34.892690,-55.261920,UY,BCH
Playa La Balconada,-34.661330,-54.179370,UY,BCH
Playa San Antonio,-34.549200,-54.075040,UY,BCH
El Palenque,-34.532020,-54.047960,UY,BCH
San Francisco,-34.519380,-54.028330,UY,BCH
Playa Brisas,-34.510590,-54.013970,UY,BCH
Atlántica,-34.470820,-53.941980,UY,BCH
Playa de la Calavera,-34.383610,-53.781670,UY,BCH
Playa Aguas Dulces,-34.276330,-53.777800,UY,BCH
Playa La Esmeralda,-34.149470,-53.663360,UY,BCH
Playa de la Viuda,-34.059930,-53.551490,UY,BCH
Playa Grande,-34.028870,-53.541840,UY,BCH
Playa del Rivero,-34.040230,-53.539000,UY,BCH
Playa del Barco,-33.992690,-53.534210,UY,BCH
Playa de las Achiras,-33.980240,-53.532060,UY,BCH
Playa California,-34.235470,-53.745700,UY,BCH
Playa de los Moros,-34.212770,-53.726100,UY,BCH
Playa San Sebastián,-34.801190,-54.557800,UY,BCH
Pinares,-34.450890,-53.904400,UY,BCH
Los Palmares,-34.438810,-53.877530,UY,BCH
Brisas del Polonio,-34.424510,-53.850060,UY,BCH
Playa La Coronilla,-33.896990,-53.507900,UY,BCH
Playa Portezuelo,-34.882320,-55.058000,UY,BCH
Playa de la Gruta,-34.910240,-55.040240,UY,BCH
Playa de las Delicias,-34.931960,-54.956030,UY,BCH
Playa Honda,-34.954800,-54.972850,UY,BCH
Playa de los Ingleses,-34.968140,-54.948190,UY,BCH
Playa San Rafael,-34.939400,-54.908520,UY,BCH
Playa San Vicente,-34.877150,-54.757730,UY,BCH
Playa San Juan del Este,-34.883000,-54.770400,UY,BCH
Playa Juanita,-34.840140,-54.658320,UY,BCH
Playa Garzón,-34.827620,-54.618880,UY,BCH
San Bernardo de Rocha,-34.489570,-53.976550,UY,BCH
Playa Miramar,-34.881600,-56.032640,UY,BCH
Playa Arazati,-34.571460,-56.982300,UY,BCH
Playa de la Agraciada,-33.808360,-58.426670,UY,BCH
Tony Gibbons Beach,13.001350,-61.240930,VC,BCH
Villa Beach,13.134620,-61.202180,VC,BCH
Casuarina Beach,12.587610,-61.401040,VC,BCH
Black Sand Beach,12.860250,-61.185050,VC,BCH
Ellis Beach,12.872850,-61.191340,VC,BCH
Dolly Beach,12.874320,-61.189510,VC,BCH
Macaroni Beach,12.880180,-61.176350,VC,BCH
Crystal Beach,12.893380,-61.174380,VC,BCH
Bemont Beach,13.005400,-61.238600,VC,BCH
Brighton Beach,13.131000,-61.166880,VC,BCH
Playa de El Tirano,11.112420,-63.844190,VE,BCH
Playa de Zalaya,10.647830,-63.698490,VE,BCH
Playa Sotillo,10.433330,-66.050000,VE,BCH
Playa San Carlos,11.017360,-71.651680,VE,BCH
Playa de Los Santos,11.800000,-66.166670,VE,BCH
Playa Los Muertos,10.900000,-68.244170,VE,BCH
Playa de Ladera,10.646810,-64.247850,VE,BCH
Ciudad Balneario Higuerote,10.500000,-66.100000,VE,BCH
Playa Guacuco,11.052450,-63.814470,VE,BCH
Playa de la Cal,10.550000,-67.266670,VE,BCH
Playa Brava,10.682530,-63.788350,VE,BCH
Barco Nuevo,11.833330,-64.550000,VE,BCH
Barco Viejo,11.866670,-64.550000,VE,BCH
Playa Curumiche,10.713820,-63.046270,VE,BCH
Playa Mayorquina,10.875000,-68.228890,VE,BCH
Playa Azul,10.847220,-68.234440,VE,BCH
Playa Las Mercedes,10.884340,-71.713960,VE,BCH
Playa Palermo,10.790390,-71.674160,VE,BCH
Playa Las Palmeras,10.813560,-71.683840,VE,BCH
Playa Los Villalobos,10.932140,-71.716090,VE,BCH
Playa Chacopata,10.690440,-63.814790,VE,BCH
Playa de Guaranache,10.634450,-64.185320,VE,BCH
Playa de Plata,10.738230,-62.755020,VE,BCH
Playa de Puipuy,10.702740,-62.971570,VE,BCH
Playa de San Luis,10.433730,-64.204340,VE,BCH
Playa Los Cocos,10.741390,-62.670890,VE,BCH
Playa Los Cocos,10.752880,-62.736100,VE,BCH
Playa Corrales,10.608470,-66.165230,VE,BCH
Playa Dorada,10.211110,-65.655000,VE,BCH
playa parquito,11.129540,-63.846530,VE,BCH
playa cardon,11.105560,-63.840720,VE,BCH
playa El Humo,11.164800,-63.877170,VE,BCH
playa El Aqua,11.147460,-63.865030,VE,BCH
punta El Agua,11.138070,-63.854730,VE,BCH
Bahía  Tiraya,12.065340,-69.865840,VE,BCH
Playa de Castilio,10.557490,-64.259140,VE,BCH
Playa de El Tunal,11.066000,-64.303240,VE,BCH
Playa de La Pared,11.061030,-64.321240,VE,BCH
Playa de Mula,11.051690,-64.346640,VE,BCH
Playa Caribe,11.113070,-63.966520,VE,BCH
Playa de Róbalo,10.642890,-64.038240,VE,BCH
Grande,10.507810,-67.598230,VE,BCH
Playa Blanca,10.475910,-68.027190,VE,BCH
Playa El Ángel,10.980990,-63.806620,VE,BCH
The Guns,18.500000,-64.333330,VG,BCH
Fishers Cove,18.450000,-64.433330,VG,BCH
Altona Lagoon Beach,17.747750,-64.691530,VI,BCH
Annaberg Beach,18.363560,-64.724580,VI,BCH
Blue Cobblestone Beach,18.303010,-64.702640,VI,BCH
Bluebeard Beach,18.324680,-64.838470,VI,BCH
Boatman Point Beach,18.316900,-64.774860,VI,BCH
Bordeaux Beach,18.361340,-65.015980,VI,BCH
Brewers Bay Beach,18.343570,-64.977090,VI,BCH
Brown Bay Beach,18.360790,-64.705970,VI,BCH
Buccaneer Beach,17.755810,-64.683750,VI,BCH
Cabrita Point Beach,18.325790,-64.833470,VI,BCH
Cane Bay Beach,17.774140,-64.809590,VI,BCH
Carlton Beach,17.682200,-64.833480,VI,BCH
Cathys Fancy Beach,17.757470,-64.723750,VI,BCH
Cay Beach,17.749140,-64.703200,VI,BCH
Cinnamon Bay Beach,18.356340,-64.752360,VI,BCH
Cinnamon Bay Campground Beach,18.352450,-64.760420,VI,BCH
Cocoloba Beach,18.315230,-64.759860,VI,BCH
Coki Beach,18.349680,-64.865420,VI,BCH
Cormorant Beach,17.775250,-64.742640,VI,BCH
Cormorant Beach Club,17.775800,-64.743200,VI,BCH
Cottongarden Bay Beach,17.759140,-64.584580,VI,BCH
Cramer Park Beach,17.760250,-64.581250,VI,BCH
Cruz Bay Beach,18.330230,-64.797360,VI,BCH
Davis Beach,17.762470,-64.832090,VI,BCH
Ditleff Beach,18.316070,-64.766800,VI,BCH
Fortuna Bay Beach,18.344960,-65.015980,VI,BCH
Francis Bay Beach,18.364950,-64.743470,VI,BCH
Frederiksted Beach,17.715530,-64.884040,VI,BCH
Gibney Beach,18.352450,-64.776530,VI,BCH
Grapetree Beach,17.745810,-64.602360,VI,BCH
Grassy Point Beach,17.734140,-64.611530,VI,BCH
Hansen Bay Beach,18.342450,-64.675410,VI,BCH
Hart Bay Beach,18.313840,-64.780970,VI,BCH
Haulover Beach,18.348290,-64.679300,VI,BCH
Hawknest Beach,18.346900,-64.777360,VI,BCH
Honeymoon Beach,18.314120,-64.960700,VI,BCH
Hull Bay Beach,18.369120,-64.956810,VI,BCH
Isaacs Bay Beach,17.750810,-64.571800,VI,BCH
Johns Folly Beach,18.316900,-64.702360,VI,BCH
Judiths Fancy Beach,17.774970,-64.742370,VI,BCH
LaGrange Beach,17.721640,-64.885150,VI,BCH
Limetree Beach,18.316900,-64.913200,VI,BCH
Lindberg Beach,18.335230,-64.964310,VI,BCH
Little Cinnamon Bay Beach,18.353840,-64.755690,VI,BCH
Little Maho Beach,18.362180,-64.744030,VI,BCH
Little Reef Bay Beach,18.321620,-64.750970,VI,BCH
Long Bay Beach,18.336900,-64.674300,VI,BCH
Long-Bay Beach,18.336900,-64.920700,VI,BCH
Magens Bay Beach,18.364680,-64.922370,VI,BCH
Maho Bay Beach,18.356620,-64.748470,VI,BCH
Mandahl Bay Beach,18.360790,-64.897090,VI,BCH
Monks Bath Beach,17.762470,-64.886260,VI,BCH
Morningstar Beach,18.319960,-64.920140,VI,BCH
Muller Bay Beach,18.323570,-64.844310,VI,BCH
North Star Beach,17.765250,-64.824590,VI,BCH
Oppenheimer Beach,18.353010,-64.776530,VI,BCH
Pelican Beach,18.336620,-64.851810,VI,BCH
Pelican Cove Beach,17.765810,-64.735140,VI,BCH
Peter Bay Beach,18.352450,-64.760970,VI,BCH
Pineapple Beach,18.346070,-64.867920,VI,BCH
Prune Beach,17.761920,-64.651810,VI,BCH
Rainbow Beach,17.734420,-64.889310,VI,BCH
Reef Bay Beach,18.322450,-64.745140,VI,BCH
Reef Bay Beach,18.316900,-64.756800,VI,BCH
Reef Beach,17.754700,-64.603190,VI,BCH
Revenge Beach,18.309400,-64.953200,VI,BCH
Revenge Beach,18.322730,-64.942920,VI,BCH
Saint Croix Country Club Beach,17.719140,-64.884310,VI,BCH
Saint Mary's Creek Beach,18.364680,-64.737910,VI,BCH
Salomon Beach,18.338290,-64.795140,VI,BCH
Salt Pond Beach,18.308570,-64.705140,VI,BCH
Sandy Point Beach,17.676920,-64.901810,VI,BCH
Sapphire Beach,18.334400,-64.948760,VI,BCH
Scott Beach,18.316070,-64.864310,VI,BCH
Secret Harbor Beach,18.318010,-64.852920,VI,BCH
Shoys Beach,17.759970,-64.680970,VI,BCH
Sonofa Beach,17.706640,-64.680700,VI,BCH
Sprat Hall Beach,17.741640,-64.892650,VI,BCH
Stumpy Bay Beach,18.363570,-65.006260,VI,BCH
Sugar Beach,17.753030,-64.716530,VI,BCH
Sugarbird Beach,18.312730,-64.960420,VI,BCH
Tamarind Reef Beach,17.761080,-64.667090,VI,BCH
Trunk Beach,18.351620,-64.770140,VI,BCH
Salt River Beach,17.781080,-64.761250,VI,BCH
Turquoise Beach,18.320790,-64.841810,VI,BCH
Tutu Beach,18.354680,-64.889590,VI,BCH
Waterlemon Cay Beach,18.366900,-64.722910,VI,BCH
West Beach,17.788860,-64.627920,VI,BCH
Caneel Bay Beach,18.348010,-64.784580,VI,BCH
Bãi Vòng,10.150000,104.050000,VN,BCH
Bãi Tú Lâm,10.933330,108.183330,VN,BCH
Plage de Thủy Triều,12.066670,109.200000,VN,BCH
Bãi Ông Bô,9.816670,104.650000,VN,BCH
Bãi Nam,9.800000,104.633330,VN,BCH
Bãi Khem,10.033330,104.033330,VN,BCH
Bãi Đại,10.333330,103.850000,VN,BCH
Bãi Cửa Cạn,10.266670,103.916670,VN,BCH
Bãi Cây Dừa,10.000000,104.016670,VN,BCH
Bãi Cà Tiên,11.800000,109.183330,VN,BCH
Bãi Tre,12.216670,109.316670,VN,BCH
Bãi Hòn Ngang,12.702780,109.404170,VN,BCH
Bãi Hòn Cat Tham,12.694440,109.416670,VN,BCH
Bãi Thùy Vân,10.345660,107.098240,VN,BCH
Bãi Sau,10.327600,107.088060,VN,BCH
Bãi Trước,10.343840,107.074140,VN,BCH
Bãi Dâu,10.370510,107.059300,VN,BCH
Khu Nghỉ Mát Đồ Sơn,20.687010,106.795410,VN,BCH
Bãi Tắm Lăng Cô,16.252250,108.074570,VN,BCH
Bãi Tắm Nam Ô,16.135580,108.123060,VN,BCH
Bãi Tắm Mỹ Khê,16.070310,108.246400,VN,BCH
Bãi Tắm Non Nước,16.007270,108.267970,VN,BCH
Sa Huỳnh,14.650080,109.065140,VN,BCH
Bãi Thơm,10.406110,104.049800,VN,BCH
Khu Du Lịch Bãi Tắm Ba Động,9.632740,106.568930,VN,BCH
Plage Lacharel,-15.133330,166.966670,VU,BCH
Black Beach,-19.400000,169.233330,VU,BCH
Mele Beach,-17.691820,168.266610,VU,BCH
Matareva Beach,-13.989170,-171.931970,WS,BCH
Salamumu Beach,-14.002300,-171.920230,WS,BCH
Return to Paradise Beach,-13.974490,-171.950780,WS,BCH
As Sāḩil adh Dhahabī,12.766240,44.994700,YE,BCH
Mtsanga Safari,-12.641780,45.022340,YT,BCH
Mtsanga Antakoudja,-12.648240,45.026970,YT,BCH
Mtsanga Mlima,-12.645200,45.038960,YT,BCH
Mtsanga Handréma,-12.670090,45.088600,YT,BCH
Mtsanga Jiva,-12.694860,45.070330,YT,BCH
Mtsanga Foumbouni,-12.701260,45.063070,YT,BCH
Mtsanga Tsoha,-12.701320,45.057310,YT,BCH
Mtsanga Chifouni,-12.701500,45.051490,YT,BCH
Mtsanga Fanou,-12.719750,45.044020,YT,BCH
Mtsanga Apondra,-12.741050,45.045610,YT,BCH
Mtsanga Bamana,-12.715660,45.047670,YT,BCH
Mtsanga Chanfi,-12.751600,45.060800,YT,BCH
Mtsanga Tanaraki,-12.759060,45.068410,YT,BCH
Mtsanga Hadsalé,-12.768640,45.090020,YT,BCH
Mtsanga Guini,-12.776310,45.101610,YT,BCH
Mtsanga Soulou,-12.780320,45.101460,YT,BCH
Mtsanga Longoni,-12.726710,45.163670,YT,BCH
Mtsanga Trévani,-12.730700,45.194570,YT,BCH
Mtsanga Koungou,-12.730040,45.202300,YT,BCH
Mtsanga Hamaha,-12.763510,45.236190,YT,BCH
Mtsanga Nyamba,-12.806100,45.100170,YT,BCH
Mtsanga Sohoa,-12.816380,45.105780,YT,BCH
Mtsanga Papani,-12.773500,45.294010,YT,BCH
Plages et Maars de Moya,-12.783150,45.297580,YT,BCH
Mtsanga Mtiti,-12.850940,45.093460,YT,BCH
Mtsanga Momoni,-12.861770,45.103100,YT,BCH
Mtsanga Mtsanyounyi,-12.865290,45.112760,YT,BCH
Mtsanga Iloni,-12.847770,45.194770,YT,BCH
Plage de la Bonne Marée,-12.854440,45.197090,YT,BCH
Mtsanga Dzienguizi,-12.877440,45.120130,YT,BCH
Mtsanga Makoulatsa,-12.891100,45.137700,YT,BCH
Mtsanga Milouani,-12.876390,45.218520,YT,BCH
Mtsanga Sakouli,-12.888960,45.212610,YT,BCH
Mtsanga Mounyambani,-12.944610,45.170030,YT,BCH
Mtsanga Angalatsara,-12.975310,45.194800,YT,BCH
Mtsanga Moudou,-12.979040,45.200950,YT,BCH
Mtsanga Kombo Bato,-12.982400,45.197100,YT,BCH
Mtsanga Kolo Batsoumou,-12.984600,45.194990,YT,BCH
Mtsanga Foumbouni,-12.930020,45.103200,YT,BCH
Mtsanga Gouéla,-12.914720,45.080620,YT,BCH
Mtsanga Boundrouni,-12.919480,45.082400,YT,BCH
Mtsanga Kanoua,-12.935180,45.103410,YT,BCH
Mtsanga Mtiti,-12.940160,45.101570,YT,BCH
Mtsanga Mbouanatsa,-12.945160,45.100890,YT,BCH
Plage des Badamiers,-12.761860,45.282180,YT,BCH
Zissioua Mtsanga,-12.771330,45.254990,YT,BCH
Mtsanga Ylang-Ylang,-12.730880,45.204850,YT,BCH
Mtsanga Saïd Ali,-12.707290,45.051330,YT,BCH
Mtsanga Béléni,-12.641620,45.034420,YT,BCH
Mtsanga Saziley,-12.984370,45.182880,YT,BCH
Zinkwazi Beach,-29.288370,31.439430,ZA,BCH
Witsand,-34.100930,23.397150,ZA,BCH
Winterstrand,-33.995760,25.682290,ZA,BCH
Willard’s Beach,-29.528920,31.225210,ZA,BCH
West Beach,-33.606100,26.897650,ZA,BCH
Umhlali Beach,-29.507840,31.235380,ZA,BCH
Two Mile Beach,-28.787620,32.115250,ZA,BCH
Tugela Beach,-29.216670,31.500000,ZA,BCH
Tongaat Beach,-29.579460,31.180950,ZA,BCH
Third Beach,-31.655340,29.510720,ZA,BCH
Swartvleistrand,-34.026910,22.774740,ZA,BCH
Stormsrivierstrand,-34.033330,23.900000,ZA,BCH
Stilwaterstrand,-33.740320,26.570250,ZA,BCH
Stanger Beach,-29.366670,31.350000,ZA,BCH
South Beach,-29.858140,31.041100,ZA,BCH
Soetwaterstrand,-28.791540,32.109580,ZA,BCH
Shelly Beach,-34.391350,21.420170,ZA,BCH
Shelly Beach,-33.047670,27.881910,ZA,BCH
Second Beach,-31.649250,29.520440,ZA,BCH
Santosstrand,-34.176590,22.136820,ZA,BCH
Salt Rock Beach,-29.483330,31.233330,ZA,BCH
Rufane’s Beach,-33.579890,26.939110,ZA,BCH
Reebokstrand,-34.079600,22.173570,ZA,BCH
Potbergstrand,-34.469870,20.535350,ZA,BCH
Pollok Beach,-33.985630,25.672220,ZA,BCH
Pansy Beach,-34.162290,22.110930,ZA,BCH
Palm Beach,-30.976890,30.282350,ZA,BCH
Orient Beach,-33.025290,27.915520,ZA,BCH
North Beach,-29.851620,31.039350,ZA,BCH
Newsel Beach,-29.672210,31.117410,ZA,BCH
Mzamba Beach,-31.106200,30.175170,ZA,BCH
Mission Beach,-29.923790,31.019770,ZA,BCH
Mbonambi Beach,-28.684970,32.226150,ZA,BCH
Manaba Beach,-30.854400,30.383910,ZA,BCH
Lookout Beach,-34.047310,23.380220,ZA,BCH
KuRebo,-31.769420,29.355970,ZA,BCH
Klein-Brakrivierstrand,-34.088910,22.151530,ZA,BCH
King's Beach,-33.970410,25.646510,ZA,BCH
Keurboomstrand,-34.005170,23.451150,ZA,BCH
Kanonstrand,-34.333920,21.905280,ZA,BCH
Kampstrand,-28.793860,32.106010,ZA,BCH
Isipingo Beach,-30.003000,30.945150,ZA,BCH
Igoda Mouth,-33.101640,27.770370,ZA,BCH
Humewood Beach,-33.977140,25.651320,ZA,BCH
Hengelaarskroonstrand,-34.069750,24.210480,ZA,BCH
Grootjongensfonteinstrand,-34.433330,21.333330,ZA,BCH
Glentana Beach,-34.050810,22.301870,ZA,BCH
Five Mile Beach,-28.772440,32.133070,ZA,BCH
First Beach,-31.628120,29.547880,ZA,BCH
Eastern Beach,-33.007800,27.926520,ZA,BCH
East Beach,-33.597860,26.905360,ZA,BCH
Diasstrand,-34.154590,22.110640,ZA,BCH
Country Club Beach,-29.829070,31.036390,ZA,BCH
Compensation Beach,-29.535350,31.222890,ZA,BCH
Brighton Beach,-29.933790,31.012650,ZA,BCH
Bothastrand,-34.053580,22.261750,ZA,BCH
Bosbokstrand,-32.791190,28.165120,ZA,BCH
Boknesstrand,-33.728190,26.585640,ZA,BCH
Blombosstrand,-34.406970,21.206040,ZA,BCH
Bazley Beach,-30.432910,30.669410,ZA,BCH
Battery Beach,-29.838770,31.036220,ZA,BCH
Banana Beach,-30.662650,30.516720,ZA,BCH
Anstey’s Beach,-29.926730,31.017410,ZA,BCH
Alkantstrand,-28.801230,32.096180,ZA,BCH
Addington Beach,-29.861930,31.043540,ZA,BCH
Windmill Beach,-34.201140,18.457100,ZA,BCH
West Beach,-34.106390,18.474720,ZA,BCH
Vishoekstrand,-34.133330,18.433330,ZA,BCH
Van Riebeeckstrand,-33.700000,18.433330,ZA,BCH
Sunset Beach,-33.920140,18.380770,ZA,BCH
Sunrise Beach,-34.101390,18.489380,ZA,BCH
Stoney Beach,-34.222180,18.465740,ZA,BCH
Sixteen Mile Beach,-33.189410,18.057060,ZA,BCH
Silverstroomstrand,-33.581260,18.356760,ZA,BCH
Shelly Beach,-34.165860,18.432910,ZA,BCH
Shelly Beach,-33.798520,18.358680,ZA,BCH
Seaforth Beach,-34.200000,18.450000,ZA,BCH
Queens Beach,-33.921670,18.378250,ZA,BCH
Pearly Beach,-34.673030,19.522930,ZA,BCH
Noordhoekstrand,-34.116210,18.349910,ZA,BCH
Middle Beach,-34.184800,18.362980,ZA,BCH
Maclear Beach,-34.353910,18.472360,ZA,BCH
Macassar Beach,-34.075350,18.739440,ZA,BCH
Long Beach,-34.183690,18.425260,ZA,BCH
Long Beach,-34.136070,18.331620,ZA,BCH
Klipgat se Plaat,-34.542210,19.378410,ZA,BCH
Harmoniestrand,-34.139430,18.846350,ZA,BCH
Grotto Beach,-34.416590,19.292570,ZA,BCH
Glencairn Beach,-34.159510,18.431670,ZA,BCH
Glen Beach,-33.866670,18.383330,ZA,BCH
East Beach,-34.103070,18.484120,ZA,BCH
Die Plaat,-34.525340,19.374120,ZA,BCH
Die Hoek,-34.766670,19.766670,ZA,BCH
Die Gruis,-34.650460,19.446870,ZA,BCH
Diasstrand,-34.354530,18.482430,ZA,BCH
Danger Beach,-34.121200,18.456470,ZA,BCH
Curlew Strand,-31.754180,18.226280,ZA,BCH
Bokramstrand,-34.133170,18.334830,ZA,BCH
Bloubergstrand,-33.796110,18.456170,ZA,BCH
Boulders Beach,-34.197000,18.451000,ZA,BCH
Mazeppa Sand Patch,-32.461470,28.656080,ZA,BCH
Penguin Beach,-46.662370,37.982610,ZA,BCH
Trypot Beach,-46.884920,37.868390,ZA,BCH
Sealers Beach,-46.850950,37.838850,ZA,BCH
Bullard’s Beach,-46.923560,37.882930,ZA,BCH
La Lucia Beach,-29.755380,31.069890,ZA,BCH
Sv. Petar (unknown beach name),44.446710,14.558940,,BCH
Iguana Beach,12.500360,-70.028340,,BCH
Flamingo Beach,12.501270,-70.029530,,BCH
Gas Chambers,18.461140,-67.166750,,BCH
Playa Carlos Rosario,18.326050,-65.330110,,BCH
