lat,lon
57.492500,22.847444
57.005722,23.972250
58.239972,24.482500
59.364139,24.035750
59.585778,25.699167
59.611639,25.977472
59.540833,28.084139
59.775306,28.751444
59.867083,30.001611
59.687000,28.223194
59.449972,24.575833
58.788694,23.639944
57.266000,24.408778
57.429972,21.590833
55.662500,21.149278
55.329139,20.995833
54.353667,19.366611
54.670389,17.049944
54.176250,13.386639
56.290833,10.835778
56.766667,8.287417
55.025833,8.432444
55.349556,-7.228361
54.435778,-8.472528
53.443278,-10.142556
57.028750,-5.736667
56.137056,-5.155028
54.916667,-3.317556
52.908722,-4.103333
51.486222,-2.781694
50.867444,-1.392528
49.496667,-1.845389
48.403861,-4.360528
47.436222,-2.451694
45.315806,-1.162111
43.416250,-2.645861
43.524972,-7.044583
42.397833,-8.858333
40.890833,-8.670444
42.955417,10.604167
39.360806,16.027083
45.632889,12.901694
44.141639,15.623694
42.490778,18.651222
39.447889,20.255750
38.413333,22.461194
36.857500,22.256250
38.953333,22.997111
45.828278,30.110389
46.449167,31.959583
44.787444,33.533722
45.921667,34.837889
46.242056,35.257444
47.107083,37.879972
46.409556,37.904972
45.099556,36.912528
44.727889,37.801667
44.289583,38.762444
41.163694,29.658333
43.333750,40.181639
42.845000,41.103750
42.546639,41.524611
43.087056,40.597444
43.977056,39.227472
44.779167,37.384611
45.253306,37.063722
46.635389,37.909972
45.802028,34.678278
45.444583,36.420833
53.244583,-4.015056
53.861667,-2.964167
57.138750,-5.585028
58.449528,-5.031722
57.688722,-2.141667
50.713306,1.570833
51.941611,4.022472
52.612750,5.842139
53.456250,8.136583
54.331583,8.579056
40.356667,122.195417
39.444528,121.270833
39.320000,125.454556
50.689139,140.452444
53.546639,142.519167
51.964167,141.680806
59.260833,145.839083
59.644556,150.315000
58.842889,151.689944
59.510361,154.548389
59.896250,154.323278
57.393306,156.985833
56.085833,155.734111
55.643361,155.617500
59.096222,163.210028
59.890806,164.124056
59.813750,166.256750
59.993333,170.150722
58.554972,159.220806
59.766667,161.132417
57.089917,23.258583
59.556250,24.831639
59.553722,26.604972
59.982889,29.181611
37.849111,-122.479639
34.411556,-119.687889
31.859222,-116.629000
27.718472,-113.921611
31.244639,-114.909000
29.345611,-112.412389
59.623306,5.789111
59.335833,6.245833
59.437917,10.658278
58.446667,11.585750
59.892472,23.167500
58.620833,23.520833
57.692889,22.321667
55.339972,21.269111
54.553806,20.088306
54.832083,17.948333
54.408722,12.683278
57.744583,10.556639
56.372500,8.115806
54.778278,8.300778
55.016667,-8.409222
53.886278,-9.615056
57.745361,-5.801750
56.345417,-5.543417
55.139167,-4.999194
53.380778,-2.982528
51.647528,-4.239194
50.218750,-5.500028
49.612917,-1.255000
48.572167,-4.655472
47.565389,-2.878361
45.406250,-0.892583
43.382056,-3.005889
43.757056,-7.721639
42.310778,-8.623000
40.147917,-8.866694
42.704167,10.989528
38.947056,16.174972
45.712917,13.704028
44.217472,15.157861
42.279556,18.879944
38.958306,20.811250
38.135417,22.498306
36.568306,22.943694
40.502889,22.861667
45.862056,30.222500
46.300417,31.776611
44.568333,33.441278
45.961639,34.495417
46.563306,36.247889
47.137889,38.311611
45.440389,36.795806
41.177056,29.084944
40.457056,27.258306
40.385389,26.695778
40.420417,27.950833
40.505417,28.850806
40.872917,29.232500
41.668750,32.227472
41.612861,36.117444
41.377000,41.404917
43.627056,39.690861
45.249556,36.874972
46.035778,38.148694
47.037083,39.106639
45.443333,35.847889
53.247056,-3.098333
56.471694,-5.159194
57.874556,-5.300056
58.462472,-3.055861
54.358306,-0.444194
51.407861,3.974806
52.958750,4.793306
53.373750,6.183278
53.726611,9.420778
40.678722,122.217444
39.388694,121.796611
38.764139,125.454583
38.582056,124.996694
52.205778,141.537472
53.520417,142.139972
54.302889,138.691583
59.419556,145.589972
59.752917,149.684972
59.095000,151.115750
59.386222,155.094944
57.798722,156.896611
57.087083,156.669917
55.078278,155.585806
54.149111,155.842444
59.289583,163.213278
59.965833,163.785778
59.847861,165.059972
57.939611,162.580056
58.199167,158.567528
57.807333,24.341194
59.508722,25.281583
46.580833,-124.023139
44.217472,-124.115472
41.703278,-124.142611
38.014833,-122.366694
34.025694,-118.757306
30.964167,-116.335444
27.728444,-114.987000
31.604889,-113.895750
27.757528,-110.613500
26.161611,-109.334889
48.983778,-67.036694
59.744944,5.932528
59.313722,6.538333
59.184111,10.955833
58.154139,11.842222
59.907889,22.943278
58.360833,23.742556
56.557444,20.995806
54.781583,19.964056
54.725389,18.416611
54.422056,12.851583
57.474972,9.790861
55.467083,8.305000
55.284139,-7.454250
54.282083,-9.788333
57.582500,-4.077556
56.784583,-5.961722
55.907083,-4.443417
54.150389,-2.968500
51.862944,-5.166722
50.531250,-4.868361
49.387056,0.098306
48.715917,-4.006667
47.596639,-2.937083
45.020417,-0.591722
43.471222,-3.476694
43.705389,-8.000000
42.039972,-8.886306
39.408722,-9.200889
42.020389,11.945861
40.607889,18.033306
45.541278,13.609889
43.751222,15.773361
41.953333,19.163694
38.912028,21.107528
38.024972,21.299611
37.382889,23.259111
44.495389,28.847472
46.143722,30.505861
46.130361,33.109972
44.382056,33.741667
46.208722,34.848278
46.753333,36.776278
46.877917,38.512500
40.140750,26.388611
38.720833,26.726250
38.471250,26.618306
38.565028,26.361250
38.412472,26.735417
38.829583,26.976639
40.502056,27.681611
40.658694,29.271611
41.432056,31.716667
41.622889,35.575833
41.036222,39.251639
44.456194,38.154194
45.330361,37.249167
46.641222,38.497444
45.322028,35.422500
53.350806,-2.970917
56.796667,-5.165889
58.314972,-5.145861
57.698750,-2.918417
50.112444,1.455806
51.519944,4.220750
52.442861,5.268278
53.608972,7.141333
54.317417,8.960806
39.429583,121.434111
39.085000,125.319611
38.024972,125.240417
37.810722,126.652833
54.367444,142.674167
53.173333,141.835833
56.828333,138.552528
59.377111,144.723361
59.499167,148.880806
59.132861,151.899944
59.184583,154.898278
57.909139,157.577472
56.805833,156.204139
53.678361,155.984139
52.532083,156.413306
58.932472,162.857583
59.618333,163.414111
59.484139,163.120806
57.739167,162.439139
58.915806,159.762444
59.444556,27.428306
59.989528,30.106694
46.474139,-123.942972
44.580833,-124.067972
41.243472,-124.106250
37.831639,-122.297944
33.752889,-118.269194
29.561917,-115.385028
26.737389,-113.624028
31.003000,-113.107056
26.744889,-109.792639
25.556222,-109.030861
49.219556,-65.026750
51.178694,-58.543361
59.042889,-65.582333
59.481222,6.158278
59.842472,10.647528
58.357056,11.429806
58.832500,17.482389
59.840417,23.218278
56.985778,21.350778
55.655833,21.130889
54.685444,18.726667
54.095417,12.109972
57.137861,9.173333
55.035806,8.632417
54.787028,-8.535000
53.513750,-10.084972
57.549583,-5.520056
55.855778,-5.440833
54.962889,-3.276750
52.405778,-4.094194
51.043333,-4.237500
49.714583,0.205778
48.809528,-3.548361
47.637861,-3.035889
45.278278,-0.700389
43.443750,-3.956750
43.351639,-8.348806
41.683694,-8.827556
43.452889,4.381639
41.702028,12.339944
41.080417,17.055806
45.132472,13.722722
43.544583,16.434111
41.629944,19.609556
38.792917,20.847500
36.960000,21.937917
38.873333,22.545361
44.674139,28.934528
46.726639,31.498750
46.119583,33.517444
44.541250,34.298333
46.526250,35.193278
46.808750,36.902500
39.797444,26.153722
38.374972,26.480389
37.337917,27.248333
37.089611,27.475806
36.942056,28.099972
37.003722,27.798361
37.565389,27.207444
38.440389,27.169972
40.326194,27.631611
40.770361,29.552500
41.835389,32.685806
41.334556,36.850000
40.973750,40.329944
45.377889,36.821611
46.224583,38.324139
45.256694,35.420361
53.732083,-2.855028
57.855361,-5.643389
58.663333,-3.405917
55.461639,-1.587528
50.988722,1.963306
52.133333,4.312500
53.386222,5.916611
53.559167,8.552472
39.897083,121.631667
39.763361,124.754583
38.312444,124.877861
37.847806,126.285806
42.982806,131.469111
54.258306,142.337500
52.720806,141.814167
56.626639,138.249167
59.323750,143.440028
59.245833,148.722417
59.509972,151.504139
59.169278,153.796389
59.668722,154.251611
56.463278,155.890750
52.302500,156.419194
55.755806,161.899139
58.592917,162.221639
59.025833,163.047556
58.764167,162.560889
57.766611,163.255806
59.267861,160.126611
47.858750,-122.580889
46.714167,-123.848778
46.973750,-123.945917
44.849972,-124.049639
40.785028,-124.218056
37.517500,-122.203750
33.384250,-117.599389
27.900639,-114.133833
26.428611,-112.824500
29.754139,-112.601611
26.308389,-109.141056
24.781750,-107.967944
45.774833,-64.280333
50.212083,-61.058389
59.475972,-65.524583
59.229139,-77.935722
59.526222,5.451611
58.851667,6.147417
58.835861,11.177472
57.685417,11.771667
59.363722,18.353333
58.270361,24.171583
55.224111,20.914194
54.501222,16.474944
56.274139,10.465750
56.584139,8.284139
55.105806,-7.527528
54.177500,-9.992500
57.837917,-4.100028
56.704139,-5.250833
55.525806,-4.652556
53.295389,-3.638361
51.773306,-2.387528
50.826639,-0.865861
48.635000,-2.035444
47.727917,-3.376694
45.647917,-1.118361
43.399583,-4.422472
43.298750,-8.729194
41.309972,-8.744667
43.427472,4.827833
41.221250,13.756639
41.932083,15.897444
44.881667,13.803694
43.162083,17.227500
41.396194,19.427444
38.499972,21.085361
36.557472,22.482111
39.338306,23.009528
44.956222,29.096639
46.847861,31.984139
45.837889,33.455861
44.814528,34.833306
46.115389,35.136639
46.940806,37.388750
38.290389,26.275806
37.246222,27.633278
36.768722,27.583306
36.728333,28.623694
36.711194,29.005000
36.447917,34.144167
36.763694,34.563333
37.050389,28.324944
38.513722,26.888306
40.403694,28.331611
41.098694,30.735000
42.094556,34.987500
40.937083,38.186639
42.157500,41.695361
46.128750,38.324972
45.675444,34.938333
56.570000,-5.384167
58.254583,-5.238306
57.644139,-3.584139
52.965389,0.989972
51.407056,4.081583
52.485778,5.064056
53.332250,7.195361
53.887889,9.223278
39.268306,121.651222
38.712889,125.446667
37.815028,125.496278
37.010389,126.433389
44.803306,136.371250
53.568778,142.966667
52.402056,141.664944
55.870833,137.144222
59.317056,143.003333
59.384139,146.750833
59.556639,150.897500
59.151333,153.309333
59.470806,154.350889
54.664139,155.674167
51.928306,156.482444
54.585361,161.149972
58.015000,161.987417
58.380806,162.140806
58.101611,161.992444
56.693722,162.925000
59.559528,160.604917
47.357708,-122.805077
46.993056,-124.167278
47.865500,-124.562861
45.278361,-123.962694
40.534139,-124.375000
37.571639,-122.519639
32.953889,-117.270000
27.751472,-114.149917
31.807333,-114.851694
28.465861,-111.711639
25.987083,-109.422556
23.578194,-106.695944
20.446889,-105.634944
50.268333,-65.999194
59.992972,-65.120611
59.692611,-77.573083
58.256167,-77.652250
59.827472,5.710778
58.936222,6.023306
59.146639,11.215750
57.848333,11.674139
59.268333,18.330750
58.964556,23.516639
54.953722,20.448333
54.234528,15.808306
56.981250,10.236583
55.451250,8.511611
54.599944,-8.155861
53.206222,-8.923361
57.270417,-5.593306
56.165833,-4.917583
54.100833,-3.240889
51.723361,-4.307556
50.365417,-4.166722
49.017444,-1.497139
47.898306,-3.995417
46.111250,-1.143389
43.434972,-3.778722
43.094167,-9.184611
40.516639,-8.783750
43.327056,5.049167
41.280389,13.258361
41.729556,16.105750
44.822056,13.883333
43.000389,17.465806
40.882861,19.470750
38.407500,21.359583
36.801194,22.688361
40.531639,22.738694
45.303306,29.749583
46.574556,32.215806
45.652889,32.943278
45.106250,35.688361
46.517889,35.651667
38.923722,26.889139
37.330833,27.483750
36.628333,28.078722
36.204583,29.632444
36.095833,33.122028
36.709972,35.642917
35.857944,35.813222
34.377833,35.738417
35.155778,35.925278
36.219972,35.847111
39.567889,26.801694
40.726222,29.815000
41.986222,33.242472
41.244528,36.409139
41.005361,39.770806
45.841639,37.877111
45.722083,34.779111
40.275000,18.429583
58.574583,-3.958361
55.955000,-2.392583
50.277500,1.539111
51.654528,4.133306
52.850389,5.446583
53.567028,8.431583
40.706222,122.174139
39.931639,123.625444
38.197889,124.824167
37.299528,126.804139
36.712500,126.295389
48.809139,140.241250
53.075000,140.809167
51.699583,141.768333
55.286639,136.144167
58.349944,140.867500
59.371250,144.341667
59.386667,148.914194
59.275389,152.059944
59.138306,154.345861
53.111639,156.105833
52.890000,158.619194
54.352500,160.380806
56.502472,163.257472
57.437083,162.906611
57.168306,162.777500
58.017056,158.246639
49.315389,-123.147556
47.183033,-122.586632
48.247889,-124.699306
48.162861,-123.757639
45.505056,-123.883250
39.754583,-123.839889
36.963361,-121.897750
32.568306,-117.134917
27.807556,-114.766694
31.581556,-114.327528
27.603583,-110.629361
25.695833,-109.230444
21.741333,-105.495500
15.492944,-93.224194
49.161222,-66.414250
51.087444,-58.687500
59.337500,-65.531500
58.776083,-78.496028
56.960528,-76.564806
54.425417,-79.473444
59.142889,6.174972
59.330806,10.752500
57.595833,11.915861
59.072056,18.264889
59.224556,23.606667
54.662111,20.124972
54.389167,12.432528
57.000806,8.429111
55.172028,-7.891722
53.647472,-9.885861
58.590000,-4.819194
56.190417,-5.520056
54.840444,-4.056833
52.137861,-4.643333
50.402500,-5.082500
49.671222,-1.700806
48.196750,-4.306667
46.299583,-1.197500
43.417056,-3.333361
42.781639,-9.065472
39.788306,-9.016278
43.373750,4.822472
41.411194,12.760806
41.246222,16.509972
45.313750,13.584028
43.009556,17.280806
40.706667,19.366250
38.343306,22.673778
37.097500,22.967028
40.191278,23.684972
45.714556,29.630750
46.489583,32.428361
45.329556,32.989972
46.086694,34.806250
46.658750,36.221639
38.034944,27.067083
36.681222,27.555000
36.328722,29.208333
36.363306,32.202056
36.912917,35.995806
33.647417,35.397833
31.199583,33.984944
31.128722,33.448306
31.516639,34.425361
33.230806,35.212028
34.652361,35.970472
40.356250,28.922472
41.154194,31.337083
41.879972,35.133722
40.986222,38.767528
45.606611,37.597917
45.880806,34.782944
57.928722,-5.218389
58.132056,-3.610000
54.061667,-0.209139
51.355389,3.286528
52.499167,4.589139
53.428750,6.543278
53.590417,9.644972
39.601194,121.557444
39.440389,125.372528
37.899556,125.401639
36.902472,126.227861
43.331111,131.809972
49.678306,140.506278
52.804139,141.167472
51.410778,142.084194
54.307917,137.501639
57.031611,138.909167
58.643306,141.612556
59.229139,146.327444
59.630806,149.099139
59.020417,152.381667
52.829972,156.150806
53.011222,158.438361
54.121611,159.982472
56.193750,162.384972
56.124944,163.155750
56.227083,162.598361
50.665361,-125.885028
49.648722,-123.730861
47.684194,-122.405444
48.287917,-124.358417
48.052389,-123.012194
45.767306,-123.984389
39.333167,-123.819833
36.639000,-121.935333
32.167306,-116.909417
27.516722,-114.704972
31.417556,-113.624083
26.940667,-109.882583
25.282500,-108.497944
21.481611,-105.203528
14.574694,-92.275806
45.410028,-64.060833
50.289972,-59.920833
59.894389,-65.167806
59.325306,-77.803556
57.675333,-76.864333
54.971639,-78.559778
59.250583,-94.789389
59.024556,6.488333
58.960833,11.119194
57.379139,12.129167
59.165389,18.403333
58.982889,23.453306
54.481611,19.677417
56.102889,10.546639
55.941639,8.144139
54.265000,-9.892528
52.609972,-9.325861
56.845778,-5.712528
55.781667,-4.862556
52.984139,-4.460833
50.771250,-4.578361
49.455389,0.230806
48.316389,-4.307139
46.704972,-1.979667
43.289583,-2.177500
42.621639,-8.887944
39.247500,-9.341278
43.429972,4.592861
42.338778,11.558361
40.034167,18.016222
45.709583,13.371583
42.840417,17.719139
40.411222,19.307500
38.125417,23.208278
37.532917,22.928333
40.347056,23.962417
45.472833,29.653250
46.627917,31.727444
45.192028,33.388361
45.601667,35.085361
39.358750,26.736667
37.121250,27.281639
36.624583,28.882472
36.597500,31.782917
36.565417,35.576694
32.814222,35.027750
31.232806,32.284501
31.440778,31.862083
31.189556,31.941667
31.079139,32.917889
31.065389,33.337472
31.931722,34.702000
35.532528,35.773611
41.168333,30.222028
41.965389,34.479194
41.123750,37.764167
41.696639,41.717889
47.168722,38.754111
58.493306,-4.427528
57.067500,-2.092472
52.856611,1.475833
51.438722,3.573194
52.347861,5.006611
53.718472,7.875111
54.499139,9.009028
39.073694,121.615833
38.644972,125.149583
37.765778,126.520333
36.689583,126.471639
43.267944,132.345056
49.074556,140.258306
52.435833,141.122472
53.387056,142.360083
54.028333,138.762472
56.118750,137.593306
57.664139,139.944083
59.105389,142.221611
59.238722,147.525000
59.488722,150.521694
58.928333,152.905806
52.426611,158.447528
53.478278,159.874167
54.527472,161.760806
55.268306,161.770806
54.869583,162.121639
50.833694,-126.215000
50.057250,-123.840361
48.195333,-122.475944
48.135333,-122.832667
47.439198,-122.845963
46.224361,-124.013139
40.129972,-124.189028
36.259361,-121.839583
31.714556,-116.698611
26.970750,-114.005028
31.201444,-113.119500
26.409500,-109.247333
24.650861,-107.957639
20.619917,-105.233361
29.649833,-94.964778
45.873472,-64.599750
50.264583,-62.335083
51.396250,-57.863389
59.975306,-77.306917
58.458528,-78.099917
55.833722,-76.967250
58.484389,-93.118528
59.949583,5.486667
58.989944,5.565806
58.615028,11.279083
56.930861,12.352472
59.366639,18.632528
56.113361,21.045861
54.057083,14.901583
57.390806,10.517528
54.851611,-8.390861
53.258333,-8.939167
58.080028,-5.290806
56.113333,-5.255944
54.032444,-2.925944
51.650778,-2.624222
50.798750,-0.545056
48.669694,-4.378778
47.291194,-2.029167
43.670000,-1.440417
42.539972,-8.827167
38.819139,-9.087889
42.902861,3.040750
42.400000,11.093750
40.412472,17.199556
45.687056,13.097500
43.419556,16.710806
40.099556,19.731611
38.288306,22.022889
37.582889,23.235833
40.855417,24.625806
45.156222,29.668333
46.769139,31.542083
45.345806,33.045389
45.430000,35.007917
38.212861,26.747472
36.752917,27.914111
36.164583,29.803333
36.311250,33.910000
33.986972,35.634111
31.434583,31.984167
31.428722,30.819167
31.459556,30.695833
31.542083,31.112444
31.487472,31.825417
31.089583,32.064111
31.092889,33.118306
32.352417,34.854556
36.549306,36.078889
41.972889,33.847417
41.119611,37.306639
41.181194,40.854167
47.247472,39.260389
45.293750,36.438306
55.157500,-1.522556
49.889556,0.829167
51.700361,4.524889
53.122472,5.400778
53.834583,8.796667
54.611611,8.834167
39.497917,122.511667
38.136222,124.884167
37.036222,126.559111
35.897083,126.822472
42.939944,132.404583
48.972889,140.264111
51.897472,141.302528
53.769167,142.767528
49.147528,142.029528
55.065417,135.508278
56.429972,138.050778
57.298722,139.418361
57.902528,140.505833
54.626667,136.612528
59.400361,148.096667
51.332056,157.341639
53.147889,159.388333
53.666250,159.858250
53.664972,159.920778
52.244167,158.435861
51.012500,-127.524222
50.311667,-124.673333
48.612833,-122.440111
47.566639,-122.976306
47.743722,-122.487528
46.177083,-123.677500
42.087639,-124.338472
35.592861,-121.125917
31.376722,-116.489278
26.890944,-113.133028
30.526306,-112.991389
26.279000,-109.161611
23.925056,-106.985250
19.741833,-105.303778
29.936583,-93.867250
44.445056,-68.352083
48.603750,-68.248389
51.271639,-58.345833
59.766611,-65.468250
58.938500,-78.330306
56.500917,-76.544389
54.091083,-79.073750
59.061722,-94.813972
59.804139,6.165833
58.484528,5.816583
58.240000,11.425694
58.357500,16.729194
59.451250,18.139972
54.929583,20.710083
55.962417,10.267500
55.171667,-6.964194
53.811222,-9.601722
52.300778,-9.835889
56.626639,-5.829222
54.893389,-4.397639
51.727083,-4.675083
50.701250,-3.078333
48.800833,-3.007111
47.598750,-2.733306
44.160000,-1.307972
42.695833,-9.033750
38.806667,-8.936306
42.791639,3.038667
43.251694,10.533694
39.999167,16.613750
45.554139,12.455444
43.491694,16.018750
39.612417,20.184528
38.160417,21.545806
37.940417,23.634167
40.846250,25.957472
44.826222,29.533306
46.637083,31.011667
45.423722,32.508306
45.756611,34.977083
37.725389,27.234194
36.795389,28.284111
36.839556,30.792472
36.655389,35.115000
31.293750,32.186667
31.288750,30.019167
31.087889,28.043333
31.005361,28.653333
31.015417,29.606667
31.496222,30.342444
31.518722,31.368278
31.104528,32.209972
25.630778,56.266278
26.314194,56.362028
26.242528,56.203667
26.227111,56.392444
25.891556,56.410528
45.879583,34.612444
57.420806,-1.825944
53.306639,0.290833
51.128694,2.648333
52.757889,5.194917
53.257278,7.095417
54.017861,8.973278
54.724139,8.707417
39.746194,123.250833
37.813333,125.294556
36.505833,126.332889
35.536250,126.526667
42.805000,132.886250
48.095833,139.666222
51.612444,140.885806
53.844972,142.684111
49.583333,142.146222
54.085806,137.112528
54.729972,135.285806
55.616222,136.589972
54.562028,135.830028
54.264139,136.765833
53.658750,138.104972
51.020806,156.865806
52.901611,158.732361
53.257889,159.996639
53.186194,159.766639
53.121639,143.259167
51.151278,-127.458361
50.483361,-125.255889
49.174944,-123.201333
47.524944,-122.545417
47.071522,-123.006287
46.282444,-124.084667
42.496694,-124.424056
35.368778,-120.859194
30.427111,-115.969028
26.527417,-112.904056
30.173278,-112.754000
26.140167,-109.291056
22.189917,-105.650111
19.018194,-104.333333
29.762389,-92.151472
38.972778,-76.259944
44.635667,-65.879667
50.624167,-59.410861
51.561639,-55.764194
59.812500,-77.340056
57.965889,-77.127806
54.335028,-79.413694
58.722806,-93.413417
59.689222,-94.806750
59.455833,5.465778
59.063333,9.694167
58.324583,11.796472
58.609528,16.261639
59.790833,18.872444
54.410417,18.634944
56.705417,10.164972
54.319083,-8.560889
52.670417,-8.840083
57.470833,-5.872528
55.981222,-4.805056
52.688306,-4.057583
50.044972,-5.069222
49.212889,-1.630889
47.722056,-3.131694
44.610833,-1.204583
42.942056,-9.233361
38.667056,-9.264194
41.112889,1.260000
43.604167,10.298722
38.102472,16.159556
45.357889,12.154139
43.636222,15.957500
39.838194,20.005306
37.799583,21.251667
37.797472,24.085389
40.762944,26.087444
44.811222,28.927472
46.360417,30.717472
45.914583,33.755778
45.035417,36.245806
37.020000,27.399556
36.539583,29.054167
36.073722,32.630000
31.305389,31.778306
31.477083,26.759167
31.990278,24.462417
31.963583,24.996528
31.561250,25.650000
31.367083,27.270833
30.822056,29.129139
31.517083,30.739167
26.198750,56.383333
25.701667,55.803722
25.301639,55.332889
24.962083,54.975806
25.437528,55.469556
25.874111,56.007972
26.322556,56.505389
55.712056,-1.921667
52.389972,1.729167
51.554083,3.874056
22.009083,89.072806
22.249861,91.829500
21.630000,91.990389
40.732889,120.986667
39.921250,124.235806
37.980833,125.685417
36.469556,126.543306
41.952083,129.987556
43.696278,135.229194
47.731667,139.219556
51.407500,140.862528
53.309111,143.079139
50.059167,142.177528
46.874972,141.958750
53.816639,137.075833
54.518333,136.814139
53.934111,136.685750
54.080417,137.428306
53.573306,138.309111
53.508722,140.914944
51.606667,157.840778
52.618222,158.487417
51.926694,158.212472
52.575000,143.225806
51.307083,-127.371667
50.878306,-125.539222
49.485806,-123.253000
47.249084,-123.024796
47.672900,-122.410000
47.458778,-124.343028
42.884028,-124.523833
34.611250,-120.638111
30.299417,-115.810833
26.082417,-112.310111
29.208389,-112.219361
25.681639,-109.399639
21.540944,-105.305583
15.775472,-93.579139
29.740861,-91.617806
39.148111,-76.281222
45.336694,-64.495639
50.211667,-61.904194
51.449972,-57.699194
59.545056,-65.421583
58.697139,-78.512667
55.631056,-77.187333
53.418417,-79.041250
58.573917,-94.262000
59.976028,-94.837028
59.417528,6.134194
59.594139,10.619167
57.190417,12.203333
58.828333,17.889111
59.822083,19.038361
55.310833,9.622472
55.187472,-7.804222
53.235806,-9.557556
51.814167,-9.834222
55.885861,-5.687556
54.331694,-3.425806
51.163361,-4.212556
49.360000,-1.120472
47.816639,-3.742944
44.752083,-1.125833
43.229583,-8.970056
38.562472,-8.751250
40.327917,0.370778
43.988750,10.146639
38.271222,15.777472
45.097889,12.298333
44.333722,15.276639
40.541250,19.390833
37.540417,21.565833
38.508750,23.381667
40.915806,25.371222
44.666667,28.777917
46.375417,30.272444
46.073750,33.290028
44.961278,35.260000
36.801667,28.059583
36.255833,30.136278
36.155000,33.582056
32.251667,23.221222
32.912917,21.809139
32.874556,22.331639
32.465861,23.155417
32.176250,23.594972
31.596583,25.169583
31.178722,27.675000
26.069583,56.457444
24.776639,54.690389
24.380417,54.480000
24.248750,54.112500
24.330417,54.182444
24.789972,67.082028
24.482917,67.250778
24.330417,67.382472
24.407056,67.352528
25.579139,66.437056
22.005861,89.861972
21.767917,91.928306
20.274972,92.937917
19.939583,93.731694
40.887861,121.473278
39.816250,124.517500
37.878306,125.991222
36.023722,126.770000
42.632500,130.699639
44.254583,135.775778
47.312056,138.966611
51.079167,140.679194
51.974139,143.119194
50.520000,142.045778
46.411639,141.851250
53.533750,137.356667
53.971250,137.551611
53.772917,137.593361
53.974111,138.592444
54.138750,139.934972
53.142889,141.413333
51.467444,156.499139
51.094972,156.699167
53.685000,142.974083
51.276667,143.502500
51.614194,-127.744167
50.845833,-126.562556
50.052639,-123.786806
47.614697,-122.229851
48.422444,-122.559694
48.126167,-123.221833
43.344917,-124.356417
35.051306,-120.632361
29.315111,-114.912556
25.847250,-112.139111
28.748556,-111.873472
25.653750,-109.155806
21.081333,-105.232889
15.153778,-92.871917
29.557500,-91.266222
39.499556,-75.933333
45.722306,-64.536111
50.147917,-66.568333
51.256611,-58.545806
50.601639,-57.179194
59.544083,-77.745778
57.352472,-76.666056
53.862694,-79.082167
57.038361,-92.184472
58.797194,-94.489000
59.402194,-94.746139
58.844139,5.562472
58.745861,11.229139
57.294139,16.509111
59.247056,18.591583
54.327000,19.534944
56.521250,10.466611
53.947917,-9.831722
52.223333,-10.377528
56.967917,-5.836778
54.781222,-4.628472
51.610417,-3.923306
50.787917,-1.136694
48.266333,-4.260417
45.871194,-1.106694
43.510000,-8.333833
38.411639,-8.823778
36.550806,-6.226278
44.289583,9.376611
38.682056,15.909944
44.691667,12.244556
44.425389,15.213306
41.031556,19.447056
36.799556,21.751667
38.657917,23.192500
40.955833,24.997917
44.557917,28.758278
46.176639,30.377917
46.097056,32.611583
39.472917,26.225000
36.729556,28.114139
36.288778,30.467389
31.104528,32.958278
32.618722,20.750028
31.549167,19.982056
32.318750,20.250833
32.775389,21.283278
32.705417,22.844139
32.067083,23.973333
31.562889,26.213306
25.530833,55.563722
26.050000,51.361250
30.424556,49.092472
25.808694,50.932611
24.742889,67.263306
23.946222,67.488333
23.846250,68.690750
22.979139,70.235389
22.824972,70.335417
21.880250,89.334083
21.610028,91.889556
20.058722,93.184139
19.519583,93.852500
19.201667,93.581250
40.866667,121.832056
39.638722,125.048333
37.486167,126.610750
35.722083,126.677528
42.639917,131.035389
43.753750,135.419194
46.954194,138.522083
50.235833,140.507528
39.907500,139.732917
53.806194,142.876722
47.319972,141.971194
44.708306,141.785361
54.208750,139.480028
53.566639,138.515833
53.775806,140.360833
53.386694,141.104194
45.163306,141.582889
44.056250,144.970028
50.977472,142.190833
53.126639,143.275806
53.545000,-128.988639
52.263778,-127.235056
51.150389,-126.684861
50.460000,-124.428139
48.258278,-122.473833
48.801167,-122.678500
47.837500,-122.822139
43.400528,-124.283944
35.923417,-121.469583
29.024083,-114.605556
25.476194,-112.019056
28.287417,-111.426056
25.575806,-108.866278
20.784333,-105.507750
14.466583,-92.136000
29.304889,-90.591250
30.335083,-86.192861
44.475639,-68.189278
48.812889,-67.637528
50.757944,-59.113389
51.447889,-56.375056
59.343361,-65.421361
58.595972,-78.390333
54.204944,-79.328722
52.631250,-78.761500
57.169972,-92.503000
58.666639,-94.204806
59.637472,5.445861
58.068722,7.126639
58.206639,11.492389
58.587944,16.793306
59.621667,18.744194
55.137500,9.504111
54.646194,-8.733417
52.571222,-9.296639
57.877500,-4.017500
55.855000,-5.210861
52.021278,-5.021639
50.596667,-3.439194
48.702056,-3.788417
46.413722,-1.626667
43.725389,-7.504167
37.953722,-8.869167
36.741250,-3.915861
44.260806,8.457944
39.847944,15.786639
43.784556,13.124194
44.742500,14.897028
41.838722,19.528333
37.119167,21.574556
38.333722,23.738306
40.875000,24.318722
43.686556,28.568611
45.612861,29.769083
46.218722,32.097472
39.180000,26.761250
36.683722,28.165000
36.592806,30.582417
32.013750,19.980806
30.670000,19.913750
30.376250,19.489194
31.078306,20.167056
31.077889,32.784167
30.811504,32.319995
31.077028,32.544111
26.203361,56.473667
30.481250,49.219944
30.209583,50.033306
27.160417,56.664167
25.347056,66.565778
23.874167,67.611250
23.510417,68.469917
22.545806,70.027111
22.231250,72.748306
22.186167,88.067472
22.602389,91.621167
20.382528,93.122917
19.250806,93.865417
18.984167,94.042917
18.075833,94.480417
40.059556,121.914972
39.597917,125.529194
37.197000,126.662472
35.382917,126.460000
42.657889,130.910056
43.411278,134.889167
46.538306,138.348000
50.043750,140.624944
39.946611,140.046306
53.082472,143.114111
47.796667,142.077889
44.285000,141.647917
42.028389,140.097889
53.037444,141.010806
42.576250,140.555833
43.285833,140.345417
45.414528,141.823333
44.084944,144.191194
54.079139,142.995778
52.369972,143.175833
53.854917,-128.660222
52.485694,-127.845000
51.303778,-127.410028
50.468306,-125.580833
49.009611,-122.773361
49.466250,-123.816639
47.286057,-122.678406
43.707583,-124.192667
37.161639,-122.362139
28.427611,-114.052833
25.267333,-112.078361
27.924056,-110.813472
25.247889,-108.333361
20.164194,-105.550306
14.156722,-91.720000
29.309889,-90.402500
30.398556,-86.328111
44.429222,-68.940722
44.415806,-66.003000
50.186222,-61.276750
51.468306,-57.440833
53.843306,-58.977528
59.410528,-77.908750
56.158806,-76.592889
53.265444,-78.911361
56.266583,-87.777583
57.637889,-92.600306
58.764472,-93.846000
59.532889,6.349944
59.546639,10.255861
56.641250,12.793306
59.152472,17.680806
55.047472,21.210806
55.238750,-6.331639
53.357444,-9.600833
51.677500,-9.729222
56.498306,-5.425889
54.663333,-3.560917
50.123750,-5.526694
48.607917,-1.710833
47.538306,-2.581250
43.564528,-6.711722
38.434972,-8.781278
36.692917,-3.419222
43.785444,7.544889
39.993750,15.411639
42.659194,14.037917
45.324972,14.438722
42.432889,18.572500
38.000361,22.940806
37.762528,23.899556
40.562056,23.880778
43.163250,27.949556
45.750361,29.907472
46.490417,31.632444
38.181222,26.499972
36.817889,28.498278
36.810389,31.284111
37.052861,10.929111
32.421278,14.960806
31.156194,17.029111
30.538722,18.512472
29.449583,32.739972
29.481194,34.901694
28.794167,34.826278
30.323667,48.804139
29.535000,50.537917
28.118333,51.268694
25.365778,60.333722
24.125861,67.351278
23.734583,68.587472
22.367083,69.496639
21.996250,72.517500
21.317917,72.613333
22.362556,89.912056
20.846667,92.555417
19.671639,93.831278
18.787500,94.187889
17.560833,94.589639
16.763778,96.193333
40.965806,121.810389
38.773750,125.172444
36.943278,126.529611
35.091667,126.347889
42.467833,130.837528
42.941250,134.007472
46.122889,137.980000
49.292889,140.347528
39.330000,139.989528
51.839972,143.244167
48.693333,141.871250
42.879583,143.928278
41.607472,139.981222
42.626222,141.734972
42.359556,142.301639
42.923806,140.391667
45.341250,142.168333
44.292472,145.350444
53.431222,143.139972
51.355389,143.406639
54.171222,-129.638389
52.742722,-127.917139
51.640417,-127.445000
50.774583,-125.651694
49.553722,-123.356667
49.755861,-124.283806
47.132313,-122.847794
46.267056,-123.672500
37.709139,-122.375472
28.121306,-114.056917
25.090778,-112.156833
27.699889,-110.591028
24.880806,-107.942861
19.455778,-105.052306
13.807194,-90.280556
29.206972,-91.039639
30.462222,-86.153389
38.476500,-76.337306
45.108333,-64.929750
50.270389,-64.823361
51.314167,-58.277556
50.248333,-57.579194
59.250028,-65.731750
58.081972,-77.334889
53.947694,-79.118222
52.137972,-78.572139
57.225306,-90.574083
56.990444,-92.582306
58.069028,-92.828639
58.433750,5.988250
58.366694,11.319083
57.882472,16.410750
59.278333,18.712444
55.712056,9.678361
54.108306,-10.129139
52.155417,-9.886694
58.463333,-4.727528
54.990778,-5.172528
51.509556,-3.060056
49.325417,-0.363361
47.694583,-3.327556
43.642944,-5.810833
38.446222,-9.030889
36.658694,-4.465000
43.092083,6.358361
40.194167,15.017917
42.045389,14.788278
45.052472,14.157056
42.479556,18.383278
38.199556,22.930806
37.972056,23.381667
40.138694,24.401639
42.405806,27.417083
45.667444,29.719500
46.506222,31.944083
36.286194,0.598333
36.882056,4.710861
36.918722,8.369972
37.324194,9.867083
32.804528,12.867500
32.772917,13.941667
29.784972,32.645361
29.230306,34.924222
28.081639,34.762056
27.230000,35.806250
30.355333,48.976694
28.816250,50.977472
26.350806,57.099528
24.851250,66.904167
23.933389,68.345417
22.597889,70.214972
22.196250,72.792472
20.914528,72.824139
20.408361,72.852889
22.719500,91.231639
20.129972,93.312083
19.200389,93.921639
17.298750,94.576639
16.993361,96.951250
16.120806,97.608694
40.935806,121.181222
39.528722,125.313333
36.894528,126.416667
35.007917,126.405000
42.112917,130.179111
42.825361,133.579139
45.734583,137.555000
48.442500,140.174583
38.927056,139.817500
48.665861,142.806250
52.923306,143.264167
41.998306,143.258750
41.822056,140.683389
42.486222,141.256722
42.139583,142.849139
43.226194,140.756694
44.887889,142.633306
43.554556,145.291694
52.827500,143.317500
49.369972,144.242944
54.615000,-130.384222
53.459917,-128.174917
52.042972,-127.590361
50.847917,-127.096694
50.010750,-124.808306
50.486222,-125.025056
48.030361,-122.207611
46.905528,-124.138361
37.585806,-122.149583
28.021611,-114.188750
25.008750,-112.098917
27.422139,-110.536111
24.692472,-108.018806
19.124056,-104.487833
13.493306,-89.416972
29.408056,-91.221833
30.491444,-86.452417
38.613361,-76.114389
45.641750,-64.532583
47.848139,-69.571306
51.012500,-58.922500
51.251694,-56.790806
55.143722,-59.928361
59.707528,-77.727861
54.647694,-79.746500
52.763056,-78.837778
55.265472,-84.265472
56.986111,-89.861583
57.227639,-91.386194
59.511639,5.260750
58.987056,9.708333
57.391667,11.909139
58.627056,16.748278
59.715389,18.953333
55.145417,-8.218306
52.752083,-8.963389
51.643722,-8.761667
55.826667,-5.340861
51.720000,-5.097556
50.577889,-2.041722
48.042194,-4.715444
43.365750,-1.773000
38.662056,-9.095056
36.209111,-6.061278
43.214611,5.403278
40.817917,14.326639
41.921250,15.298278
45.424556,12.431639
42.695389,18.015778
38.317917,22.182472
37.848722,23.097472
39.947889,23.959194
35.802861,-5.913361
35.396639,-6.087083
35.915000,-5.402972
35.672889,-1.039194
36.490389,1.110806
36.767889,5.571639
36.977028,8.839139
36.794944,10.555417
30.162805,32.567703
27.793778,34.104167
28.088722,35.019167
25.685806,36.872917
24.525833,54.612056
29.293306,50.665389
27.197500,56.404583
25.425417,60.448333
24.239556,67.361611
23.149500,68.654889
20.932889,70.314139
21.226222,72.662500
19.323722,72.814139
21.749861,89.446194
21.027444,92.252028
19.409139,93.986278
17.827528,94.488750
16.581194,96.276639
15.868306,97.697889
14.579139,97.902917
40.490833,120.658694
39.593333,124.647917
36.800833,126.147861
34.977472,126.538750
41.710806,129.750389
42.885806,132.737056
45.376250,137.134194
35.049611,136.743278
37.140000,136.671222
46.610389,142.953306
51.521222,143.263333
48.263306,142.153694
41.506222,140.335000
42.358750,140.966778
42.015417,140.852500
43.145417,141.159917
44.532889,143.063361
43.528333,145.244528
51.696639,143.345806
41.218306,141.251194
55.674917,-130.097083
53.830778,-129.094194
52.333222,-127.505306
51.185000,-127.775889
50.822417,-124.868417
50.507056,-126.241722
49.032917,-123.100917
47.886250,-122.630083
38.035056,-122.499056
28.014000,-114.087667
24.835806,-112.033139
27.349639,-110.476500
24.378556,-107.510194
18.794472,-103.872500
13.198972,-88.579778
29.583167,-91.426056
30.408028,-86.685833
38.846028,-76.161556
44.879722,-67.153944
48.169583,-65.900028
50.223361,-60.730889
51.417056,-57.011694
54.237889,-58.175056
59.081333,-65.522250
58.534861,-78.385722
53.605917,-79.053028
51.376639,-78.899972
55.915917,-86.946167
56.591722,-88.403611
56.838222,-88.926750
58.899139,5.750806
59.889139,10.612500
57.021222,16.453278
58.975806,17.970750
55.830694,10.015833
53.406667,-9.892500
51.594972,-9.589194
57.357111,-5.548333
54.852917,-3.768361
50.233722,-4.845028
48.328833,-4.757167
44.679139,-1.255444
38.783306,-9.500389
36.448306,-6.249639
43.248750,3.299111
40.837444,14.047917
41.408722,16.084111
45.200000,12.213694
42.950389,17.264972
38.335389,21.729194
37.522056,23.412472
40.257083,23.194944
34.113306,-6.770444
33.843750,-7.118361
34.883333,-6.302056
35.207028,-2.908389
36.033333,0.141278
36.906139,4.149972
36.988306,7.253722
37.107056,10.239944
30.222174,32.562794
28.347472,34.722056
26.141667,36.486278
24.119583,37.970000
30.361639,49.183722
28.551639,51.080361
26.623278,57.077889
25.260000,63.200417
23.833778,68.079139
22.336222,69.611639
21.973278,72.749583
20.082444,72.727083
18.280833,73.052056
22.118722,90.168306
20.545806,93.080417
19.333306,94.032917
16.604556,94.329194
16.534556,97.564139
14.334139,97.994639
13.243694,98.570000
40.256611,120.507028
39.988306,124.363750
36.683333,126.152056
34.761667,126.422056
40.567472,129.155361
43.018306,132.312917
45.035417,136.663306
35.017917,136.874972
36.357111,136.319167
45.970000,141.998722
49.109167,144.258750
52.266667,143.135861
42.356250,139.795000
42.227056,140.343389
41.742056,141.077556
43.855417,141.543361
44.115000,143.758694
43.036250,145.016667
49.827472,144.068750
41.152083,140.842472
55.082639,-130.807167
54.329972,-130.269278
52.908750,-128.116722
51.410417,-127.263361
50.599583,-126.123361
50.873722,-126.701694
49.736667,-123.889667
47.648722,-122.684222
38.028278,-122.899361
28.738194,-114.349917
24.524944,-111.821833
27.141611,-110.197444
24.307083,-107.496722
18.447194,-103.574333
13.300417,-88.639806
29.780194,-91.828639
30.523028,-87.011389
39.408667,-76.022528
44.381750,-68.819528
44.094944,-66.192972
50.252528,-63.164167
51.288361,-58.150917
49.864611,-57.820083
57.809139,-62.150889
58.376861,-67.079194
54.565944,-79.516528
52.365722,-78.461444
54.095972,-82.306222
55.707167,-86.265250
56.023000,-87.477361
59.989972,-44.699194
58.142889,7.988333
58.104944,11.805639
58.434556,16.688250
59.453694,18.303250
54.579167,-8.450917
52.082500,-9.979222
56.016250,-3.620056
55.907500,-5.052500
51.231222,-3.538333
48.687056,-1.505028
47.062889,-2.011667
42.282444,-8.822944
36.830000,-6.351278
41.994139,3.200417
44.047861,9.830778
40.297083,17.762500
44.825806,12.397861
43.922917,15.454972
38.340417,21.118306
37.352917,23.094139
40.356639,22.660389
31.800778,-9.587944
32.962944,-8.783389
34.492500,-6.518750
35.200389,-3.447528
35.722889,-0.605000
36.743750,3.168306
37.088750,6.468278
37.225417,10.162444
28.386611,33.402889
27.602528,35.525389
24.763750,37.218306
22.483306,39.072889
30.207028,49.239139
27.650389,52.386667
25.697056,57.793306
24.954167,66.702056
23.607917,68.364111
21.200833,70.002889
21.178694,72.752528
18.729944,72.997944
17.109139,73.282917
22.660833,90.698750
19.709972,93.612917
18.301639,94.352083
16.942500,96.860361
15.111667,97.803750
13.346639,98.466194
20.992889,106.765028
40.052111,119.945806
39.822056,123.965028
36.823722,126.282528
34.637917,126.567472
40.051222,128.037528
43.056944,131.955778
44.522111,136.182472
34.858333,136.957917
34.992889,132.186694
34.012083,131.837500
47.415361,142.817500
50.292472,143.807472
43.047917,144.856667
42.688750,140.029944
43.477472,141.389528
44.255806,143.518806
43.872500,145.092833
50.755028,143.674167
39.739111,140.068694
41.503306,140.907917
55.567694,-130.814583
54.977083,-129.786750
53.475778,-128.142861
51.985000,-127.657528
50.970833,-126.794222
51.108750,-127.071750
50.378917,-124.943278
47.097317,-123.084923
38.292111,-123.001778
29.830722,-115.685833
24.440778,-111.595083
27.122472,-110.017500
24.055139,-107.082000
17.947278,-102.270306
13.307556,-87.789333
29.552472,-92.414944
30.424111,-87.349250
38.942000,-76.523528
41.244917,-72.862500
44.852917,-65.471444
49.061194,-68.577472
51.064167,-58.827472
51.051667,-56.989222
54.044583,-58.976722
59.203861,-65.543417
59.102861,-78.138167
53.538306,-79.027472
51.292361,-80.165361
55.068972,-82.396083
55.262250,-85.082056
55.455250,-85.495583
59.419194,6.124083
59.100833,10.379194
56.305389,12.461639
58.897083,17.756583
54.250389,-5.836722
52.599972,-9.700917
51.712028,-8.485028
56.679556,-5.861694
51.690417,-5.113361
50.731222,-1.651667
47.527889,-3.154167
43.430389,-8.275000
37.017917,-6.590861
41.262056,1.929167
43.905000,8.088722
39.622889,16.621639
44.070833,12.583667
45.127083,14.786667
38.920389,20.830833
37.404139,22.756222
30.964972,-9.827944
30.577472,-9.749611
31.416639,-9.837917
33.622028,-7.563333
35.160389,-4.406694
35.320417,-1.355861
36.610417,2.204972
36.849556,6.029972
37.150417,9.887472
28.659167,34.588750
26.536667,36.292917
22.864972,38.972083
22.042444,39.011194
29.921222,50.169194
26.986194,55.693333
25.289556,60.609972
24.580361,67.275028
22.954167,69.007056
22.203306,72.295389
19.793694,72.688306
17.279556,73.284139
21.839139,88.697917
21.511111,92.020833
19.373306,93.618722
16.941194,94.447500
16.725833,97.339556
13.856639,98.202917
12.176250,98.645000
21.684472,108.412389
39.062861,118.201639
39.730417,123.441639
37.051194,126.750806
34.700389,126.348278
39.646194,127.545778
43.185750,131.680472
43.947500,135.509528
34.726250,137.347528
34.396250,131.225833
34.201222,132.538333
46.713278,142.522889
49.111639,142.967111
42.604556,143.555806
43.321250,145.244972
44.174556,143.808361
43.957083,144.364167
43.298750,145.513333
48.704944,144.651222
40.125833,139.975444
38.969528,141.675833
55.796639,-132.182556
55.066528,-130.215444
53.857083,-130.013361
52.233167,-127.831889
51.091250,-127.316694
51.351194,-127.521750
50.632528,-125.557472
48.501139,-122.558528
38.936722,-123.730083
30.572472,-116.032111
24.086472,-111.014000
27.187972,-110.347833
24.229194,-107.386000
17.868250,-101.793528
13.367083,-87.631306
29.715833,-92.983278
30.240694,-87.735833
29.162889,-82.811694
39.799528,-75.439972
45.626583,-64.829833
48.133750,-69.173361
50.227056,-60.446667
47.779861,-54.214167
48.735056,-58.655472
57.971222,-62.565056
58.456472,-66.849944
55.312583,-77.744917
52.530500,-78.654556
52.262278,-81.484667
54.941111,-82.266250
55.213000,-82.933028
55.268139,-83.669056
58.026667,7.274111
58.037472,11.770667
58.285778,16.767500
54.299139,12.359167
53.576222,-10.025000
51.462500,-9.752472
56.358306,-2.809250
54.631250,-4.876694
50.234167,-3.865889
48.282194,-4.615444
43.582083,-6.195917
37.212889,-6.939139
40.700389,0.830778
43.442083,6.896667
38.869583,16.719194
43.105806,13.843750
44.968278,14.065361
39.013222,21.042750
36.533694,23.154167
28.428306,-11.391278
28.762056,-11.025028
30.200806,-9.638806
33.459611,-8.019167
35.614139,-5.274639
35.119528,-2.309250
36.664583,2.720778
36.955389,6.789111
29.421222,32.516639
29.088278,34.680472
24.956639,37.283694
22.344583,39.100833
26.010833,51.035417
29.117028,50.674972
27.065000,56.863722
25.219944,61.567028
24.048722,67.404139
22.397889,69.808333
21.671194,72.843306
18.625806,72.885389
16.591278,73.391667
22.068306,89.559500
20.310806,92.772083
19.123722,94.059972
16.250000,95.951250
15.339972,97.726222
12.661667,98.660444
11.080389,98.683361
21.704472,108.839806
38.727472,117.557917
39.557083,122.739194
37.544083,126.902917
34.677500,126.372917
38.956722,127.901278
42.607861,131.206667
43.145389,134.417528
34.588278,137.024583
34.394167,131.019556
34.387917,133.111667
34.707056,135.294167
46.797861,143.160806
49.310389,143.698333
42.957917,144.400000
43.172083,145.287500
43.320389,145.663306
48.937917,144.565000
46.507472,143.363806
40.573278,139.928778
58.317250,-133.970500
56.914611,-132.861639
55.330917,-130.689972
54.426639,-130.489278
53.109306,-128.575028
51.430833,-127.637583
52.462722,-127.225056
50.938333,-126.190889
49.695000,-124.065417
47.551917,-123.033000
32.689861,-117.139417
24.327806,-111.441028
27.439139,-110.593611
23.259111,-106.469278
17.363778,-101.124833
13.300861,-87.449917
29.812556,-93.879333
30.483194,-87.938694
29.301083,-83.164444
38.270861,-75.910417
45.038417,-67.096528
43.690806,-65.324583
50.270000,-62.629139
51.210417,-58.363333
49.523722,-57.867528
55.187472,-59.215917
59.803278,-65.185417
58.893611,-69.056333
54.036500,-79.034861
51.643750,-78.891222
52.611444,-81.772000
53.681361,-82.191389
54.500444,-82.321417
59.284167,5.677444
59.026639,10.214167
55.914139,12.805806
58.912917,17.600000
55.167889,-7.713389
52.277472,-10.027472
51.847472,-8.329167
56.524583,-5.600000
51.220000,-2.989167
48.669556,-2.342528
43.459556,-4.936667
37.173722,-7.391750
39.175778,-0.239639
43.112861,5.789111
37.936194,15.709194
42.336639,14.427028
45.451250,12.272472
39.208750,20.486583
27.178306,-13.402083
26.147500,-14.490417
27.957917,-12.868333
29.006222,-10.540056
33.249556,-8.490861
35.329167,-4.943806
35.122056,-1.790000
36.828722,3.646639
37.040417,7.488278
30.621892,32.323553
28.042472,34.613694
23.886250,38.319944
21.707917,39.084111
25.609139,50.854667
28.960778,50.917083
26.952639,56.942056
25.248722,62.759139
23.850833,67.927861
21.553750,69.681667
21.042889,72.811611
17.527056,73.158333
15.849167,73.629583
22.116667,90.030444
20.226222,93.132472
18.533333,94.271250
17.331222,96.899972
13.799583,98.090861
11.796222,98.630833
10.218361,98.718167
21.359556,109.888333
37.747917,120.495889
39.346667,122.292944
37.997083,125.774167
34.820389,126.650000
34.930833,128.337944
42.251222,130.400000
42.687056,133.151639
34.781250,137.152472
34.011667,131.001222
34.387056,133.308306
34.647500,135.463722
45.910389,142.065028
46.998333,143.067861
48.185000,142.595389
42.079972,143.308722
47.780861,142.529528
46.703333,143.506222
37.635000,138.758750
41.037056,140.320806
58.804167,-135.099167
57.586306,-133.365028
55.515389,-132.023444
55.860583,-130.065194
53.515722,-128.708333
52.567250,-127.219611
52.560806,-128.099250
51.170806,-127.415889
50.042333,-124.768333
47.266335,-122.737328
33.677889,-118.032528
24.562806,-111.733278
27.853639,-110.539556
22.875806,-105.986750
16.986556,-100.231250
13.107750,-87.356778
29.485750,-94.605889
30.764250,-88.015667
29.519194,-83.397611
38.596889,-76.274778
44.455361,-68.478639
43.813333,-65.890444
49.776250,-67.167472
50.868333,-58.955889
51.474972,-55.479250
53.527889,-59.813361
57.932472,-62.300889
58.764250,-66.038000
58.867556,-69.896083
53.065917,-78.987667
51.218000,-79.733417
52.040778,-81.119528
52.899722,-82.165528
53.171833,-82.247250
58.081611,6.960806
58.009583,11.551556
58.144972,16.825778
51.857889,-8.001667
53.133361,-9.085833
51.493722,-9.240028
57.629972,-4.327583
52.800806,-4.539167
50.725000,-2.042500
47.258333,-2.417111
37.127472,-7.612972
38.352917,-0.403361
43.435417,3.786667
40.567500,14.892917
41.915389,15.562500
44.989944,12.480333
42.784194,17.747083
23.877917,-15.826694
24.436222,-15.226639
26.428722,-14.124167
28.179583,-11.865833
32.613722,-9.190000
35.234972,-3.923833
35.828750,-0.290833
36.703722,5.096639
37.230389,9.331639
31.222231,32.302377
27.957056,35.257500
22.744167,38.967917
21.025000,39.261250
30.001972,48.016583
28.089583,51.334167
25.976639,57.252861
25.418333,63.972056
23.699194,68.264556
20.720389,70.980000
19.517500,72.787917
16.822500,73.331222
15.142861,73.949194
22.137500,90.382944
19.952056,93.564972
17.179556,94.479139
16.914972,97.199556
12.809139,98.717028
10.670861,98.558889
21.258750,107.375833
20.712028,109.843333
36.695806,121.183750
38.836250,121.403333
37.808722,125.512500
34.778750,126.367472
34.982500,128.004583
41.374167,129.799528
43.249194,132.005389
34.704972,136.975472
34.144556,130.880833
34.263722,132.766639
34.676222,134.909111
33.532472,135.512944
46.319944,142.273639
46.363722,143.601583
46.774972,143.129583
46.100806,143.397944
36.750806,136.702917
37.962500,139.127111
41.187056,140.491667
58.709972,-135.982611
58.029861,-133.990167
56.814611,-132.428333
55.135000,-131.070861
54.147861,-130.130111
52.429167,-128.147528
53.269000,-128.853167
51.781667,-127.380861
50.473278,-126.032528
47.358278,-122.323778
33.840833,-118.392917
24.860667,-111.989139
27.895750,-110.965222
22.533778,-105.741611
16.690611,-99.510889
13.040389,-87.599361
29.787500,-94.741444
30.392389,-88.910278
30.005056,-83.857500
38.962611,-76.257417
43.865500,-69.931528
45.408417,-64.572444
47.529472,-69.944306
50.222083,-60.283389
47.820917,-54.021250
48.668722,-58.975028
55.237917,-60.228306
59.071278,-63.876694
58.112583,-67.707139
58.950444,-69.684889
52.853028,-78.717500
51.430472,-79.592639
51.373278,-80.434278
51.797583,-80.687750
59.319167,5.455750
58.972861,9.881667
55.617083,13.003278
58.719139,17.149111
54.242472,-8.634194
51.763750,-9.820056
51.508722,0.554972
55.426611,-5.727528
50.349583,-4.451694
47.895389,-4.140833
37.101667,-8.668778
37.584139,-0.979583
42.400000,3.163722
44.402056,8.901611
40.795444,17.579944
44.399528,12.323306
23.088306,-16.179611
22.036611,-16.866250
22.715806,-16.361250
25.260833,-14.829611
28.039611,-12.324194
32.224139,-9.252944
35.413361,-3.007944
36.549583,1.635833
36.848722,7.818333
36.869972,10.356250
30.454338,32.351532
26.912500,36.025389
22.184944,39.041278
20.289556,39.883333
30.041611,48.680417
27.851250,51.978306
25.661944,58.005333
25.300417,64.234944
23.736278,68.434139
21.039250,71.776611
18.945806,72.950389
16.299167,73.398694
14.469972,74.372056
22.608722,90.550806
19.762889,93.760806
16.099944,94.506250
15.591639,97.731250
12.069583,98.713278
9.723333,98.567972
21.605306,108.183250
21.490000,111.228722
36.385000,120.689583
38.954583,121.270806
37.925833,125.228694
35.054972,126.262083
34.934111,127.604611
40.327861,128.684139
42.851194,131.420806
34.564139,136.656222
35.460861,139.974556
34.118722,132.549139
34.727083,134.411722
33.743333,135.356222
33.515417,135.827472
34.286667,135.071222
35.564583,133.166694
35.559583,135.392556
37.439583,137.275861
38.648333,139.594611
41.077472,141.391306
58.772444,-136.579222
59.234889,-135.231417
57.414222,-133.412556
55.972500,-131.525889
55.118778,-129.941778
53.395000,-128.520167
53.666583,-129.715889
52.574306,-127.601694
50.936639,-127.137583
49.512889,-123.770083
34.167472,-119.235750
24.836472,-112.093722
28.924222,-112.088222
23.100722,-106.291833
16.415667,-98.651556
12.805861,-87.507861
28.858333,-95.442306
30.371556,-90.139806
29.986528,-84.345583
39.536611,-76.098722
41.151250,-73.104222
45.221222,-66.154167
48.017111,-66.727500
50.280417,-62.881722
51.265806,-58.614194
49.437472,-57.876250
53.789583,-59.910000
57.479583,-62.508333
59.472444,-65.212333
58.329167,-68.209667
59.193667,-69.397639
53.710389,-79.056583
51.927861,-78.882250
51.331528,-78.947778
51.637833,-79.227139
58.180389,6.846611
58.113778,11.688167
58.048278,16.689139
54.097028,-6.255056
52.482111,-9.645000
51.812889,-8.311722
57.536639,-4.190861
51.397861,-3.518389
48.548333,-2.725444
37.560833,-8.794583
37.264611,-1.756694
41.702917,2.882500
43.659167,7.197889
40.390833,16.851167
43.534139,13.621194
21.161194,-16.912528
20.609972,-16.534611
21.606528,-16.989639
23.803333,-15.736278
27.637500,-13.199667
29.749528,-9.903333
35.203694,-2.853361
35.407500,11.043722
36.422056,10.676639
36.811250,11.052444
28.692444,33.207028
25.850833,36.647083
22.017083,38.925806
19.513333,40.937917
30.102444,48.931278
27.401222,52.627500
25.618750,58.545833
25.333333,65.228778
23.243694,68.606611
21.953722,72.211667
17.789972,73.107028
15.403917,73.887056
13.439139,74.718722
22.047056,90.656639
18.951250,93.790833
16.580000,96.237028
14.086583,98.088694
11.370833,98.720389
8.806611,98.257056
21.562861,108.477389
21.775000,111.673750
36.087861,120.148333
39.882500,119.526250
38.707889,125.265028
35.595389,126.583278
34.657500,127.629556
39.352472,127.527944
42.289528,130.690000
34.318694,136.658361
35.322056,139.636667
34.141667,132.243750
34.683306,134.224556
34.111639,135.146278
33.949583,135.088306
34.530389,133.987528
35.496278,133.446667
35.619556,135.884972
36.809139,137.393778
40.781222,140.224972
39.475389,142.024111
59.024056,-138.195778
58.903750,-135.906722
58.102556,-133.712028
56.481722,-132.257667
54.989694,-130.890056
54.103333,-129.904194
54.869194,-130.099444
52.915389,-128.473333
51.319583,-127.159972
50.672222,-124.926639
34.470917,-120.218806
24.842472,-112.184222
31.264444,-113.354083
24.219833,-107.327889
15.958556,-97.788333
12.437611,-87.113111
28.616639,-96.152917
29.773306,-89.417083
29.663333,-85.356639
38.626000,-77.209306
39.502889,-75.540833
44.566528,-67.643917
43.732917,-65.011694
49.293694,-68.050111
50.713333,-59.224167
51.329972,-56.094222
47.618194,-59.300639
55.349194,-60.375806
58.487056,-63.486667
58.958056,-65.827917
58.291806,-68.279611
59.065000,-69.406222
55.168694,-78.056222
54.154806,-79.259889
52.986861,-78.839944
54.797528,-79.191167
58.837056,9.321667
55.378333,12.812500
58.660417,17.116611
54.066222,-9.881750
51.550389,-9.428361
52.870861,0.444139
55.434167,-5.552556
50.514972,-2.462528
43.528333,-5.387944
36.699556,-2.861667
40.901639,0.826250
43.096694,6.022028
39.402472,17.160417
21.117444,-17.054722
19.594972,-16.385417
19.473306,-16.397083
19.900806,-16.312111
22.297028,-16.561667
26.715417,-13.609167
29.390778,-10.173778
44.698306,28.997056
34.460000,10.408694
36.037083,10.510000
35.731639,10.822056
28.067889,33.725778
25.351667,37.088750
21.234611,39.150000
18.537028,41.386694
29.917944,48.560806
26.977889,53.463306
25.444556,59.240806
25.443750,66.094167
22.832917,69.219139
22.209972,72.408722
16.980833,73.306278
14.744167,74.157917
21.556250,87.279972
22.583722,90.942500
19.006250,93.959167
16.859167,96.806250
13.555000,98.372889
10.214139,98.640972
8.265833,98.715389
21.753222,108.594417
22.495000,112.982028
23.228694,116.532472
39.092444,117.724583
39.675806,123.030361
36.218306,126.527028
34.812917,127.413306
38.757083,128.275056
40.795389,129.484167
34.116639,136.244556
34.977444,139.097889
34.039528,131.657500
34.513306,133.744528
34.784611,134.643306
34.527500,135.425389
34.734972,131.870389
35.661194,134.872472
35.658722,136.046667
37.222889,138.312472
40.931222,141.020028
59.887333,-149.551583
59.994500,-139.475194
58.399556,-136.480028
59.391333,-135.346500
57.205861,-133.507528
56.005194,-131.186500
54.602889,-129.946722
54.896722,-130.656028
53.519139,-129.232722
51.746639,-127.879194
50.674972,-126.184139
38.597444,-123.360444
25.676139,-112.090222
31.539833,-113.976028
24.443139,-107.684222
16.180722,-95.067639
12.246611,-86.848306
28.639972,-96.461306
29.030389,-89.168361
30.040000,-85.572972
27.845028,-82.470417
38.024556,-75.840000
44.615694,-68.857778
43.793333,-65.987111
47.565583,-70.204222
50.217083,-60.898361
47.413278,-53.836111
48.525389,-59.017528
54.024583,-59.461667
56.512472,-61.659222
59.048722,-63.846667
58.520722,-65.889361
58.586083,-68.282000
59.042778,-69.866778
59.602250,-69.556361
59.779083,-69.592417
59.968722,-69.819194
58.061250,6.731694
58.067444,11.485694
57.959972,16.742417
54.536250,-5.706694
51.905806,-10.290861
51.375361,0.626611
56.479583,-2.791750
50.177083,-5.056722
47.796222,-4.376667
36.174167,-5.337167
39.968306,0.010389
43.056250,3.056694
38.451639,16.581222
20.643306,-16.425444
18.604972,-16.111278
17.053333,-16.260444
18.039972,-16.025417
20.267500,-16.222083
25.663306,-14.677056
41.447028,28.388306
44.089167,28.647889
34.291639,10.097056
34.722472,10.756250
35.061639,11.021194
29.082472,33.070417
24.414167,37.462889
20.786250,39.433306
17.335417,42.311667
29.574583,47.970778
26.711278,54.309972
25.490833,59.342889
25.506667,66.244556
22.740389,69.689139
21.673333,72.527917
16.513722,73.413306
13.968306,74.531222
21.962500,88.157889
22.024056,91.883639
18.822917,94.099972
17.340417,96.944972
12.405806,98.625417
9.211667,98.340333
7.684556,99.250028
21.610417,109.009167
22.689917,113.502806
23.775417,117.287500
37.857500,119.031250
39.057889,121.713306
36.490000,126.398722
34.674139,127.321222
35.075000,129.076194
40.102083,128.411611
33.708306,135.997889
34.963750,138.480000
33.951222,131.239167
34.354583,132.434194
34.602028,133.974972
34.497056,133.505806
35.500444,132.817500
35.708778,135.293278
37.413722,136.969944
38.241639,139.449556
40.221250,141.820806
-0.372861,132.276639
59.962056,-141.616750
59.128694,-138.636694
59.036472,-136.186417
58.513972,-133.909250
56.185000,-131.632972
54.792556,-130.725944
55.712889,-130.908028
54.444083,-130.152639
52.306278,-128.360083
51.052917,-127.234972
49.877500,-124.032167
26.313278,-112.624056
31.772722,-114.709694
24.490722,-107.712167
16.195972,-94.567167
11.907278,-86.619861
28.479583,-96.804194
29.143722,-89.420861
30.033722,-85.438333
27.982917,-82.608389
38.564861,-76.197111
43.763222,-70.179972
45.433167,-64.895167
48.098750,-66.297500
50.265389,-64.203389
47.026389,-55.163917
49.917917,-57.784194
52.369972,-55.974222
55.181694,-60.464139
57.880000,-61.959222
59.345361,-63.615000
58.836778,-66.403167
58.007333,-68.626389
58.758167,-70.029056
58.857028,-69.541028
59.326250,-69.288833
59.357694,-69.638111
58.726194,9.110000
56.021278,14.601639
52.091667,-7.619222
53.299139,-9.782500
51.546250,-8.928389
53.737917,-0.333333
55.940000,-5.709222
48.615000,-2.140417
37.213694,-7.165944
38.833750,0.128333
42.247000,3.196583
40.599611,14.406667
19.392917,-16.500861
15.979167,-16.499639
14.800361,-17.370000
16.064972,-16.505472
19.011639,-16.232972
24.785806,-14.884611
40.994583,27.643306
43.417806,28.322333
33.299528,11.249083
33.904167,10.112083
33.655389,10.570833
30.334525,32.305191
24.158750,37.841611
20.508722,39.621611
16.934139,42.545444
29.387889,47.847472
26.707889,53.834972
25.380444,60.024972
25.557917,66.162472
22.922861,70.120028
21.456639,72.748722
16.087056,73.468306
13.115806,74.762083
21.717056,88.393333
21.188278,92.048750
18.724139,94.161250
17.135417,97.204139
11.729583,98.793333
8.389139,98.612056
13.466194,100.895000
21.452889,109.261639
23.090000,113.404611
24.495889,117.789556
37.011639,122.140389
38.796639,121.147139
37.761222,125.377472
34.610000,126.772056
35.062056,128.585000
39.310389,127.446667
41.015806,129.725417
34.713278,137.583639
35.117444,140.237861
34.008306,131.411167
33.834583,132.127472
34.555389,131.513361
35.653778,134.490806
35.551667,135.690389
37.042083,137.833306
41.379528,141.394139
39.027083,141.847444
-1.445000,131.337056
59.907722,-149.668417
59.839556,-139.138556
58.379583,-136.908389
59.359056,-135.588250
57.725444,-133.581750
55.493333,-130.885194
56.234750,-131.932861
54.834194,-130.499306
53.995583,-128.659861
51.523333,-127.650917
50.487056,-125.725000
26.713222,-113.114000
31.418111,-114.869611
25.088750,-108.089972
15.976389,-95.439222
11.325000,-85.949167
27.571667,-97.320417
29.403722,-89.819167
30.305833,-85.867083
27.956667,-82.807944
38.842111,-76.257333
41.299833,-72.137667
45.121667,-66.857111
44.670417,-63.905000
49.091250,-68.231639
50.525806,-59.527500
48.452056,-53.564222
47.922944,-59.394639
54.154556,-58.676694
56.225389,-61.695083
58.045806,-63.117500
59.640833,-63.944222
58.329167,-66.071694
58.235722,-67.860028
58.873750,-68.536722
58.782861,-69.504194
58.609361,-69.837556
58.294583,6.938278
58.467500,11.319056
57.878333,16.739111
55.041194,-7.495028
51.786222,-10.188389
51.605306,0.868556
56.351250,-3.253444
50.290833,-3.640861
37.007472,-7.984694
38.014139,-0.653833
41.482861,2.340806
43.281250,6.678333
16.200861,-16.509694
13.860806,-16.729611
13.644583,-16.585861
14.514139,-17.095417
16.675000,-16.419667
24.090806,-15.586278
40.316667,26.208639
42.557917,27.529167
33.076139,11.823278
33.491250,10.703333
33.601611,11.069472
29.803722,32.460806
23.538750,38.544139
19.967500,40.536250
16.661639,42.725389
28.510306,48.461667
27.145389,52.951667
25.403750,59.771639
25.429556,66.495833
22.466667,69.077083
20.743333,72.844528
15.652444,73.789583
12.297444,75.082056
21.975806,88.578722
20.918694,92.354139
16.351278,94.239194
16.518333,97.659556
10.842500,98.635750
7.888722,99.029972
12.550861,101.951222
21.754528,109.563333
22.927361,113.562861
23.979139,117.685444
36.597056,121.007472
39.133306,118.690333
37.962056,125.030028
34.572472,126.333750
34.894972,128.142028
37.972472,128.763722
39.863306,127.787083
34.785000,136.552944
35.657056,139.830000
36.816222,137.045833
35.258722,132.539111
35.538750,134.010806
35.555000,135.237861
37.201250,136.979194
40.851222,140.699167
39.603306,141.966222
35.601222,140.085000
-1.776694,131.954583
59.430167,-150.698722
59.970944,-148.587028
59.385333,-139.450167
58.972917,-136.530083
58.236556,-134.101000
56.713389,-132.110972
57.917944,-133.573417
55.960861,-131.397639
54.634583,-130.351889
52.372500,-127.881389
51.042056,-127.223361
26.802694,-113.470861
30.681639,-114.694889
25.408722,-108.747500
15.840806,-95.885861
11.060333,-85.670667
8.610639,-83.141889
29.259694,-90.081028
30.371500,-87.190056
28.469972,-82.670417
39.358806,-76.325306
39.365833,-74.489611
44.383222,-68.024278
43.552500,-65.744611
47.186472,-70.302750
50.132917,-61.700028
47.316500,-54.007639
49.142444,-58.352083
52.580417,-56.450000
55.047500,-59.465861
56.622889,-62.256667
58.341250,-63.510028
59.565361,-63.848361
59.059056,-65.663500
58.298361,-67.426056
58.414639,-67.704250
58.261444,-67.879111
58.542167,-67.975556
58.625417,9.061556
56.159583,14.788306
52.215806,-6.709194
52.934139,-9.392556
50.757056,0.119944
54.617917,-1.055028
57.692889,-3.976722
48.825000,-3.201250
37.524583,-1.390000
40.632472,0.742889
20.855889,-17.030528
14.158750,-16.840889
13.272917,-16.455861
13.202500,-16.786250
13.424972,-16.153750
15.147472,-16.941250
23.743306,-15.933750
40.600417,26.419889
42.119167,27.903833
31.334583,15.884944
33.166111,11.562444
33.205333,11.267444
29.020000,32.627861
23.134944,38.792083
19.794611,40.728333
15.804167,42.761222
27.794167,48.832083
27.857500,51.592028
25.511250,59.194167
25.350444,65.620028
22.133306,69.052028
19.238361,72.821250
14.907056,74.076639
11.228361,75.777917
21.638306,88.846250
20.691667,92.397083
15.956639,94.238750
14.797472,97.817083
9.884139,98.563750
7.468306,99.336222
12.078333,102.553750
21.492500,109.777056
22.579056,113.839500
23.863306,117.598778
36.208278,120.283694
38.135000,118.034556
39.033278,121.916222
35.257472,126.339556
34.613694,127.718333
36.016222,129.477500
39.155417,127.559194
34.205000,136.347861
34.812083,138.756667
36.794167,140.759611
36.035833,136.007972
35.539556,135.632500
37.054583,136.957528
40.545778,141.499639
39.870806,141.975361
38.500000,141.496222
-3.035861,133.862056
-2.219639,133.434194
-11.452944,132.393333
59.523333,-150.370111
59.796972,-139.915167
58.570750,-137.536750
59.102028,-135.381417
57.645861,-133.180750
58.647500,-134.972694
57.078000,-132.871861
54.821694,-130.776000
53.841500,-128.943361
51.699556,-127.608417
27.169250,-114.415000
29.630528,-114.064444
25.468333,-109.028750
15.712667,-96.763556
10.921722,-85.810028
8.414250,-83.113194
29.126833,-90.868028
30.334889,-87.588333
28.842889,-82.680833
35.058750,-76.645028
37.624556,-75.869222
43.916722,-69.711583
44.753639,-65.517389
47.518333,-64.903306
49.975000,-66.962972
47.152722,-55.079222
51.177472,-55.960833
47.688333,-58.004889
53.856222,-59.405028
55.361611,-60.442528
56.669556,-61.968333
58.432472,-63.080833
59.230806,-63.459167
59.816222,-64.066722
58.841389,-65.818389
58.669111,-66.000000
58.617472,-66.591611
58.267111,6.438333
59.265417,10.489889
57.855861,16.535778
54.981250,-5.966667
51.653750,-9.575000
51.804972,0.922444
56.166250,-3.046694
50.363306,-3.515861
36.826250,-2.402528
39.564972,-0.281250
20.799139,-16.700444
13.438778,-16.176694
12.714972,-16.487083
12.344611,-16.040861
12.602889,-16.295000
13.452917,-15.797472
23.425000,-15.982111
40.430028,24.024583
41.058639,28.123222
42.716639,27.901306
32.894167,13.394556
32.837889,12.299139
28.290000,33.124583
23.422500,38.641194
19.124111,41.068722
15.465833,42.775417
27.541222,49.179167
30.034167,49.527083
25.574556,58.796639
25.341250,64.786639
21.862056,69.384111
18.994583,72.900833
14.609556,74.319139
10.486667,76.055361
22.051972,88.691500
20.626667,92.683750
15.829583,94.394167
13.603750,98.135806
9.031167,98.389139
7.155833,99.663722
12.137056,102.643306
21.482472,109.878750
22.819028,113.615361
23.906222,117.475833
34.530389,119.684139
37.532917,120.225861
39.588750,119.263333
37.891667,125.641278
34.624139,127.172056
35.125833,128.678778
37.613750,129.064972
33.725806,136.014583
34.642889,137.784944
34.912444,139.823722
38.269944,141.032111
38.849167,141.584556
39.183778,141.890806
39.320000,141.976278
38.642889,141.482472
35.919972,140.706278
-3.789611,134.122500
-2.821250,132.030861
-1.170028,131.201250
59.279722,-151.982139
59.733972,-149.621889
59.462028,-139.620139
58.963750,-136.878389
58.945056,-134.932694
58.486667,-135.524222
57.913806,-133.408389
55.634972,-131.877556
55.252917,-130.007833
52.349111,-128.049194
27.612722,-114.091972
28.837611,-113.370583
25.724167,-109.278750
15.914139,-97.260111
10.643333,-85.653167
8.302139,-82.440361
29.769139,-93.471361
30.573194,-88.095778
29.166750,-83.028139
32.639583,-79.990028
38.127500,-75.839639
41.732361,-70.744722
45.135417,-66.540056
44.473750,-63.765028
48.217472,-69.893778
50.201222,-60.140056
48.013722,-53.935833
48.222083,-58.864306
52.592861,-56.033333
55.068694,-59.106722
55.989556,-61.531694
56.982861,-61.401694
58.088694,-63.113444
58.766667,-63.185889
59.382056,-63.838306
59.774972,-64.150889
59.972083,-64.225056
59.926639,-64.369139
58.485389,8.853278
56.149972,15.382472
53.257444,-6.110917
52.709139,-9.645806
50.926667,0.774167
53.646667,0.134167
56.713333,-2.474167
36.010778,-5.610528
38.626194,-0.018389
14.680389,-17.423333
12.739583,-16.736694
11.908750,-15.106694
11.672889,-15.123306
11.675833,-15.324611
13.450833,-16.582139
17.570806,-16.072111
39.946611,22.715389
40.106167,26.321583
42.396250,27.718389
31.679972,15.482028
32.577917,14.382444
27.761639,33.557028
24.254556,37.633306
18.804167,41.234583
15.312056,42.712500
27.183750,49.522444
30.468250,48.951278
25.582528,58.117889
25.159167,64.576222
22.343722,69.169972
19.091639,72.998750
14.252917,74.472500
9.125389,76.479972
21.952500,88.499556
20.527056,92.710028
15.956639,94.820139
13.724972,98.232083
8.354167,98.466222
6.933333,99.732083
20.632861,106.629139
21.154972,109.693750
22.916972,113.421611
23.666250,117.001611
27.055806,120.246194
36.824583,121.699083
38.299528,117.795000
39.151611,122.166222
34.386222,126.470028
34.830806,128.406222
36.343333,129.384528
38.369139,128.516306
34.474972,136.848750
35.305389,139.314167
35.483306,140.422944
38.051667,140.905444
38.295778,141.526250
38.415000,141.274583
37.642500,141.026222
-4.864194,136.914583
-4.023361,134.659583
-3.304167,132.728750
-1.551306,131.972500
-10.732111,142.574194
59.574194,-150.515250
59.966306,-148.973944
59.124889,-138.619222
58.463306,-135.867639
58.280000,-136.575889
59.110417,-135.350472
57.175028,-133.147417
55.118750,-130.655833
53.409083,-129.387667
51.568278,-127.570917
27.940222,-112.766694
25.862500,-109.419583
16.233306,-98.221083
10.429111,-85.795861
8.208917,-82.200667
29.511583,-94.488694
30.344583,-89.250028
30.085000,-84.136250
31.931222,-81.163333
38.725917,-76.238056
41.278306,-72.452083
44.549861,-67.767500
43.838889,-64.937444
48.415389,-64.335861
50.289583,-65.481722
47.612556,-53.917611
50.705417,-57.353333
47.572667,-57.111833
53.656667,-60.095861
54.754583,-59.886694
56.148306,-61.435806
56.805806,-61.934250
58.077500,-62.369222
58.592889,-62.920028
58.779167,-62.920806
58.947917,-63.213361
59.056222,-63.170083
59.413722,5.721611
59.139972,10.282444
57.682944,16.688306
54.668750,-5.681722
51.624139,-10.067556
51.953694,1.116611
55.974556,-2.953389
37.072944,-8.301722
37.691667,-0.833806
13.845417,-16.517556
12.332944,-16.714167
11.618694,-15.056722
11.263306,-15.398722
11.561222,-15.276667
11.686667,-15.507111
15.498306,-16.704639
39.113333,23.098750
40.753778,23.917472
40.998694,28.981639
31.002056,17.555000
32.160806,15.359556
27.196222,33.842500
28.251667,34.417056
18.001667,41.637056
14.874972,42.953750
26.019139,50.006250
29.765861,48.055417
25.770417,57.454111
25.415861,64.203722
22.847056,69.812444
18.434139,72.907917
13.656639,74.679583
8.950389,76.609111
21.561222,88.246639
20.375833,92.670389
15.805806,94.986278
12.970778,98.598750
8.028333,98.828722
5.265389,96.984972
19.885417,105.935861
21.605861,109.610417
22.779500,113.508278
23.452472,116.707083
26.785833,120.082889
36.133778,120.714194
37.549139,118.957917
39.332083,119.170833
36.033333,126.667917
34.776639,127.558750
35.114167,128.936278
37.215000,129.349556
33.974528,136.221667
34.677833,137.529167
35.491222,139.692500
35.711639,140.865472
37.139139,141.005472
36.341667,140.597889
35.090778,138.848750
0.448722,121.954944
-4.637111,136.150000
-3.468333,133.631250
-2.274583,132.737556
-11.693778,132.708333
59.783917,-151.097083
59.608694,-150.348667
59.977444,-139.407722
58.322917,-136.783500
59.614111,-139.609306
58.848222,-137.121861
58.380389,-134.665167
55.997083,-131.971750
55.440944,-130.053472
52.567500,-128.249194
26.685806,-111.859639
26.656500,-109.407444
16.584889,-99.015944
10.821694,-85.795083
8.181806,-81.769306
29.468528,-94.924944
29.945833,-89.714583
29.740694,-84.868361
26.914111,-82.335444
39.408444,-76.245028
39.938722,-74.156639
44.062722,-69.374444
43.826472,-66.134667
47.106722,-65.312333
48.751639,-69.063028
50.414167,-59.824250
48.782917,-53.925889
47.584361,-58.958639
52.352917,-55.686694
54.317917,-58.191694
55.078750,-60.535056
56.023778,-61.328361
56.701250,-62.311722
57.616194,-62.004972
58.138306,-62.579194
58.216639,-62.589167
58.486667,-62.562500
58.263694,-62.843389
58.289194,8.522444
56.641639,16.279194
52.376639,-6.365917
54.302444,-9.379167
51.352889,0.906667
53.574139,-0.052500
56.043722,-3.603389
36.851639,-1.993778
13.369972,-16.502917
11.825000,-15.467917
11.126639,-15.215417
10.807028,-14.630833
10.852056,-14.729194
11.599583,-15.265861
13.451250,-15.736694
39.160000,22.911222
40.182889,23.820806
40.642861,27.194139
30.289583,18.937500
31.215389,16.417472
26.069167,34.312917
27.869194,34.327056
17.809139,41.889583
14.712056,42.964944
25.443278,50.755472
29.352500,48.100389
27.101667,56.052083
25.301639,63.447889
22.804583,69.404972
17.990361,73.061667
12.884167,74.821250
8.682444,76.746222
21.862472,87.976250
20.833306,92.277028
15.804139,95.113750
12.543722,98.710778
7.698306,99.044583
13.504583,100.562472
11.252472,103.068750
21.582056,109.582500
22.034500,113.223278
23.017472,116.568722
26.874111,119.674528
35.264194,119.406278
36.879972,122.433778
38.190389,118.749139
38.932917,121.666667
34.455833,126.946250
34.957472,127.824583
35.547500,129.354556
36.788306,129.462028
34.305389,136.774167
34.599111,138.234583
35.146639,139.616278
35.195833,139.822917
34.677028,138.958333
6.365000,116.312889
1.706250,124.968333
-4.930028,137.075444
-3.942139,134.309167
-2.429222,133.862056
-2.255444,136.355306
59.198444,-154.147667
59.542250,-151.442667
59.552083,-150.196250
59.602861,-139.355250
59.730056,-149.851611
59.243722,-138.880083
58.752944,-136.253333
57.904972,-133.815861
55.872917,-131.841694
54.329972,-129.984167
24.993222,-110.749111
27.985778,-111.152333
16.833833,-99.866556
11.585750,-86.262222
7.863722,-81.612028
28.505417,-96.213361
29.485028,-89.621306
30.132500,-85.666306
27.503750,-82.591722
38.366000,-77.184944
37.664611,-75.620889
43.365250,-70.432806
45.135389,-66.345889
44.712889,-63.645028
46.919889,-71.066806
50.262500,-63.692500
46.948417,-53.540750
49.185389,-58.119194
47.547444,-56.827500
53.505361,-56.106722
54.388361,-57.799167
55.179583,-60.568306
55.971250,-61.203306
56.457917,-61.948333
56.687917,-61.781639
57.157028,-61.603333
57.204944,-61.894194
57.374194,-61.805889
59.359972,5.365833
56.401639,12.620833
57.598333,16.560806
54.382056,-5.590028
52.107889,-10.295083
51.855861,1.285833
54.778333,-1.307528
36.475361,-4.982528
12.777444,-16.788750
11.692028,-15.198306
10.944167,-14.797111
9.868306,-13.657139
9.751222,-13.597528
11.037917,-14.751722
11.934972,-15.141278
38.788722,22.825000
39.185806,23.350417
40.558722,26.738194
41.249472,28.979861
30.829556,18.015833
24.482083,35.182444
28.665833,32.843694
17.572111,42.148278
14.029139,43.126250
25.509944,51.475250
28.183194,48.614528
26.802917,55.521611
25.102861,62.350833
23.364944,68.563694
18.243333,72.943722
12.585389,74.941667
8.461667,78.099611
21.649167,87.642028
22.252472,90.851222
15.755417,95.327528
11.916250,98.639194
7.427472,99.508694
13.233278,100.935417
10.928333,103.425389
21.490389,109.118306
22.305750,113.076972
22.904556,116.115000
25.580417,119.367500
29.187917,121.630806
36.598722,120.770806
37.345417,119.849972
38.115417,118.488278
35.105389,126.420778
34.457083,127.304139
34.995417,128.464972
35.258750,129.238333
35.774972,129.497111
34.270778,136.511278
34.369556,136.845833
34.264972,136.827917
17.984556,120.485806
6.240833,116.277861
1.117500,124.335417
-5.265861,137.837889
-4.322944,134.980833
-3.142944,132.560000
-0.768806,131.509111
-11.597528,142.037111
59.549778,-153.629278
59.442528,-151.739861
59.626500,-150.016778
59.280722,-151.176444
59.753972,-149.756667
58.717778,-137.783056
58.236222,-135.225000
57.505917,-132.900194
55.182111,-130.655389
22.965111,-110.072500
31.008333,-114.837556
17.131722,-100.665694
12.616778,-87.335139
7.709056,-81.515639
28.730389,-96.587528
29.286250,-89.661667
30.282917,-85.623333
27.855833,-82.405444
35.035000,-76.934583
37.975417,-75.777472
41.409667,-71.507250
44.541583,-67.878222
43.932972,-64.844694
47.891917,-65.815083
48.894556,-68.734194
47.349111,-54.594444
49.611667,-56.175417
47.656056,-58.364278
51.784583,-56.213389
53.656222,-57.368417
54.759139,-58.130889
55.083333,-60.245889
55.794167,-60.479194
56.085000,-61.332528
56.254139,-61.825917
56.409944,-61.849222
56.323750,-61.668306
56.226278,-62.026750
58.113278,8.124111
56.328333,16.072444
52.270000,-6.385833
55.094972,-7.229194
51.382083,1.286639
52.910806,0.037528
37.125000,-8.927944
12.593750,-16.524194
11.494167,-15.398750
10.155389,-14.148361
9.278333,-13.343806
8.982500,-13.256306
9.529972,-13.485417
11.659556,-15.431667
38.134583,24.018333
6.233722,4.614194
5.753333,5.157889
40.412889,26.671528
41.792500,27.996917
23.942528,35.486222
27.987083,33.483278
17.113278,42.370417
13.603278,43.292889
24.150917,51.767111
27.574583,48.911639
26.500361,54.619972
25.137472,61.747000
23.632917,68.199944
19.052917,72.834972
11.799167,75.439556
9.152056,78.659139
20.692917,87.032500
22.240861,90.652889
15.880806,95.597056
11.571194,98.722500
7.250833,99.525417
12.862500,100.895417
10.808306,103.677944
21.686139,108.715722
21.945861,112.388722
22.745389,115.564222
25.191250,119.219139
28.269972,121.252917
35.799167,120.034556
37.031222,122.544972
37.127056,119.279139
37.977472,118.815417
34.548722,126.513333
34.553778,127.378306
34.798722,127.759167
34.838750,128.416694
34.641222,127.491694
36.929611,126.805750
31.563278,121.275389
18.430000,120.588750
5.899167,116.026222
1.325389,120.854167
-5.812917,138.234972
-4.811722,136.766278
-3.072472,133.700417
-1.425028,131.537944
-11.318778,131.930889
57.875667,-155.081167
59.853139,-153.228583
59.270861,-151.412056
59.643167,-153.269806
59.163472,-151.699250
59.823750,-141.205056
58.468361,-136.074222
58.510778,-135.132556
57.326306,-133.188222
23.421722,-110.234056
30.198194,-114.669111
17.618250,-101.510139
12.925917,-87.336778
7.869806,-81.205167
27.992083,-97.069194
29.514806,-90.231694
30.540167,-87.129167
27.784583,-82.783361
33.256528,-79.236528
38.744222,-76.277139
41.026667,-73.543750
44.027056,-69.528833
44.463722,-66.098333
44.942500,-62.188778
47.254528,-70.587167
50.202056,-66.318361
47.609778,-53.709917
49.313306,-58.255500
47.584972,-56.686694
52.599556,-55.858333
53.437056,-60.203333
54.584556,-57.355056
54.983333,-59.682528
55.508750,-60.275083
55.625000,-60.515889
55.741639,-60.865917
55.855389,-60.910000
55.675417,-60.655000
55.564167,-60.310833
58.884972,9.525806
57.466222,16.664972
53.967500,-6.357528
54.164972,-9.137472
51.727028,0.739917
53.694139,-0.697528
12.192889,-16.417528
11.085417,-15.131667
9.545389,-13.655861
8.603333,-13.024639
8.480389,-13.020056
8.841222,-13.139222
11.624972,-15.200417
6.422056,3.638306
5.387889,5.418306
5.109167,5.471194
5.550417,5.614167
41.077000,28.534917
22.660417,36.164972
27.522917,33.587472
18.277083,41.515000
13.144889,43.292889
16.964944,53.999472
26.907083,49.767444
28.883639,48.282444
25.169528,61.496611
23.885833,67.844583
21.814972,72.174556
11.563333,75.596250
9.802472,79.079528
20.294139,86.673778
22.185417,90.529139
15.921667,95.300417
10.955417,98.717611
5.118722,97.630778
12.617917,101.374944
10.537083,103.569972
21.868611,108.501528
21.671250,111.847500
22.856667,115.283750
24.897500,118.743750
27.957917,120.828361
32.086222,120.562472
36.455000,120.936278
37.461250,121.853278
37.116222,119.580806
37.244944,119.050417
34.967083,126.328306
34.663722,127.065806
34.416250,126.675806
36.938361,126.989611
33.425000,120.607917
30.292056,121.373222
18.622889,120.859972
5.561250,115.840833
0.224583,119.897528
-6.631250,138.670861
-5.023722,137.499139
-3.725444,133.811694
-1.667083,132.043333
-12.147111,132.684167
56.928917,-156.941722
58.082722,-154.497917
59.695722,-153.441722
58.257167,-154.206361
59.393056,-153.984306
59.464833,-151.439278
59.702028,-140.441750
58.684139,-136.360861
58.709194,-135.247528
26.779833,-113.326278
29.304083,-113.659000
18.073194,-102.748972
13.373167,-87.470639
7.665028,-81.203056
27.379972,-97.690444
29.617472,-92.036722
30.255639,-87.788194
28.692500,-82.641306
32.512556,-80.520472
39.190472,-76.575139
39.244556,-75.193361
42.242083,-70.772889
45.074944,-67.079750
44.497917,-63.900000
48.004556,-65.362528
48.460000,-69.287944
46.956472,-54.171917
49.379167,-55.277139
47.621722,-58.643556
47.799611,-55.791500
52.786222,-55.950056
53.252056,-60.635083
54.481222,-57.513417
54.979583,-59.383417
55.192472,-59.497583
55.174972,-60.082472
55.221694,-60.150861
55.324194,-59.779167
55.146250,-59.726694
58.036639,7.684167
56.156639,15.597528
52.159167,-7.077556
54.331694,-5.495806
51.109556,1.316611
52.009139,1.359167
12.096667,-16.352083
10.979556,-14.957500
9.189944,-13.265417
8.237917,-13.041694
7.092861,-11.750833
8.414583,-13.094167
9.854583,-13.775000
5.656222,5.434972
4.483306,6.241222
4.554556,6.951639
4.445000,6.827083
5.913722,5.272472
21.033722,37.095833
26.478306,34.081250
20.184528,40.173333
12.724139,43.466194
16.654472,53.120694
26.078333,50.153750
27.949167,48.747028
25.622889,58.365806
24.655000,67.176250
21.538361,72.265444
11.029167,75.855389
10.170028,79.239583
19.987917,86.315000
21.842472,90.258750
16.117472,95.115444
10.510889,98.498778
5.217917,96.624167
12.536222,102.071611
10.545417,104.072500
21.597833,108.305750
21.520361,111.506667
22.594139,114.748750
24.654139,118.439556
26.586250,119.849194
30.266639,120.222889
35.558333,119.644556
36.789556,121.499139
37.408722,122.404139
37.576222,121.301639
37.752028,120.998361
37.455389,121.525778
37.553750,122.127528
36.901278,122.250833
32.437861,121.289194
29.423694,121.959972
18.603750,121.207500
5.299972,115.375389
-0.063361,119.648722
-0.802972,122.188333
-5.386722,138.039528
-3.935444,134.817472
-2.120028,133.794583
-1.474194,137.893750
-11.371694,142.121250
57.348639,-156.452139
58.157250,-154.336139
57.189083,-156.350056
58.050500,-154.722722
58.932667,-153.376528
59.629639,-151.206167
59.225944,-151.007194
58.652472,-136.272639
27.855750,-114.307667
28.602500,-113.131056
18.215444,-103.211778
13.368250,-87.685500
8.020167,-81.685278
6.706056,-77.454917
29.680694,-93.991389
30.195833,-89.447083
29.768833,-83.583667
31.457056,-81.227556
37.207278,-76.801194
37.452472,-75.970389
41.754194,-71.380611
44.505722,-68.269056
43.710806,-65.146278
46.779583,-64.896667
48.359528,-68.750028
49.321639,-67.408806
48.175389,-53.672528
50.840389,-56.166667
47.600778,-57.347500
47.460944,-55.638444
53.013750,-55.998361
54.189972,-57.587556
54.060417,-59.038389
54.682889,-57.781694
54.811222,-58.548361
54.989583,-58.973389
54.849167,-58.934167
54.786639,-58.225861
54.824194,-57.992500
58.518306,8.940778
53.843361,14.622417
52.816694,-6.120917
54.846250,-5.725056
51.486222,0.481639
11.973722,-15.880861
10.682472,-14.631278
8.615417,-13.103361
7.556194,-12.350889
6.502917,-10.925861
6.655361,-11.241583
6.621222,3.814167
5.167472,5.364556
4.664167,6.982917
4.562111,8.721667
4.531639,8.882083
4.723333,8.661250
19.372944,37.320806
25.263333,34.787056
21.504583,39.171667
12.784556,44.519972
16.511278,52.698333
24.969111,50.802889
27.427889,49.155806
26.677028,55.084972
25.347111,63.864972
21.191250,72.087528
10.758306,75.928722
9.661222,80.364194
19.627083,85.429167
21.921917,89.957417
15.829556,94.856667
10.158333,98.520500
5.542889,95.828306
12.379556,102.294139
10.245778,104.587083
21.528750,107.865944
21.465833,111.280417
22.537500,114.208750
24.115861,117.907917
26.800389,119.624972
28.948722,121.523278
31.972472,120.857056
35.622472,119.826194
36.805778,121.475444
37.096639,122.462917
37.424583,122.670000
37.258722,122.567472
36.992083,121.980833
32.862472,120.928750
31.317917,121.667500
26.415000,119.835417
18.274556,121.906639
5.192889,115.570833
5.401222,118.954139
0.417500,123.132056
-6.148806,138.379194
-4.517500,135.962028
-2.510056,133.476250
-2.244611,136.632333
-12.528806,141.653361
56.324194,-158.431278
56.991583,-156.641778
56.238417,-158.369778
56.790778,-157.250278
57.640833,-155.775417
58.516250,-153.906639
59.073278,-154.065194
59.658194,-151.679500
58.379583,-136.358361
27.617306,-112.476694
19.234750,-104.811750
13.168944,-88.068583
8.205083,-82.001556
6.846667,-77.687806
29.068611,-95.139556
29.871667,-89.320472
29.739611,-84.985944
26.783306,-82.062972
35.472917,-76.943361
38.348528,-76.176667
40.910389,-73.758333
44.005361,-69.814111
45.249111,-65.818000
44.671250,-63.049167
48.031250,-66.370056
47.904750,-69.816972
47.105972,-53.666806
49.167083,-55.300889
48.558694,-58.893278
47.661361,-56.229361
52.011639,-55.897500
52.982861,-55.866694
53.717917,-56.896750
54.022917,-58.468417
53.317083,-60.215000
54.227500,-58.380889
53.387472,-60.009278
53.679556,-59.260028
54.135389,-58.106722
54.082528,-57.354139
56.154611,15.068278
54.505333,9.971639
53.414972,-6.135889
50.787889,-0.005000
11.894972,-15.543778
10.484139,-14.661278
8.573722,-12.897500
6.749472,-11.207389
5.889972,-10.056278
4.896250,-2.274194
6.386222,4.203333
4.342083,6.435806
4.810000,8.334583
4.037917,9.079167
4.064972,9.695417
4.001250,9.324972
39.551250,23.005833
24.125833,35.492083
26.845417,33.988306
12.620806,44.189583
15.332056,51.602444
24.797528,51.491222
26.625389,50.161611
27.704583,48.841639
25.213722,62.137500
20.967472,71.562083
10.182889,76.173306
9.633750,80.097500
19.127472,84.787917
21.911083,89.479083
16.054944,94.601222
9.572083,98.545000
5.450806,95.238750
12.303750,102.264167
10.112500,104.868722
21.288750,107.533361
21.331639,110.429583
22.281639,114.279611
23.576222,116.852500
25.410806,119.589611
28.132472,121.011250
30.406250,120.645806
32.758278,120.845417
34.931639,119.184528
35.971222,120.291667
36.053750,120.301639
34.763750,119.335000
33.797917,120.474972
31.758750,121.575000
29.954972,121.719500
15.929139,119.869556
18.517889,122.209972
9.246222,126.088306
5.677472,118.546194
1.642472,125.163750
-7.003750,138.620806
-4.953750,137.240833
-2.934583,132.279139
-2.767944,135.988306
-12.784167,141.770417
55.645639,-159.545000
56.156667,-158.328861
55.682417,-159.675222
56.052389,-158.529167
56.471722,-157.891500
57.511000,-156.039694
57.724833,-155.346639
58.345639,-154.174444
58.709917,-153.487722
26.713250,-111.594139
26.700750,-109.563583
13.224056,-88.353444
8.300889,-82.245111
7.136417,-77.781000
28.717472,-96.256306
29.161194,-89.054194
30.124583,-85.542500
26.914972,-82.358806
33.897361,-78.389528
39.288472,-76.395111
39.020833,-74.948806
41.564250,-70.583472
44.617556,-67.491639
44.160583,-64.483417
46.960417,-64.835028
48.977083,-64.360000
48.185389,-69.610861
48.070389,-53.854222
49.925417,-56.209194
47.640028,-58.422278
47.886611,-55.834333
51.650000,-56.707472
52.652056,-55.838389
53.511667,-56.000861
53.761250,-56.605083
53.548306,-57.322528
53.825417,-57.145028
53.540000,-57.140889
53.667056,-56.605083
53.607500,-56.279250
58.213333,8.289167
57.045389,16.550000
51.956667,-7.840889
53.584556,-6.145056
11.782472,-15.872944
10.342917,-14.475833
8.083306,-12.896250
6.290389,-10.794972
4.606250,-6.968333
5.072472,-1.422111
5.854139,5.003722
4.571611,6.732111
4.662083,8.804194
3.883333,9.700417
3.313333,9.878750
3.744556,9.674972
4.779972,8.558722
23.349222,35.560389
25.670778,34.569528
12.693667,43.768278
15.167083,51.132472
24.132028,52.672472
25.664972,50.195528
27.334556,49.302500
25.164583,61.172444
20.844556,71.324139
9.621639,76.297917
9.534556,80.234111
18.153750,83.809972
21.801111,89.122444
16.241667,94.520389
9.489972,98.437861
5.173306,95.309611
12.700778,101.707944
9.939583,105.052500
20.949528,106.968333
20.265417,110.115833
22.430750,113.539500
22.964556,116.299167
25.220833,119.086278
27.126194,120.415000
29.316694,121.824611
31.950417,120.058361
32.601222,120.882472
34.085000,120.352917
34.412083,120.045778
33.104111,120.755361
32.114167,121.427083
30.107917,120.656667
29.261639,121.965417
16.173333,119.751250
17.276639,122.426250
9.674167,125.595417
5.769167,118.162944
1.277083,124.577472
-7.299583,138.797472
-5.182500,137.706306
-3.474583,132.846639
-0.876222,134.074194
-11.597944,132.567528
55.384639,-161.179250
55.797222,-159.965333
55.562972,-161.397806
55.678333,-160.247583
55.934889,-158.910194
56.092694,-158.474833
56.393583,-158.478417
56.604028,-157.978306
56.701361,-157.561472
25.344528,-110.981694
29.814694,-114.408750
13.214917,-88.546667
8.325889,-82.692361
7.429111,-78.041556
28.260806,-96.927917
29.504861,-90.046667
30.315694,-87.326611
27.704556,-82.505889
32.547083,-80.212583
38.395389,-77.320250
37.532056,-75.740000
41.333222,-71.868806
43.987889,-69.279611
43.695972,-66.033417
44.843306,-62.548750
47.646389,-65.617111
49.237056,-65.715861
46.870806,-53.954556
48.775417,-53.977500
49.961667,-56.789556
47.631667,-57.765861
47.565833,-55.939639
47.571917,-54.854194
52.446694,-55.774167
52.741639,-56.032500
53.183306,-55.807500
53.384583,-55.986722
53.270833,-55.837528
52.837500,-55.850861
52.514972,-55.994139
47.108389,-55.658917
55.899167,14.280861
54.283333,11.085806
52.172083,-6.843333
11.882889,-16.090861
10.002917,-14.034167
7.823722,-12.870000
6.160361,-10.375889
5.067944,-5.627528
5.704556,0.129139
5.597028,5.293333
4.559583,7.139167
4.385833,8.892056
3.624556,9.762528
2.316611,9.774528
2.672500,9.848722
3.914972,9.454556
22.337056,36.485806
24.858278,34.992083
14.467472,42.984583
15.054583,50.614972
20.374528,58.350833
25.510806,50.923056
26.385833,50.210389
27.192444,49.397028
23.795361,67.724972
9.248306,76.412056
9.425417,80.124139
17.614167,83.238750
21.623333,88.440417
19.966194,93.432500
8.561639,98.209583
4.588722,95.645000
12.604972,100.927861
9.033778,104.820028
20.875389,106.710833
20.828306,109.704556
22.104111,113.002056
22.735833,115.336222
24.810833,118.723750
26.847111,119.857472
28.268306,121.427056
29.545833,121.513750
31.796222,120.794944
31.847056,121.099194
31.880000,121.842111
32.016222,120.505000
30.890833,121.897028
29.470417,121.772472
26.397500,119.657917
16.089111,120.104583
14.292917,122.620000
9.772917,125.408306
5.838750,118.124111
0.891222,123.985833
-8.037972,140.060000
-5.692944,138.221639
-3.178750,133.712500
-0.366250,132.715000
-12.329889,132.416972
-11.090861,142.153722
55.626417,-161.393194
54.928694,-162.836722
55.049972,-162.468833
55.505000,-160.650917
55.491639,-160.472528
55.797611,-159.399833
56.009528,-158.660194
56.191500,-158.613778
24.159417,-110.321111
28.948139,-113.557472
13.291333,-88.891972
8.041889,-82.907861
7.643917,-78.229222
27.330833,-97.459611
29.117306,-90.718222
30.364750,-88.187667
28.209556,-82.771667
31.525361,-81.275056
35.925389,-76.701694
38.268361,-75.985444
40.305806,-73.976306
42.693361,-70.789722
44.836639,-67.041556
44.510694,-64.300056
46.026222,-64.098361
48.186250,-64.864222
46.906583,-70.787583
47.469861,-53.198917
49.127028,-55.344194
50.389972,-56.464194
47.631222,-57.503222
47.615417,-55.873667
47.695833,-55.416611
46.878056,-55.867389
52.184611,-55.723333
52.336250,-55.816667
52.251667,-55.780861
46.897722,-55.497167
47.414000,-55.264056
47.535000,-55.889056
50.931250,-56.971722
56.768750,16.471583
54.904083,9.577444
12.215417,-16.319194
10.152056,-14.264167
7.634528,-12.509194
5.583750,-9.750861
5.131194,-4.994167
6.044500,1.081667
5.361222,5.532500
4.455361,7.522500
4.087056,9.490806
1.927500,9.817111
0.665778,9.611250
1.114583,9.445833
3.794944,9.800417
21.494139,36.957861
23.896722,35.782083
15.213778,42.705833
14.572083,49.229139
18.939583,57.505833
24.657167,51.344139
25.185806,50.558861
26.552472,50.010417
25.022056,61.819083
9.960806,76.285389
9.530000,80.371250
16.782472,82.355417
21.470000,87.060444
20.122861,92.861667
8.173333,98.367083
4.254167,95.976222
13.465389,100.229167
9.409111,104.831250
19.976194,106.159222
21.727833,108.533222
21.584139,111.676250
22.795389,114.702472
23.934556,117.724944
25.472528,119.608694
27.307917,120.549167
29.201222,121.479167
30.183750,120.976667
30.506639,120.948750
30.754167,121.396167
30.292472,120.411250
29.907056,122.129139
28.719583,121.645806
13.547889,122.350861
16.206667,120.415417
13.946639,123.314583
9.506639,125.871222
6.595000,117.522917
0.926250,123.280833
-8.919611,140.755806
-6.567111,138.618306
-3.904611,134.167528
-0.635444,131.913333
-4.043778,144.662500
-12.270889,141.696250
55.138250,-163.168889
56.000778,-161.232361
54.912889,-163.101694
55.119528,-162.629083
55.280917,-162.574472
55.225639,-161.926000
55.452917,-161.700111
55.155639,-162.100222
23.032556,-109.711611
28.361583,-112.857611
13.599806,-89.843917
8.720750,-83.457806
8.013778,-78.420861
25.482556,-97.557111
29.523222,-94.760167
30.091222,-89.929194
30.072472,-84.274556
25.994972,-81.722083
34.742500,-77.117417
39.093333,-76.441778
39.453333,-75.582083
41.559944,-71.212722
43.934389,-69.223028
43.685778,-65.814583
44.882889,-62.413361
47.279361,-64.971389
48.710389,-64.271667
47.484861,-54.445528
48.348694,-53.347556
49.371667,-55.374583
50.192500,-56.545861
48.424556,-58.510861
47.834028,-56.155944
47.438528,-55.941028
47.489389,-55.431417
47.605028,-54.935972
47.667361,-55.134111
47.465083,-55.731194
47.696639,-56.091222
51.547917,-55.883361
51.152889,-55.753361
55.386222,13.599972
53.900389,11.461611
12.473722,-16.678361
10.687944,-14.589194
7.288750,-12.207500
5.112056,-9.207556
5.233778,-4.100833
6.297889,1.934222
4.818306,5.529556
4.513333,7.777083
3.937056,9.658306
0.597917,9.513333
0.144139,9.829528
0.353278,9.584583
3.109111,9.965444
20.280000,37.205361
22.951611,35.692056
16.239194,42.801222
14.038722,48.562528
18.578306,56.647944
24.095361,53.982500
25.694111,51.561917
25.454167,50.378000
25.753694,50.191750
11.952056,75.292500
9.810389,79.995000
16.564583,82.297528
20.476667,86.737889
21.922472,90.107889
12.306250,98.643306
4.005806,96.282917
13.184583,100.016611
10.449194,104.427056
12.595000,109.202056
21.419139,107.753889
21.484139,111.013722
22.364556,114.372472
23.351667,116.635389
25.285444,118.960778
26.711667,119.840417
28.057917,120.672472
29.191222,121.759167
29.424556,121.501639
29.672889,121.805000
29.633750,121.955806
29.100000,121.630389
26.531222,119.784167
13.984139,120.630444
16.949194,120.425417
13.936222,123.446667
9.380833,125.968778
6.987028,117.069194
0.849583,122.804972
-7.433361,144.548694
-7.211250,139.059139
-3.986222,134.845861
-0.887944,131.259944
-3.576694,143.694583
-12.889194,141.941278
55.944889,-161.076056
57.490000,-157.642583
56.267472,-160.371639
55.800028,-161.993389
55.389083,-162.629889
55.180806,-163.122000
54.952917,-163.321722
55.241556,-162.901889
55.450861,-162.587944
27.256000,-112.210778
13.926417,-90.739139
8.432528,-83.271806
8.217194,-78.282167
3.128917,-77.495667
28.714111,-95.892833
29.600361,-89.682528
29.700833,-85.309167
26.523750,-81.965806
33.010750,-79.417667
37.418417,-76.687694
37.547083,-75.883333
40.687306,-74.115056
43.070139,-70.674028
44.709222,-67.384306
44.359167,-64.261556
45.253722,-61.328333
47.688250,-64.752417
48.854583,-64.409139
46.641333,-53.625056
48.618694,-53.823333
49.425000,-55.548833
49.611667,-56.792111
51.299583,-55.635083
48.498694,-58.531722
47.650750,-56.524444
47.671111,-56.325389
48.955389,-57.956667
49.137889,-58.004167
51.590778,-55.489222
50.093333,-56.254194
49.594139,-55.937917
49.343278,-55.042944
56.124944,15.787444
13.958333,-16.762139
11.094972,-15.061250
7.383333,-12.352944
4.928722,-8.870833
5.165417,-3.527528
6.396139,2.961528
4.466250,5.801667
4.830417,8.240806
3.812889,9.544167
0.059167,9.604556
-0.639222,9.106194
0.180389,9.365000
1.617500,9.607056
18.267111,38.302500
22.106667,36.828750
23.687528,35.514611
13.918722,47.777472
17.585806,55.259556
23.605361,58.426667
24.545861,51.444583
25.816611,51.587722
24.866611,50.728750
16.440833,73.357889
5.944583,80.544167
16.277028,81.271667
19.713333,85.605417
21.839444,89.694056
16.591667,96.671278
3.583750,96.931611
12.818139,99.995556
10.621667,103.870389
11.189583,108.677500
21.107111,107.383306
20.977083,110.174139
22.368639,113.283306
22.849556,115.750806
24.666222,118.148333
25.569972,119.525389
26.788750,120.129139
28.305000,121.132917
28.634139,121.516222
29.027917,121.694167
28.301639,121.642917
27.162083,120.415000
24.998333,118.979556
14.494583,120.895806
18.321667,121.631250
13.935806,123.710417
8.844139,126.332889
6.578306,117.402111
1.070806,121.943694
-7.510833,144.709583
-7.885417,138.966639
-4.771722,136.582917
-1.514639,131.716667
-2.734639,141.422472
-13.502500,141.549583
57.612861,-157.610056
58.767028,-158.415833
58.202361,-157.260583
56.671889,-159.324306
56.580694,-159.692111
55.776250,-160.366722
55.871667,-160.932528
55.781639,-160.755944
55.914139,-160.582556
26.730611,-111.815028
13.924944,-91.181778
8.785111,-83.625056
8.382250,-78.134083
3.049250,-77.616583
28.324583,-96.642556
29.309583,-89.806722
30.369861,-87.294944
27.217472,-82.502917
32.352889,-80.785722
36.043750,-76.624167
38.912056,-76.326389
39.189583,-74.674194
41.581750,-70.859111
43.893111,-69.505944
45.435361,-65.355806
44.719556,-62.860000
46.269167,-64.562139
47.838278,-65.000000
46.998333,-55.201667
46.756722,-53.000000
48.671194,-54.002528
49.522083,-55.275889
49.984167,-55.487944
49.753306,-56.918722
50.585833,-56.227500
50.939139,-55.879222
50.756667,-56.110806
49.900389,-56.483361
49.964556,-55.885861
49.491222,-55.772583
49.357944,-54.915028
49.122917,-53.596722
48.680000,-53.093750
53.677111,14.426528
11.325389,-15.474167
7.691667,-12.622944
4.535444,-8.065028
5.011250,-2.725028
6.342861,2.431528
4.419556,6.105000
4.727889,8.434167
1.353722,9.464139
-0.745000,8.743694
-1.291667,8.990361
-0.683306,8.943750
0.467500,9.598750
36.785417,23.082500
21.014556,37.255000
22.835778,35.784556
13.489556,46.848306
16.760333,53.609833
20.675389,58.632444
24.100389,53.487472
24.573333,51.300389
25.186222,51.618194
20.770806,70.660361
6.000000,80.254556
15.742472,80.812056
18.888333,84.608722
21.617083,88.957500
16.384583,96.099139
3.263750,97.177500
11.643278,99.714444
11.090389,103.597500
10.805806,108.035389
20.686222,106.704111
20.504556,109.848333
21.785389,112.041667
22.654583,114.565806
23.669139,117.202083
25.127083,118.961639
26.322889,119.831639
26.632111,120.061611
27.407444,120.637028
27.648333,120.673778
26.922889,120.145000
25.961639,119.703694
13.213306,123.316250
14.637083,120.330861
17.782444,122.137056
12.911639,124.116222
8.532056,126.314167
6.391667,117.720389
1.267472,121.472111
-7.902528,145.387083
-8.330444,140.155889
-5.059167,137.337944
-1.598333,131.783722
-2.450000,140.628333
-14.890028,141.599556
59.020917,-158.427889
58.829972,-159.546806
58.945639,-158.598528
58.725611,-157.725833
58.003167,-157.619806
57.414167,-157.992556
56.806278,-158.657778
56.867583,-158.908361
57.199278,-158.455083
25.967500,-111.358778
16.018222,-94.086583
8.935667,-83.616083
8.359778,-78.058222
3.342389,-77.417611
27.680806,-97.317139
29.208278,-90.635694
30.345806,-88.690611
27.788333,-82.756306
31.359583,-81.375000
34.717889,-76.619194
38.362722,-76.986472
37.876639,-75.449556
40.745000,-73.971250
42.519972,-70.865222
44.416639,-67.946917
44.098167,-64.563639
45.013278,-62.027083
46.686250,-64.786694
47.749722,-64.845222
47.416500,-54.714639
47.858333,-53.435028
48.720806,-53.894583
49.414139,-54.279611
49.459139,-55.367111
49.475861,-56.077944
49.782056,-55.871694
49.667028,-55.977500
49.381250,-55.687472
49.375000,-55.219611
49.342917,-54.471694
48.935389,-53.814972
48.597889,-53.356667
47.733750,-52.717778
55.483750,14.308333
11.572056,-15.389194
8.395000,-13.267083
4.371139,-7.721611
5.124556,-3.277556
6.246972,1.698389
4.282083,6.166667
4.511667,8.500389
1.014528,9.653333
-1.696694,9.240417
-2.467083,9.699167
-1.892944,9.319972
0.070833,9.765417
36.546667,22.367889
20.002083,37.189167
21.792056,36.875833
13.394500,45.862556
15.522083,51.932500
20.347944,57.964889
24.410778,56.714472
23.979972,52.011667
24.250917,51.635417
24.322111,51.438361
9.435028,78.922028
15.650833,80.262889
17.900361,83.455833
21.065806,86.853778
16.176639,95.734556
2.928750,97.475833
10.091222,99.154167
10.872889,103.131667
10.419167,107.120444
19.708333,105.862889
21.330861,107.635472
21.395417,110.774167
22.363750,114.068306
22.812917,115.935833
24.539500,117.988250
25.306278,119.254972
26.202917,119.645028
26.641639,119.548694
26.448722,119.715833
25.729139,119.602917
24.888333,118.679556
13.732056,122.508333
16.259167,119.901222
16.135444,121.950806
8.611639,123.574583
4.266667,113.929583
6.045778,117.970417
1.022083,120.772472
-8.125417,146.105000
-7.513750,143.726722
-5.295417,137.979194
-2.227944,133.123361
-2.333806,139.717500
-11.212556,131.822944
58.481444,-159.086278
-10.914611,142.276694
58.852611,-160.987750
58.581083,-158.771250
58.791806,-158.803028
59.032333,-158.278056
58.983278,-156.973944
58.506361,-157.441750
58.738361,-157.071722
24.198194,-110.511222
15.670500,-96.357389
9.219861,-83.845083
8.388306,-78.233667
3.454028,-77.323472
26.405333,-97.435056
29.372278,-94.879222
29.970361,-89.428361
29.921722,-84.410444
25.843750,-81.385833
33.321611,-79.163167
36.171472,-75.957194
38.568250,-76.053194
39.321250,-74.655833
41.643306,-71.258361
43.857417,-69.981361
44.954833,-67.100583
44.469250,-64.091167
45.162889,-61.569167
46.389972,-64.614639
47.463250,-64.872583
47.523361,-54.495889
47.728167,-53.220778
48.537917,-53.635833
48.828722,-54.042528
49.320028,-53.606306
49.344139,-54.740500
49.540806,-54.519611
49.468722,-54.023333
49.026194,-53.840861
48.687917,-53.740028
47.902583,-53.730694
47.504139,-53.022417
19.821639,-73.372111
10.917500,-71.407083
12.632500,-16.633722
8.526222,-13.163333
4.702889,-8.474167
5.207861,-3.799167
5.766250,0.725806
4.390778,5.971250
4.684556,8.280833
0.511639,9.333722
-2.202500,9.547889
-3.225861,10.527083
-2.962111,10.247500
0.107889,9.464167
39.875000,18.401250
18.394583,38.088278
21.153778,37.189972
12.823750,44.990806
14.841222,50.180833
18.817083,56.942500
22.554139,59.512083
24.420417,54.474139
24.133750,53.115778
24.012472,52.327917
9.258750,79.090861
12.859139,80.249583
16.841222,82.315806
20.194556,86.535000
15.915000,94.600361
2.256250,97.835833
4.013750,100.771667
11.461222,103.101694
10.407000,106.823278
17.337778,106.768222
21.008722,107.084972
20.641250,110.354167
21.758722,112.589167
22.465000,114.528722
23.315389,116.628333
24.569583,118.260000
25.134139,119.151222
25.370833,119.484583
25.413750,119.131694
24.878750,118.940000
12.861639,123.720417
13.758306,121.432028
16.583722,120.299139
14.197528,122.263722
8.520000,123.784556
4.592028,114.020000
5.707472,118.075417
0.832472,120.617028
-8.685000,146.493750
-7.402917,144.640806
-5.553778,138.055000
-2.164611,133.947444
-1.758750,138.503333
-11.892083,132.642500
-11.753361,142.070361
-12.167139,141.928333
58.962222,-161.785056
58.696472,-161.843194
58.629417,-161.831472
59.047278,-160.396139
58.920278,-160.149556
58.846833,-159.792333
58.629833,-161.523194
23.709833,-109.701556
27.023361,-112.011583
9.440500,-84.177167
8.477139,-78.319861
3.519722,-77.244694
25.272111,-97.781667
28.736639,-96.435444
29.288694,-89.165056
30.209583,-85.695806
26.492917,-81.883361
32.347972,-80.733972
35.395361,-76.611694
38.115556,-76.481944
37.985861,-75.428750
40.466833,-74.262194
42.082611,-70.171000
43.845417,-69.642000
45.051667,-66.818778
44.641250,-63.392500
45.663306,-61.817972
46.174028,-63.945639
47.057444,-65.139083
47.372528,-54.867861
47.009944,-52.926278
47.806389,-53.867194
48.449167,-53.651333
48.412917,-54.090028
48.564972,-53.719611
48.449972,-53.842889
48.438306,-53.075472
47.588833,-53.546583
46.693972,-53.345889
20.813722,-75.594167
19.728694,-72.049722
11.209556,-70.772528
10.087083,-64.833361
11.694583,-15.255000
5.382917,-9.501694
5.179556,-4.583333
5.775361,0.575806
4.560833,5.664556
4.543722,8.140833
0.189972,9.807917
-2.773750,9.998278
-3.965444,11.183250
-4.518333,11.748694
0.234167,9.317056
39.000000,17.172972
15.607444,39.454583
19.652500,37.239556
21.352500,37.060389
13.969972,48.179611
16.962917,54.885833
20.866639,58.747889
23.706250,57.908306
25.240722,56.364583
24.212861,54.241639
9.001639,78.269583
11.295000,79.837056
16.405833,81.962944
19.379139,85.036222
21.784889,89.017889
2.495806,97.646250
4.254556,100.641667
11.752472,102.895417
10.394889,106.792889
15.447500,108.701222
20.449944,106.533722
21.485361,107.991750
21.218722,110.555806
22.209889,113.531139
22.691194,114.945833
23.460389,116.865806
24.361222,118.043333
24.596639,118.667917
24.213306,118.015417
12.961639,123.507083
13.945417,122.550000
14.724167,120.901222
18.170417,122.257500
13.730417,123.121639
8.538278,124.309528
4.691222,114.486694
5.777500,118.338750
0.799167,120.239556
-0.898778,123.053306
-7.708361,144.871278
-5.852083,138.338361
-2.343806,133.920833
-1.566694,137.607944
-12.230028,132.158778
-12.056694,141.806250
-12.580472,141.785000
59.970000,-164.086639
59.808444,-163.433306
59.800750,-161.969667
59.312972,-161.998750
59.113472,-161.721472
59.431889,-161.822333
59.991611,-162.756583
26.378722,-111.426361
9.756806,-84.627583
8.574944,-78.539250
3.659944,-77.204389
-0.570028,-80.444556
28.151944,-97.120500
29.388222,-90.054944
30.355806,-88.442917
27.348306,-82.550389
31.308722,-81.407556
34.155667,-77.860139
37.212667,-76.759028
38.766333,-76.310306
39.122472,-75.407972
41.101222,-73.367528
42.292528,-71.005889
44.274806,-68.602139
43.545833,-65.337944
44.690389,-63.176694
45.692056,-61.571722
45.851639,-63.712778
46.228750,-64.230028
46.509556,-64.654167
47.165583,-53.449250
47.211000,-52.851694
48.040833,-52.982083
48.047056,-53.082528
47.588972,-53.253333
47.476472,-52.678528
22.179583,-81.785889
22.392889,-79.047556
20.368694,-74.515833
19.705028,-71.733028
11.292083,-70.483333
10.249556,-64.620000
8.399528,-59.740861
6.912028,-11.479111
5.099556,-5.441694
5.310389,-0.691722
5.625389,5.250833
4.591639,7.551222
-0.788389,8.796194
-3.447056,10.672472
-5.198472,12.124611
-6.139611,12.389972
-0.206722,9.303750
55.512917,9.626667
54.968306,9.752472
18.864139,37.424583
20.647472,37.203750
13.412083,46.372500
15.769139,52.192944
19.529139,57.697083
22.847472,59.239583
24.047083,57.036667
24.759111,56.461056
8.773306,78.195361
7.967500,79.733389
15.756667,81.012917
18.343333,84.132028
20.767917,86.929972
3.748722,96.630806
4.575806,100.658750
12.290417,102.267528
10.163306,106.175333
13.529167,109.292056
18.840667,105.720333
20.907917,106.859167
20.384972,109.880361
21.535417,111.390028
22.516250,114.079944
22.486222,114.260806
22.804528,115.044194
22.458778,114.290833
13.523722,123.000000
13.778750,122.743333
13.968722,121.749972
15.565417,119.919944
17.007472,122.482083
13.717472,123.961222
8.735833,124.776250
4.971222,114.860833
5.569139,118.595389
0.511250,120.036722
-0.563778,123.200833
-7.962111,145.709194
-6.840444,138.878333
-2.613306,133.692889
-1.795472,137.113306
-12.207083,131.196694
-12.670417,141.835000
-13.110028,141.617861
25.655806,-111.200417
9.990722,-84.804556
8.724917,-78.634194
3.671667,-77.205222
-0.682083,-80.351694
27.239556,-97.493361
29.201528,-95.154000
30.034167,-89.457139
28.861694,-82.667139
25.693750,-81.283389
32.768722,-79.936722
35.484139,-76.530444
38.222556,-76.755694
37.442472,-75.836222
39.698722,-74.180028
41.609750,-71.404250
42.622556,-70.617806
44.091222,-69.102861
43.462528,-65.492111
44.468694,-63.560889
45.118750,-61.651667
45.725417,-62.229167
45.797306,-63.090361
45.826444,-63.530000
45.730722,-63.315667
45.675417,-62.682528
45.707500,-61.898778
45.352917,-61.306667
35.901667,-76.034667
22.992083,-82.993389
21.793722,-77.718333
18.659611,-74.305056
19.781222,-70.511694
11.486250,-69.925056
10.447056,-64.005000
6.699167,-58.197083
4.202778,-51.259500
4.931222,-6.107528
5.198750,-1.009139
6.464528,3.549972
4.621639,7.178722
-1.017972,8.863306
-3.700833,10.975389
-6.208389,12.315389
-6.635000,12.557056
-6.072111,12.581667
54.799528,9.793167
54.347472,10.154139
17.628417,38.802972
19.065000,37.367917
12.856639,45.059583
14.779556,49.757500
17.918722,56.104972
21.263750,59.060806
23.510833,58.733694
23.836222,57.484972
8.194972,77.778694
8.315000,79.766222
14.585417,80.181611
17.188750,82.464139
19.856222,86.073333
4.843306,95.424528
4.717500,100.572917
11.969111,99.850306
9.825833,106.008750
12.370417,109.333278
16.549528,107.636556
20.109139,106.305417
20.925028,107.157917
20.822500,110.373750
21.178333,110.407083
21.702083,112.294139
21.978306,112.837889
13.780389,122.070833
13.501639,122.603750
13.194194,122.554556
14.231611,120.586222
17.685389,120.360778
13.920389,122.143333
12.967500,123.998750
9.033306,125.178722
4.947361,115.022167
5.476222,118.862528
0.833750,120.360028
-0.732944,122.933389
-7.965028,145.757083
-7.240472,139.022528
-2.558361,133.394583
-2.015444,137.228306
-12.389222,130.837944
-13.374194,141.728722
-14.005861,141.510444
24.585056,-110.739083
10.168917,-85.091028
9.009028,-79.190194
3.793444,-77.121806
-0.924611,-80.583361
25.347556,-97.413778
28.568722,-96.558333
29.349528,-89.312528
30.130000,-85.725472
25.944167,-81.689611
31.703361,-81.188722
34.716250,-76.699194
36.517889,-76.031722
39.032361,-76.525417
38.382472,-75.127917
39.822472,-74.087056
41.683222,-70.664111
42.363472,-70.971389
43.720917,-69.856889
44.686278,-67.146028
44.247417,-64.280972
44.798278,-62.712972
45.040806,-61.846250
45.259972,-60.993722
45.438778,-61.295833
45.248750,-61.144222
45.132333,-64.280250
36.970417,-76.292528
20.210389,-77.382528
23.180361,-82.090056
21.735806,-77.401250
18.422056,-72.894222
19.259556,-69.169222
11.633333,-69.776306
10.494556,-63.737556
6.135139,-57.184056
-2.021278,-49.255861
4.769583,-6.563361
4.754611,-1.981694
6.397889,3.379139
4.473333,6.837083
-0.972528,8.867083
-4.255472,11.445000
-7.028333,12.827111
-8.040861,13.202083
-7.439139,12.943722
54.307083,10.705000
53.959528,10.888222
15.475833,39.842083
18.112139,38.425000
18.682056,37.752528
13.638722,47.330833
16.195861,52.238750
19.075000,57.796250
21.981667,59.657889
23.231250,58.958333
8.396667,76.973722
8.863306,79.935417
13.224167,80.321250
16.324583,81.677472
18.559139,84.335444
5.651278,95.409111
5.184139,100.418694
10.604056,99.287944
8.787472,104.916222
10.949583,108.336667
15.967472,108.293722
17.962444,106.515361
20.255389,106.536639
20.951250,106.725000
20.387056,109.992500
20.362056,110.462500
18.605750,105.826167
13.727472,120.880389
13.636222,121.141639
13.847472,120.720417
15.264167,120.015417
16.306250,122.221639
14.286667,122.807056
8.218333,122.994611
9.000000,125.524583
4.897833,115.339222
4.592917,118.444194
1.320389,121.095861
-0.630000,122.894556
-8.315806,146.244556
-7.536278,139.106694
-2.447972,133.084139
-2.176194,136.881778
-12.416250,130.677528
-14.381667,141.546222
-15.197111,141.594972
24.040194,-109.883972
9.980472,-85.116139
9.153749,-79.792027
3.901556,-77.101972
-0.196250,-80.310028
24.244167,-97.756250
27.823750,-97.423361
29.090000,-90.209861
30.089139,-90.412361
26.956250,-82.220861
25.225417,-80.539972
32.869944,-79.703806
35.532889,-76.607500
37.423444,-76.422444
39.120944,-76.131972
38.606639,-75.057944
40.058361,-74.072444
41.508806,-70.983667
42.039028,-70.637278
42.823861,-70.839472
43.564167,-70.227278
43.964028,-69.841028
45.325694,-63.703806
45.157361,-64.190000
45.389111,-63.594750
41.653194,-69.966861
37.425222,-76.251889
35.680000,-76.006306
20.624972,-77.199611
23.072056,-80.869194
21.237056,-76.298361
19.301417,-72.720250
11.711944,-72.682556
11.953333,-69.808778
10.672889,-63.775833
5.974583,-56.676694
-1.887944,-49.115028
-0.863778,-46.845000
5.027917,-5.862528
5.512889,-0.297528
4.500389,6.576639
4.517472,8.704556
-4.853389,11.884556
-7.810889,13.092889
-8.994167,13.026250
-8.765889,13.287028
54.044167,11.509139
54.415806,13.022472
11.573306,42.533722
16.400778,39.188694
18.012944,38.571694
12.732056,44.839139
14.279972,48.934528
17.886250,55.629167
20.580833,58.267028
22.420833,59.837917
8.990861,76.597861
9.390806,80.691194
11.526667,79.762889
15.875361,80.631694
17.415417,82.869139
5.268722,96.188333
5.777500,100.369528
9.204583,99.422528
11.636667,102.986278
10.469944,106.937833
14.169611,109.168333
16.635361,107.499028
18.106222,106.357472
19.163361,105.736250
19.413278,105.797028
18.364167,106.012889
14.864139,120.071222
14.426639,120.484583
14.785000,120.547917
14.864194,120.232083
17.368278,122.245417
14.176694,121.731250
13.698333,123.559611
8.695833,123.387111
8.644583,126.096667
5.543306,115.539583
3.822083,117.824972
1.036639,121.653722
-0.769194,123.459583
-9.272528,146.931250
-8.537944,140.403361
-2.716667,132.487889
-2.566972,136.248139
-12.593361,130.586250
-15.488750,141.488306
-15.914139,141.401250
23.711556,-110.622667
9.850889,-85.463250
9.235548,-79.809302
3.906028,-77.317278
0.100167,-80.058417
-4.097528,-81.049611
26.794083,-97.494639
28.699250,-95.745583
29.669111,-89.577917
29.024611,-82.743361
25.573306,-81.232917
31.774194,-81.176278
34.566722,-77.280972
36.182528,-76.087111
38.107667,-76.598444
38.226222,-76.059639
38.472500,-75.052083
39.538750,-74.340028
40.341667,-74.010722
41.624583,-70.321500
41.877611,-70.067833
41.825639,-70.545861
41.751750,-70.189861
41.804583,-69.938944
37.721222,-75.790000
37.730861,-76.323389
36.562250,-75.940361
19.962194,-75.165944
22.050417,-80.653333
22.495028,-79.424611
20.692917,-75.454194
19.884278,-72.573250
12.224111,-72.163583
11.194556,-68.404167
10.736222,-62.583361
5.771667,-55.881306
-1.752083,-48.900028
-0.873361,-46.737944
4.427833,-7.319972
4.912500,-1.744639
6.596611,3.465417
4.559167,7.405417
-5.569250,12.167917
-9.100056,13.018694
-10.122528,13.439556
-9.325000,13.176222
54.084194,13.795806
53.773750,13.966611
0.983694,43.873361
14.981667,40.410361
15.928333,39.302111
17.195083,38.996278
16.734167,39.124556
13.129083,45.457917
18.094528,56.511667
19.950861,57.790417
21.590778,59.424556
7.721667,81.716222
10.328306,79.492056
14.247917,80.125833
15.994583,81.127472
5.197083,97.329167
6.231167,100.225694
2.605806,101.689583
12.315639,99.990444
10.290333,106.455750
12.936611,109.434528
16.110389,108.239194
16.990722,107.126944
17.619861,106.553722
6.951667,121.967111
7.835389,123.509167
15.915000,121.567944
16.083333,122.011222
17.395806,120.456278
16.588333,122.314556
15.296667,121.377083
14.024972,123.041222
7.474139,124.132861
8.195417,124.096639
6.940389,126.241667
6.138306,116.138722
2.803694,117.618333
0.994611,122.220806
-3.177500,121.060389
-9.525000,147.299556
-8.181278,142.360861
-2.773806,132.776667
-2.120500,137.094972
-9.605833,149.787056
-16.349222,141.317083
-16.860056,141.067944
10.064111,-85.767583
9.388417,-79.844694
4.033806,-77.309000
0.168639,-79.966556
-4.442500,-81.274583
25.386306,-97.674194
28.004806,-97.157000
29.471250,-89.871694
30.167056,-89.715833
26.231667,-81.822056
30.294389,-81.390139
32.802083,-79.735861
35.382056,-76.757528
36.618861,-75.909167
38.401722,-77.044444
39.205028,-76.498111
38.221250,-75.246694
38.770861,-75.082139
39.058306,-74.789583
39.421639,-74.482111
39.030389,-74.801694
38.645806,-75.146278
37.899556,-75.699167
37.954139,-76.356889
36.886222,-75.983361
35.168000,-76.636333
19.962111,-76.670861
22.995417,-83.225833
22.146278,-78.254194
20.245806,-74.142944
19.899611,-71.619194
12.394944,-71.686306
10.512917,-67.593333
10.674111,-61.904528
5.981222,-55.449194
-1.439194,-48.672083
-1.000056,-46.596278
-2.847528,-44.268750
-2.879583,-39.904194
4.510806,6.632944
-5.977528,12.373778
-9.817500,13.288722
-11.282528,13.827889
-10.865028,13.796250
54.309167,16.190778
-4.680861,39.201944
0.395833,43.254556
11.918361,43.149500
14.991667,40.155389
15.299167,39.695389
15.202500,39.850389
15.278333,40.054583
14.657056,41.079167
17.033750,54.525806
17.180000,55.204583
6.175444,81.239111
7.495000,79.797111
12.569972,80.187083
14.878306,80.088750
4.820000,97.929639
6.723750,99.905000
2.832917,101.335806
10.881556,99.511333
9.869194,106.008694
11.793278,109.191250
14.692500,109.080389
16.325833,108.030417
16.787028,107.331500
5.887472,125.076250
7.654972,123.144583
12.539556,124.070000
14.876667,121.588722
15.614972,121.568722
14.604139,121.606222
14.013750,122.305000
13.065806,124.013722
7.636611,122.123722
8.955361,124.968333
2.365806,111.302083
6.605528,116.539278
1.365389,118.521667
0.977083,122.528361
-2.854639,121.069972
-9.874167,147.514611
-7.768333,144.086250
-2.537500,133.382944
-1.696694,137.337056
-5.935028,147.354611
-16.589222,141.226222
-12.347139,136.921667
24.300000,-110.201972
9.083793,-79.898838
4.228278,-77.523389
0.391472,-80.006444
-4.855861,-81.175444
22.965139,-97.756750
27.096222,-97.463333
28.621639,-95.983556
29.753028,-89.530639
27.904944,-82.648778
25.302500,-80.942917
31.553750,-81.232528
33.715611,-78.850083
35.393333,-76.481250
36.984583,-76.525861
37.858972,-76.742722
38.770167,-76.566972
38.147056,-75.911722
37.303139,-76.024222
37.211667,-75.923778
37.779167,-75.731278
38.355972,-76.391000
37.573250,-76.341861
36.888750,-76.352556
35.922972,-75.813139
19.955917,-75.123028
20.484139,-77.088778
23.153694,-81.608389
21.645806,-77.147917
18.569556,-73.876694
19.322917,-69.411694
10.309139,-71.407889
10.626222,-66.707528
9.886250,-61.935833
5.996139,-54.795917
-1.620056,-48.505444
-1.045833,-46.447917
-2.753333,-44.110444
-3.029222,-39.619556
-6.032556,12.443750
-10.506694,13.645417
-12.927917,12.969139
-12.141694,13.673750
54.343694,19.016556
-5.637917,38.901667
-0.378389,42.560389
4.899972,48.204556
14.001667,41.661222
14.755806,40.738722
14.946278,40.623306
14.332500,41.412917
13.808306,42.007083
12.888333,42.983750
10.398778,44.461667
8.097917,77.437528
8.530833,79.869556
10.824972,79.850444
13.454139,80.305417
15.319167,80.107917
0.850833,98.982056
3.452472,101.132944
9.327500,99.217111
8.759611,105.125000
10.401250,107.220861
13.306250,109.292444
15.293306,108.876194
16.192083,108.179167
16.357056,107.825750
7.632889,122.474972
7.696222,123.867472
13.130417,123.769167
14.248306,122.357889
14.074111,123.340389
13.372500,123.738750
7.152111,124.117528
8.527028,123.144139
9.065806,126.205389
2.855389,111.703333
6.863722,116.806639
1.156250,118.712472
0.940417,123.032472
-2.772083,121.045000
-10.166278,147.991667
-7.652944,144.195028
-2.544167,133.650417
-1.615472,138.080806
-5.746306,146.617500
-11.957917,136.504111
-12.012500,136.380389
-14.272972,144.413306
23.380861,-109.419306
9.099485,-79.766273
4.716528,-77.328111
0.608250,-80.037333
-5.088306,-81.172111
-8.289194,-78.959611
25.417528,-97.328778
27.880389,-97.285861
29.007472,-89.338750
30.089139,-89.744611
25.890861,-81.567917
28.495806,-80.771222
31.875778,-80.975972
34.448083,-77.534472
35.360417,-76.305861
36.307306,-75.819167
37.315889,-76.399917
37.659806,-76.460778
38.210972,-76.953611
38.122583,-76.348639
37.814889,-76.747472
37.291694,-76.601917
36.004417,-75.646778
35.923722,-76.277556
25.779139,-80.183722
19.992139,-75.874167
21.590389,-79.044194
22.954556,-80.120833
21.074556,-75.622500
19.073000,-72.816278
18.927917,-68.700889
10.999194,-71.208750
10.284556,-65.833361
9.457056,-60.983306
5.923694,-54.344250
-1.528778,-48.435861
-0.927083,-46.250833
-2.573361,-43.889611
-3.420000,-38.967139
-2.567917,9.795000
-12.605861,13.203722
-13.844167,12.521222
-13.226250,12.740806
-17.272917,38.094139
-1.350917,41.775361
3.338333,46.910389
11.738278,42.772056
13.203306,42.544583
13.592472,42.206250
13.477472,42.307056
12.882889,42.765833
11.380028,43.483639
10.823750,45.747528
11.114583,47.882500
8.615000,81.220417
6.976222,79.883333
11.878694,79.824167
13.913278,80.199556
1.237472,98.867083
3.997083,100.758333
8.509583,100.162472
11.185778,99.559472
10.026139,106.524083
12.376639,109.202056
13.842528,109.304556
15.080833,108.907056
15.687500,108.489583
7.315417,122.048333
7.501667,123.180389
6.533778,124.044139
6.018722,124.579139
12.835000,123.835389
6.239194,124.181250
7.640806,122.795389
8.131222,123.823333
7.767500,126.468722
2.915389,112.099111
6.697472,116.956250
-3.304194,118.856250
0.869556,123.681667
-2.668333,120.975444
-10.257944,149.003333
-7.523333,144.420417
-2.528361,133.801250
-1.954194,138.900444
-5.927111,146.978306
-12.202500,136.227972
-12.234583,136.049167
-14.415833,144.134611
8.290667,-80.408361
5.217750,-77.391528
0.835806,-79.885028
-3.707083,-80.730889
-8.657528,-78.740472
24.349139,-97.810444
26.900389,-97.545083
28.216222,-96.813361
29.396667,-89.561278
27.569556,-82.581667
25.297472,-81.091278
31.081222,-81.533333
32.361861,-80.545639
34.979139,-76.432889
35.390361,-76.377528
36.071528,-75.796417
35.968250,-75.664167
36.991639,-76.447944
37.112694,-76.302278
36.408389,-75.830861
36.370611,-75.920778
35.730917,-75.727083
35.006250,-76.320806
21.438778,-87.265667
19.862889,-77.442528
22.784944,-83.710444
22.299139,-78.712944
20.688722,-75.090000
19.694222,-71.848750
11.329972,-74.112944
11.444556,-70.138333
10.310861,-64.419611
8.535250,-60.498333
5.641222,-53.615028
-1.437528,-48.489583
-1.093389,-46.085417
-2.548361,-43.756278
-3.835833,-38.397944
-14.155000,12.373722
-14.952139,12.189944
-13.476667,12.534556
-8.456694,13.387889
-17.070028,38.659556
-1.954194,41.286222
2.313722,45.832500
7.833333,49.805361
11.575000,42.792056
12.600000,43.197000
12.224083,43.409556
11.575028,43.169500
10.407028,44.954111
10.720417,46.538306
11.338750,49.304167
7.924583,81.529972
7.117472,79.871722
10.349139,79.635389
12.227889,79.975806
1.793750,98.705806
5.566250,100.356639
1.740444,102.995000
9.677472,99.163694
9.417917,106.165806
10.591250,107.628306
12.664972,109.348694
13.885000,109.232083
14.496222,109.100000
5.750000,125.512889
7.491194,122.403333
7.595389,123.374194
7.301611,124.218722
6.804972,123.965417
7.402500,123.447056
8.103722,122.608306
9.309139,125.494611
6.176639,125.713722
3.209139,113.039583
6.012500,117.628750
-2.947528,118.865417
1.456222,124.810000
-2.662500,120.662944
-10.365472,149.545000
-7.669139,144.332889
-2.184611,133.619972
-2.124611,139.301639
-6.572083,147.844139
-12.092528,135.997111
-12.072917,135.610833
-12.844611,143.530000
7.553611,-80.952444
5.473972,-77.552611
0.934861,-79.631889
-3.514611,-80.405889
-9.177111,-78.511694
18.704056,-88.199361
25.333750,-97.549139
27.325806,-97.579611
29.245861,-90.282583
29.773333,-89.522944
25.923306,-81.674611
25.420000,-80.326250
31.152472,-81.507944
32.016000,-80.884750
33.962194,-77.962972
35.294139,-76.537917
35.418722,-76.065028
36.110417,-76.339194
36.147472,-76.237111
35.632167,-75.882139
35.224556,-76.516722
28.636639,-80.617917
25.152056,-80.441722
19.886250,-75.545083
21.028333,-78.489583
23.073333,-82.527972
21.727083,-77.412500
17.849139,-71.637139
19.906194,-70.875917
11.433306,-73.090417
12.136722,-70.119306
10.573722,-64.079194
7.855278,-58.958917
4.961639,-52.408778
-0.906694,-48.273750
-1.056250,-45.996722
-2.533361,-43.690417
-4.747528,-37.284583
-15.274222,12.058694
-15.970028,11.782056
-14.532528,12.315389
-16.643778,39.526667
-1.956694,40.873778
1.585806,44.598750
5.297500,48.500528
10.343750,50.939167
10.613722,44.051639
10.962361,43.675444
10.657083,45.321667
10.764556,46.097500
11.246194,48.334972
11.563111,50.202806
6.361194,81.554972
9.082472,80.071250
6.577056,79.954139
10.326639,79.875417
2.115389,98.197500
6.542028,100.020667
2.399611,101.974194
8.521611,100.048778
10.370333,99.198333
10.000361,106.512417
11.606667,109.039556
12.663750,109.447500
13.352028,109.257500
13.440028,109.316250
6.329139,126.191222
7.765361,122.760778
7.594972,123.030389
7.437083,122.842444
7.052028,122.210833
8.491667,124.642056
7.995806,126.419556
1.882889,109.677306
3.857917,113.578306
5.518306,118.802861
-2.471694,119.142917
1.380806,125.095389
-10.204611,150.390056
-10.516250,150.016667
-7.590028,144.112056
-2.246278,132.428306
-2.323083,140.088278
-7.547556,147.383778
-12.125861,135.306250
-12.007556,134.777056
-12.039194,143.163750
8.533583,-83.661306
6.046500,-77.328389
1.083639,-79.263167
-3.393806,-80.046750
-9.424583,-78.397528
-13.270056,-76.286278
23.328000,-97.763417
26.253667,-97.306750
27.430361,-97.530861
29.067917,-89.061722
29.840389,-89.343333
25.382917,-81.147528
27.196667,-80.210444
30.796000,-81.493722
31.652917,-81.261694
32.149861,-80.727750
34.787083,-76.497500
34.907472,-76.762944
35.002917,-76.514194
34.915000,-76.343778
29.069333,-80.908472
26.766667,-80.050111
21.531722,-87.740306
19.906222,-77.169194
22.102472,-81.203778
22.864139,-79.888750
21.088750,-75.960861
18.546944,-72.471750
19.094583,-69.478361
12.168306,-71.922944
11.399583,-68.789167
10.711250,-63.031694
6.768139,-57.971722
4.449139,-51.726833
-0.755861,-47.957111
-1.249639,-45.867500
-2.508333,-43.438778
-4.952139,-37.039222
-16.823750,11.778333
-17.248361,11.755306
-15.723333,11.912083
-11.688361,13.790389
-15.599583,40.441611
-2.286694,40.775389
0.025778,42.919556
4.071611,47.593750
8.180417,50.114139
10.958333,51.119556
10.932083,46.990028
11.179583,47.412500
11.286222,48.800861
11.470389,49.718306
11.809139,51.289528
-15.296278,47.092500
8.504944,81.182028
8.178306,79.822083
6.293333,80.036250
4.507056,98.176667
-0.087500,99.763750
3.120833,101.321222
6.861944,101.342528
9.318750,99.771639
8.995000,105.412083
10.089500,106.771583
11.347056,109.005000
11.953694,109.216639
12.085000,109.200417
6.652472,125.383778
6.994972,126.325417
7.356639,122.321222
7.908306,122.222889
7.997028,123.731667
8.367917,126.352444
6.523778,125.576639
1.634111,110.514472
4.865306,115.115056
4.818333,118.172056
-2.091694,119.188750
0.487472,124.508722
-10.260417,150.723333
-10.486667,149.928778
-7.675028,143.792056
-0.528361,133.092889
-2.631333,140.728361
-7.947111,147.721667
-12.224611,135.249139
-11.850028,133.828722
-11.098361,142.789583
-34.834583,173.415000
9.515000,-84.422444
6.289194,-77.445944
1.416333,-78.781917
-3.181278,-79.950028
-9.767056,-78.250028
-13.730861,-76.225444
20.663056,-97.170722
24.940389,-97.692500
26.370361,-97.410056
27.270417,-97.720861
29.197889,-89.100833
26.808306,-82.226306
25.141278,-80.904194
27.275833,-80.242944
29.477472,-81.122083
30.486111,-81.431389
31.105806,-81.404611
30.928722,-81.451556
29.850806,-81.312083
28.517889,-80.624194
26.967056,-80.106556
21.177472,-89.995194
19.992889,-76.240861
20.692917,-77.562472
22.897500,-83.472944
22.054167,-78.043778
20.622917,-74.748361
19.747528,-72.314417
10.631778,-75.448472
12.309944,-71.232972
10.459583,-67.920000
10.119972,-62.615417
5.867083,-56.160833
3.762972,-51.084111
-0.610028,-47.824583
-1.300028,-45.588778
-2.350444,-43.360861
-5.095417,-36.752500
-18.200056,11.922028
-19.321694,12.703750
-16.450861,11.827889
-12.441694,13.483750
-15.291694,40.662944
-3.182500,40.122889
-1.198028,41.890889
2.057917,45.401667
5.660861,48.746694
9.885833,50.871250
10.530028,51.110389
11.793694,50.529472
11.967639,50.827556
11.387500,51.109556
9.419167,50.830417
-15.508389,47.051222
7.318306,81.868750
8.860806,81.076222
8.060000,79.756222
-6.837944,105.674139
0.532500,99.102083
4.912889,100.510806
1.412000,103.531639
7.558333,100.427056
8.991667,99.918750
9.247917,105.854167
9.861667,106.474583
9.862917,106.555000
9.536667,106.382944
5.430389,103.081639
7.322028,125.734167
7.212500,126.562056
8.195417,126.373333
7.537528,126.586222
6.675000,126.229583
-0.654611,109.379139
1.629139,111.012056
6.963056,116.705250
3.988306,117.565389
-1.790861,119.317889
0.297056,123.525000
-10.354611,150.623361
-10.303750,149.389167
-8.272139,143.285833
-0.737111,133.451667
-2.606250,141.058361
-8.052944,148.039972
-11.783722,133.687472
-11.504167,133.042944
-10.965861,142.499583
-34.569583,172.778361
10.135056,-85.243528
8.399028,-78.366500
1.774361,-78.750361
-2.843361,-79.814611
-10.150444,-78.154167
-14.180028,-76.273750
18.819361,-88.049528
21.607722,-97.461806
25.133306,-97.784556
26.106611,-97.294667
26.539917,-97.428833
29.053306,-89.347944
26.555806,-81.944611
25.163306,-80.697917
26.330556,-80.075250
28.075000,-80.611278
28.203361,-80.634611
28.524167,-80.728778
27.765000,-80.437917
25.931694,-80.119639
19.048194,-91.111167
21.487917,-88.655000
19.979139,-77.652083
21.752889,-79.991694
23.052889,-81.190806
21.377889,-76.791722
18.157056,-73.804194
19.382500,-69.845472
11.048750,-74.666639
10.658333,-71.519611
10.653750,-66.234167
9.892861,-61.612500
5.908722,-55.068333
1.800694,-50.121417
-0.749583,-47.722500
-1.374194,-45.301278
-2.695056,-42.728778
-5.095417,-36.250833
-19.755833,12.917917
-21.448361,13.815361
-20.597528,13.331250
-20.512083,34.674139
-14.873333,40.661222
-4.085361,39.578167
-1.958694,41.168333
0.654583,43.499972
3.847861,47.401667
6.997472,49.367083
9.014167,50.579583
10.371194,51.367472
10.476639,51.200417
8.624972,50.330417
-16.220861,44.784583
-15.234583,46.874972
6.044944,80.867056
8.158306,81.432917
9.113333,80.865389
-6.837889,105.253333
1.560000,98.774583
-1.703333,100.713722
2.178750,102.291667
3.650000,103.372917
7.190833,100.594583
8.112500,100.309583
7.217056,100.535833
6.962778,100.853222
6.239500,102.099111
3.451667,103.451222
6.014139,125.289556
7.025000,125.519583
6.726639,126.091222
7.077056,125.944167
5.859556,124.999139
-0.203778,109.104944
2.043306,111.197056
6.769167,117.239583
3.103750,117.522500
-1.060000,119.463722
-1.019194,120.531250
-10.405444,150.399167
-10.142556,148.797917
-8.318306,142.722889
-1.193750,134.174139
-3.169694,142.405889
-9.013778,149.175806
-11.167528,132.356222
-11.371278,132.220861
-10.951250,142.604194
-35.588306,173.421278
-34.531250,172.989139
9.572417,-85.131694
8.903917,-78.902417
2.004083,-78.656611
-2.467500,-79.712917
-10.512556,-77.937111
-14.364583,-76.097556
15.964222,-88.591778
19.983333,-87.466250
22.719667,-97.857222
24.843333,-97.742917
25.068306,-97.513778
25.882639,-97.145361
25.972556,-97.222833
27.806222,-82.613361
25.554583,-81.110861
24.956222,-80.589167
25.199556,-80.384222
25.207500,-80.341250
25.199972,-80.434556
18.684139,-92.270750
20.909611,-90.343472
21.563306,-87.030083
21.353333,-78.557944
22.564556,-84.140806
22.305806,-78.567917
20.715806,-75.602944
19.471778,-72.786361
18.354139,-68.616222
11.260389,-73.780000
11.514139,-70.078778
10.375000,-64.337083
8.829944,-60.852167
5.673167,-54.032972
-1.847140,-50.097000
-0.692528,-47.235444
-1.511278,-45.131694
-2.830000,-42.087111
-5.089583,-35.759139
-21.041694,13.549556
-22.971250,14.436611
-22.689250,14.522833
-18.966694,35.903750
-14.415444,40.773306
-5.025444,39.098306
-2.305861,40.960417
-0.905917,42.072056
1.857028,45.006611
4.421639,47.914556
6.078333,48.997083
7.452500,49.678750
6.558333,49.141222
-19.063750,44.229167
-16.189611,44.524972
-15.636667,46.352083
-14.286250,47.995806
6.887528,81.832083
8.504167,81.332028
-6.385000,105.813722
4.565389,97.975833
-0.732944,100.215861
3.828306,100.819611
1.461167,104.067583
5.721222,102.682500
6.857806,101.536639
6.458611,101.817472
6.116556,102.381250
4.766639,103.425389
1.444139,104.299611
2.564139,100.107083
0.524556,103.054972
5.693333,125.285444
-4.153361,114.602083
-3.439611,112.533306
1.041639,108.967917
2.734972,111.487889
5.755417,117.913306
1.443750,118.402444
-0.807528,119.873722
-1.154167,121.274583
-10.588361,150.609611
-10.060417,147.825861
-9.073750,143.138278
-2.501667,134.297083
-3.334583,142.912417
-9.049583,149.316722
-11.179222,132.203722
-11.457528,132.048750
-12.018361,141.996222
-36.172944,174.197528
-34.943333,173.117028
-36.617083,175.465889
9.294562,-79.875373
2.215750,-78.634778
-2.269167,-79.825472
-9.013333,-78.623778
-14.712528,-75.854583
-17.779583,-71.185028
18.508500,-87.756111
18.778944,-95.853306
22.092111,-97.762500
23.770611,-97.734972
24.531250,-97.839194
24.637500,-97.710417
24.069139,-97.774611
22.557139,-97.853444
21.415889,-97.501611
26.950806,-82.057944
18.094611,-94.437250
18.610889,-92.666417
19.372556,-90.718194
21.572417,-88.235389
20.704111,-77.910444
22.141639,-81.392083
23.136194,-81.291667
21.423750,-76.840833
18.182861,-71.924167
19.842556,-71.175472
9.650000,-75.579611
11.843583,-72.336611
11.516250,-69.219167
10.689972,-63.390444
7.510778,-58.614111
5.129111,-52.703778
-1.772500,-49.390000
-0.770000,-46.990417
-1.652472,-44.832944
-2.746667,-41.803750
-7.110028,-34.822111
-17.752528,11.780333
-22.234417,14.347000
-23.991722,14.451194
-24.456722,14.607917
-17.884611,36.893306
-14.655861,40.837083
-7.795833,39.271222
-3.346694,39.957083
-2.018778,41.062472
-0.637583,42.307083
1.291250,44.230833
2.977083,46.575778
2.634944,46.200417
-9.407972,39.576639
-19.433333,44.462083
-16.704167,44.434556
-15.838806,46.334972
-14.210833,48.014583
-12.267944,49.140806
7.116667,81.860444
-6.005833,105.964556
1.506667,109.051139
0.250361,99.189972
-2.494194,101.029611
1.945806,102.642028
2.773750,103.533333
4.336667,103.493778
5.156639,103.241222
3.969167,103.440417
2.557500,103.830444
4.049556,98.460833
1.826611,100.979583
0.331222,103.672528
-2.377111,105.319972
-3.422500,114.491250
-2.609194,110.162028
1.815056,109.381944
3.547500,113.294583
5.043722,118.935833
-4.295000,119.620417
-0.085833,119.845389
-0.975444,121.875750
-10.663361,150.319556
-9.083361,146.952917
-5.073333,137.552889
-2.481278,134.576667
-3.810028,144.027917
-9.611694,149.445444
-11.493750,132.559972
-11.302528,132.097944
-11.501667,142.836250
-36.479139,174.412083
-35.987500,173.779611
-35.002917,173.555000
9.001270,-79.961259
2.689944,-77.850000
-2.209583,-79.963333
-7.943806,-79.285861
-14.997528,-75.442944
-17.923750,-70.927528
17.975306,-88.160167
20.393361,-87.313583
18.930667,-95.937500
21.751333,-97.687194
21.312167,-97.413111
21.693389,-97.470778
21.987583,-97.723111
21.028417,-97.336583
19.249278,-96.180528
18.526750,-95.015750
18.421528,-93.122778
18.738417,-91.245500
21.317417,-89.510083
20.839611,-78.205833
21.667083,-79.825861
22.708694,-84.045833
21.905028,-77.854611
20.691694,-75.312917
18.764472,-72.488417
18.610806,-68.329583
10.457000,-75.512861
11.134972,-71.808833
10.642444,-68.274583
10.370417,-62.870000
6.456583,-57.620056
4.073472,-51.647556
-2.378220,-49.428000
-0.806250,-46.676694
-1.778778,-44.578361
-2.892917,-41.126667
-18.602917,12.159944
-23.588333,14.497028
-25.339194,14.807861
-25.787556,14.854583
-17.527972,37.553278
-14.996250,40.751694
-8.470833,39.291222
-4.382472,39.550222
-2.438361,40.772056
-1.916694,40.994583
-1.696694,41.525389
-2.044972,40.903750
-6.534583,39.097472
-10.138889,39.966583
-19.829611,44.451639
-16.975000,44.245389
-15.421306,46.644972
-14.002917,47.919139
-12.065028,49.140389
6.620833,81.773722
-7.685417,108.665000
1.922917,98.529139
-1.381667,100.583750
-3.784611,102.253306
1.487500,103.391222
1.849583,104.152528
3.064972,103.442056
2.215833,103.960389
1.657056,103.941611
3.435417,99.331639
1.663694,101.768278
-0.952111,103.681667
-3.104056,106.054694
-3.280028,114.102056
-1.758806,109.963306
1.712083,110.229083
6.571667,116.736250
4.338333,118.420389
-3.970833,119.632944
0.974972,124.899556
-1.010806,123.239611
-10.646694,150.067083
-7.838333,145.171278
-4.707972,136.405000
-3.336250,135.016639
-3.800028,144.353722
-9.727111,150.030000
-11.175000,131.992056
-11.330000,132.500444
-11.935417,142.973333
-37.205861,174.722083
-36.173306,174.247917
-34.430444,172.938389
8.887417,-79.582250
2.734972,-77.790750
-2.542556,-80.177083
-7.568361,-79.499583
-15.255472,-75.259194
-18.550889,-70.332972
-24.647056,-70.563333
18.982778,-87.606222
21.130694,-86.760111
18.712500,-95.240611
20.027389,-96.592306
20.399528,-96.935639
19.645667,-96.397472
18.785167,-95.735778
18.391944,-94.728250
18.443333,-93.244944
18.615667,-91.933139
20.874056,-90.395028
21.591278,-78.736667
21.639167,-79.520417
22.455417,-81.703389
22.745417,-79.705000
21.209583,-76.557528
18.229556,-73.280889
19.667083,-70.068306
8.173306,-76.739611
10.971694,-74.359389
9.918444,-71.131833
10.469972,-66.083778
9.694556,-61.330861
5.804139,-55.165472
2.817500,-50.942361
-1.229194,-48.324611
-1.107583,-46.236250
-2.947528,-44.427111
-2.784583,-40.498361
-18.918361,12.463750
-24.892528,14.794611
-26.532500,15.137944
-26.749611,15.094139
-17.355417,37.915833
-15.180417,40.514139
-11.358361,40.404556
-6.026667,38.772917
-3.624583,39.784139
-2.957500,40.161250
-2.572111,40.385833
-3.954611,39.758361
-7.410028,39.342889
-10.413889,40.375056
-20.172500,44.348722
-16.445028,44.443750
-15.475000,46.975389
-13.598389,47.895444
-12.004972,49.208750
-7.756306,108.037472
3.670417,98.946667
0.116194,99.520833
-2.790056,101.349611
-4.389167,102.815389
-4.862083,103.450806
1.487028,103.833250
-5.032139,103.767500
3.848250,98.697056
2.137917,100.665000
0.344556,103.014167
-1.852556,104.462917
-3.699194,114.611250
-3.286278,113.344167
-0.764194,109.570444
1.764139,111.079528
5.899583,117.716667
3.443333,117.361278
-3.458778,119.395000
0.407444,124.285444
-2.463389,121.922889
-10.575861,149.921222
-7.614194,144.672917
-3.467528,133.552944
-3.108361,135.759556
-4.247083,144.960028
-14.566722,129.627111
-11.420833,132.823750
-11.800889,133.532889
-12.344167,143.102917
-38.003750,174.817500
-36.423806,174.235833
-35.526306,173.359167
-36.832944,174.644194
7.644667,-80.052972
3.886750,-77.042917
-2.615833,-80.457111
-7.131694,-79.681278
-15.469139,-74.984611
-19.013333,-70.319583
-25.440861,-70.520444
17.620278,-88.293667
19.503222,-87.665222
22.377917,-84.358333
18.325833,-93.780056
18.300833,-93.858111
18.201556,-94.198806
18.358306,-93.594917
18.480944,-92.831472
18.443250,-91.600472
20.522361,-90.491556
21.280111,-86.854000
21.897056,-80.289194
22.369167,-82.143806
22.985389,-80.482500
21.514139,-77.147944
17.625806,-71.400417
19.659611,-73.210861
18.431250,-69.300833
9.355389,-76.029167
11.277056,-73.333333
11.627083,-70.095861
10.628778,-64.180000
8.626944,-60.198333
5.704167,-53.787917
-1.305130,-51.429000
-0.698778,-47.871639
-1.165861,-45.898750
-2.797528,-44.077111
-3.224583,-39.250000
-20.165056,13.156222
-26.170472,14.944167
-27.462083,15.392472
-28.237944,15.995778
-17.675472,37.345000
-15.492528,40.564556
-13.030833,40.580417
-7.930861,39.423750
-5.300833,39.063722
-4.573306,39.387778
-4.928333,39.169417
-6.812500,39.269583
-8.741278,39.401639
-10.822222,40.579972
-20.385028,44.251250
-16.151278,44.957500
-15.471694,47.209556
-13.570028,48.001222
-12.325861,49.424583
-7.480417,107.194167
-5.398333,104.060417
4.277944,98.244139
-1.039611,100.405833
-3.204222,101.581278
-4.084556,102.428306
-4.635444,103.190000
-3.495444,101.955806
2.999528,99.905000
1.769167,101.362056
-0.017111,103.657472
-2.284583,104.847472
-3.287528,114.296194
-2.999194,111.810389
0.290389,109.033306
2.466667,111.409583
4.966250,118.549111
2.248722,118.068278
-2.620417,118.818306
0.502889,122.304167
-3.985444,122.607556
-10.187917,148.548361
-7.735861,144.434611
-2.729611,132.086694
-2.445222,140.353306
-5.220833,145.792917
-14.758389,129.720472
-11.719194,133.355444
-12.125861,134.177917
-12.535000,143.296278
-22.536667,150.788750
-37.049583,174.614139
-36.112528,173.967111
-35.008361,173.731222
7.820056,-81.066056
4.389778,-77.373306
-2.216278,-80.938417
-6.780028,-79.967083
-15.892083,-74.180833
-19.425000,-70.230472
-25.766694,-70.704611
12.324944,-83.706556
18.390000,-88.385722
19.942361,-87.472028
21.820389,-84.782528
20.133306,-90.482500
18.579639,-91.962500
18.788278,-91.511000
19.800361,-90.618028
21.389167,-88.926944
22.140806,-81.133750
22.195806,-81.656250
22.207472,-83.552972
23.024583,-82.850833
21.562889,-77.281667
20.057083,-74.542500
18.558333,-73.683000
19.012083,-69.115889
8.888694,-77.718333
10.281722,-75.534944
11.952472,-71.240472
10.860389,-68.275861
10.579556,-62.675000
6.797500,-58.498778
4.852472,-52.288778
-1.956890,-50.443000
-0.805000,-47.393778
-1.462111,-45.495833
-2.404611,-43.377528
-4.532944,-37.690028
-27.043361,15.232111
-28.860833,16.601222
-29.648389,17.035389
-18.280028,36.776250
-16.071694,40.098750
-13.905028,40.616194
-9.191278,39.494167
-7.168778,39.465778
-6.394167,38.864556
-6.908361,39.496222
-7.727083,39.329167
-9.650444,39.729139
-12.512917,40.448306
-20.608333,44.085389
-16.039194,45.295389
-15.064556,47.203333
-13.640833,48.337083
-13.505028,50.020417
-7.237556,106.370389
-8.204611,110.846639
-5.871667,105.752889
4.137028,98.250000
-0.395861,99.912056
-2.097528,100.863750
-1.232500,100.431278
3.212056,99.669167
2.180806,100.804556
0.512889,103.428389
-1.032944,104.079139
-2.817500,105.781222
-3.162944,113.554972
-2.332528,110.147083
1.982111,109.458139
6.221222,117.588306
4.334583,117.775778
0.984167,118.999583
-0.698750,119.669167
-0.429194,120.066250
-4.242083,121.559167
-8.930861,146.571250
-8.220056,143.715417
-0.720861,133.874611
-2.933333,141.829611
-6.221250,147.685861
-14.742972,129.923389
-11.914611,134.103306
-12.265833,135.055417
-12.855833,143.353750
-22.445417,150.530889
-38.135000,174.857056
-36.268361,174.445472
-34.557944,172.933306
9.813944,-84.894556
5.700806,-77.284806
-1.927528,-80.724611
-6.567111,-80.240861
-16.167944,-73.802556
-19.786667,-70.152139
-26.517528,-70.710472
-31.035861,-71.672139
15.866528,-88.853250
18.217667,-87.896139
19.693333,-87.648556
22.095000,-84.346278
22.182917,-83.900861
22.346250,-83.264222
22.682056,-82.504194
22.675417,-81.963361
22.547889,-82.912556
21.906278,-84.035889
22.242444,-78.411306
21.254556,-76.657500
18.222000,-72.423389
18.183750,-74.020028
19.217083,-69.590917
9.561056,-79.657194
8.072917,-76.866667
10.745000,-74.426833
9.487306,-71.089778
10.120417,-65.325000
9.269556,-60.833361
5.942889,-55.916694
3.271611,-51.050972
-1.905860,-49.389000
-0.836278,-46.958389
-1.525000,-44.957944
-2.750833,-42.437917
-5.093750,-36.577528
-21.864167,14.061222
-27.853333,15.647917
-30.086667,17.186222
-30.917917,17.610806
-18.716639,36.375417
-16.212917,39.861639
-14.151278,40.557500
-10.566361,40.465833
-8.264111,39.295917
-7.788333,39.377056
-8.150833,39.375389
-8.870444,39.441694
-10.513889,40.417500
-13.562528,40.615389
-20.046278,44.460833
-16.031278,45.554111
-14.760000,47.481278
-13.450000,48.489528
-6.875861,106.089556
-7.920472,110.076639
-5.772111,105.106639
-0.316667,103.456278
2.304139,100.418722
2.637889,100.000833
2.708722,100.215000
2.187861,101.119972
0.753750,102.644167
-0.437944,103.369111
-2.327528,104.749583
-3.469611,113.669139
-3.228750,112.917528
-1.101306,109.885833
1.404556,111.071667
5.278278,119.262972
3.560000,117.202056
-4.652500,119.547917
0.788306,124.634556
-0.860444,121.580806
-10.073361,148.179639
-7.687889,144.818306
-8.824167,143.404639
-1.590000,134.170417
-3.413750,143.400889
-7.168778,147.092500
-14.629611,129.723333
-12.073750,134.500861
-12.271722,135.770389
-13.282500,143.522056
-22.614222,150.600444
-38.993778,174.362528
-37.023750,174.608306
-35.297917,173.168333
-36.826250,175.449194
8.967108,-79.573911
-1.122500,-80.884611
-6.279583,-80.808389
-16.308750,-73.391694
-20.206722,-70.156278
-26.865889,-70.813778
-31.812528,-71.529611
12.611583,-83.615000
16.328278,-88.512750
18.508917,-88.083139
19.632639,-87.462611
20.728833,-86.960000
22.007889,-84.456722
21.758306,-84.517972
21.930389,-84.839139
19.915500,-75.000139
20.759111,-75.777083
18.142833,-72.790083
18.244139,-73.577083
18.501222,-73.331667
18.361639,-68.845417
18.413694,-70.695028
9.440889,-78.578667
9.400444,-75.800861
12.367444,-71.824667
11.499972,-69.651278
10.706194,-62.140889
8.158722,-59.329278
5.468722,-53.215861
1.487917,-49.887444
-1.537083,-48.074167
-1.066722,-46.267889
-1.722944,-44.650028
-2.904583,-41.513361
-5.927528,-35.153778
-23.279083,14.487000
-28.597972,16.400806
-31.340806,17.899611
-32.590000,18.302944
-18.901667,36.092889
-16.444611,39.779167
-14.179611,40.704167
-12.441694,40.510361
-9.954611,39.714972
-8.953778,39.445833
-9.059611,39.590806
-10.200556,40.128417
-11.817111,40.465000
-22.272083,43.234111
-19.643778,44.426667
-15.964611,45.622472
-15.111222,47.435833
-13.047528,48.871250
-6.017056,106.199167
-7.704583,109.318306
-5.683778,104.378333
-3.381667,105.905417
-0.122083,103.495000
0.975806,102.242917
1.364944,102.157917
0.275444,102.773306
-0.191306,103.440806
-1.506694,104.449556
-2.455000,105.626222
-2.995556,113.018778
-2.919583,111.345000
0.683306,108.908750
3.047056,112.639167
4.485417,118.609167
2.027056,117.754972
-3.835833,119.512083
0.342083,123.920000
-0.986639,122.798778
-9.433361,147.079611
-7.595000,144.483722
-9.203611,141.099556
-2.649167,134.472972
-3.853361,144.530417
-8.682528,148.437083
-14.192556,129.462083
-12.032139,135.799167
-12.457111,136.009972
-13.575833,143.565389
-22.230000,149.944583
-39.766250,174.469167
-37.768361,174.836250
-36.396278,174.084139
-36.442556,174.707056
9.100896,-80.009735
1.245472,-78.885528
-5.906694,-81.147111
-15.697111,-74.541667
-20.593389,-70.192111
-27.459194,-70.902917
-32.782944,-71.506667
-37.708750,-73.654194
14.871611,-83.315694
16.152556,-88.753306
18.361500,-88.140222
19.310250,-87.502000
19.420111,-87.574389
19.262222,-87.591250
17.997472,-71.151306
18.192083,-70.515861
18.345000,-74.448750
19.920389,-73.033333
18.424139,-69.681250
18.341639,-70.070444
9.696389,-82.803361
9.185111,-80.239528
8.504222,-77.260000
10.892417,-75.077528
10.590833,-71.613750
10.574528,-67.140028
9.797056,-61.616722
6.204306,-57.524056
4.284639,-51.569333
-1.064290,-51.070000
-0.585444,-47.673333
-1.182111,-45.970833
-3.042500,-44.612944
-2.832500,-40.134611
-7.860833,-34.840444
-29.235028,16.855389
-32.108333,18.302861
-33.147472,18.094556
-19.220000,35.606250
-16.767111,39.215806
-14.465833,40.671250
-17.868333,44.017056
-11.105833,40.527889
-10.355500,40.329222
-10.263000,40.260944
-10.738861,40.498306
-12.796667,40.627028
-21.939194,43.320361
-18.832500,44.259611
-15.794194,45.962889
-14.219167,47.792917
-12.397556,48.967083
-22.400861,113.749583
-7.822972,108.442500
-8.320444,112.133306
-5.520056,105.262917
-2.002917,104.583361
-0.696250,103.354167
-0.397944,103.530833
-0.832139,103.410000
-1.079139,104.389528
-2.500028,104.941250
-5.690833,105.514583
-3.340417,112.166667
-1.322500,110.049611
1.701222,110.390750
4.965028,118.296278
3.703306,117.756250
-0.375028,117.544583
-3.519583,119.040000
0.524944,121.638750
-2.187944,121.629222
-7.805806,144.982917
-7.944222,143.457889
-3.754167,133.914556
-3.370444,135.444972
-4.392139,145.229972
-9.138750,149.327556
-14.083750,129.567472
-12.405806,136.298778
-12.220472,136.616667
-14.000444,143.660833
-21.490056,149.287944
-40.590861,175.183722
-38.250833,174.715361
-36.185472,174.375861
-35.342500,174.318750
9.114877,-79.863385
1.766500,-78.530361
-5.828333,-80.860444
-13.912917,-76.364222
-20.987500,-70.157111
-28.099639,-71.174167
-33.340000,-71.666278
-38.520833,-73.516250
11.858361,-83.705111
15.481056,-84.071306
15.683389,-88.159333
16.557250,-88.366722
17.295167,-88.295306
16.859889,-88.280750
15.751722,-88.581806
15.900833,-87.830194
15.889833,-86.180250
18.307861,-71.024194
15.314139,-83.664861
11.513111,-83.772611
8.939917,-81.950861
9.564861,-79.035833
8.988694,-76.285028
12.464500,-71.665889
11.779139,-70.244611
10.630000,-62.255389
8.352056,-59.803333
5.346222,-52.882528
2.126722,-50.744806
-1.859190,-49.552000
-0.760833,-47.087083
-1.681278,-45.160889
-2.532500,-43.572944
-4.081639,-38.191250
-30.499194,17.371222
-33.021694,17.902917
-25.334611,33.214972
-19.724639,34.708278
-17.022889,38.926667
-15.073361,40.711250
-17.180028,44.117889
-12.612556,40.565361
-12.169167,40.501222
-11.580833,40.425389
-12.342944,40.499972
-25.052111,44.093306
-21.527944,43.480833
-18.142556,44.031222
-15.706667,46.177111
-13.917917,47.922500
-12.092556,49.343694
-22.785806,113.768778
-7.423750,106.677500
-8.278778,111.148306
-5.324583,103.998361
-4.965889,105.872111
-2.460000,104.733778
-1.936694,104.497889
-1.996250,104.730833
-2.422528,105.032917
-4.402917,105.851694
-3.476694,111.820444
-2.906694,110.625417
0.017917,109.219972
2.122917,111.323333
4.174167,117.622861
2.537472,117.888722
-2.803389,116.147139
-0.393361,119.767889
-0.847944,120.197500
-3.896278,122.537500
-7.610444,144.425056
-8.467111,143.123361
-2.667111,132.257500
-3.061694,142.134528
-5.577111,146.248333
-13.910833,126.803750
-13.985028,129.741278
-12.195444,136.691694
-12.745417,136.528278
-14.421722,143.789528
-21.550861,149.487083
-41.133389,173.953806
-39.155389,173.847500
-36.622083,174.384222
-35.009639,173.285861
-37.546278,178.108278
8.395694,-80.071750
2.641639,-77.977694
-5.445889,-80.937139
-12.869167,-76.519611
-21.408361,-70.072972
-28.804583,-71.392556
-34.351694,-71.978778
-39.437111,-73.199194
-41.812111,-72.751694
12.727306,-83.560333
15.403250,-84.020333
16.029111,-85.989694
15.820028,-87.559639
15.790861,-87.139944
15.799361,-86.636194
15.860611,-85.465361
15.987306,-85.021778
15.197528,-83.732194
12.784833,-83.531667
9.449972,-82.452778
9.312398,-79.925376
8.228361,-76.977917
11.065833,-74.839583
10.209556,-71.843333
10.253750,-65.865861
8.917806,-60.882583
5.962111,-57.035944
3.724528,-51.200139
-1.706740,-52.253000
-0.732472,-48.122056
-1.027556,-46.372944
-1.799611,-44.755861
-2.808333,-42.262111
-5.101722,-36.326306
-31.696694,18.200417
-33.914611,18.453361
-25.590889,32.823667
-20.165889,34.670361
-17.104583,38.490806
-15.936278,40.154167
-20.230417,48.675806
-21.421250,43.479139
-13.023722,40.468333
-12.897111,40.444167
-13.403778,40.575778
-23.897500,43.672944
-21.380417,43.519167
-16.021250,45.389972
-14.865056,47.339556
-13.542528,48.392056
-12.911722,49.857917
-23.215833,113.767111
-6.742972,105.389139
-8.088778,110.426639
-3.974583,115.102528
-5.598361,104.561194
-5.432500,105.827944
-4.106722,105.847056
-3.760028,105.844556
-4.667556,105.904611
-2.963778,111.660833
-3.050417,110.921667
-0.798361,109.238750
1.463639,110.732389
4.292111,118.142528
3.252056,117.415806
0.814972,118.707083
-8.461722,114.398722
0.477861,122.764167
-0.758806,122.619972
-4.017083,121.440000
-8.069194,143.462056
-9.193611,141.511222
-1.895861,134.125389
-3.825833,144.191250
-6.913333,146.945444
-13.756667,126.894611
-13.720861,129.778722
-12.470000,136.788750
-12.949583,136.617500
-14.348750,144.640833
-22.449194,149.860389
-40.498750,172.694194
-39.954583,175.016639
-37.061278,174.923333
-34.762083,173.087500
-36.540444,175.520806
7.205750,-80.871333
2.920444,-77.644528
-2.385444,-80.061694
-12.543778,-76.739194
-21.835000,-70.147944
-29.102500,-71.464639
-35.372500,-72.479639
-40.227500,-73.694639
-42.257917,-72.752583
-44.200472,-73.134222
12.364222,-83.620694
14.961472,-83.191667
15.786444,-84.268278
15.818417,-84.619361
15.867528,-84.647333
15.394250,-83.727472
15.269083,-83.419111
13.113083,-83.554806
10.012444,-83.049111
8.824917,-81.060167
9.070639,-77.875861
9.963306,-75.577083
11.583278,-71.957972
10.922889,-68.355028
9.935028,-62.254583
6.325472,-58.580694
4.449333,-51.955944
1.199194,-50.093417
-1.751030,-50.659000
-0.591278,-47.318361
-1.227500,-45.732139
-2.165889,-44.530417
-2.898333,-40.816278
-6.770417,-34.943333
-32.708333,17.965417
-34.647917,19.449194
-26.030833,32.606944
-20.809972,34.997917
-17.825000,37.131222
-16.316694,39.744583
-24.908361,47.138750
-18.498333,44.112917
-23.356222,43.651667
-25.240056,44.403750
-25.292083,44.539167
-23.587111,43.731639
-21.046694,43.860361
-15.802111,45.746667
-14.868333,47.602889
-12.635889,48.864528
-21.970000,113.928722
-26.465861,113.881222
-7.760417,109.039944
-8.387528,112.843750
-2.217139,116.386667
-5.935444,104.694194
-5.703333,105.192056
-5.635417,104.835833
-2.984611,110.294972
-1.978333,110.102056
-1.225417,109.629139
1.244556,109.114889
4.365333,117.617472
3.709528,117.479167
1.873306,117.855417
-1.138778,116.728333
-1.392528,119.291278
0.414556,121.042500
-1.869583,121.357500
-8.019167,143.876222
-8.250861,142.411250
-4.004583,134.480000
-2.871722,134.662056
-4.971667,145.782917
-9.053778,148.943333
-13.911694,127.167917
-13.529639,129.930806
-12.981222,136.460028
-13.283333,135.956278
-14.614639,144.831667
-22.341222,150.178333
-41.240806,172.098750
-41.269611,174.026667
-37.794972,174.971250
-34.471250,172.927528
-36.873750,174.886722
4.885917,-77.359861
-2.616250,-80.264222
-12.218778,-77.000000
-22.260833,-70.232972
-29.803333,-71.317083
-37.069583,-73.165056
-41.063361,-73.943750
-42.970444,-72.745028
-45.238361,-73.518806
9.216056,-82.215222
12.180694,-83.684306
13.555861,-83.530194
14.426528,-83.218194
14.768194,-83.330028
14.009833,-83.407444
12.017444,-83.760083
10.204056,-83.272583
9.089778,-81.877417
9.441611,-78.912361
8.736194,-76.630833
11.713722,-71.486722
9.131222,-71.266028
10.031639,-62.436250
7.121778,-58.475722
4.615389,-52.225833
2.508139,-50.803972
-1.453860,-52.451000
-2.653680,-49.677000
-0.969611,-46.731694
-1.492111,-45.040000
-2.494194,-43.520444
-4.340417,-37.908361
-9.675444,-35.741694
-33.159639,18.029972
-34.616250,20.306611
-33.379611,27.326611
-21.026278,35.084139
-18.854222,36.302917
-16.907944,39.114194
-24.985389,47.020028
-15.777111,50.010000
-22.734167,43.340389
-24.390028,43.752083
-24.772528,43.999583
-21.655028,43.457861
-17.611694,43.933750
-15.967111,46.471611
-13.606278,48.084139
-12.180833,49.222083
-21.927528,114.132861
-26.360889,113.549583
-6.964611,106.470000
-8.289194,111.452889
-3.279167,116.085389
-1.025806,117.118722
-0.435861,109.110389
-0.887083,109.529972
-1.052500,109.447917
-0.584611,109.357500
1.683722,109.923167
4.092861,117.380778
3.631222,117.218333
2.169139,117.801250
-0.271722,117.427889
-7.632917,112.930000
0.492500,122.533722
-1.410472,121.009111
-3.659639,122.255000
-8.312944,142.835028
-9.181528,141.989917
-3.638833,132.764972
-2.985472,135.875000
-6.706250,147.627528
-9.902111,149.757528
-14.060028,127.457889
-12.991694,130.137944
-13.147944,136.118306
-15.287917,135.984972
-15.248389,145.344583
-22.568778,150.504194
-42.083778,171.349972
-41.188778,173.983278
-38.665000,174.624583
-35.397111,173.470833
-36.768306,174.770389
9.028477,-80.041843
-1.491667,-80.791306
-11.870028,-77.159611
-23.076278,-70.399194
-30.068333,-71.377917
-37.365028,-73.685444
-41.499583,-72.885028
-43.681667,-72.828111
-45.845028,-73.531333
-46.623361,-75.556278
9.088972,-81.830833
10.582611,-83.520083
11.173972,-83.847611
10.934917,-83.693694
10.791556,-83.610889
9.259194,-82.387750
8.803278,-81.516000
9.275056,-78.188222
7.912472,-76.892611
11.076611,-74.212083
9.410889,-71.808722
9.113333,-60.869611
6.629944,-58.621278
3.532500,-51.184250
1.900528,-50.524833
0.240722,-50.736306
-1.955030,-49.849000
-0.796694,-47.143722
-1.279167,-45.842056
-2.417111,-44.746694
-2.741278,-41.995833
-5.726639,-35.202944
-33.529222,18.315417
-34.380444,21.665028
-30.048333,30.893694
-21.208333,35.130417
-19.722111,35.071639
-17.207917,38.273306
-25.244639,46.158333
-16.769194,49.731250
-21.281667,43.616194
-23.105028,43.611222
-22.093750,43.241639
-21.298778,43.717528
-15.814583,46.108361
-14.128806,47.953361
-12.931250,48.941611
-13.850028,50.143722
-22.346278,114.117472
-26.097111,113.620861
-6.023722,106.560778
-7.789611,109.633306
-8.428778,113.543361
-2.515056,116.401250
-0.893750,117.440833
0.835389,117.913333
2.242472,111.182056
2.951222,117.533361
3.168306,117.395444
2.907889,117.578306
1.687056,118.085000
0.530000,117.647083
-2.309167,116.582083
-7.631667,114.067083
0.525417,120.673278
-1.676250,121.880806
-4.675028,121.467111
-9.277972,142.740028
-8.259639,138.955056
-2.229583,134.142556
-4.631694,145.566250
-7.704583,147.509167
-14.839583,125.192472
-14.454611,127.830028
-12.751667,130.352056
-15.110000,135.660389
-15.938333,136.937083
-15.516722,145.272972
-22.550889,150.616278
-42.849639,170.834972
-41.076278,173.668389
-39.541250,173.949944
-36.216278,174.154167
-36.269583,174.791694
8.678194,-79.766500
1.612472,-78.966944
-11.510028,-77.307917
-23.268333,-70.596306
-30.283333,-71.612111
-38.801694,-73.407917
-41.998361,-72.695528
-44.195861,-73.232111
-46.117111,-74.910028
-46.747944,-74.530056
-47.622083,-74.564194
-48.062111,-74.430000
8.550389,-76.935028
9.067750,-82.248444
9.035750,-80.672000
9.594889,-79.455917
8.708306,-77.543611
10.193194,-75.622583
10.983306,-71.742972
9.280139,-71.774194
8.646139,-60.831750
0.913667,-50.297389
1.088194,-50.034139
0.614806,-50.480333
-0.018333,-51.067972
-0.962789,-50.826000
-0.648333,-47.531306
-1.118333,-46.175417
-1.435833,-44.817917
-2.851306,-44.349972
-3.703778,-38.600861
-7.542917,-34.835833
-34.183833,18.441611
-34.066278,22.940000
-30.450444,30.659194
-23.864167,35.352917
-20.373361,34.707083
-18.543333,36.495417
-25.559167,45.136222
-19.904194,48.830417
-14.669222,50.218694
-17.398361,43.982889
-20.751278,43.970833
-15.993778,46.334167
-14.592528,47.729583
-13.432083,48.709167
-12.469611,49.527472
-17.306667,49.421222
-22.051667,114.522861
-25.736694,113.466250
-28.773778,114.585889
-6.601667,105.613750
-8.371250,111.670000
-3.799667,115.525806
-1.644611,116.465861
-0.680028,117.455361
0.238306,117.512111
0.968361,117.997889
0.817111,118.400778
1.037889,117.964972
0.059167,117.507083
-1.241667,116.812917
-6.908778,112.505806
0.463722,121.403361
-1.400028,120.671306
-3.242528,122.405417
-9.198778,142.295000
-8.068750,139.666694
-3.913750,133.355833
-2.918361,134.847972
-6.738778,147.198361
-9.345028,149.179556
-14.581278,125.324167
-15.054972,128.361278
-12.640417,130.460833
-15.944556,137.085806
-16.428778,137.867500
-16.802139,145.711667
-22.551250,150.705056
-43.219222,170.168694
-40.802111,172.189139
-40.274167,175.220361
-36.315417,174.336694
-35.832944,174.408361
-37.894139,178.406250
7.422694,-80.242972
2.340944,-78.537528
-11.218333,-77.648778
-23.467528,-70.512972
-30.619222,-71.710417
-39.760028,-73.391250
-42.476667,-72.695417
-45.106667,-73.320417
-46.441250,-75.310056
-47.207917,-74.266639
-48.022917,-74.077500
-48.730889,-74.348806
-49.800889,-74.327528
-50.087083,-74.398361
9.085722,-71.718639
9.568333,-71.973694
9.841694,-72.107028
9.444111,-71.998278
-3.277917,-44.775028
-1.406630,-52.010000
-0.628361,-51.612111
-0.132472,-51.277111
-0.448333,-51.462111
-1.050210,-51.748000
-1.327130,-50.835000
-0.685833,-47.417111
-1.027083,-46.225028
-1.737917,-45.300028
-2.306250,-44.635861
-2.937139,-41.270806
-6.434222,-34.977083
-13.886722,-38.937944
-34.157083,18.858306
-33.976278,23.640833
-31.170028,30.126250
-24.751250,34.813306
-20.948778,35.057500
-19.900444,34.720000
-18.192083,36.873333
-21.936694,48.136250
-16.453778,49.860833
-12.559194,49.555417
-13.247083,48.820806
-13.813722,48.244139
-12.447111,48.739139
-12.297083,49.243333
-15.447528,50.465417
-21.009167,116.092083
-25.663361,113.420417
-28.339250,114.403694
-6.215861,107.752056
-7.572083,107.598306
-8.397528,112.519611
-2.994611,116.091667
-1.777917,116.209194
-0.817528,117.296278
-0.590861,117.504583
-0.472917,117.596639
-0.807917,117.506694
-1.373750,116.733333
-3.614611,115.917528
-7.707944,113.707500
-0.030833,120.087083
-1.841250,121.463389
-4.141694,122.809611
-8.070028,139.259556
-4.173361,134.721250
-1.449583,131.396667
-5.493806,145.866639
-8.398389,148.204583
-16.403806,124.628306
-14.481694,125.601250
-14.916667,128.443778
-12.630889,130.874639
-16.201278,137.638361
-16.912917,139.036639
-18.495028,146.217889
-23.601667,151.032111
-43.565028,169.811222
-41.748778,171.480778
-41.015417,174.303333
-36.390861,174.319556
-35.646667,174.505389
-37.680444,177.729944
2.822639,-77.698583
-10.886694,-77.702111
-18.243000,-70.529250
-31.459167,-71.602917
-40.535000,-73.732167
-42.739194,-72.832944
-46.125000,-73.629639
-46.639583,-75.243306
-47.537944,-74.425833
-48.362944,-74.183389
-49.575417,-74.213361
-50.253778,-74.550111
-50.605833,-73.794083
-34.452083,-57.673361
-30.258333,-50.668750
-25.294194,-48.288750
-23.260028,-44.622917
-22.448361,-41.854611
-2.623778,-44.665028
-1.538778,-45.370833
-1.571790,-52.547000
-1.555950,-51.877000
-2.268360,-49.513000
-0.824194,-46.880111
-1.217944,-46.113389
-1.435028,-45.412083
-1.882111,-44.543361
-2.440389,-43.046639
-5.331667,-35.358778
-8.420417,-34.983389
-34.415472,19.238361
-34.057083,24.191639
-31.751278,29.372528
-25.074583,33.845806
-21.713361,35.268722
-20.635444,34.845806
-19.492944,35.363333
-24.001694,47.495389
-19.423333,48.953750
-15.433778,49.854167
-14.237528,50.144583
-12.809611,49.666667
-13.227083,49.904167
-15.076694,50.343750
-17.674972,49.522056
-25.745389,113.658361
-27.955861,114.137917
-32.100000,115.754611
-5.912111,107.033333
-7.694611,108.852528
-8.280444,113.216694
-3.124583,116.229972
-2.981667,116.290417
-2.095444,116.370806
-1.801667,116.450444
-2.572083,116.382472
-6.925389,110.464972
-7.115000,112.622111
0.361250,120.270000
-1.315472,122.549194
-3.442528,122.378750
-4.854583,120.316722
-4.477083,135.617500
-3.936667,132.810444
-3.185861,134.858722
-7.470417,147.204139
-16.441306,123.052528
-16.387111,124.940000
-14.467528,125.806250
-14.862917,128.839167
-12.327111,131.014167
-16.780472,138.579139
-17.613778,139.885806
-19.192944,146.711667
-24.034583,151.655861
-43.957139,169.170833
-42.563389,171.127889
-41.039611,173.952556
-36.815000,174.422056
-35.235833,174.292056
-38.020444,177.123389
6.444306,-77.329750
-2.387917,-80.774167
-17.330472,-71.457528
-32.117917,-71.515028
-41.395861,-73.847917
-43.647944,-72.927639
-46.005000,-74.863778
-46.874278,-74.133806
-47.921667,-73.537083
-48.926278,-74.364222
-50.101694,-74.315861
-50.514639,-73.661611
-40.708778,-64.930889
-34.448750,-57.182472
-30.271278,-51.135028
-25.392556,-48.427111
-23.630861,-45.415444
-22.963750,-42.787556
-17.775028,-39.205417
-2.456667,-44.522917
-1.722917,-44.795056
-1.354167,-45.517083
-1.430861,-45.692917
-1.374167,-45.488778
-1.585444,-44.928361
-2.067528,-44.502917
-3.224583,-44.755028
-6.217083,-35.137528
-7.682500,-34.859611
-11.063361,-37.109583
-34.354583,18.975000
-34.084583,23.213278
-32.886278,28.092472
-25.830111,32.702861
-22.863361,35.531222
-21.162111,35.048333
-20.680444,34.946667
-25.183778,46.569972
-21.262500,48.310389
-18.482500,49.297083
-16.157056,49.744139
-15.880444,50.288306
-15.715806,49.660361
-16.957528,49.579556
-25.986250,114.272472
-27.615833,114.138722
-31.956250,115.844194
-34.867917,116.393306
-6.061694,107.414583
-6.099194,106.885417
-8.254583,111.796667
-8.494639,113.804972
-4.016278,114.998361
-6.709167,108.569556
-6.838778,109.596639
-6.887944,112.054139
-7.810833,114.457083
-1.577917,122.254972
-2.792528,122.151222
-4.792944,122.081667
-4.458361,135.244611
-3.420417,133.585028
-2.770000,134.401250
-9.031278,148.556694
-10.087944,150.005028
-17.609194,123.557889
-15.856694,124.659556
-14.078750,126.064139
-15.211667,129.211222
-12.262083,131.779972
-17.467944,139.544972
-17.221667,140.924583
-19.545000,147.557111
-24.439194,152.010444
-44.333361,167.999000
-43.000000,170.692083
-41.092111,173.903333
-36.947528,174.756250
-35.307944,174.184167
-37.774611,176.473333
8.638056,-79.710250
1.048333,-79.000000
-17.145444,-71.870833
-32.443361,-71.435417
-41.710472,-73.093333
-44.067111,-73.155056
-46.321250,-75.154222
-47.494639,-74.204250
-48.040000,-74.642111
-49.725833,-74.042583
-50.536278,-73.998278
-51.155833,-73.707556
-40.920417,-64.409194
-34.707917,-56.718417
-30.002556,-51.229611
-25.566278,-48.477556
-23.934583,-46.392528
-22.737944,-43.231694
-19.947917,-40.181694
-13.067500,-38.807944
-2.747944,-44.695833
-2.432917,-44.959167
-1.955000,-44.496278
-2.273361,-44.684639
-2.355861,-44.397111
-2.577944,-42.698361
-7.072917,-34.908333
-8.079167,-34.872111
-9.715000,-35.830444
-14.937500,-39.014583
-34.171278,18.337444
-34.051250,22.456694
-33.138306,27.706222
-28.030861,32.571250
-24.515806,35.195139
-22.189167,35.518722
-21.275417,35.053306
-25.487083,44.998306
-23.582056,47.609111
-20.527083,48.576639
-19.207056,49.004167
-18.107528,49.404556
-18.966694,49.106278
-22.362500,47.941250
-25.384194,113.910389
-27.252500,113.978778
-31.350417,115.517528
-35.002083,116.514167
-5.707111,119.761639
-6.799611,108.850833
-6.330444,108.104167
-6.281694,108.332111
-6.853750,109.166667
-6.902083,110.064111
-6.714611,111.646667
-7.781278,113.297472
-1.891250,121.720861
-3.076222,122.319972
-4.233389,122.907917
-5.583333,120.460417
-3.600861,133.399639
-2.142111,132.126667
-36.606667,139.839611
-34.095000,137.544583
-18.699611,121.698333
-17.233361,123.910389
-15.454194,124.642111
-14.132528,126.297944
-15.192083,129.577556
-12.673333,136.678778
-17.541278,140.664972
-14.986306,145.344139
-20.155000,148.352944
-24.742889,152.335028
-45.062528,167.097083
-43.088778,170.368306
-40.926250,173.837500
-37.342083,174.761694
-35.197083,174.032500
-37.359194,175.945472
2.376806,-78.324583
-16.902972,-72.213361
-33.026694,-71.630417
-41.432056,-72.327528
-45.415833,-73.399583
-46.955056,-75.484583
-47.715389,-74.470028
-48.725444,-74.160056
-50.134639,-74.620083
-50.941278,-73.831694
-51.787944,-73.513417
-39.345444,-62.207528
-34.257917,-58.004167
-30.377944,-51.106694
-28.275000,-48.747111
-24.074639,-46.570861
-22.927944,-44.324972
-21.615222,-41.047194
-15.597528,-38.966306
-12.817944,-38.469222
-11.290000,-37.271306
-10.189167,-36.179583
-9.361694,-35.514583
-8.922528,-35.155444
-8.657917,-35.101722
-9.223333,-35.330444
-9.740417,-35.858361
-12.877944,-38.722528
-34.200444,22.056694
-33.627944,26.827444
-29.729194,31.088750
-25.226250,33.460833
-23.874167,35.472083
-22.326722,35.543722
-22.095861,35.332861
-25.506222,45.674167
-23.275028,47.719556
-21.645833,48.247111
-20.888333,48.474556
-22.837528,47.839583
-25.137917,113.776667
-26.358361,113.287944
-30.910889,115.262889
-34.806639,115.995389
-33.958750,120.375861
-8.592111,113.998361
-6.689583,111.217472
-6.583333,110.642111
-6.417972,110.950000
-7.361667,112.827083
-8.232500,114.386250
-1.977111,121.439139
-3.430444,122.267500
-4.339611,122.706639
-3.781667,120.407889
-4.071694,133.017083
-2.000861,132.018806
-38.654556,145.736639
-38.121667,145.123750
-33.716694,137.757056
-18.127528,122.363750
-16.505444,123.607500
-15.358361,124.873722
-14.095833,126.650389
-14.783750,129.897528
-13.157556,136.213778
-14.803750,145.087528
-16.177528,145.435417
-20.291278,148.796667
-25.480861,152.906194
-45.292917,167.038333
-43.332944,170.135806
-41.168778,173.389167
-38.049194,174.830389
-35.012111,173.779972
-36.861722,175.827056
3.991000,-77.207833
-16.667083,-72.587556
-36.794972,-73.180444
-41.991694,-72.440417
-46.189222,-73.552111
-46.685028,-74.997111
-47.693750,-73.712556
-49.295833,-73.964278
-50.467917,-74.291722
-51.533306,-73.684167
-51.637972,-73.238361
-38.833361,-62.385444
-33.976333,-58.349167
-31.269194,-51.737139
-28.749611,-49.105861
-25.049222,-48.027944
-23.349611,-44.660861
-22.938778,-42.337528
-18.270861,-39.661278
-14.068333,-38.984583
-13.011278,-38.496694
-11.510944,-37.434972
-10.552944,-36.584194
-10.446278,-36.402528
-9.875028,-35.902083
-10.848333,-36.943778
-12.729222,-38.131278
-15.843750,-38.873389
-34.456278,20.793333
-33.757111,25.757444
-30.829194,30.405417
-27.546667,32.678722
-24.907111,34.356611
-24.107528,35.502056
-23.235833,35.490444
-23.720861,35.413722
-25.120417,46.811667
-24.537556,47.282056
-24.288389,47.338750
-24.052556,113.423750
-26.223361,113.322917
-30.497528,115.054556
-34.480472,115.664194
-33.945889,119.914556
-33.068778,124.176611
-4.164167,120.376278
-8.592944,114.252528
-8.772083,114.570000
-4.534611,122.116639
-4.475000,122.659583
-4.453806,122.391694
-4.843361,121.783722
-3.367500,120.396250
-2.894583,132.050028
-1.434972,130.930444
-38.617556,145.541194
-38.824583,146.102472
-38.113722,144.668278
-33.554583,137.966639
-17.180389,122.234139
-16.162083,123.664972
-15.131306,125.184194
-13.990417,127.378361
-13.365000,130.320444
-13.865028,135.988750
-15.813361,145.357056
-17.312472,146.003750
-21.218361,149.155389
-27.499194,153.262944
-45.402944,166.755056
-43.622917,169.463306
-41.019694,173.000000
-46.077500,170.206306
-35.130833,174.090444
-36.750833,175.637111
7.982111,-80.346722
-16.500444,-73.032500
-37.226250,-73.451667
-42.533750,-72.674222
-45.937972,-75.054167
-46.974667,-74.066722
-48.117889,-74.291667
-49.935028,-74.295833
-50.923333,-74.237472
-51.718333,-73.319167
-51.926694,-72.480861
-38.897944,-62.101667
-33.564250,-58.426250
-32.506667,-52.379611
-30.787528,-50.542139
-25.255444,-48.459194
-23.801250,-46.012528
-23.049583,-43.577556
-21.175000,-40.916306
-17.727944,-39.305861
-13.672083,-38.953389
-12.688750,-38.625889
-12.411722,-37.905444
-11.731667,-37.507083
-12.031639,-37.649611
-12.680889,-38.731278
-14.685833,-39.061278
-23.850028,-70.504583
-34.777111,19.903306
-33.959611,25.104167
-32.662056,28.400806
-29.338778,31.387472
-27.080028,32.850361
-26.176611,32.947778
-26.221667,32.871917
-26.643333,32.896139
-21.935444,114.618389
-26.435833,113.483806
-30.080861,114.979583
-34.302528,115.158750
-34.511667,119.233806
-33.987944,123.222500
-5.000000,119.477861
-5.216667,120.307139
-3.051250,120.250000
-3.514222,120.880472
-3.820417,121.212500
-2.861694,120.377083
-4.515028,120.374583
-38.091278,141.073306
-38.575417,142.794194
-37.877083,144.817472
-38.262528,145.242833
-38.351694,145.553778
-35.945444,139.453333
-33.146667,138.018750
-16.734139,122.771250
-16.282944,123.992528
-14.604194,125.417056
-14.734972,128.148750
-12.756694,130.622139
-15.749611,136.559167
-16.907917,145.955000
-18.940028,146.328722
-22.548778,150.000722
-46.570417,168.709111
-45.667083,166.734194
-43.757139,169.149167
-40.522083,172.890056
-45.734583,170.598361
-35.342917,174.109167
-37.130028,175.304556
2.495333,-78.138861
-38.125056,-73.447139
-43.475861,-73.077056
-46.137528,-74.785444
-47.691306,-74.498361
-48.518333,-74.267111
-50.321278,-74.241722
-51.520417,-73.576694
-51.170306,-72.878611
-52.514583,-73.553361
-39.078778,-62.330028
-33.192583,-58.359583
-34.433778,-53.870861
-31.853778,-51.717528
-26.193361,-48.754583
-24.367944,-47.007528
-23.205417,-44.665028
-22.915833,-42.035444
-20.340861,-40.286278
-17.056694,-39.167917
-14.278778,-39.005833
-13.512111,-38.928361
-13.284167,-38.966306
-13.848750,-39.003361
-15.334972,-38.989583
-18.650056,-39.747139
-22.654194,-70.291250
-34.397083,21.201667
-33.762111,26.330806
-31.464583,29.737472
-28.967944,31.757472
-28.445028,32.421278
-28.830417,32.057472
-25.960000,113.893778
-29.159167,114.883750
-34.267083,115.030000
-34.496278,118.875833
-33.899583,122.867500
-32.243806,127.372528
-31.720444,131.757500
-5.459611,119.390806
-5.587944,119.541667
-5.586278,120.092500
-5.103750,119.451639
-35.735417,139.183306
-37.700028,140.305444
-38.365472,142.275000
-38.265417,144.509194
-38.487917,145.034222
-38.326694,144.740444
-35.950389,139.499972
-19.351694,121.324528
-17.030028,123.272083
-16.169611,124.402472
-14.657944,125.898306
-14.806278,128.648333
-12.199167,131.322083
-16.676250,138.156694
-18.601694,146.336278
-19.701250,147.563389
-22.944194,150.793750
-46.622528,169.362083
-45.779583,166.706639
-44.038750,168.350833
-40.622944,172.526639
-43.841250,172.132500
-35.256639,174.212944
-37.124194,175.532083
4.104000,-77.427306
-39.218361,-73.243778
-43.868806,-72.907583
-46.557944,-75.443333
-47.766694,-74.606278
-49.383778,-74.411722
-50.800889,-74.090889
-52.065028,-73.470861
-52.155833,-72.972528
-52.585861,-73.004167
-39.392917,-62.010833
-33.476750,-58.536278
-34.750472,-54.446667
-30.441694,-50.892139
-28.465889,-48.857972
-25.250861,-48.332111
-23.992111,-46.194167
-23.052083,-44.225000
-22.181278,-41.370889
-20.270389,-40.263306
-17.918778,-39.400861
-16.657500,-39.092917
-16.251667,-39.011250
-17.444194,-39.192139
-19.182528,-39.733778
-29.437528,-71.310444
-34.187111,24.713278
-34.045444,25.592472
-32.076694,29.089556
-32.372528,28.753750
-25.732917,114.160778
-26.741667,113.635444
-33.622889,115.120806
-34.940444,118.192500
-34.024556,122.115000
-32.293778,126.817444
-31.497917,131.258306
-32.461250,134.101611
-34.502972,135.150000
-33.094222,137.543722
-34.725028,137.872139
-35.747944,139.252444
-37.339194,139.866278
-38.377528,141.408750
-38.783750,143.665778
-38.082944,144.448333
-38.471278,144.080861
-34.878361,137.461250
-18.520000,121.793722
-16.795861,123.954583
-15.474611,124.473361
-14.070417,126.153333
-14.947944,129.258361
-13.246694,136.467889
-17.701250,140.230000
-19.837917,147.708306
-20.091250,148.498389
-24.194194,151.877917
-46.491667,169.726278
-45.962111,166.769167
-44.654194,167.917111
-41.609611,171.877500
-43.780028,172.912917
-35.513750,174.470028
-36.812500,175.701222
-41.000000,174.940611
7.243417,-80.431972
-39.936667,-73.329611
-43.933778,-73.091694
-46.735444,-75.347556
-47.840472,-73.880028
-49.987111,-74.038361
-50.981694,-74.094222
-51.840833,-73.049222
-52.663361,-73.580861
-52.571250,-72.486722
-39.675861,-62.111278
-33.966750,-58.407111
-34.880028,-55.281222
-30.696694,-51.295417
-29.495000,-49.846278
-25.971722,-48.595444
-24.884583,-47.881694
-23.501306,-45.165000
-22.932083,-43.910833
-22.768750,-41.916694
-20.845444,-40.714194
-20.655444,-40.488389
-19.627083,-39.834167
-22.019639,-41.003389
-36.504611,-72.914194
-28.465000,-71.255444
-23.628333,113.607944
-26.145889,113.396250
-31.758361,115.722083
-35.085861,117.653750
-33.827111,121.344972
-32.440417,125.689972
-31.579583,130.154167
-32.134222,133.501222
-33.627917,134.837500
-34.125028,136.363806
-35.170472,137.300806
-35.604194,138.095389
-36.156722,139.612111
-37.996278,140.529944
-38.257139,141.736694
-38.738333,143.192083
-36.271694,139.713778
-33.249167,137.822056
-17.073306,122.287083
-16.196694,123.561222
-15.105472,124.909167
-13.828333,127.055389
-14.949611,129.835000
-13.434611,135.866639
-16.477917,145.431667
-20.169583,148.641639
-21.038361,149.172111
-25.460889,152.864528
-38.022917,147.667500
-45.984583,166.855000
-44.721667,167.563778
-40.717944,172.691639
-41.838361,174.197944
-35.794222,174.552889
-37.133389,175.868750
-39.645861,177.097083
-39.957944,-73.659222
-44.303806,-72.875917
-46.538389,-74.979639
-48.042083,-73.635139
-50.407917,-74.356694
-51.452083,-73.928306
-51.624944,-72.685972
-52.790861,-73.315833
-52.556417,-71.665056
-41.156250,-63.360056
-38.379611,-58.048361
-34.703806,-56.365000
-31.902944,-52.190000
-31.582111,-51.270861
-28.155889,-48.654639
-25.396694,-48.737139
-24.582917,-47.262528
-23.792972,-45.588361
-23.039583,-44.552500
-22.962944,-43.170028
-22.879167,-43.112111
-23.398778,-44.995028
-27.200028,-48.502111
-36.717528,-73.109611
-27.731694,-71.049639
-15.248778,124.899972
-26.165833,113.714556
-29.625000,114.961222
-35.038778,116.822500
-34.363778,119.435778
-33.876278,123.629972
-32.091250,127.937472
-31.938750,132.604194
-33.055861,134.299611
-34.819583,135.839139
-32.873361,137.790361
-34.283361,138.026222
-35.537083,138.888333
-36.960000,139.670417
-37.691667,140.252111
-35.645472,139.075056
-34.701306,138.477500
-33.217944,134.653278
-16.794583,123.112528
-16.450056,124.320417
-14.517139,125.506694
-14.569222,127.997944
-12.705833,130.695417
-15.574583,136.293306
-18.282472,146.047889
-20.925417,149.040833
-22.394194,150.683750
-26.843333,153.109556
-38.854611,146.414944
-46.253806,167.319167
-44.849139,167.345389
-40.818778,173.017556
-43.654167,172.822917
-35.777944,174.360806
-37.658389,176.062861
-40.787500,176.269556
-40.766278,-73.790083
-45.772917,-73.525056
-46.813806,-74.728417
-48.048333,-74.192083
-50.430861,-74.195889
-51.807944,-73.631694
-52.425833,-73.647528
-53.000000,-73.362611
-45.227889,-66.523333
-41.056278,-64.015861
-38.717083,-59.199167
-33.084250,-58.417111
-34.152111,-53.665056
-30.214167,-51.321278
-30.370861,-50.280472
-27.374194,-48.545444
-25.515000,-48.580444
-25.339167,-48.227083
-24.691694,-47.570444
-25.234139,-48.027056
-25.463778,-48.577556
-26.830861,-48.624639
-30.464222,-50.568778
-36.070028,-72.793778
-27.140444,-70.897556
-24.827500,113.619611
-26.265861,113.352917
-33.845000,114.988750
-34.722139,118.501639
-33.932944,122.484194
-32.232972,126.199167
-31.609583,130.791694
-32.402944,133.899139
-34.506250,135.404944
-33.833778,136.780000
-35.272556,136.848778
-34.315000,138.225472
-35.260028,138.465361
-35.597083,138.607472
-34.816694,138.492944
-32.760417,137.914972
-18.315444,122.099111
-17.011250,123.850000
-15.591278,124.424139
-14.325028,126.088694
-14.895056,129.056278
-13.147083,136.356694
-17.271694,139.193750
-19.339194,147.420417
-22.375056,150.639611
-24.017556,151.432139
-28.343361,153.575444
-39.067056,146.474111
-46.339611,167.984972
-45.047111,167.244139
-41.268333,173.087056
-43.598778,172.778361
-36.042917,174.578333
-37.686694,176.206278
-41.486278,175.577444
-41.645444,-73.584972
-46.129167,-73.471306
-46.765472,-74.274167
-48.347944,-74.268361
-50.649167,-74.187500
-52.071667,-73.282528
-52.741722,-73.655806
-52.530417,-72.233333
-45.377972,-67.081667
-40.819583,-64.846694
-38.923806,-60.417528
-34.072139,-58.389194
-34.920833,-54.866250
-31.645889,-52.035444
-31.840472,-51.970028
-29.061667,-49.486278
-27.635389,-48.644167
-26.616694,-48.682111
-25.648333,-48.434611
-26.372111,-48.729194
-27.080833,-48.589556
-31.190056,-51.168778
-44.493778,-72.581722
-35.752500,-72.568750
-26.171694,-70.672111
-20.863806,116.270000
-26.252528,113.933750
-26.230861,113.280389
-35.022111,117.269972
-34.209167,119.536278
-33.561667,123.969583
-31.927944,128.453333
-32.104639,133.035000
-33.089194,134.247139
-34.913333,135.683750
-33.679611,136.969972
-34.473361,137.424583
-35.103389,137.747083
-34.895444,137.015833
-32.480861,137.767917
-33.963333,135.238750
-16.522083,122.865028
-16.274611,123.762500
-14.985417,125.044972
-13.970833,126.708722
-14.971278,129.636667
-14.435444,135.603333
-17.605861,146.124611
-20.537111,148.905028
-24.093333,151.557139
-25.168750,152.577444
-33.585861,151.332889
-41.048333,144.669611
-46.424194,168.326250
-45.172528,166.988806
-40.939167,173.973722
-43.675472,173.004944
-36.393750,174.768333
-37.926250,176.965833
-41.455861,175.221250
-41.753778,-73.681667
-46.567111,-73.893306
-47.206278,-73.932500
-48.676278,-74.290861
-50.738361,-73.779083
-51.747083,-73.163361
-52.517083,-73.103306
-52.821306,-71.206944
-52.726028,-70.764194
-42.055833,-65.047139
-39.281250,-62.289167
-38.084167,-57.537889
-33.812972,-58.530000
-33.764611,-53.401750
-30.735833,-51.406250
-32.117500,-52.081278
-29.914972,-50.092083
-28.586306,-48.908361
-27.908361,-48.590417
-28.474167,-48.792111
-31.191278,-50.839972
-45.948778,-74.181667
-44.947528,-73.120500
-35.127111,-72.225889
-24.238389,-70.521278
-14.676278,125.217472
-22.521694,114.109583
-26.607917,113.593361
-33.295000,115.676250
-34.947528,117.974583
-33.896278,121.824139
-32.674611,125.182500
-31.619611,129.625028
-32.202944,133.731722
-33.234972,134.657917
-34.940028,135.988778
-34.452528,136.119639
-33.503361,137.307889
-34.596250,135.906667
-34.639583,135.395028
-18.947556,121.576250
-17.340000,123.600417
-16.328722,124.570028
-14.241278,125.639167
-15.318361,128.262111
-12.578750,130.883333
-16.099583,137.321694
-19.226667,147.005389
-22.195861,149.546222
-25.248389,152.830417
-27.204611,153.089139
-34.323361,150.928778
-42.322056,145.460806
-46.275028,167.728750
-44.797944,167.421667
-41.042083,173.786694
-43.847500,173.087028
-36.628750,174.756694
-37.657917,178.497472
-41.367083,174.851611
-41.753333,-73.254667
-46.213778,-74.405056
-47.444194,-74.517083
-49.073778,-74.390000
-51.103778,-74.131667
-51.437111,-73.260083
-52.917472,-73.287500
-53.256667,-71.834222
-50.763389,-69.167500
-42.518750,-64.395000
-40.235417,-62.397528
-38.561278,-58.589139
-34.326667,-58.494556
-34.769611,-55.732528
-33.059194,-52.595444
-31.055861,-51.503778
-30.904583,-50.944194
-31.770417,-51.665056
-31.502528,-51.425444
-30.516694,-50.687944
-32.170417,-52.127500
-45.822139,-74.415861
-45.354194,-73.058806
-34.773389,-72.105417
-20.318778,118.581639
-24.494194,113.419583
-26.538333,113.625417
-33.435861,115.575389
-35.087944,117.939111
-33.857083,120.860056
-32.902917,124.729167
-31.694639,128.962500
-32.183750,133.429167
-32.909222,134.074583
-34.365861,135.359611
-34.682083,135.351611
-32.775861,134.188778
-19.614611,120.992500
-16.640417,122.993306
-16.187944,123.807500
-15.493333,124.997944
-13.946250,126.546639
-15.100444,129.298306
-13.748778,135.911639
-17.976278,146.091667
-20.448333,148.692889
-23.410861,150.811222
-26.979583,153.050028
-31.991667,152.576222
-35.079611,150.828333
-42.194194,145.246250
-46.206278,166.725028
-43.982889,168.768333
-41.222111,173.882528
-43.827500,172.202056
-46.257500,169.997917
-38.239167,178.311222
-41.121694,174.804583
-41.563333,-73.658750
-45.912083,-74.864250
-47.592917,-74.183417
-49.249167,-74.014222
-51.307111,-73.686722
-51.523778,-73.118361
-53.047111,-73.396722
-53.293750,-72.361639
-49.942111,-68.608306
-43.318333,-65.066333
-40.857528,-65.128778
-38.999306,-61.636750
-37.701667,-57.433750
-34.266667,-58.450472
-34.901306,-56.210861
-33.413750,-52.940028
-32.085444,-52.219167
-31.335444,-51.940833
-31.706278,-52.160833
-35.722528,-57.335444
-48.125889,-73.318861
-45.862917,-74.506722
-45.308778,-73.236694
-33.968778,-71.896667
-14.232528,126.215444
-20.752944,117.333306
-22.496278,114.360806
-26.377917,114.168278
-26.627500,113.734556
-32.834194,115.627083
-32.471694,115.742083
-26.063389,114.231222
-22.202944,114.476667
-21.520028,115.486278
-32.031306,132.199167
-20.384639,118.104167
-20.030028,119.696194
-16.896694,122.478750
-16.833333,123.772917
-16.200861,124.538722
-14.393333,125.654611
-14.960833,128.107917
-12.561306,130.776667
-15.905000,136.692944
-19.947944,148.145806
-22.365444,149.645056
-24.924583,152.483333
-31.652083,152.835028
-33.355833,151.489556
-36.289194,150.133722
-40.757083,144.928306
-46.038333,166.697056
-43.465472,169.814972
-41.158750,174.181667
-44.042556,171.794583
-36.902528,175.100444
-38.758361,177.974556
-45.820417,-74.738417
-47.578361,-74.128000
-49.523722,-73.920167
-51.594222,-73.824222
-52.323750,-72.893389
-52.705861,-72.680917
-53.592472,-72.247583
-50.366667,-68.897500
-45.006306,-66.068361
-42.248806,-64.178361
-41.030056,-62.798778
-38.831250,-59.794194
-37.014222,-56.771306
-35.303333,-57.197917
-34.573778,-58.400056
-34.766306,-58.083361
-34.972917,-57.622500
-36.100889,-57.307111
-50.248389,-73.998556
-48.283806,-73.365917
-46.006667,-74.415472
-45.659611,-73.185861
-33.687556,-71.653750
-15.726250,124.391667
-20.713778,117.493306
-21.341722,115.612889
-21.648333,115.126222
-22.327528,114.401194
-21.734583,114.859972
-21.592111,115.333361
-21.237472,115.824583
-20.573361,116.772056
-20.537917,117.916667
-20.018778,119.210000
-17.935833,122.207861
-17.153750,123.619139
-16.560833,124.428722
-15.148806,125.458306
-14.147111,126.534139
-14.956250,129.390833
-14.737111,135.403278
-19.421722,147.162111
-21.321694,149.293750
-24.018778,151.758333
-27.042500,153.190417
-33.198333,151.628778
-33.900833,151.284583
-37.425056,149.959556
-46.642889,169.043250
-45.726278,166.761667
-43.149194,170.623778
-41.254167,174.253750
-44.285861,171.350472
-37.570444,175.944972
-39.067917,177.794194
-46.147917,-74.315889
-47.447972,-74.312500
-49.560806,-73.984250
-51.713361,-73.624250
-52.178333,-73.612500
-52.581278,-72.780028
-53.752111,-71.813417
-51.077056,-69.378361
-45.073778,-66.427556
-42.920444,-64.630056
-41.627528,-65.015472
-39.872500,-62.275444
-38.986278,-60.845056
-37.448361,-57.087917
-36.332083,-56.815056
-36.332917,-56.996667
-36.415028,-56.697917
-52.038333,-72.744139
-50.266639,-74.169167
-48.002194,-73.398500
-45.836250,-74.085028
-45.479194,-72.845472
-25.079639,-70.495028
-16.112917,124.598278
-20.336278,118.524167
-20.610861,117.142917
-20.732944,116.668306
-20.755028,116.523750
-20.720444,116.893306
-20.671722,117.682889
-20.354556,118.349944
-19.932111,120.026639
-16.772500,122.563778
-17.056722,123.667083
-16.402111,123.975833
-15.581667,125.249583
-13.914972,126.072917
-14.889556,128.467444
-14.182083,135.878333
-19.805861,147.850417
-20.885000,148.845417
-23.659194,150.917111
-25.802917,152.939972
-30.489167,153.028722
-33.837944,151.160833
-34.771694,150.830417
-37.880861,147.982917
-46.582944,168.374139
-45.503750,166.973333
-41.224167,173.850472
-42.509167,173.510472
-44.576694,171.170389
-37.944194,177.493750
-39.082944,177.338306
-46.200889,-73.993778
-47.205028,-74.235444
-49.368361,-74.154222
-52.047556,-73.372556
-52.166694,-73.532556
-52.667528,-72.874167
-53.506694,-70.960806
-52.323583,-68.791778
-48.461222,-66.729972
-44.573750,-65.426722
-42.847111,-64.179167
-42.232944,-64.602556
-41.344139,-65.070444
-40.555444,-62.280806
-40.874194,-62.307889
-42.423778,-64.335000
-42.742528,-63.627111
-52.350000,-72.650833
-50.104639,-74.140000
-47.749583,-74.190861
-46.042083,-74.255889
-44.771278,-72.704194
-41.782528,145.004583
-15.895028,124.471222
-16.682528,123.628750
-20.014583,119.458333
-20.300444,118.764167
-20.218361,118.863750
-19.816278,120.480833
-17.590833,122.167083
-17.355417,123.462500
-16.566278,123.592528
-16.425417,124.338306
-15.327083,125.115778
-14.519611,126.017500
-15.344167,128.311222
-12.545444,130.981694
-20.672944,148.712500
-21.832083,149.458333
-23.821250,151.211667
-25.660000,152.898750
-28.097083,153.461694
-33.080417,151.607472
-34.937972,150.708278
-35.908778,150.126639
-37.937917,147.810028
-46.597139,168.345861
-45.399194,167.091222
-41.218389,174.024528
-43.396278,172.675806
-45.126278,170.968306
-38.558361,178.248722
-40.078333,176.896278
-46.413333,-73.797944
-46.841250,-74.619167
-48.505028,-74.015500
-51.684639,-73.790000
-52.246250,-73.094972
-52.929194,-72.929194
-53.833778,-71.105056
-52.302389,-69.480944
-49.582472,-67.700833
-45.773389,-67.372972
-44.420028,-65.277083
-42.652944,-64.979167
-42.319611,-63.653333
-42.142944,-63.993389
-42.343333,-63.598778
-43.082917,-64.524250
-47.830028,-65.869611
-52.433722,-72.755028
-50.030472,-73.993167
-47.652083,-74.237528
-46.029639,-73.966694
-44.496333,-72.700861
-41.450000,144.785444
-43.303806,145.919972
-15.215028,125.022917
-16.272139,124.086694
-16.362500,123.636250
-16.500861,123.423694
-16.406278,123.560000
-16.322944,123.599194
-16.415444,123.881694
-15.779611,124.661722
-15.006250,125.451639
-14.020000,126.114583
-15.058333,128.204583
-14.770833,129.792944
-22.522472,149.650417
-23.137917,150.758333
-24.678750,152.196667
-26.200833,153.087083
-27.821722,153.402917
-32.729194,152.065389
-33.783778,151.223333
-35.703806,150.180000
-37.117083,149.962528
-38.696278,146.264167
-46.011278,166.462500
-40.995444,174.109167
-42.220444,173.861639
-43.524194,171.668694
-45.507917,170.794194
-39.140444,177.957528
-41.175833,176.002889
-46.315417,-73.437528
-46.756250,-75.512472
-48.245444,-74.200028
-51.227528,-73.935889
-51.579167,-73.194167
-53.044194,-73.110833
-53.427917,-72.246750
-52.708889,-70.450000
-50.118778,-68.421667
-48.224250,-66.259611
-46.094222,-67.633806
-44.892917,-65.655056
-44.049611,-65.214250
-43.692500,-65.335444
-45.042917,-65.691750
-47.247500,-65.751278
-53.149583,-71.496694
-52.107944,-72.555056
-49.928000,-73.900111
-47.301278,-74.104250
-46.188778,-74.025056
-43.160917,-72.898889
-40.728333,144.685389
-43.092528,145.672917
-38.612056,146.877500
-13.991278,126.037472
-14.966250,125.298333
-15.325028,124.760417
-15.345417,124.662472
-15.325417,124.902500
-14.936250,125.293361
-14.576694,125.680417
-14.194194,127.672056
-15.187500,129.155417
-14.947472,135.451306
-25.822500,153.074583
-25.960028,153.009583
-26.545028,153.105444
-27.360472,153.139972
-28.732500,153.611306
-32.335444,152.511694
-33.519611,151.230861
-34.527500,150.809611
-36.921694,149.906222
-37.791250,149.265028
-42.498361,145.256250
-45.332111,166.929111
-41.492083,174.044194
-43.128333,172.778778
-44.006278,171.336667
-45.841278,170.645056
-39.363361,176.905389
-41.330417,174.802528
-42.257861,-72.408333
-46.879583,-75.319139
-48.265833,-73.675556
-50.683750,-73.416722
-51.797889,-72.948472
-52.824167,-73.425861
-53.560444,-72.065056
-52.819722,-70.780056
-51.650028,-69.162556
-50.027500,-67.955889
-48.032917,-65.950889
-47.085417,-66.289250
-46.596306,-67.395056
-46.926222,-66.885806
-47.745833,-65.849639
-51.702528,-68.919139
-52.625417,-73.200056
-51.703250,-72.660833
-49.801250,-73.706806
-46.197944,-74.878361
-46.292111,-73.945861
-42.476639,-72.495417
-42.805000,145.411222
-38.682500,146.578806
-37.866250,147.714167
-37.804611,148.695806
-14.890889,129.642889
-15.430056,128.117056
-15.291667,128.012083
-15.068333,128.460417
-14.971667,129.497139
-14.512056,129.454139
-31.294222,152.967028
-30.171694,153.192083
-29.392944,153.340000
-29.021722,153.464556
-29.759222,153.293722
-30.879194,153.077889
-32.655000,152.064583
-33.155000,151.574556
-34.015417,151.176667
-35.560833,150.391306
-37.666667,149.685417
-37.983778,147.699972
-42.449139,145.470417
-41.325444,174.141639
-42.926694,173.270444
-43.833750,172.741639
-44.912083,171.000000
-45.888389,170.681250
-40.445000,176.625417
-41.717083,-72.588389
-46.297111,-75.080028
-47.797917,-74.320028
-50.429639,-74.136722
-51.882528,-72.942667
-52.690861,-73.429167
-53.422500,-71.765889
-53.062528,-70.857583
-52.497083,-69.845167
-51.606306,-69.156694
-49.939222,-68.534167
-49.166694,-67.607583
-48.792528,-67.203750
-49.346694,-67.680833
-51.298361,-69.057556
-52.208972,-68.504306
-52.161639,-73.239250
-51.918361,-73.322500
-48.070028,-73.797250
-45.985833,-74.702972
-46.464194,-73.737944
-41.650056,-72.274583
-42.260861,145.237861
-39.000000,146.276222
-38.262083,147.345000
-37.860444,148.093361
-37.515417,149.754972
-36.071722,150.099556
-35.125417,150.710833
-34.068000,151.066639
-33.606278,151.224194
-33.063361,151.650444
-32.812972,151.960000
-32.618778,152.231639
-32.183750,152.384194
-32.331306,152.538306
-32.727528,151.937861
-32.872528,151.765417
-33.487944,151.368333
-33.996278,151.086667
-35.267111,150.491667
-36.702500,149.983722
-38.025444,147.517556
21.294022,-157.863525
21.291456,-157.858681
21.287464,-157.844997
21.281260,-157.837160
21.278170,-157.833710
21.278660,-157.832040
21.270190,-157.822310
21.270170,-157.822300
21.263980,-157.821370
21.259030,-157.818840
21.258040,-157.816930
21.257000,-157.815180
21.256020,-157.810980
21.256050,-157.804940
21.257370,-157.796670
21.255920,-157.793240
21.260690,-157.790220
21.262200,-157.787150
21.263900,-157.784400
21.265520,-157.782090
21.265920,-157.781580
21.266360,-157.781180
21.270020,-157.777360
21.276220,-157.759950
21.277640,-157.755040
21.279520,-157.745260
21.280930,-157.738280
21.281270,-157.728140
21.284510,-157.723020
21.284280,-157.721100
21.281900,-157.713490
21.266200,-157.709933
21.261610,-157.711420
21.259780,-157.707750
21.275180,-157.693680
21.276430,-157.685650
21.277630,-157.683260
21.280320,-157.677550
21.282020,-157.676990
21.287100,-157.669160
21.291810,-157.662090
21.304681,-157.649120
21.313300,-157.660770
21.316030,-157.664750
21.325630,-157.682170
21.332460,-157.693640
21.334160,-157.695750
21.335020,-157.696330
21.335780,-157.696860
21.336600,-157.697370
21.337430,-157.697960
21.338230,-157.698540
21.339050,-157.699110
21.339910,-157.699590
21.340700,-157.700100
21.344300,-157.702300
21.345560,-157.710130
21.383356,-157.709992
21.387200,-157.712111
21.391389,-157.715628
21.392453,-157.716414
21.395456,-157.722972
21.396411,-157.726025
21.398022,-157.728144
21.398822,-157.733672
21.404206,-157.740444
21.404794,-157.741178
21.408297,-157.743228
21.409744,-157.744139
21.417669,-157.747153
21.425828,-157.739856
21.428075,-157.738517
21.422906,-157.763489
21.414050,-157.768808
21.412472,-157.773731
21.412453,-157.775247
21.412172,-157.776367
21.412769,-157.785600
21.430417,-157.806111
21.452583,-157.819733
21.458933,-157.832217
21.459417,-157.839917
21.484517,-157.847333
21.516933,-157.837617
21.545167,-157.846017
21.549333,-157.846700
21.556200,-157.853033
21.557983,-157.857900
21.558500,-157.876083
21.578150,-157.883883
21.594639,-157.895325
21.595836,-157.895956
21.597833,-157.897017
21.600450,-157.897517
21.606850,-157.904867
21.607031,-157.905911
21.612242,-157.911083
21.622925,-157.918181
21.631861,-157.921200
21.645222,-157.919847
21.648556,-157.914533
21.652550,-157.928556
21.659981,-157.929014
21.669275,-157.938469
21.704619,-157.997119
21.704131,-157.997836
21.693183,-158.019561
21.680180,-158.037170
21.680164,-158.037175
21.678340,-158.038420
21.676920,-158.038670
21.674158,-158.040192
21.672433,-158.042183
21.670967,-158.043867
21.669817,-158.045163
21.668600,-158.046440
21.668200,-158.047850
21.666150,-158.049117
21.664931,-158.050682
21.663817,-158.051750
21.659592,-158.056753
21.655778,-158.059228
21.654186,-158.060128
21.652644,-158.060931
21.649875,-158.062272
21.648083,-158.062803
21.645772,-158.063142
21.639607,-158.060526
21.633778,-158.069756
21.627856,-158.073597
21.622744,-158.080178
21.621342,-158.082242
21.617886,-158.085894
21.612450,-158.094117
21.598619,-158.103398
21.593460,-158.105666
21.590603,-158.110256
21.588700,-158.112400
21.588508,-158.114025
21.588724,-158.115577
21.582583,-158.124545
21.583465,-158.137508
21.583217,-158.140139
21.582502,-158.142830
21.579752,-158.155196
21.576830,-158.165436
21.579977,-158.177660
21.581363,-158.193425
21.581169,-158.208764
21.579666,-158.237215
21.548853,-158.241538
21.536998,-158.230887
21.488339,-158.229527
21.482540,-158.230115
21.479232,-158.226891
21.478689,-158.221967
21.473445,-158.218774
21.471365,-158.218156
21.465710,-158.215251
21.461157,-158.210940
21.460735,-158.208144
21.449508,-158.196735
21.441618,-158.189995
21.432049,-158.183702
21.408400,-158.177400
21.421550,-158.178033
21.382041,-158.146621
21.360823,-158.131923
21.353161,-158.130360
21.342098,-158.126930
21.339193,-158.125107
21.337143,-158.123696
21.335430,-158.122980
21.332755,-158.121708
21.327574,-158.121543
21.325792,-158.122480
21.320621,-158.120327
21.315594,-158.117854
21.296795,-158.104433
21.300298,-158.063488
21.304130,-158.045410
21.305695,-158.029753
21.306231,-158.021997
21.310083,-158.011027
21.310722,-158.007133
21.311381,-158.004651
21.311834,-158.002920
21.312164,-158.001148
21.312504,-157.999706
21.312885,-157.998264
21.313575,-157.995390
21.313905,-157.993989
21.315007,-157.991672
21.323340,-157.972317
21.366327,-158.021181
21.386100,-157.955460
21.377400,-157.935722
21.312547,-157.919825
21.317786,-157.913139
21.324525,-157.904006
21.330511,-157.898592
21.314547,-157.890608
21.311697,-157.889469
21.302003,-157.878636
25.221870,55.255910
24.458480,54.302900
24.466430,54.329230
25.303740,55.349030
17.100000,-61.683330
17.550000,-61.766670
17.069520,-61.889610
18.219860,-63.067170
41.262500,19.520830
41.862780,19.420000
41.810830,19.595280
40.062440,19.793510
-14.580450,12.304540
-13.683330,12.533330
-14.250000,12.333330
-14.636120,12.293430
-14.683830,12.283330
-13.100000,12.883330
-16.266670,11.816670
-14.757000,12.287170
-13.383330,12.600000
-13.300000,12.650000
-13.866670,12.516670
-13.133330,12.833330
-14.668440,12.296250
-14.700070,12.274140
-15.120280,12.119720
-13.016670,12.950000
-13.883330,12.516670
-12.488330,13.484480
-13.933330,12.416670
-13.583330,12.550000
-14.506650,12.322090
-13.200000,12.766670
-14.600690,12.301470
-13.783330,12.533330
-13.816670,12.533330
-13.333330,12.650000
-14.748810,12.289680
-11.757130,13.797450
-11.826920,13.790720
-11.887570,13.779130
-15.044170,12.151670
-15.201390,12.111390
-12.585280,13.390280
-12.603610,13.265830
-8.639950,13.411520
-7.886050,13.126220
-11.740840,13.794460
-11.686420,13.790290
-9.015680,13.025250
-14.866320,12.211540
-14.559420,12.308550
-14.769810,12.278590
-14.791140,12.264030
-14.805220,12.260600
-14.809300,12.257820
-14.824780,12.251320
-14.829240,12.248790
-14.849250,12.213220
-14.880900,12.212930
-14.927730,12.202360
-6.971100,12.817210
-12.080620,13.711740
-12.128710,13.695200
-12.134830,13.688100
-36.361280,-56.713880
-36.519650,-56.689370
-43.423000,-65.081670
-43.378840,-65.046530
-42.664550,-64.989410
-43.477080,-65.150680
-14.285000,-170.636390
-14.178890,-169.650000
-14.346390,-170.720280
-14.328610,-170.838060
-31.553330,115.625600
-31.800000,115.733330
-25.182910,113.095000
-11.826190,130.591390
-11.601800,130.197100
-17.100550,122.266000
-11.720500,130.068890
-11.326050,130.395740
-27.800000,114.116670
-35.601940,138.581420
-33.888710,122.905700
-35.048790,117.918800
-19.505860,121.164300
-35.133880,138.469310
-34.783330,118.416670
-17.931950,122.208000
-34.773220,118.428800
-35.021300,117.268800
-35.075460,117.512600
-35.638930,138.322310
-35.632960,138.489960
-35.334130,138.447280
-35.178810,136.894040
-34.606210,138.411280
-11.950000,132.633300
-28.552650,114.563900
-28.376810,114.427800
-25.645200,112.936110
-34.632140,115.852600
-21.813930,114.083790
-35.608740,150.327910
-35.704610,150.221540
-12.428130,130.733900
-12.346500,130.986300
-35.012680,117.922100
-35.050460,117.667100
-34.994060,118.071800
-35.063330,117.917220
-35.095180,117.966800
-35.092400,117.944900
-35.049170,117.917220
-34.997730,117.947240
-35.006570,118.053500
-34.712430,135.940080
-34.679040,135.918090
-16.906520,145.871660
-20.984550,149.101360
-35.181800,150.684600
-34.732820,150.835910
-34.981800,150.784610
-32.683330,152.183330
-33.315200,151.534610
-21.150000,149.200000
-38.872080,146.469860
-20.700110,148.731080
-35.071980,150.782440
-28.681800,153.617910
-35.183330,150.733330
-28.883330,153.583330
-20.912880,149.014150
-42.980000,147.679990
-31.448500,152.934600
-26.797570,153.148830
-25.500000,153.150000
-42.840000,147.550000
-40.800000,145.166670
-34.815880,150.762930
-28.748500,153.601200
-30.150000,153.200000
-31.557550,159.076130
-20.833330,148.850000
-31.431800,152.917890
-28.948500,153.517900
-38.659310,146.729860
-42.883330,147.666670
-33.585130,151.325040
-33.123500,151.645710
-33.531800,151.367910
-30.033330,153.200000
-34.515200,150.884600
-33.056800,151.580400
-33.596960,151.325040
-31.433330,152.916670
-32.781800,152.117910
-30.048500,153.201200
-42.171050,145.258050
-27.344170,153.102780
-30.465200,153.051190
-38.216670,147.383330
-33.043000,151.679000
-32.115200,152.501200
-28.483330,153.550000
-21.000550,149.112230
-31.516670,159.066670
-35.116670,150.766670
-38.865420,145.912080
-28.431800,153.551190
-33.676640,151.315900
-31.550000,159.100000
-20.772880,148.798310
-33.481800,151.434600
-42.800000,147.860000
-38.650000,146.783330
-33.798500,151.284610
-38.891250,145.983200
-33.744180,151.307980
-33.623500,151.317900
-33.526800,151.340100
-33.598500,151.301190
-33.515200,151.417890
-31.531800,152.867910
-28.881800,153.584600
-21.074270,149.228580
-28.167010,153.532180
-28.698500,153.617910
-19.998390,148.264660
-34.081800,151.167890
-33.548500,151.276200
-33.104100,151.656800
-33.600000,151.233330
-33.590200,151.301190
-42.020610,148.281270
-38.954030,146.447360
-33.736590,151.306070
-21.183330,149.200000
-32.715200,152.134600
-26.783330,153.133330
-20.785660,148.834690
-35.754100,150.217900
-35.198500,150.584600
-28.381800,153.567900
-28.481800,153.551190
-20.589550,148.666350
-42.986820,147.533700
-38.839240,146.420200
-38.800000,146.433330
-35.165200,150.667890
-26.807020,153.131880
-17.352350,146.023870
-32.340200,152.534610
-33.682070,151.311950
-33.891690,151.277620
-32.352700,152.537900
-33.645850,151.328090
-35.166670,150.633330
-33.465200,151.434600
-34.168320,151.069990
-41.070000,146.720000
-41.100000,146.810000
-41.030000,146.840000
-34.082190,151.146790
-34.037300,151.172260
-34.006670,151.215500
-33.948680,151.257230
-33.965410,151.155400
-42.870000,147.369990
-42.900000,147.340000
-34.381800,150.917890
-34.398500,150.909610
-32.965200,151.717900
-42.910000,147.350010
-17.939020,146.094420
-17.941750,146.142630
-16.966670,145.916670
-16.915960,145.935270
-16.422250,145.407440
-16.582910,145.512770
-16.734170,145.660340
-16.750690,145.671280
-16.866670,145.916670
-29.081800,153.434600
-27.497570,153.511340
-27.281670,153.418900
-27.248330,153.417220
-27.231670,153.417220
-27.181660,153.423070
-27.131670,153.434170
-27.096670,153.444170
-27.066110,153.453890
-27.046110,153.460830
-27.087290,153.110240
-15.760970,145.369160
-16.850970,145.749990
-10.836840,142.543350
-10.829610,142.551670
-10.808500,142.563060
-10.776000,142.587220
-10.789060,142.580280
-38.321530,144.983200
-38.337500,144.707780
-33.826110,151.262500
-42.090000,148.149990
-42.560000,147.890000
-42.570000,147.899990
-38.242090,145.027630
-33.750000,151.300000
-34.114720,151.141530
-34.572170,150.868720
-20.281110,149.037780
-37.848120,144.947930
-26.386100,153.115340
-26.384390,153.095830
-32.764900,152.127340
-35.052420,150.780000
-30.882100,153.034610
-36.590200,150.051190
-33.631800,151.317900
-34.305910,150.935310
-37.048500,149.917890
-29.429980,153.363240
-28.848500,153.601200
-29.098500,153.434600
-35.018170,150.844350
-32.715200,152.117910
-33.827250,151.252210
-32.731800,152.051190
-36.481800,150.051190
-36.890200,149.917890
-36.215200,150.134600
-32.940200,151.767900
-35.065200,150.684600
-35.831800,150.201200
-33.590200,151.326200
-31.581800,152.834600
-33.665200,151.317900
-35.505120,150.392960
-36.431800,150.084600
-30.648500,153.017900
-34.365200,150.917890
-32.681800,152.192900
-28.923500,153.536000
-35.245130,150.538380
-32.435400,152.531480
-30.331800,153.117910
-29.381800,153.367910
-35.081800,150.684600
-34.060730,151.157130
-33.081800,151.659610
-32.065200,152.534610
-34.665200,150.851200
-33.215200,151.601200
-36.031800,150.151200
-28.315200,153.567900
-34.656800,150.851200
-33.181800,151.617910
-28.815200,153.601200
-36.815200,149.942900
-32.731440,152.182060
-37.081800,149.867910
-33.531800,151.234600
-28.715200,153.617910
-29.031800,153.467900
-28.698500,153.601200
-33.903410,151.268390
-36.131800,150.117910
-35.848500,150.167890
-35.286480,150.482350
-34.216030,151.010730
-35.015200,150.701200
-30.248500,153.151200
-33.273500,151.534610
-35.731800,150.201200
-33.811750,151.259280
-35.531800,150.401200
-35.094140,150.693200
-33.814100,151.248160
-28.640200,153.617910
-33.807170,151.251350
-33.913760,151.266680
-37.065200,149.884600
-30.298500,153.134600
-35.065200,150.667890
-33.808320,151.291290
-35.271520,150.503000
-29.440200,153.367910
-35.648500,150.284610
-35.510130,150.397420
-35.715200,150.184600
-33.556800,151.251200
-34.923500,150.767900
-35.269060,150.513080
-33.773500,151.292890
-35.015200,150.817900
-36.498500,150.051190
-35.681800,150.301190
-35.242080,150.530980
-35.631800,150.317900
-31.681800,152.817900
-34.681800,150.851200
-33.820850,151.251080
-33.565200,151.234600
-32.315200,152.534610
-34.045700,151.159610
-33.798500,151.276200
-33.800830,151.293920
-30.165200,153.201200
-32.748500,152.167890
-32.465200,152.434600
-37.098500,149.917890
-34.481800,150.909610
-28.165200,153.551190
-33.573500,151.301190
-35.233980,150.530160
-33.573500,151.284610
-32.173500,152.509600
-30.698500,152.984600
-33.798500,151.267900
-33.781470,151.290740
-30.881800,153.051190
-35.516020,150.398540
-30.903590,153.081010
-36.281800,150.134600
-33.846340,151.281150
-33.523500,151.176190
-31.598500,152.834600
-30.781800,153.001200
-35.064920,150.774350
-34.082660,151.153230
-33.573500,151.242910
-33.248500,151.551190
-29.681800,153.334600
-36.398500,150.067900
-30.248500,153.134600
-35.698500,150.267900
-32.923500,151.792890
-35.046300,150.676190
-29.398500,153.367910
-33.540200,151.342900
-35.565200,150.351200
-37.348500,149.951200
-36.098500,150.134600
-32.681800,152.201200
-33.998500,151.151200
-33.631800,151.301190
-35.165200,150.634600
-33.415200,151.476200
-33.774560,151.293340
-35.831800,150.184600
-35.548500,150.384600
-36.715200,149.967900
-33.265200,151.551190
-36.931800,149.901200
-34.598310,150.879320
-32.790200,152.101200
-34.540200,150.876200
-33.847230,151.278960
-31.731800,152.784610
-33.831800,151.284610
-33.864670,151.253850
-37.065200,149.867910
-33.286000,151.571790
-32.448500,152.517900
-28.634260,153.637030
-33.173500,151.634600
-33.198500,151.617910
-35.698500,150.287290
-32.915200,151.792890
-33.565200,151.267900
-29.515200,153.351200
-28.634270,153.636850
-33.548500,151.251200
-32.198500,152.551190
-35.698500,150.217900
-35.798500,150.217900
-33.963900,151.252340
-35.253400,150.529220
-32.948500,151.759600
-36.915200,149.917890
-36.009600,150.159610
-35.565200,150.367910
-36.647400,150.010700
-30.769900,152.997600
-33.148500,151.634600
-34.599500,150.892410
-33.856800,151.267900
-32.198500,152.534610
-35.381800,150.467900
-34.631800,150.851200
-36.431800,150.067900
-33.231800,151.567900
-36.198500,150.134600
-29.131800,153.451200
-31.048500,153.051190
-36.248500,150.134600
-36.448500,150.067900
-36.181800,150.134600
-36.415200,150.067900
-34.415200,150.901200
-31.965200,152.584600
-36.048500,150.134600
-31.065200,153.051190
-32.001000,152.567900
-35.865200,150.167890
-36.665200,149.984600
-36.165200,150.117910
-36.658000,150.003690
-36.781800,149.934600
-36.631800,150.017900
-36.081800,150.134600
-36.165200,150.134600
-35.774300,150.231000
-33.199900,151.619290
-33.195700,151.625400
-33.181800,151.629000
-33.176300,151.634600
-30.215200,153.151200
-17.904850,146.097490
-27.260070,153.101910
-26.549790,153.101610
-18.066520,146.033050
-20.950940,149.026640
-26.431740,153.107160
-26.048400,153.136320
-26.419240,153.109960
-20.479440,148.739730
-20.472610,148.723850
-28.029510,153.435520
-28.002290,153.431350
-28.067570,153.444690
-28.088120,153.453000
-28.100070,153.462740
-35.665200,150.301190
-31.465200,152.934600
-34.615200,150.859600
-36.798500,149.951200
-33.423500,151.459600
-34.048500,151.167890
-34.431800,150.901200
-33.581360,151.308950
-35.005500,150.830990
-35.762400,150.201200
-34.281800,150.951200
-33.073500,151.587300
-34.548500,150.876200
-33.681800,151.309600
-33.814990,151.263560
-35.215200,150.534610
-28.636570,153.633620
-34.137420,151.114370
-37.098500,149.901200
-28.715200,153.601200
-33.831800,151.234600
-29.431800,153.351200
-37.265200,149.951200
-30.098500,153.201200
-32.456800,152.501200
-32.719550,152.184660
-35.237660,150.530330
-33.168000,151.631810
-30.065200,153.201200
-32.531800,152.317900
-36.531800,150.067900
-35.522640,150.402080
-37.439840,149.966640
-36.231800,150.134600
-33.715350,151.300750
-36.681800,149.984600
-35.081800,150.701200
-32.931800,151.784610
-33.648500,151.317900
-37.365200,149.951200
-35.498760,150.390860
-32.615200,152.317900
-33.766950,151.299630
-35.715200,150.267900
-31.365200,152.934600
-30.916900,153.085870
-33.790200,151.284610
-32.415200,152.517900
-35.702700,150.284610
-32.431800,152.434600
-34.490200,150.926190
-28.956800,153.504000
-32.181800,152.517900
-35.615200,150.334600
-32.073500,152.534610
-31.181800,152.984600
-33.281800,151.567900
-33.281800,151.551190
-36.615200,150.034610
-31.631800,152.834600
-33.130500,151.642900
-29.448500,153.367910
-29.548500,153.334600
-33.606800,151.301190
-33.815220,151.286420
-35.538480,150.390900
-35.368000,150.478190
-31.565200,152.834600
-29.565200,153.334600
-32.015200,152.551190
-32.031800,152.534610
-33.015200,151.726200
-29.123500,153.451200
-33.198500,151.601200
-33.807600,151.274120
-35.698500,150.284610
-33.815480,151.249050
-35.048500,150.667890
-34.273500,150.959600
-32.298500,152.534610
-33.865010,151.235280
-33.850660,151.266680
-35.039900,150.673710
-28.840200,153.601200
-29.531800,153.351200
-28.865200,153.601200
-35.531600,150.403300
-30.181800,153.184600
-32.331800,152.534610
-33.365500,151.501200
-34.781800,150.834600
-34.063000,151.155640
-36.873500,149.934600
-34.007620,151.197610
-33.598500,151.317900
-33.298500,151.567900
-34.523500,150.884600
-30.928070,153.081740
-34.231800,150.984600
-32.831800,151.901200
-33.815200,151.292890
-32.448500,152.484600
-35.759600,150.201200
-33.538440,151.350040
-33.900500,151.270530
-29.281800,153.351200
-33.440200,151.442900
-34.316320,150.927430
-33.181800,151.634600
-36.831800,149.934600
-33.698500,151.301190
-29.438460,153.367240
-32.356800,152.526200
-33.525230,151.320660
-35.415200,150.434600
-34.765200,150.834600
-34.340020,150.925500
-33.531800,151.384600
-35.165200,150.684600
-28.216600,153.566190
-36.548500,150.051190
-35.347100,150.473500
-29.581800,153.334600
-31.215200,152.967900
-31.165200,152.984600
-35.298500,150.467900
-29.365200,153.367910
-33.831800,151.217900
-36.245700,150.224300
-36.881800,149.917890
-36.960700,149.932910
-33.122100,151.613690
-36.997100,149.926190
-36.998200,149.926190
-36.980500,149.926190
-32.726120,152.182380
-35.088500,150.692900
-35.069900,150.684010
-33.280500,151.574800
-33.491000,151.432600
-32.706000,152.063200
-28.636640,153.633300
-28.609300,153.572300
-30.265200,153.151200
-34.331490,150.927040
-34.348950,150.920560
-36.731800,149.984600
-30.031800,153.201200
-35.783200,150.235990
-36.890200,149.934600
-36.348500,150.092900
-36.418000,150.070690
-30.168200,153.190400
-30.138000,153.200700
-30.120700,153.205400
-30.059100,153.199800
-29.964300,153.246000
-29.923500,153.266210
-29.858500,153.269810
-29.813500,153.289600
-29.793000,153.290400
-29.768500,153.297100
-29.891300,153.270400
-29.718800,153.303500
-35.380500,150.461500
-33.647400,151.278700
-35.701600,150.203990
-35.703000,150.195690
-28.178800,153.557600
-28.193200,153.564000
-28.248000,153.572100
-28.274100,153.580990
-28.303000,153.573700
-28.336000,153.575700
-28.348500,153.574600
-28.453200,153.554310
-32.712700,152.064300
-35.074600,150.788500
-30.305500,153.140700
-29.981300,153.232610
-30.079600,153.202900
-30.088800,153.200700
-30.096600,153.200700
-30.299300,153.140400
-34.942140,135.628820
-34.680530,135.347150
-34.039020,135.270060
-33.226860,134.720310
-32.948160,134.193300
-33.908600,136.585710
-34.921510,135.621080
-34.361990,135.358090
-34.270490,135.346720
-34.496290,135.218380
-34.859740,135.726180
-32.664530,134.294330
-33.180320,134.707470
-31.770340,131.841250
-36.701130,139.862560
-30.359300,153.107100
-30.365700,153.103500
-30.400700,153.081210
-13.718770,136.179820
-13.737500,136.130290
-13.770370,136.110700
-13.805360,136.110700
-14.263070,136.790270
-13.813710,136.904850
-13.759560,136.108790
-14.059840,136.417370
-14.174150,136.401750
-14.203860,136.340820
-13.712680,136.718810
-13.914730,136.791950
-12.187200,136.699100
-11.854900,131.068100
-15.645400,136.748600
-12.352500,130.873800
-12.449100,130.822240
-12.451630,130.850510
-14.366700,129.369000
-12.194900,136.678500
-12.163660,136.768040
-13.861290,136.874910
-13.935600,136.424390
-13.957200,136.418000
-14.263600,136.622190
-12.839090,130.350710
-12.275000,136.649090
-12.327800,136.932690
-12.281190,136.903690
-12.193230,136.705350
-12.495220,130.771010
-14.225950,129.433710
-12.453600,130.825730
-12.483690,130.776080
-12.464450,130.838830
-15.609190,136.669270
-12.446700,136.850690
-12.264950,136.900810
-13.943800,136.773000
-14.137890,136.424420
-14.279400,136.690000
-13.774500,136.272710
-14.209850,136.877470
-12.480010,130.776280
-12.445600,130.830460
-14.018040,136.413340
-14.159700,129.480190
-13.826400,136.519900
-13.742800,136.179200
-12.459920,130.821900
-12.311940,136.932110
-13.697500,136.189190
-13.801700,136.258000
-13.907810,136.844160
-12.687870,130.636660
-12.485410,130.775730
-12.203500,132.207310
-12.417000,136.883800
-12.053900,134.179400
-12.487620,130.775060
-11.824500,130.531010
-12.584200,130.569790
-12.178350,136.788470
-14.204480,129.446240
-12.430290,130.834620
-12.427280,130.745300
-12.187410,136.710330
-11.818300,130.614200
-15.738880,136.814100
-15.609800,136.801000
-14.566700,135.533300
-13.824500,136.800600
-15.585440,136.596570
-14.309900,129.398700
-13.847970,136.236010
-14.198060,136.423920
-13.835890,136.150770
-14.086020,136.427440
-27.503680,153.405780
-26.670350,153.108840
-26.384240,153.115510
-21.451210,149.291370
-16.866950,145.768330
-10.641000,142.142790
-18.730120,146.293620
-27.260630,153.081340
-28.166730,153.537460
-16.452300,145.409030
-25.081740,153.325760
-17.685280,146.117010
-27.426180,153.525770
-21.499540,149.370800
-24.168140,151.834380
-21.473430,149.291640
-23.182590,150.936630
-22.778700,150.805240
-18.710120,146.299730
-16.519790,145.473460
-21.783710,149.433300
-27.428950,153.543290
-20.438870,149.041570
-17.812150,146.099930
-23.484530,150.983570
-21.363710,149.307750
-28.167010,153.543580
-15.932640,145.387480
-23.170920,150.791350
-26.804240,153.141600
-23.158990,150.769630
-19.252620,146.999990
-10.642950,142.128080
-10.655450,142.120030
-19.218450,147.019700
-19.455670,147.483030
-25.281740,153.231030
-27.575070,153.327180
-24.798680,153.261600
-26.598410,153.097990
-27.244240,153.111910
-26.657850,153.104390
-21.345930,149.302200
-26.788960,153.142440
-27.564360,153.333560
-26.615000,153.101940
-23.197030,150.792460
-20.525560,148.701380
-22.881480,150.785800
-28.058680,153.442180
-27.570350,153.338560
-27.441460,153.176640
-27.975900,153.423570
-18.490400,146.315000
-16.609860,145.529710
-27.216180,153.116620
-27.209240,153.116620
-27.222570,153.115800
-27.228400,153.116070
-20.477330,148.763580
-17.624850,146.137480
-24.492860,152.039670
-23.502590,150.858020
-21.323430,149.294140
-27.599510,153.352460
-27.738050,153.366830
-19.158450,146.610290
-27.199790,153.116070
-27.252850,153.109680
-16.888740,145.827210
-25.381740,153.183840
-19.181230,146.751940
-20.835110,148.841080
-26.406740,153.113010
-27.236180,153.114690
-27.060630,153.139950
-18.630680,146.325840
-26.277300,153.066060
-10.712950,142.118640
-27.502290,153.358860
-21.944820,149.473850
-16.627910,145.548890
-17.849300,146.105550
-23.947030,151.376070
-28.108120,153.466610
-28.130620,153.488570
-28.142290,153.496080
-28.154790,153.506620
-19.016940,146.411100
-19.080560,146.474990
-19.144440,146.577770
-19.188890,146.677780
-32.796730,134.200270
-34.857640,135.768750
-35.594140,138.106930
-34.902690,137.042600
-35.261490,136.966340
-35.115190,137.501270
-35.153300,137.684880
-35.191870,136.874150
-37.475030,140.027950
-34.403110,137.942220
-33.927160,137.623440
-34.688830,135.916220
-35.311620,138.447540
-34.169780,135.275910
-34.122440,136.352740
-35.670200,137.036100
-37.854000,140.356730
-33.076910,138.041720
-33.314370,137.379730
-38.041260,140.842290
-34.571890,135.955790
-32.525200,134.224090
-35.535840,138.684690
-34.406740,137.938830
-34.698670,137.878330
-34.754270,137.477780
-32.914660,137.933980
-35.237830,137.116710
-37.570560,140.110580
-37.611700,140.169950
-35.550220,138.880880
-33.742590,135.024060
-36.019890,137.015730
-37.528930,140.119060
-34.700450,135.923410
-32.796070,134.125630
-34.464820,135.391310
-32.934180,134.140310
-35.144510,137.693150
-37.170510,139.769260
-35.667860,137.072360
-37.165170,139.776520
-35.735960,137.894440
-34.195310,136.301560
-43.120000,147.340000
-41.854990,148.276980
-41.380000,148.289990
-42.390000,145.230000
-42.940000,147.350010
-43.020000,147.920000
-43.450000,146.960010
-39.990000,143.880010
-41.030000,145.820010
-43.540000,146.880010
-33.253540,134.690860
-32.012520,132.172650
-35.651950,137.121840
-34.911540,137.014130
-35.723450,137.898830
-32.084800,132.981830
-34.505990,135.389400
-34.687920,135.915340
-33.896100,137.625890
-34.526070,137.482210
-34.585970,135.958450
-33.147820,134.418460
-37.593890,140.140610
-35.955400,136.626560
-35.152680,136.914310
-35.632360,138.112900
-34.686020,135.376850
-33.282280,134.744630
-34.364600,137.991710
-34.970350,136.136810
-35.976930,137.617910
-34.636680,138.436400
-34.543560,135.225750
-34.463790,135.179790
-34.722970,135.881010
-37.331920,139.861140
-35.761010,137.889570
-35.668080,137.617950
-35.790390,137.858440
-34.815630,138.511410
-34.568690,135.947650
-32.557040,134.255510
-33.098740,137.523640
-33.331140,134.803180
-33.782620,136.888750
-34.624760,135.451430
-33.981830,135.252810
-34.989780,136.151900
-33.651020,134.883130
-33.834060,136.733200
-34.508360,135.281390
-35.415000,138.327410
-35.654330,138.154970
-34.900350,137.243070
-34.522150,137.479290
-37.781610,140.312550
-35.864490,137.936370
-35.726570,137.894550
-33.118580,137.492930
-34.272040,138.157780
-34.339290,136.160170
-32.022000,132.193540
-42.200000,145.179990
-43.440000,146.929990
-43.050000,147.260000
-41.110000,146.070010
-42.780000,147.510000
-40.910000,144.649990
-43.270000,147.149990
-40.860000,145.480000
-41.140000,146.160000
-42.150000,148.070010
-42.200000,145.200000
-42.740000,147.880010
-42.590000,147.910000
-42.370000,145.390000
-41.500000,148.270000
-42.480000,147.990000
-40.110000,148.289990
-43.570000,146.899990
-43.150000,147.860000
-40.360000,148.050000
-42.880000,147.660000
-43.530000,146.560000
-43.280000,145.820010
-40.840000,147.679990
-40.910000,145.539990
-42.860000,147.600010
-34.510170,137.342130
-34.529360,137.359390
-35.596070,137.447110
-33.884050,135.186310
-38.029270,140.581090
-35.159460,138.469510
-35.631220,138.469300
-35.638950,138.283200
-35.638620,138.401340
-35.638710,138.386670
-35.687890,136.880910
-35.536320,138.678710
-37.162700,139.759490
-35.521110,138.695330
-37.124420,139.795610
-35.538520,138.649640
-36.857420,139.826540
-37.162800,139.766530
-34.741080,138.537600
-37.164910,139.780320
-35.536090,138.669810
-37.173100,139.745190
-37.159430,139.749700
-40.970000,147.369990
-43.360000,147.330000
-40.560000,144.770000
-40.000000,147.880010
-40.800000,145.179990
-43.310000,147.020000
-43.210000,147.060000
-42.900000,147.810000
-41.200000,146.580000
-42.760000,147.880010
-40.690000,145.050000
-41.170000,146.369990
-40.444000,144.947100
-40.990000,145.740000
-40.990000,147.390000
-41.080000,144.670000
-41.570000,148.310000
-41.161270,146.351560
-41.090000,146.690000
-41.142070,146.604880
-43.340000,146.060000
-42.360000,148.010000
-39.860000,147.760000
-43.340000,147.320010
-41.000000,147.410000
-41.410000,148.280000
-41.280000,148.350010
-39.924820,143.842840
-43.500000,146.960010
-42.410000,145.520000
-43.150000,147.850010
-42.425930,145.523010
-43.530000,146.310000
-40.810000,145.289990
-43.000000,147.320010
-43.110000,147.310000
-43.310000,147.310000
-42.640000,148.030000
-42.870000,147.970000
-41.162070,146.356920
-42.740000,147.890000
-39.840000,147.789990
-41.200000,146.899990
-40.850000,147.899990
-42.990090,147.329330
-39.850000,147.770000
-41.180000,146.920000
-41.130000,148.260000
-40.440000,148.100010
-43.160000,147.860000
-39.954310,143.864760
-40.078110,144.039280
-42.250000,148.280000
-40.250000,148.060000
-43.410000,147.100010
-41.151980,146.179940
-43.020000,147.490000
-42.910000,147.820010
-42.870000,147.619990
-40.010000,147.869990
-43.340000,147.220000
-42.220000,145.179990
-40.460000,148.410000
-43.430000,147.220000
-43.170000,147.330000
-41.160000,146.340000
-40.640000,144.720000
-40.100690,143.985330
-43.070000,147.280000
-41.040000,145.860000
-42.220000,148.270000
-42.160000,148.070010
-42.970000,145.550000
-40.850000,145.390000
-42.956850,147.534250
-40.860000,147.590000
-40.480000,148.360000
-42.930000,147.820010
-42.230000,148.020000
-42.820000,147.550000
-39.760000,147.980000
-43.030000,147.410000
-40.190000,148.030000
-42.610000,148.030000
-41.550000,148.280000
-42.230000,145.270000
-40.400000,147.980000
-42.210000,148.030000
-41.150000,146.539990
-42.260000,148.010000
-42.220000,145.190000
-43.590000,146.670000
-40.880000,144.690000
-41.140000,148.270000
-43.540000,146.890000
-42.990000,147.399990
-40.750000,145.289990
-41.000000,147.390000
-43.240000,145.920000
-40.447140,144.839240
-42.980000,147.470000
-42.440000,147.990000
-42.170000,148.280000
-40.850000,145.420000
-42.950000,147.340000
-40.750000,147.950000
-43.036070,147.434080
-43.320000,147.000000
-42.580000,148.050000
-43.408410,147.099550
-42.880000,147.390000
-42.950000,147.450000
-42.882250,147.957560
-43.430000,147.200000
-41.230000,148.289990
-43.060000,147.350010
-41.100000,146.060000
-41.230000,146.960010
-42.120000,148.070010
-42.140000,148.070010
-43.310000,147.030000
-43.460000,147.160000
-38.547090,145.341810
-38.344310,145.214860
-38.755140,143.213200
-38.809500,146.268320
-29.389040,114.957300
-33.874290,121.732100
-33.944860,120.319600
-33.861230,121.693200
-41.330000,148.250000
-43.059780,147.814890
-40.950000,147.350010
-41.190000,144.679990
-41.072090,146.804250
-42.950000,147.670000
-43.550000,146.890000
-54.500000,158.929990
-43.080000,147.320010
-40.990000,148.340000
-40.180000,147.910000
-39.650000,144.080000
-43.080000,147.289990
-40.770000,147.950000
-40.940000,144.619990
-43.450000,147.149990
-42.280000,148.000000
-39.929140,143.843870
-43.070000,147.270000
-42.880000,147.399990
-43.530000,146.929990
-39.850000,143.850010
-43.160000,147.850010
-43.290000,147.070010
-40.370000,148.000000
-40.070000,147.950000
-42.900000,147.330000
-41.010000,145.780000
-40.465100,144.771570
-41.520000,148.270000
-39.930000,147.890000
-41.300000,148.320010
-42.240000,148.010000
-42.920000,147.510000
-41.560000,148.300000
-42.600000,145.289990
-40.980000,147.390000
-54.520000,158.929990
-43.229560,147.260290
-43.240000,147.410000
-42.980000,147.399990
-41.160000,146.440000
-43.100000,147.369990
-43.570000,146.880010
-40.840000,144.710010
-42.110000,148.270000
-42.388280,145.435080
-40.880000,147.850010
-43.000000,147.410000
-43.080000,147.330000
-43.240000,147.390000
-43.056410,147.845160
-39.730000,144.100010
-39.680000,147.910000
-40.770000,145.060000
-41.150000,146.480000
-43.400000,145.980000
-41.340000,148.270000
-42.840000,147.619990
-40.000000,147.890000
-42.550000,147.869990
-43.560000,146.619990
-41.170000,146.399990
-43.051080,147.793110
-42.270000,148.289990
-41.070000,146.710010
-41.090000,148.280000
-41.861760,148.286500
-42.520000,147.960010
-43.560000,146.890000
-42.640000,147.940000
-43.150000,147.320010
-42.120000,148.300000
-43.290000,147.080000
-42.690000,148.030000
-42.889430,147.501890
-42.900000,147.440000
-40.600000,144.929990
-43.140000,147.310000
-42.300000,147.990000
-39.974180,143.882590
-42.100000,148.230000
-41.140000,146.810000
-41.370000,144.770000
-43.580000,146.880010
-42.140000,148.080000
-41.190000,146.580000
-54.490000,158.940000
-41.110000,146.820010
-40.020000,147.880010
-41.760000,148.280000
-43.055810,147.825850
-39.740000,147.910000
-43.060000,147.260000
-42.630000,148.030000
-42.970000,147.820010
-43.010000,147.410000
-41.060000,145.910000
-39.950000,148.330000
-40.500000,148.119990
-41.160000,146.560000
-41.320000,148.300000
-41.790000,145.020000
-43.440000,147.170000
-41.300000,148.300000
-41.230000,148.280000
-39.950000,148.220000
-42.950000,147.350010
-41.190000,148.270000
-41.710000,148.280000
-42.210000,145.190000
-42.850000,147.610000
-43.050000,147.320010
-42.220000,148.020000
-40.880000,147.780000
-43.307030,145.982900
-43.213480,145.804190
-40.230000,148.039990
-41.172780,146.238810
-43.520000,146.510000
-42.870000,147.920000
-42.970000,147.330000
-40.910000,147.550000
-40.250000,148.170000
-41.871930,148.302990
-39.940000,148.320010
-41.040000,145.899990
-54.503240,158.928310
-39.900000,147.789990
-42.150000,145.310000
-40.426600,144.871200
-40.860000,147.710010
-39.860000,143.850010
-39.610000,144.020000
-40.220000,148.270000
-43.120000,147.730000
-42.620000,145.300000
-40.120000,148.010000
-42.790000,147.260000
-41.060000,145.929990
-41.440000,148.270000
-40.501330,144.787190
-40.210000,148.250000
-43.120000,147.330000
-41.850000,148.270000
-42.420000,145.510000
-40.100000,148.000000
-43.030000,147.940000
-43.240000,147.090000
-42.660000,148.010000
-42.290000,148.280000
-43.230000,145.800000
-42.300000,148.280000
-42.670000,148.060000
-43.190000,147.840000
-43.120000,147.320010
-40.880000,145.520000
-41.170000,148.280000
-42.170000,148.070010
-38.383190,144.255690
-38.526260,145.369660
-38.291250,144.407910
-38.517920,145.203750
-37.573190,149.744860
-38.717640,143.728750
-38.249310,145.028750
-38.535380,145.385720
-37.983750,147.650420
-38.522910,145.363190
-38.677450,143.124360
-38.937640,146.246520
-38.510010,145.124600
-38.253750,145.025150
-38.969600,146.266310
-38.245690,145.028750
-38.243750,147.361250
-38.382190,144.775880
-38.177920,145.076250
-38.182360,145.074020
-38.366250,142.260420
-38.146790,144.369210
-37.892640,144.988190
-38.487360,145.152920
-38.226810,145.030410
-38.282910,147.311260
-38.695390,146.247460
-38.239310,145.029020
-38.335070,144.325050
-38.668440,143.110860
-38.807980,143.463900
-38.295250,147.295230
-38.459310,144.870700
-38.256530,145.024030
-38.519630,145.207630
-38.338750,145.203750
-37.805700,148.631260
-38.762050,143.380590
-38.356050,142.310930
-38.353470,144.763750
-38.290420,145.520140
-38.690970,146.311250
-38.391530,142.184590
-38.447450,147.101300
-38.752080,143.314300
-38.211810,145.051530
-38.214310,145.043470
-38.186800,145.072310
-38.748750,143.204870
-38.215140,145.034300
-37.797640,148.560700
-38.262640,145.018190
-38.271530,145.006530
-38.752800,143.319330
-38.088750,147.571530
-38.393750,144.791250
-39.025420,146.319580
-38.342360,141.607630
-38.479440,145.011530
-38.657360,146.667920
-38.380270,144.773970
-37.829030,148.188750
-38.715140,146.667630
-38.419580,145.076810
-38.424860,145.070970
-38.335930,144.705310
-38.706270,143.160660
-37.599580,149.730970
-38.177920,145.078480
-38.810340,146.235800
-38.574860,146.952910
-37.805140,148.620130
-38.129910,144.356390
-38.715970,143.168470
-38.218400,145.032230
-38.401610,144.802080
-37.807920,148.725690
-37.839310,144.917470
-38.544300,145.446240
-38.214880,145.037720
-37.609590,149.720140
-37.866250,148.065410
-38.359860,141.439860
-38.508750,145.131810
-38.792360,143.622910
-38.622640,142.962080
-38.552360,143.984860
-38.213970,145.040290
-38.437080,145.045410
-38.505140,145.252360
-38.395700,145.160970
-38.343470,144.748200
-38.396810,145.175980
-38.391910,142.232440
-39.024720,146.305280
-38.427920,144.834850
-38.120690,144.360410
-38.352920,144.735140
-38.827430,143.484600
-38.200420,145.065410
-38.754860,143.359300
-38.389860,142.173190
-37.775420,148.980420
-38.253750,147.348760
-38.285370,144.462800
-38.513280,145.178160
-38.689940,146.333540
-38.137140,144.355290
-38.398290,145.183950
-38.316960,144.352500
-38.551780,146.977010
-33.941530,120.155700
-33.923190,120.045100
-20.841450,116.366900
-29.211820,114.901200
-29.169590,114.888100
-33.900670,121.778200
-29.126260,114.873700
-20.469720,116.586900
-35.020190,117.363200
-35.032130,117.307100
-34.397370,119.404900
-29.948770,114.974000
-28.794040,114.611200
-16.117140,123.781900
-34.458760,119.396500
-33.927080,120.031000
-32.057780,115.741400
-20.627830,117.736900
-24.591510,113.509700
-34.092600,123.204000
-35.015470,116.751500
-33.226300,115.682300
-31.872220,115.751700
-34.929060,118.210100
-33.148800,115.685100
-34.453760,119.365700
-33.886950,121.861300
-34.161590,115.027900
-25.541240,113.492800
-34.374600,119.416200
-31.897500,115.754400
-33.201300,115.682900
-31.730280,115.718100
-32.088060,115.754200
-35.116080,117.900940
-29.425430,114.970600
-31.994340,115.500100
-28.760980,114.615100
-35.030190,116.714000
-34.990190,116.736300
-20.405350,115.571300
-34.867500,116.217500
-35.064900,117.641800
-31.995830,115.750600
-34.983800,117.423200
-33.404360,115.600700
-34.453490,119.288200
-35.090350,117.637220
-33.612980,115.111200
-35.121290,117.634000
-19.709190,120.768800
-34.425990,119.397600
-31.930000,115.753900
-34.505160,119.230100
-33.888450,121.849600
-29.876550,114.978700
-16.150540,123.775400
-34.848330,116.118100
-20.383400,115.548600
-28.681540,114.607000
-33.984370,114.989900
-33.928260,114.991000
-28.784040,114.590900
-35.015730,118.003200
-32.520180,115.704300
-34.973790,117.470700
-34.362780,119.519700
-33.880120,121.885400
-35.031310,116.606800
-34.436940,115.601700
-33.313240,115.636500
-33.584370,115.014600
-32.234770,126.168900
-33.947130,114.992870
-32.245560,115.756700
-32.013730,115.477140
-32.028330,115.748300
-33.582140,115.097300
-35.049360,116.629600
-33.878730,121.896200
-29.883770,114.979000
-34.737500,115.956900
-35.004360,116.534300
-31.838890,115.749700
-34.004310,119.790100
-35.016850,117.204300
-33.574640,115.089000
-31.868610,115.751700
-24.795120,113.633900
-32.226980,127.434800
-31.699610,115.704300
-33.514640,115.517600
-34.991020,117.481300
-33.890410,120.793200
-33.102680,115.686500
-33.935420,119.992600
-34.450150,119.356000
-15.025810,125.355400
-25.165280,113.802200
-16.178040,124.400200
-34.922670,118.217900
-35.030190,117.331300
-28.776540,114.583900
-34.468490,118.904600
-32.276940,115.722200
-32.011560,115.544500
-22.041110,114.115600
-34.765760,115.966800
-34.376350,119.484560
-33.519080,115.511000
-33.870950,121.671500
-32.034720,115.744700
-32.878790,115.647600
-33.827340,121.296200
-35.026580,116.997600
-33.746030,114.989900
-17.579170,122.153000
-20.380350,115.548000
-27.743200,114.143600
-34.470430,119.108200
-31.999540,115.490830
-17.990560,122.192700
-34.982680,117.417600
-34.813810,116.003200
-33.886750,121.855780
-34.996860,116.711500
-29.253210,114.920100
-26.215130,113.773600
-35.110180,117.629600
-33.535750,115.031200
-35.035750,116.740400
-33.825120,121.473400
-34.438210,119.397400
-23.123160,113.765500
-33.653810,115.020400
-29.296690,114.924500
-31.880820,115.753610
-34.969630,117.386000
-33.465750,115.559300
-34.484600,119.275100
-21.633690,115.112200
-21.636750,115.101100
-31.981390,115.752200
-28.810150,114.620900
-34.299440,119.501900
-28.775150,114.604500
-21.950370,114.138900
-34.238480,119.524000
-31.876670,115.751100
-22.076480,113.896600
-33.892340,121.824300
-16.075260,124.469100
-20.417570,115.579700
-27.930700,114.132500
-32.307500,115.724200
-35.026300,117.253500
-20.457850,115.543000
-33.953470,119.977100
-33.878170,121.876800
-33.971250,119.850700
-33.934830,122.546800
-20.695280,115.413600
-20.637550,117.741100
-33.622420,115.406000
-33.640280,115.024200
-34.522420,115.722900
-16.173600,123.576600
-33.109600,151.647100
-34.287540,150.949190
-33.731800,151.301190
-33.920650,151.258290
-33.518000,151.332900
-30.256800,153.134600
-35.031800,150.784610
-16.760410,145.673870
-16.785130,145.699980
-28.022570,153.434400
-35.331800,150.484600
-33.606800,151.334600
-29.434910,153.364340
-30.192100,153.171010
-33.528520,151.314740
-30.281800,153.134600
-33.531800,151.342900
-33.800580,151.298220
-28.396600,153.566800
-26.530070,153.092990
-26.821180,153.121610
-23.216110,150.793060
-27.978400,153.429690
-26.447020,153.103840
-28.041110,153.438050
-26.681110,153.121670
-16.596170,145.522450
-24.915070,153.281310
-26.480070,153.098540
-19.977760,148.232150
-21.388160,149.313580
-28.118670,153.472730
-27.993120,153.424130
-16.779440,145.687230
-16.808890,145.726100
-39.890000,147.760000
-35.796230,137.802380
-35.994670,137.354690
-35.293540,138.445220
-40.840000,145.330000
-42.540000,147.880010
-40.850000,145.410000
-42.390000,147.980000
-43.380000,147.179990
-41.720000,144.960010
-39.890000,144.100010
-40.870000,145.460010
-41.080000,146.750000
-41.140000,146.539990
-42.200000,148.039990
-42.979430,147.327220
-41.174140,146.289600
-41.620000,148.310000
-40.850000,145.350010
-41.000000,147.179990
-40.750000,144.950000
-42.770000,147.260000
-39.750000,147.880010
-43.080000,147.670000
-42.890000,147.330000
-40.910000,145.560000
-42.180000,148.060000
-40.770040,145.285770
-39.670000,143.910000
-38.369580,144.282640
-31.938060,115.753900
-32.112780,115.762800
-33.571300,115.461800
-32.018890,115.750800
-31.785560,115.733100
-31.857220,115.750600
-31.672220,115.690300
-32.273890,115.730000
-31.893890,115.754400
-31.829440,115.744700
-32.073430,115.751350
-34.590200,150.876200
-39.830000,143.860000
-42.970000,145.580000
-42.820000,147.490000
-34.294740,150.943220
-16.897080,145.907200
-28.163400,153.518280
-38.345690,144.727360
-37.803740,148.338820
-41.060000,146.800000
-32.300490,126.585650
-35.103360,150.693390
-33.037880,134.231130
-41.881280,148.305030
-32.500410,133.288580
-14.129130,129.496360
-33.991370,151.238140
-35.078070,137.746270
-35.209970,138.470390
-37.991150,145.043110
-38.510300,145.158920
-43.195050,145.931950
-40.449430,144.846280
-21.807820,114.097890
-34.979070,138.510210
-38.464400,145.176440
-16.358690,145.415550
-12.339880,130.917250
-35.561810,138.888070
-23.200450,150.791510
-33.957650,134.264730
-34.839190,138.477900
-35.513400,138.710760
-34.901950,137.197330
-23.273440,113.785660
-20.091140,148.503510
-34.055110,151.154990
-33.810680,151.254760
-32.720470,152.183550
-14.678880,145.469630
-14.663560,145.473580
-14.652060,145.451880
-14.665530,145.452140
-14.668770,145.444910
-14.670120,145.444440
-14.670660,145.443360
-14.671570,145.442740
-14.674580,145.446170
-14.681560,145.451500
-14.681000,145.453600
-14.679440,145.460140
-14.681620,145.464820
-14.699530,145.452720
-14.695150,145.446950
-38.403230,142.514310
-34.787370,138.481720
-14.679420,145.447570
-17.731440,146.104260
-33.838920,151.279370
-15.514080,145.273850
-34.007220,151.193050
-23.935290,151.353190
-33.749790,151.298990
-27.325720,153.438660
-27.057330,153.198810
-33.875080,121.736480
-21.808830,114.095030
12.417190,-69.884130
12.540240,-70.063420
13.257070,-59.557550
13.073550,-59.589250
13.269360,-59.564290
13.066670,-59.550000
13.239090,-59.545230
13.257000,-59.644230
13.106590,-59.443800
13.274570,-59.566690
13.066600,-59.569570
13.071180,-59.583050
51.150000,2.700000
51.349150,3.273850
51.354680,3.291220
32.355560,-64.660000
32.308330,-64.868060
32.264720,-64.795000
32.261110,-64.802500
32.334440,-64.681670
32.252500,-64.819170
32.252780,-64.818610
32.253330,-64.817780
32.253330,-64.817500
32.253610,-64.816940
32.332910,-64.739150
32.272760,-64.776550
32.322570,-64.708420
32.248870,-64.833140
32.249020,-64.831060
32.267170,-64.788730
12.066670,-68.216670
12.300000,-68.350000
12.283330,-68.400000
12.233330,-68.400000
-4.900000,-37.183330
-4.616670,-37.583330
-3.848840,-32.436190
-4.933330,-36.916670
-3.633330,-38.683330
-4.140210,-38.122560
-4.966670,-36.833330
-4.800000,-37.250000
-4.550000,-37.666670
-3.666670,-38.650000
-3.725000,-38.458330
-3.841710,-32.417860
-3.583330,-38.766670
-3.947230,-38.276540
-4.050000,-38.183330
-4.933330,-37.033330
-4.905000,-37.200280
-3.900000,-38.333330
-3.783330,-38.416670
-8.094440,-34.880560
-7.995830,-34.838890
-3.705560,-38.554170
-3.712500,-38.544440
-3.718060,-38.515280
-3.720830,-38.505560
-3.725000,-38.495830
-3.720830,-38.480560
-1.083330,-45.883330
-6.976670,-34.835000
-6.966670,-34.853330
-6.966670,-34.835000
-6.988330,-34.846670
-6.985000,-34.828330
-6.975000,-34.830000
-6.933330,-34.866670
-6.915560,-34.858330
-6.903330,-34.858330
-5.788330,-35.188330
-5.796670,-35.193330
-7.793330,-34.836670
-22.816670,-43.166670
-22.954730,-43.164870
-22.947100,-43.164010
-24.481760,-47.129370
-22.789330,-43.231280
-24.014020,-46.272730
-30.383330,-51.050000
-25.366670,-48.183330
-23.183330,-44.300000
-20.333330,-40.266670
-22.975100,-43.705900
-22.820880,-43.226900
-10.666670,-36.733330
-22.800000,-43.183330
-22.823770,-43.166980
-23.025030,-43.457770
-22.816670,-43.250000
-23.033330,-43.486390
-24.000000,-46.266670
-22.815680,-43.176910
-20.283330,-40.233330
-24.250000,-46.916670
-23.050000,-43.533330
-22.783400,-43.184280
-23.002470,-43.640670
-22.200000,-41.450000
-25.616670,-48.450000
-22.993500,-44.089500
-23.041440,-43.630890
-22.950000,-42.333330
-25.766670,-48.516670
-22.964230,-43.171090
-22.986780,-43.220200
-24.616670,-47.316670
-23.969200,-46.348870
-22.833330,-43.166670
-10.250000,-36.200000
-23.004520,-43.400690
-23.970410,-46.362300
-20.366670,-40.283330
-22.450000,-41.850000
-22.791900,-43.244800
-23.907040,-46.156200
-22.986540,-43.207470
-23.762820,-45.886520
-23.083330,-43.566670
-22.792410,-43.168650
-24.017590,-46.292280
-23.047130,-43.526390
-24.014460,-46.414830
-22.782630,-43.178360
-23.970410,-46.333590
-23.998640,-46.314870
-23.000000,-43.266670
-22.829580,-43.236070
-22.788230,-43.214110
-22.116670,-41.166670
-30.383330,-51.033330
-24.833330,-47.683330
-22.927750,-43.170810
-22.816040,-43.212460
-22.986030,-43.693080
-25.370270,-48.158830
-22.793680,-43.198860
-22.968900,-43.179100
-22.300000,-41.666670
-20.266670,-40.283330
-22.831830,-43.181900
-22.944370,-43.180900
-23.981000,-46.313640
-31.550000,-51.250000
-22.818670,-43.195190
-23.015560,-43.412500
-22.807530,-43.177570
-22.783330,-43.150000
-20.327780,-40.270830
-20.270830,-40.230560
-20.305560,-40.288890
-14.808330,-39.025000
-14.791670,-39.033330
-14.591670,-39.054170
-14.777780,-39.047220
-14.783330,-39.041670
-14.784720,-39.037780
-14.804440,-39.033330
-14.820830,-39.025000
-22.815840,-43.077240
-23.014180,-43.315680
-22.966670,-43.066670
-22.966670,-43.016670
-30.341670,-51.037500
-30.333330,-51.033330
-30.350000,-51.050000
-32.091670,-52.033330
-30.361110,-51.044440
-32.191670,-52.158330
-32.166670,-52.116670
-30.370830,-51.038890
-30.380560,-51.044440
-30.425000,-51.125000
-30.427780,-51.141670
-30.422220,-51.144440
-25.470830,-48.506670
-30.138890,-51.229170
-30.208330,-51.195830
-30.219440,-51.177780
-25.523060,-48.309170
-25.514170,-48.377220
-25.530830,-48.325560
-25.587500,-48.366670
-25.568890,-48.307780
-25.567140,-48.315380
-25.559440,-48.300830
-25.551110,-48.296670
-20.491670,-29.330000
-20.503330,-29.316670
-20.511670,-29.305000
-20.513330,-29.301670
-20.516670,-29.313330
-23.000000,-43.261110
-27.794720,-48.632220
-27.781670,-48.631670
-27.778890,-48.631390
-27.772780,-48.629720
-27.756670,-48.618890
-27.813890,-48.623610
-27.771670,-48.628610
-27.825000,-48.602780
-27.836670,-48.587500
-27.834720,-48.563330
-27.867500,-48.602780
-27.883610,-48.582220
-27.813610,-48.559170
-27.805000,-48.564170
-27.804440,-48.536110
-27.794720,-48.533060
-27.783330,-48.521670
-27.761670,-48.575830
-27.765280,-48.576390
-27.787220,-48.566940
-27.881670,-48.575830
-27.917500,-48.600560
-27.945560,-48.620830
-27.956940,-48.625000
-27.987780,-48.630000
-27.004720,-48.613610
-27.007780,-48.580560
-27.019170,-48.575560
-27.030560,-48.581670
-27.048330,-48.587500
-27.064170,-48.593890
-27.075280,-48.594440
-27.088060,-48.595560
-27.125280,-48.602500
-27.140000,-48.507780
-27.121120,-48.519220
-27.145830,-48.476110
-27.127500,-48.525280
-27.151390,-48.575560
-27.156670,-48.546940
-27.186390,-48.498610
-27.217220,-48.510560
-27.191940,-48.505000
-27.182500,-48.520000
-27.181940,-48.538060
-27.188060,-48.547780
-27.190280,-48.550830
-27.197500,-48.560000
-27.204720,-48.572500
-25.583890,-48.351110
-25.540280,-48.293890
-25.568060,-48.306390
-25.553610,-48.308890
-25.608610,-48.397780
-25.661110,-48.443060
-25.694440,-48.465830
-25.742220,-48.494170
-25.244720,-48.030280
-25.230280,-48.013330
-22.994600,-44.095100
-23.010500,-43.342880
-27.755600,-48.498220
-22.975780,-43.036540
-28.239750,-48.656130
-28.129670,-48.636820
-27.599280,-48.427730
-27.432600,-48.393980
-27.630430,-48.448590
-22.770960,-41.886750
-22.757500,-41.901600
-27.398590,-48.413830
-22.742050,-41.881490
-22.749270,-41.873530
-22.781370,-41.899820
-26.956810,-48.628840
-22.742780,-41.875680
-9.776730,-35.839810
-23.833930,-45.511210
-3.626890,-38.728310
-23.830070,-45.522190
-22.754970,-41.864880
-22.745850,-41.881600
-13.010390,-38.531900
-13.889990,-38.934990
-8.504170,-35.001110
-13.963680,-38.933370
-22.985800,-43.687830
-22.984600,-43.665730
-23.000890,-43.649160
-23.005120,-43.634960
-23.049150,-43.629180
-23.069940,-43.568140
-23.072300,-43.556710
-23.069980,-43.552200
-23.064980,-43.550740
-23.057550,-43.544940
-23.046600,-43.514230
-23.039650,-43.505280
-23.032900,-43.488240
-23.014090,-43.290450
-23.014710,-43.299240
-22.991660,-43.232240
-22.987290,-43.196490
-22.988390,-43.189480
-22.944620,-43.155820
-22.839780,-43.223720
-22.818030,-43.218530
-22.829110,-43.186120
-22.830140,-43.180250
-22.801550,-43.177610
-22.799570,-43.174620
-22.780950,-43.157230
-22.769550,-43.110790
-22.768520,-43.106810
-22.763340,-43.106570
-22.757710,-43.108310
-22.753350,-43.103880
-22.750670,-43.104640
-22.752500,-43.109860
-22.757730,-43.110420
-22.762720,-43.110460
-22.838240,-43.250570
-22.942830,-43.158270
-22.981000,-44.078900
-22.972300,-44.075400
-22.964100,-44.081300
-22.952700,-44.076800
-22.950300,-44.015400
-22.944600,-44.042300
-22.941500,-44.051500
-26.488900,-48.620700
-26.285300,-48.678400
-26.739000,-48.678600
-26.713000,-48.681500
-26.680900,-48.686900
-26.629900,-48.679700
-26.521900,-48.639300
-7.365830,-34.797220
-27.750090,-48.499830
-25.460310,-48.243210
-25.289900,-48.078850
-25.261420,-48.048550
-25.834900,-48.536700
-25.846500,-48.539400
-25.881000,-48.567400
-25.928100,-48.579700
-25.988400,-48.599170
-28.146780,-48.645060
-13.009580,-38.527850
-6.233590,-35.045120
-26.281100,-48.531200
-23.060310,-43.548930
-23.030220,-43.474970
-22.790800,-43.188820
-23.066450,-43.568290
-23.014710,-43.410490
-22.821270,-43.171770
-8.434000,-34.978450
-23.169640,-44.129930
-3.854850,-32.443540
-3.845220,-32.428400
-3.933870,-38.311820
-4.021280,-38.213970
-4.000860,-38.228880
25.016670,-77.250000
25.003830,-77.346920
25.066670,-77.366670
26.604820,-77.008930
25.050000,-77.466670
25.077890,-77.411710
25.000150,-77.493950
24.636640,-76.145000
24.919910,-76.143190
24.071990,-74.532690
26.496820,-78.669580
26.837590,-77.382590
-54.410000,3.285280
17.454330,-88.254720
18.002020,-87.912740
45.050150,-64.148740
47.859590,-53.084170
47.016600,-53.648110
44.549560,-64.214340
43.538380,-65.555910
44.900150,-62.348600
76.385010,-87.499950
45.524500,-65.113690
47.691600,-53.939830
43.909910,-64.780050
44.833450,-62.465310
44.642040,-63.927560
45.064380,-66.736020
44.504230,-64.306710
44.407830,-64.262750
44.916850,-62.315300
44.406320,-64.303610
47.567990,-53.570300
47.580490,-53.563400
47.666590,-53.513390
47.458200,-53.914820
74.445120,-123.170810
46.861000,-53.580020
46.416840,-64.615450
44.552270,-63.941800
44.344550,-66.118730
44.249300,-66.134090
44.257770,-66.135720
45.483440,-60.915210
44.212080,-66.158900
50.116840,-61.815220
44.453610,-63.591860
44.204910,-66.162370
44.014850,-66.158940
45.900140,-59.948430
44.364550,-64.290780
44.619510,-66.715950
49.033390,-68.498960
58.283760,-77.716160
58.017010,-68.531810
60.036020,-69.835350
60.063520,-69.796240
49.306490,-67.765810
49.079790,-68.253650
58.917050,-68.681790
45.633440,-61.748560
44.502650,-64.065260
44.058590,-64.637980
45.766850,-60.181750
46.450140,-61.098510
46.233440,-64.498750
45.666850,-60.331770
45.916840,-60.898500
71.301180,-73.064410
45.368190,-65.496930
45.316850,-60.965210
45.216700,-65.854220
45.166850,-61.665250
45.650480,-64.729470
49.749960,-55.948170
47.649890,-52.714750
45.323650,-64.792190
46.016840,-60.681780
45.583450,-61.231830
47.652700,-53.795320
46.333440,-60.465170
44.933450,-62.048580
45.683440,-62.365310
47.641600,-53.785620
44.473220,-63.550190
44.850160,-62.231890
45.154890,-66.228250
49.699920,-54.331420
70.301060,-68.147110
43.701040,-65.049430
43.530640,-65.384620
43.487690,-65.393670
47.697100,-53.948130
45.103010,-64.217220
76.026570,-106.032820
45.183450,-61.348530
48.525870,-124.442480
43.822410,-64.849180
44.539160,-63.544780
46.433420,-63.198690
48.828250,-125.152340
45.638290,-64.743200
48.825260,-125.155180
47.249890,-52.798050
45.683440,-61.581850
47.236000,-53.964830
44.716850,-62.681930
46.716840,-60.348460
47.233190,-52.781350
46.266840,-60.098450
44.467020,-65.989310
48.863000,-54.059210
45.319440,-65.552730
44.833450,-62.565320
44.946760,-66.924630
46.541830,-63.798720
52.550090,-55.731270
48.844600,-54.008410
47.699900,-53.845320
46.800120,-64.898730
45.216850,-64.148740
45.866850,-63.715410
44.192480,-64.377520
45.300150,-60.915200
47.090200,-53.706410
47.036000,-54.116250
43.659460,-65.328290
45.236460,-64.488310
43.908710,-64.823170
45.483450,-61.231830
46.000140,-59.931730
45.159440,-64.172920
46.500120,-63.432000
47.533190,-52.948060
47.673500,-53.813420
45.683440,-62.581930
47.449890,-53.148080
45.171110,-66.224420
43.849200,-66.134730
46.300130,-63.748720
44.511980,-64.008050
49.115930,-125.894180
46.600140,-61.048510
46.383440,-61.165210
48.433300,-124.092720
45.633440,-62.465320
45.120890,-66.523050
48.842440,-123.458240
48.030490,-52.975850
44.716850,-62.881940
45.416850,-61.415240
46.066840,-61.515240
49.357050,-124.395790
47.833200,-53.998130
49.820100,-125.033810
44.141590,-64.513800
44.700150,-63.181970
43.744190,-66.077700
44.572230,-64.163710
44.523430,-63.790410
46.716840,-60.915200
47.569530,-61.511640
47.575130,-61.505240
47.683190,-53.231380
44.613120,-63.438450
47.700000,-58.365220
45.866850,-63.665410
44.234100,-64.401560
43.695830,-65.119160
45.766840,-61.898580
45.516840,-61.098520
46.166840,-60.415160
45.166850,-64.182040
44.460250,-63.618740
47.815190,-53.452290
45.208750,-61.285730
46.956000,-54.167550
44.531790,-63.945500
47.099890,-52.948060
46.416810,-63.048680
48.624820,-124.766240
44.630500,-64.051370
44.498810,-63.819680
45.630360,-64.849490
44.106020,-66.208540
49.292360,-124.147780
46.316840,-61.248520
64.741080,-82.296460
46.566840,-60.381760
46.483440,-64.632050
46.583440,-64.715450
44.897260,-66.957880
45.683440,-61.881870
47.129100,-53.500900
48.532940,-123.385910
71.617890,-72.580900
51.366890,-80.349520
47.549890,-53.014760
45.166850,-64.215450
45.783450,-60.098440
45.183450,-61.331830
45.456590,-64.844400
43.722820,-65.145210
45.019560,-66.956120
49.286960,-123.143520
46.583440,-64.065440
48.968030,-125.301290
59.933720,-69.698460
59.100370,-69.115220
56.933670,-76.566110
60.057920,-69.686740
58.676770,-69.734690
62.233910,-75.682320
60.096020,-69.631520
60.057920,-69.753140
60.057920,-69.652030
60.701200,-69.663700
45.138810,-64.319570
45.150140,-66.215560
43.804820,-66.155070
43.803780,-66.154780
47.813790,-53.450890
46.433410,-62.881970
47.606790,-53.284180
47.258200,-53.993930
45.390520,-64.317270
44.666850,-63.215370
48.020690,-52.970250
48.017990,-52.964750
44.453850,-63.593280
82.451900,-61.406560
46.266840,-60.248460
47.609590,-53.275880
46.333400,-62.348630
53.533380,-55.947950
45.381090,-65.462640
47.869290,-53.417490
47.729100,-53.835620
45.350150,-61.115220
44.598160,-64.062130
47.033430,-60.581770
44.382470,-66.203980
48.390800,-123.944410
44.883240,-66.952120
72.801410,-91.933390
46.316830,-63.782020
45.278480,-65.702360
44.988840,-67.001370
47.910990,-53.377280
46.881800,-53.628720
44.516360,-64.122950
45.766850,-60.115150
44.463310,-63.609730
44.933450,-62.065280
45.666840,-61.431840
49.483980,-123.979150
45.950140,-60.865190
46.183440,-59.948440
46.383430,-63.765420
47.433190,-53.181380
46.827700,-54.146760
48.049890,-53.154960
46.300140,-60.398460
45.766840,-62.865360
48.370660,-123.837010
45.583440,-60.915210
44.683450,-63.231970
46.583440,-64.132040
46.183440,-64.048730
49.049660,-123.035920
47.283190,-52.781350
46.966600,-53.531410
49.666620,-54.731460
44.600070,-66.839470
47.634590,-53.506390
48.701310,-53.989810
43.801810,-64.885060
47.166600,-53.525900
59.933720,-69.715160
59.917120,-69.681760
59.917120,-69.748470
50.300140,-64.398680
61.549820,-71.669650
60.000420,-69.915160
59.950420,-69.715160
59.950420,-69.865170
60.022620,-69.839550
60.101820,-69.809530
59.867120,-69.581760
60.029620,-69.844050
60.558210,-69.690730
62.149210,-75.780930
58.700380,-69.929200
60.820440,-69.951390
60.689600,-69.699520
60.519010,-69.804370
62.247810,-75.549000
62.165310,-75.872640
59.317100,-69.248510
58.883660,-69.481860
62.189510,-75.719820
59.883720,-69.631770
60.064920,-77.224920
58.883650,-68.681800
59.900420,-69.748470
59.017060,-69.298540
58.668460,-69.649390
55.083600,-78.216260
45.245950,-61.310730
46.827700,-54.025950
43.663670,-65.915870
45.383450,-61.481840
43.687970,-65.177820
44.883450,-62.298600
44.900150,-62.181890
68.782160,-81.221580
48.774620,-123.274780
47.169300,-53.531400
45.816840,-60.115140
47.138800,-54.062040
46.000140,-59.765130
45.083450,-61.765260
44.883450,-62.415310
50.616770,-57.298220
46.266820,-63.081980
45.866850,-63.748710
47.583320,-59.115280
44.871660,-66.931240
49.404220,-126.415340
45.178680,-64.166400
47.399890,-53.114770
47.679090,-53.717510
44.265160,-64.272840
47.051300,-53.653710
45.816850,-63.415390
45.214300,-64.365870
43.952750,-64.767670
49.566650,-55.831480
44.673310,-65.750340
45.750140,-60.981810
44.791430,-66.796860
44.952160,-66.914440
45.883440,-61.481840
47.449890,-53.098070
46.633440,-60.381760
59.550310,-63.814850
48.572430,-123.366940
45.666840,-62.548620
49.272370,-123.193260
49.033320,-58.148410
43.779170,-64.948380
47.177430,-55.137490
46.633440,-63.882030
47.216590,-52.831360
44.957710,-65.238980
48.785940,-125.171100
46.516830,-63.698720
71.965120,-125.928210
46.183440,-60.248460
45.042010,-66.888480
46.833420,-64.915430
43.469200,-65.757200
43.769000,-66.129130
46.266840,-61.265220
44.716850,-63.065360
46.200120,-63.115380
44.485800,-65.965740
45.155120,-64.183520
49.275200,-123.153990
47.187400,-54.041240
69.601400,-140.156790
45.700140,-61.565250
49.366630,-55.448180
47.280740,-61.722460
47.565730,-61.496340
47.360440,-61.871670
47.483190,-53.064770
47.599890,-52.975860
44.733450,-62.831940
46.216820,-63.115380
45.333450,-60.981810
47.351540,-61.879670
45.600150,-60.748490
49.167590,-68.197540
44.643610,-63.337340
49.768190,-67.169130
47.424040,-61.856360
47.559040,-61.604150
49.155690,-66.425210
47.351540,-61.888270
49.783430,-64.398680
45.850140,-60.165150
47.399890,-53.131370
43.812770,-64.925510
44.439010,-66.018670
45.683440,-62.648630
46.216840,-60.031750
46.400130,-63.848730
45.650140,-61.581850
48.040190,-52.979950
47.601290,-53.285580
44.883450,-62.281900
45.600150,-60.598480
51.316890,-80.516240
45.378080,-63.549490
47.648500,-53.793920
46.316840,-60.481770
44.982050,-61.934970
44.231530,-64.423180
45.272010,-66.024990
49.738540,-124.922240
44.976560,-66.696010
43.850510,-66.150680
44.458810,-63.573640
47.329630,-55.298600
47.316630,-55.315000
46.633190,-53.131410
49.616660,-55.931480
47.383210,-54.531510
47.799900,-53.998130
47.266590,-52.814750
49.666620,-54.798160
49.316590,-53.648040
47.576290,-53.263380
47.508190,-53.167480
47.674890,-53.238380
47.734590,-53.227280
47.947090,-53.050860
47.187400,-53.589810
45.233450,-61.231820
45.218750,-64.552640
44.454540,-63.583970
44.406330,-66.166190
46.150140,-59.848440
45.800140,-63.265380
45.700150,-60.265160
45.450150,-61.265230
43.732960,-65.349560
43.733680,-65.010650
45.425700,-65.379270
49.043610,-125.710370
47.723500,-53.960630
44.982050,-61.938580
45.316850,-60.931810
47.516590,-52.964760
44.406660,-64.258220
44.660210,-66.792870
45.244930,-65.826410
43.757490,-65.010890
45.683440,-62.665340
49.050020,-58.148410
43.637570,-65.305910
45.370500,-63.514060
44.681850,-63.205070
45.166850,-61.698560
43.553350,-65.773410
48.758710,-125.126600
45.600140,-61.165220
45.750140,-61.898580
46.550140,-63.865430
45.683450,-60.315160
49.131130,-125.904610
45.109730,-66.884980
46.433440,-61.115210
46.766840,-60.315150
45.800150,-63.348680
46.283440,-61.265220
46.300140,-61.248520
46.116840,-60.465170
46.200100,-62.515350
46.416810,-62.815360
46.316840,-61.231810
46.050140,-61.531840
46.333440,-61.215210
45.357650,-65.527460
46.133440,-60.448470
46.683450,-64.415450
45.700140,-61.898580
45.996930,-59.847550
46.984600,-53.575910
44.915120,-66.942870
45.350150,-60.948510
45.683450,-60.348470
45.732430,-64.548240
49.633250,-55.798170
44.683450,-63.131960
44.479180,-63.548560
45.098920,-66.919550
46.016840,-64.065430
44.364880,-64.321280
44.634330,-63.286000
44.604710,-63.526250
45.230260,-65.843320
46.616840,-64.082040
45.238220,-66.099930
45.263350,-65.785620
46.233440,-60.481770
45.182760,-64.358750
48.760670,-123.267910
44.362960,-64.282000
44.573710,-64.156740
45.650140,-62.498620
45.399960,-65.446630
44.450130,-66.998920
46.883430,-60.448460
46.033440,-59.965140
45.850150,-63.698710
44.983450,-61.998580
46.216800,-62.548650
45.700150,-60.315160
45.700150,-60.298460
44.263300,-64.300050
44.336980,-64.320310
44.342200,-64.313150
46.200100,-62.465340
47.959590,-53.031360
47.635990,-53.728710
45.750150,-63.131970
46.183440,-63.998730
47.073500,-53.570310
45.645140,-61.652460
44.504880,-63.822170
47.577720,-54.875750
46.800130,-60.315150
45.166850,-61.448540
45.724280,-64.660790
45.134920,-66.533720
51.400190,-80.316220
48.670350,-124.850610
46.683440,-60.365160
54.041700,-131.923830
46.966600,-53.514810
47.888790,-53.081360
47.161000,-53.650910
46.916830,-60.448460
46.933440,-60.448460
46.883420,-64.898730
46.733430,-64.815430
46.466820,-63.298700
46.211880,-60.237030
48.659600,-53.757790
44.966850,-61.965280
46.966590,-52.898060
47.524900,-53.570300
48.840990,-123.399810
44.278330,-64.339910
48.794090,-125.120420
44.644140,-63.919440
58.673530,-93.179440
45.650140,-61.748560
49.133190,-58.392740
49.133320,-58.098400
45.983440,-61.548550
46.233440,-64.515450
45.371360,-64.332240
46.824900,-54.153760
43.858030,-66.159630
47.805490,-53.143870
45.566840,-60.898510
46.116840,-59.881740
45.866850,-63.698710
43.660900,-65.261690
45.237790,-64.485050
43.967120,-66.164170
47.241600,-53.967530
47.347940,-61.882470
47.357640,-61.954970
47.390740,-61.949970
47.378240,-61.957170
49.976790,-66.959560
49.126190,-66.500510
49.083460,-61.731830
47.361840,-61.944970
47.456240,-61.741060
47.606230,-61.436340
49.224800,-65.130610
47.312640,-61.935470
47.399540,-61.841660
47.577340,-61.630250
47.626230,-61.476840
47.457040,-61.811060
47.300140,-61.972170
49.100160,-61.698520
47.774530,-61.490740
47.557330,-61.502940
47.545130,-61.534640
62.117370,-74.615580
47.381240,-61.956070
47.246840,-61.891870
47.346540,-61.949170
47.216840,-61.848560
47.265440,-61.912170
51.500190,-78.782700
50.116840,-61.581800
50.149500,-66.567070
47.569830,-61.489140
61.108380,-77.818510
55.800330,-76.999410
56.183640,-76.649390
50.850110,-58.981550
46.416840,-60.448460
49.278950,-123.235450
46.899900,-53.606420
46.808200,-54.075960
45.583450,-60.681790
46.050140,-64.048730
47.705500,-53.973130
46.916830,-60.681780
45.479440,-64.832300
43.732410,-65.345120
45.650140,-61.798570
44.983450,-62.031880
45.533440,-60.981810
45.396040,-63.712080
45.100150,-61.848570
46.016840,-61.531850
43.989700,-66.154260
46.033420,-62.481940
45.262470,-65.797550
44.750150,-62.815340
43.566710,-65.786370
45.866850,-63.682010
47.823490,-53.114770
46.749890,-53.381430
47.727690,-53.217480
49.354260,-124.456640
44.634680,-64.027810
44.850150,-62.315300
44.852570,-66.927460
49.073780,-125.841910
44.650150,-65.765550
46.283440,-60.565170
45.269190,-66.124280
46.050140,-63.982030
48.183200,-53.964820
47.766610,-54.198150
48.511000,-53.514780
44.970300,-67.021240
45.257500,-65.762310
46.733450,-64.398750
45.633440,-61.715260
46.766840,-60.331750
44.230530,-64.428330
43.613200,-65.323380
46.583440,-60.365160
47.065200,-53.570310
45.225080,-66.122570
44.458260,-63.582450
45.350150,-60.981810
47.781790,-53.156370
51.416890,-80.332820
43.533990,-65.564130
49.505480,-124.638690
45.400050,-64.065850
43.822810,-64.890510
49.916650,-55.731420
47.583220,-54.831540
45.733440,-60.765190
46.350140,-60.448470
49.849640,-125.102870
48.782950,-123.202620
48.532940,-123.369310
44.466340,-63.636040
44.833450,-62.448610
44.628020,-64.041730
45.666850,-61.915280
71.778590,-124.455830
43.525300,-65.550350
45.383910,-64.294160
49.294620,-123.150300
45.443810,-65.344450
49.370070,-123.332390
45.066850,-64.148740
45.300150,-60.931800
46.416820,-63.181990
46.983440,-63.982020
43.697250,-65.218110
45.725660,-64.654970
45.128920,-66.895020
78.218550,-89.566840
44.978600,-66.695570
46.997100,-53.617510
46.400130,-63.815420
46.016840,-60.648480
63.517430,-84.389950
45.683440,-62.565330
45.833440,-60.148450
44.985440,-65.192610
47.830490,-53.100870
46.866830,-60.365160
44.470470,-63.603920
47.919290,-53.353680
46.204520,-60.213120
47.883190,-53.078660
46.883430,-60.431760
44.598530,-66.891200
46.816820,-64.898730
46.783430,-60.315150
46.700130,-64.765440
47.534600,-53.595300
47.399910,-54.514910
48.651300,-53.749490
44.451830,-64.178570
48.499890,-53.048050
45.883440,-59.948430
45.783450,-60.148450
45.004350,-61.877770
44.850150,-62.298600
44.783450,-62.448610
44.225210,-64.436390
47.838790,-53.441190
45.866840,-60.165150
48.072090,-52.952250
46.433420,-63.148690
48.664180,-124.839680
46.300140,-60.548470
43.816690,-66.148710
46.366830,-63.732020
43.844660,-64.826330
47.454100,-53.856420
44.683450,-63.081960
44.783450,-62.548620
45.633450,-60.481780
49.116360,-123.185940
45.348100,-65.540910
45.149600,-64.268130
46.716590,-53.348130
44.716850,-62.865340
46.333440,-60.515170
49.916340,-125.186190
46.133420,-63.198690
47.041050,-55.902540
44.933450,-62.015280
43.950840,-64.817400
49.281580,-123.141630
49.234340,-123.970820
47.819290,-53.439790
47.605490,-53.246680
48.983310,-57.915100
48.733320,-58.831810
45.900140,-59.965130
45.616850,-60.481780
45.066850,-61.815270
44.580170,-63.939430
45.470260,-64.831360
43.685490,-65.234210
54.052540,-132.534380
51.433490,-80.332820
46.151930,-60.429760
47.633190,-52.914760
47.551620,-54.861550
45.033450,-61.931880
45.166850,-61.515240
44.468110,-63.556210
46.733190,-53.364830
47.856790,-53.085570
47.208530,-55.044990
45.083450,-61.748560
45.816840,-63.248680
51.466800,-56.948110
44.816850,-62.448610
46.083440,-61.448540
45.066850,-61.848570
46.950140,-63.998720
43.660900,-65.308180
43.723110,-65.013770
47.726300,-53.964830
44.633300,-63.935230
47.216640,-55.381600
44.716850,-62.815340
45.350150,-61.098520
47.552690,-53.273080
46.800200,-53.660630
49.833280,-56.514910
58.483560,-62.698090
47.041600,-53.773120
45.983440,-59.815130
49.303550,-123.156740
47.483250,-55.798330
47.633230,-55.081570
47.154100,-53.573100
65.867590,-89.416390
44.446220,-66.163550
47.549890,-52.914760
47.099950,-55.748330
44.483600,-63.811660
46.450130,-63.765420
45.261630,-65.733000
49.300440,-124.222510
45.625890,-64.805500
46.216840,-60.298460
46.300140,-60.531770
48.354020,-123.543560
45.639040,-61.676360
45.250150,-61.281830
45.456790,-64.865340
45.566850,-60.698490
45.783450,-60.131750
45.183750,-61.331830
44.700150,-62.765330
44.783450,-62.431910
44.431310,-64.341250
47.549890,-52.898060
48.087390,-52.898050
46.133410,-62.515350
44.799590,-66.779040
43.964660,-64.736200
46.633440,-60.398460
50.050010,-56.698190
48.591600,-53.736990
47.210530,-55.061590
47.409600,-53.856420
47.606320,-54.995160
48.435560,-123.302160
44.932350,-66.939490
49.599950,-55.881480
43.907110,-64.817100
46.000140,-64.065430
46.350130,-63.732020
49.274080,-123.256620
46.566840,-64.065440
48.437910,-124.113750
48.452090,-124.171770
48.471950,-124.254170
48.499830,-124.301200
48.959710,-125.433480
49.136740,-125.910620
49.144600,-125.914650
51.662870,-128.140410
51.656770,-128.142000
49.275530,-123.205960
49.277100,-123.216990
44.686330,-63.575710
44.675240,-63.539690
49.271410,-124.116510
-12.141730,96.817750
-4.821390,11.847220
-4.750000,11.850000
-4.766670,11.850000
-4.929170,11.942220
5.252280,-4.001380
-33.316670,-71.666670
-33.285420,-71.655340
-33.633330,-71.633330
-33.347770,-71.652770
-35.281570,-72.404870
-32.697620,-71.457960
-44.733330,-72.683330
-22.483330,-70.250000
-27.636840,-70.908160
-32.633330,-71.450000
-30.404210,-71.686360
-41.700000,-73.716670
-35.027010,-72.185960
-33.808530,-80.794230
-33.664090,-78.816960
-20.261790,-70.132790
-35.147270,-72.255520
-35.188250,-72.318500
-22.883740,-70.288970
-32.716670,-71.483330
-32.666670,-71.450000
-34.403070,-72.025600
-33.538710,-71.603140
-20.196360,-70.138570
-29.276420,-71.399800
-33.549550,-71.605910
-33.476720,-71.646770
-33.733330,-80.783330
-27.810130,-71.088260
-23.711200,-70.432770
-22.050000,-70.183330
-36.553520,-72.976600
-27.362880,-70.958290
-23.676510,-70.413310
-32.849170,-71.515000
-28.475000,-71.266670
-33.664920,-71.638880
-33.602780,-71.625000
-43.910000,-73.030280
-43.291670,-74.287220
-32.649760,-71.441960
-32.648440,-71.439380
-33.013360,-71.555410
-23.641340,-70.399210
-41.825080,-72.991020
-22.422530,-70.257550
-22.325850,-70.248920
-22.325930,-70.246670
-22.108650,-70.214800
-22.111820,-70.213190
-22.087550,-70.198220
-22.172480,-70.228900
-33.673890,-78.934800
-46.822150,-75.588870
-46.870780,-75.569660
9.345080,-76.048700
2.350000,-78.600000
8.250930,-77.017310
10.878690,-75.083100
3.716670,-77.183330
2.337950,-78.638660
10.975950,-74.464310
11.016670,-74.950000
10.440140,-75.528350
9.371450,-75.984670
11.083330,-74.883330
10.516670,-75.500000
10.650000,-75.400000
11.258350,-73.453860
2.550000,-78.500000
2.583330,-78.400000
9.403650,-75.762610
10.883330,-75.083330
9.200000,-76.183330
3.984650,-77.401320
3.941670,-77.313890
4.067130,-77.468490
2.550000,-78.466670
11.956110,-72.194170
3.116670,-77.600000
11.009300,-74.260510
11.319750,-74.098280
10.981900,-74.998260
2.679150,-77.907630
2.704390,-77.832000
2.858990,-77.680540
2.975910,-77.710650
2.930370,-77.644220
2.883120,-77.679520
2.817010,-77.716530
11.228330,-74.226390
11.243330,-74.215000
10.371940,-75.577500
10.295190,-75.588750
10.193330,-75.633330
3.950000,-77.372220
11.225000,-74.233890
8.445650,-77.197960
8.418630,-77.140440
11.201450,-74.228120
11.325050,-74.076430
8.640610,-76.767670
8.566010,-76.926600
8.557090,-83.318270
8.453100,-83.281550
8.417570,-83.279510
9.360440,-84.064290
9.811650,-85.309930
10.389210,-85.836720
8.520030,-83.287800
8.393830,-83.334780
9.500630,-84.366200
9.997630,-85.704520
9.984280,-85.693540
9.315970,-83.953930
9.695010,-85.209450
9.601020,-85.142760
8.448310,-83.504720
10.283330,-85.883330
8.554620,-83.680120
9.852370,-85.402530
9.766670,-85.266670
9.176980,-83.764460
9.909200,-85.639650
8.749370,-83.641110
9.791870,-85.279330
9.848270,-85.378600
8.507660,-83.629060
10.551010,-85.699790
9.666380,-85.192670
8.437740,-83.443670
9.861650,-85.440450
9.880170,-85.558240
9.366670,-84.133330
9.831970,-85.345180
9.883330,-85.633330
9.647800,-82.732200
9.389980,-84.148260
9.380560,-84.141710
10.591650,-85.650350
10.399600,-85.811660
9.736720,-85.012910
9.332970,-83.963100
10.602610,-85.646480
9.974180,-84.841230
10.572830,-85.680130
10.195150,-85.830610
9.102660,-83.688890
9.611660,-84.628440
9.248600,-83.861450
9.528430,-84.495450
10.299090,-85.842790
9.642450,-85.168590
22.166670,-83.916670
19.897220,-75.107500
23.100000,-82.466670
22.383330,-79.233330
23.173610,-82.117500
21.166670,-76.149720
23.150000,-81.266670
19.920000,-74.992500
22.280000,-83.311940
19.973890,-74.931940
20.389320,-74.528480
22.640180,-81.755550
23.179170,-82.206670
20.666670,-75.350000
22.850000,-83.500000
23.116670,-81.366670
19.960400,-75.702320
21.185280,-76.517220
21.533330,-77.266670
21.416670,-78.583330
21.562000,-77.041220
22.683330,-82.166670
23.075780,-82.520800
21.561390,-77.290000
23.041610,-82.603330
23.150000,-81.900000
22.666670,-82.033330
21.633330,-82.983330
22.883330,-83.416670
22.933330,-80.033330
20.933890,-75.615560
21.100000,-76.083330
22.842500,-79.906390
20.513610,-74.651670
21.780560,-77.675560
21.100000,-75.933330
21.090560,-75.998610
23.181670,-82.067780
22.866670,-83.466670
20.800000,-75.766670
22.100000,-84.350000
20.503610,-74.631670
22.766670,-79.750000
23.070280,-80.837220
22.100000,-78.133330
21.069440,-75.653890
23.180560,-82.058330
23.133330,-81.350000
23.023050,-82.714100
22.950000,-83.316670
20.900000,-75.633330
20.341110,-74.490560
22.274720,-81.178610
20.700000,-75.716670
20.466670,-74.583330
21.446670,-76.927220
20.060280,-75.106110
22.866670,-83.400000
22.594440,-81.690830
22.145000,-81.208060
21.974440,-80.359720
21.716670,-79.800000
22.455000,-84.289720
23.062500,-81.213610
21.485640,-82.719860
21.073890,-75.634720
19.888610,-75.555830
23.083330,-82.500000
22.971110,-82.962220
21.266670,-76.366670
22.978890,-80.473890
19.901390,-75.089170
23.133330,-81.283330
23.050000,-81.566670
20.683330,-75.716670
22.723060,-79.639720
21.220280,-76.258890
21.916670,-77.933330
21.080830,-76.009170
23.150000,-81.850000
20.867500,-75.730000
23.092780,-82.485830
23.050000,-82.566670
19.933890,-75.180000
20.699720,-77.404440
23.052750,-82.555640
22.687780,-82.658890
22.033330,-78.033330
21.833330,-77.750000
23.166670,-82.116670
22.066670,-81.016670
21.089170,-76.123330
21.916670,-82.816670
21.277220,-76.384720
21.895830,-82.733890
19.901390,-75.165000
19.890560,-75.421940
23.172500,-82.100830
23.154440,-81.870560
22.916670,-80.216670
23.150000,-81.833330
19.932970,-75.660100
19.921670,-75.641940
19.894440,-75.141670
20.733330,-75.416670
20.000000,-75.850000
19.929440,-75.189440
19.899720,-75.246390
22.869740,-79.978070
19.933330,-77.683330
19.885340,-75.501940
21.899170,-82.765560
19.950000,-76.033330
21.593100,-77.115120
23.154720,-82.350000
20.297220,-74.301940
19.902500,-75.447780
22.379720,-79.259170
22.222500,-83.593060
23.100000,-81.333330
23.133330,-81.333330
21.200000,-76.216670
19.891390,-75.156390
23.033330,-81.533330
21.812500,-83.078890
19.885880,-75.375290
20.701390,-77.975560
22.400000,-79.283330
21.180280,-76.530000
23.033330,-82.816670
21.603330,-77.085830
19.895230,-75.134420
19.895000,-75.126940
20.733330,-75.400000
20.295280,-74.351390
21.077780,-76.008060
21.102780,-76.064720
23.178610,-82.237500
23.066670,-81.483330
21.263950,-76.348000
22.783330,-83.650000
23.150000,-81.816670
22.683060,-82.385280
22.575980,-84.164910
19.965560,-75.831390
22.555560,-79.529440
21.738330,-80.010280
21.483610,-77.269170
21.911670,-84.631670
21.896670,-84.677220
21.864540,-84.738890
22.396230,-79.287410
19.903890,-75.221110
19.904170,-75.198330
19.892500,-75.583260
19.899520,-75.451620
23.176110,-82.256390
21.113250,-75.871500
22.124140,-83.969910
22.973760,-83.266310
21.680690,-81.391600
23.193480,-81.170910
23.063180,-80.067340
23.043780,-80.060460
21.880950,-84.454280
21.777260,-84.512700
22.956800,-79.820500
22.478640,-78.154670
21.146820,-78.497120
21.609470,-77.121670
21.280230,-76.423060
21.186440,-76.194810
21.214550,-76.252430
20.690680,-75.043040
19.887150,-75.475500
19.885170,-75.415120
19.960180,-75.953680
19.972870,-74.955960
16.876850,-24.998320
16.803790,-24.772580
16.870080,-24.901930
16.100000,-22.916670
16.786190,-22.891320
16.100700,-22.925240
16.678520,-22.935540
16.670410,-22.936600
16.810040,-22.900240
16.751880,-24.716930
12.318700,-69.151680
12.067500,-68.852780
12.086780,-68.899240
12.134640,-68.984680
-10.496890,105.546340
-10.461810,105.580820
-10.461160,105.627320
-10.448310,105.652170
-10.466880,105.711270
-10.423820,105.672240
-10.500000,105.716670
-10.475190,105.694830
-10.463470,105.707490
-10.543570,105.667720
-10.516670,105.716670
34.921320,32.326860
34.716670,33.270830
34.987240,33.958200
34.978220,33.930930
34.987670,33.968250
35.018390,34.052840
35.015990,34.054810
34.733850,32.450200
34.764860,32.406550
54.316670,10.783330
53.563920,6.713500
53.721830,7.272140
53.616540,6.758910
54.302470,13.716030
53.668010,6.877010
53.710320,7.807070
53.579610,8.242490
55.014490,8.369570
54.795710,9.777230
54.468540,9.996530
54.436880,10.173850
54.039230,10.750890
53.965350,10.935000
53.984400,10.974330
53.989480,10.988920
53.969160,11.384070
54.306710,12.348030
54.577460,13.424390
54.570390,13.453570
54.382960,13.700510
54.138610,13.617680
53.968050,14.152620
11.518890,43.184170
55.009150,9.959010
55.743690,11.174010
55.175260,9.633760
55.401920,11.214360
55.183330,8.500000
55.083330,8.500000
55.650000,8.133330
57.142530,9.262750
55.518070,11.139490
56.416540,8.121200
55.453340,11.201480
55.681010,11.064320
55.216670,9.700000
55.416670,8.375000
55.131000,15.152620
56.088640,10.247450
56.176690,10.231400
56.120960,10.225650
55.654600,12.647800
55.119630,14.700580
55.778400,12.592230
55.591380,11.154720
55.749410,12.590070
55.662390,12.563730
55.621150,10.300990
54.832800,11.091430
55.668600,12.577620
55.043610,10.710870
56.795640,10.277320
56.830330,10.269730
56.906240,10.263590
56.844640,10.267540
56.801340,10.276010
56.800380,10.276440
56.805910,10.277350
55.710470,11.843110
55.539410,8.329740
55.672190,8.141860
55.742070,8.171900
55.768700,8.176880
55.816160,8.171730
55.897650,8.153360
56.002630,8.112330
56.038150,8.100010
56.106350,8.105080
56.120250,8.108430
56.161010,8.117740
56.780170,8.229060
57.102480,8.725120
57.140430,9.126290
57.141920,9.253790
57.154470,9.328380
57.156520,9.367900
57.174020,9.426830
57.213890,9.518750
57.326360,9.660370
57.477290,9.796670
57.495350,9.831000
57.560230,9.914690
57.589570,10.027990
57.591870,10.150380
57.542200,10.441730
57.514320,10.472590
57.460790,10.538890
57.035780,10.368990
57.009200,10.350880
56.523760,10.443280
56.517770,10.589700
56.533010,10.811320
56.236410,10.760810
56.232780,10.753430
56.200550,10.733860
56.153100,10.723640
56.145100,10.681590
56.170480,10.644550
56.227110,10.627210
56.227920,10.606140
56.225060,10.599020
56.209400,10.577220
56.184900,10.547730
56.169810,10.535200
56.188250,10.366120
56.214410,10.475590
56.202570,10.283030
56.190090,10.248440
55.969260,10.258400
55.926440,10.257540
55.778410,10.017300
55.687380,9.676170
55.679830,9.687620
55.640330,9.744320
55.624990,9.848260
55.565970,9.769120
55.515170,9.949240
55.538900,9.999060
55.586400,10.421220
55.531250,10.702530
55.463970,10.672450
55.317800,10.812930
55.249210,10.802440
55.125460,10.036050
55.207940,9.984640
55.300720,9.891730
55.486560,9.523770
55.429820,9.624880
55.362550,9.601540
55.323380,9.643720
55.183940,9.658180
55.154130,9.496910
55.080380,9.728090
55.071410,9.796500
54.990890,9.986530
54.894500,9.701360
54.872430,9.648140
54.846470,9.475790
54.838810,9.459230
55.377840,11.173220
55.403170,11.213440
55.427970,11.198460
55.442570,11.204470
55.471360,11.181160
55.747570,11.292660
55.830820,11.396210
55.848240,11.495780
55.908110,11.526030
55.920470,11.525650
55.791050,11.710950
55.934680,11.906560
55.985640,11.886090
56.015820,11.968400
56.031130,12.009470
56.084630,12.126890
56.120490,12.235720
55.937260,12.527070
55.405360,12.288420
55.237270,12.243020
55.116330,11.719840
55.194770,11.535170
55.199540,11.498390
17.666670,-71.466670
18.442440,-69.255800
19.288350,-69.248300
19.838640,-71.215260
19.791870,-71.763410
19.858930,-71.157660
17.632210,-71.400670
17.610940,-71.428460
19.907700,-71.520300
17.682440,-71.370180
19.904560,-70.845110
18.234830,-70.175570
18.224080,-70.233680
19.902840,-70.904690
19.678220,-70.002070
18.300490,-70.106440
18.435310,-69.294220
19.019060,-69.267260
17.729500,-71.356270
18.430670,-69.196510
18.413010,-70.706450
18.204160,-70.556310
19.295770,-69.598590
19.616670,-70.183330
19.300600,-69.162600
18.775960,-68.529860
18.404020,-69.115820
19.787000,-70.668210
19.906210,-70.849740
19.218200,-69.580630
19.882680,-70.824190
18.419200,-69.178950
19.902440,-70.865920
17.767460,-71.603760
18.397090,-69.100050
19.864630,-71.115370
18.378900,-68.591000
18.446710,-69.228660
19.904100,-70.891210
18.373360,-68.612260
19.854070,-71.663080
19.287170,-69.216470
17.694570,-71.369520
19.311440,-69.395640
19.890840,-70.836530
19.894400,-70.838660
18.227330,-68.644400
19.485290,-69.873170
19.294040,-69.767500
19.906260,-70.947280
19.853580,-70.785710
19.815030,-70.715310
19.677710,-70.011600
19.653040,-70.303230
18.171090,-68.780150
17.649760,-71.390850
19.845320,-71.168890
18.347510,-68.993560
19.316750,-69.418050
19.437720,-69.871520
19.923540,-70.979530
19.578370,-69.894820
18.443060,-69.268590
18.409370,-68.944910
19.768610,-70.638680
19.908010,-71.068380
17.702640,-71.486210
19.286260,-69.224220
19.854890,-71.372250
18.351240,-70.573690
17.757850,-71.654210
18.350000,-70.566670
18.228490,-70.245090
18.416670,-70.600000
18.120940,-68.676650
19.772280,-70.647380
17.657240,-71.444050
19.760210,-70.604840
19.316670,-69.383330
17.782780,-71.660830
19.628760,-69.892600
19.638430,-69.898020
17.926480,-71.203820
19.333330,-69.266670
19.931690,-71.012820
19.312540,-69.568280
18.189830,-68.782170
18.451180,-69.213260
19.468730,-69.873580
17.616670,-71.416670
18.316670,-70.566670
17.765810,-71.553460
18.350000,-70.783330
18.985240,-68.823260
19.293100,-69.183720
19.540420,-69.902000
19.663380,-69.938080
18.392880,-69.054310
17.936550,-71.195900
18.995330,-69.088430
19.019220,-68.978390
18.716660,-68.450060
18.446650,-69.608510
18.407410,-69.500660
37.050000,6.516670
36.883330,4.516670
35.483330,-1.216670
35.441940,-1.235280
36.741910,2.844290
36.916670,7.766670
36.750000,3.083330
36.933330,7.766670
36.900000,4.300000
35.586390,-1.146670
36.534740,1.572310
35.870550,0.034690
36.529320,1.507180
36.536360,1.522210
36.537040,1.603670
36.568250,1.879410
36.569540,1.944390
36.566410,1.979820
0.313490,-90.529340
59.442260,24.683810
58.385770,24.360120
58.369950,23.736090
58.934550,22.386880
31.234480,29.949760
31.270380,29.990580
31.246420,29.964860
31.241420,29.959560
31.223080,29.937890
29.688890,32.366110
29.382770,34.802200
31.216200,29.922580
31.050750,33.010470
31.273180,32.303250
31.277640,32.267190
31.274300,32.294040
31.290810,30.030310
31.288120,30.020830
31.279420,30.008350
31.213650,29.918110
31.209390,29.882510
31.205190,29.876550
31.233340,29.945360
31.255390,29.976490
31.265480,29.986880
31.201510,29.899060
29.049490,34.665110
29.042420,34.663970
23.103420,-16.196940
23.766670,-15.750000
22.283330,-16.563890
23.666670,-16.000000
23.550000,-15.916670
23.483330,-15.950000
22.172220,-16.780280
23.416670,-15.983330
22.444720,-16.470280
23.766670,-15.916670
25.340370,-14.810690
23.500000,-15.966670
24.546260,-15.022860
20.933330,-17.083330
23.700000,-15.966670
26.921610,-13.485930
15.671400,39.453110
13.266670,42.383330
28.340120,-16.366810
36.505140,-6.279530
38.989120,-0.151770
28.572140,-13.830050
36.575110,-6.226630
28.243090,-14.211810
39.345480,2.983650
28.232230,-16.408300
28.394370,-16.612610
28.508610,-16.185890
27.697220,-18.077250
28.588570,-14.035250
28.570790,-16.254360
39.916670,4.033330
28.100560,-14.271340
39.583330,3.400000
39.900210,4.070180
39.960010,0.005590
28.029080,-17.195180
28.603610,-13.827120
39.516670,2.450000
36.520810,-6.287440
39.769280,3.150840
36.598530,-6.275600
28.416670,-16.300000
28.569660,-16.207980
28.566670,-16.316670
38.367770,-0.410270
29.127040,-13.576680
37.566560,-1.180670
35.896130,-5.299840
28.343180,-16.367940
36.733330,-3.866670
28.200000,-17.266670
38.289060,-0.520730
28.054030,-15.739200
28.450000,-16.250000
39.359790,2.964250
28.900000,-13.716670
36.583330,-6.233330
37.600000,-0.750000
28.175530,-14.170280
37.203740,-1.810790
28.722920,-13.841560
37.583900,-1.071360
28.925690,-13.636780
28.072910,-14.447800
37.533330,-1.383330
28.578930,-13.829630
28.218110,-14.221500
37.581740,-1.012470
37.771190,-0.811540
39.533330,2.450000
38.933330,-0.083330
28.150000,-15.433330
38.600000,-0.033330
37.600000,-0.766670
36.882870,-2.002420
28.402520,-16.318800
39.786580,3.131450
37.600000,-0.783330
28.853320,-13.793030
28.574080,-14.046230
27.736530,-15.603120
28.426730,-16.291420
27.700960,-18.098020
28.493040,-14.090330
28.684460,-13.832080
27.818010,-15.762870
38.683100,1.467190
28.695190,-13.831670
28.935750,-13.610340
28.683330,-14.000000
27.663780,-17.972190
28.018200,-15.385320
29.062250,-13.776770
27.758540,-18.116650
28.616960,-13.825730
37.657840,-0.802460
29.059990,-13.461340
28.520780,-16.160720
28.337370,-16.365570
36.553010,-6.224500
27.746320,-17.922070
27.722750,-17.954790
37.650000,-0.700000
27.806750,-17.883340
27.847010,-15.790870
27.795810,-15.727440
28.621720,-13.826870
28.000000,-16.683330
28.550000,-16.366670
39.038670,-0.187570
28.566670,-14.050000
28.239830,-13.930850
28.544450,-16.127720
38.355190,-0.405890
28.609940,-17.756550
28.050160,-16.717750
37.766670,-0.816670
28.128420,-15.453210
39.018070,-0.172320
37.577150,-0.876880
37.066910,-6.681840
27.755240,-18.109050
38.866140,1.353760
28.515730,-16.172180
39.052780,1.594220
37.579100,-1.030070
28.566670,-16.266670
28.325200,-16.362690
28.569540,-16.310980
28.063330,-17.143470
28.383330,-16.616670
27.684280,-17.967660
37.616670,-0.700000
37.966670,-0.666670
28.514210,-16.174460
37.539320,-1.368410
36.750000,-2.216670
28.016670,-16.550000
29.276240,-13.515810
28.111750,-14.390170
29.031240,-13.816120
37.563370,-1.174500
28.162520,-15.404120
28.673000,-14.008500
37.029690,-6.610220
37.783330,-0.800000
27.789120,-15.494160
37.002790,-1.889380
28.145420,-15.431700
27.652710,-17.972360
39.533330,2.416670
28.741390,-17.991850
28.378460,-16.361010
36.721210,-4.400370
27.683330,-18.050000
37.600000,-0.733330
38.888360,1.409340
37.561550,-1.305740
28.566670,-16.200000
36.826870,-2.404570
28.862570,-13.829360
28.477780,-13.866610
39.812450,4.263070
28.407930,-16.310910
35.894640,-5.336740
28.573090,-16.193500
38.966670,-0.116670
28.133110,-14.336320
37.647000,-0.713700
28.665240,-17.767150
38.328490,-0.508800
27.905690,-15.828720
28.083330,-17.316670
28.363880,-16.364860
39.516670,2.733330
28.550000,-16.333330
28.229740,-16.841480
28.533940,-16.135530
28.561020,-16.124080
38.593700,-0.052680
28.571150,-16.203590
28.131350,-15.429070
38.576890,-0.063940
36.748710,-3.806450
28.653300,-14.017670
37.966670,-0.700000
37.146480,-6.867670
39.445830,-0.333330
43.570070,-5.719670
43.448230,-3.966480
40.616670,0.750000
43.388890,-2.995750
41.187500,1.583010
43.550000,-7.133330
43.734140,-7.776350
43.293230,-8.741100
43.429680,-4.094420
43.550000,-8.283330
43.566670,-6.416670
41.183330,1.516670
42.200000,-8.900000
43.411810,-3.365160
43.533330,-8.300000
43.563790,-7.213550
43.459440,-4.928090
43.718570,-7.809310
43.442880,-4.867190
43.383190,-3.006350
40.234080,0.273660
41.960430,3.229620
42.216670,-8.900000
40.250000,0.316670
40.469120,0.478680
41.066670,1.183330
41.039250,0.983840
43.569140,-6.933270
43.425560,-8.219490
43.400000,-4.333330
43.395820,-4.500270
41.992320,3.201100
43.583330,-7.250000
43.547880,-5.590500
43.469720,-3.494440
40.231490,0.272910
42.175000,-8.814410
42.251560,-8.866390
43.393420,-4.557500
43.583330,-7.233330
41.697650,2.848210
42.380610,3.155570
42.919850,-9.262850
42.266670,-8.816670
43.416390,-3.435760
42.449490,-8.876910
42.569520,-9.043720
43.716670,-7.483330
43.409540,-2.657320
42.250000,-8.716670
43.612030,-8.162930
42.233330,-8.900000
41.910070,-8.876350
41.693940,2.832240
43.496890,-8.318710
41.152320,1.433630
41.797660,3.060570
42.305120,-8.617660
43.548330,-5.639070
43.550840,-5.610800
40.016670,4.166670
43.737000,-7.872300
40.242330,0.277420
42.392720,3.152990
41.083330,1.200000
41.704290,2.882320
41.866780,-8.855610
42.333330,-8.783330
41.415960,2.231080
43.574360,-6.044320
43.769610,-7.676180
43.564280,-6.459620
43.292530,-8.694840
41.440280,2.246190
43.383330,-3.016670
43.600000,-7.300000
42.133330,-8.816670
43.552060,-5.623450
43.329050,-8.508630
43.550000,-7.150000
42.154080,-8.827340
43.498610,-3.612780
43.491670,-3.530830
43.581580,-5.951280
41.465950,2.282070
42.222220,-8.766670
42.212500,-8.770830
42.201390,-8.783330
42.198610,-8.791670
42.193960,-8.797450
42.191310,-8.804380
42.281440,-8.697560
42.259720,-8.700000
43.342170,-8.237920
40.549160,0.528890
40.540030,0.523220
38.344990,-0.477910
38.348150,-0.473270
38.363110,-0.443740
38.395490,-0.406670
38.353720,-0.420310
41.688370,2.818240
42.360450,3.162860
42.246950,3.196590
42.240720,3.207920
27.798560,-15.732140
42.400730,-8.811570
43.542380,-5.654480
43.543410,-5.673060
43.545110,-5.643790
43.549060,-5.639000
41.539110,2.455650
41.535390,2.449180
41.529420,2.441310
41.542270,2.460560
43.371840,-8.404940
43.368930,-8.411520
43.375470,-8.403940
41.380830,2.193750
41.372040,2.189670
41.375490,2.190570
43.475170,-3.784830
43.469450,-3.775650
43.471250,-3.777440
43.467680,-3.769860
43.467210,-3.773880
43.465930,-3.778200
42.288630,3.278370
42.287160,3.276410
42.285680,3.286070
42.288590,3.280820
42.287680,3.281610
43.317010,-1.988120
43.316820,-2.001930
43.325920,-1.975420
43.344090,-3.013170
41.390170,2.201770
41.393970,2.206360
41.398570,2.212070
41.401280,2.214560
41.831780,3.087680
27.855700,-15.397340
27.799640,-15.440300
27.798160,-15.454670
27.793300,-15.479990
27.776480,-15.527240
27.769720,-15.539470
27.766530,-15.550800
27.742610,-15.609430
27.747510,-15.616640
27.753510,-15.649940
27.772530,-15.695930
27.774010,-15.701090
27.784530,-15.713840
27.790210,-15.724290
27.801470,-15.739870
27.891410,-15.393990
28.072720,-14.302740
39.524140,2.544450
39.520430,3.314350
39.998850,3.800370
40.050150,4.108410
38.991920,1.568700
39.829830,4.294840
36.487970,-4.711760
38.957340,-0.122630
28.127180,-14.247290
36.531280,-6.305850
41.113600,1.259240
38.961340,1.221280
42.397600,-8.850450
42.404100,-8.858330
43.557010,-7.173040
39.752250,3.415850
42.390230,-8.714580
38.534910,-0.121620
38.536080,-0.146560
42.281320,-8.663080
42.284480,-8.657490
41.790400,3.048730
41.821780,3.073680
41.814830,3.068450
41.825460,3.080850
41.826430,3.082710
41.829790,3.085700
41.839350,3.094880
41.842890,3.099050
41.848780,3.115580
41.857450,3.143120
41.862850,3.155800
41.887420,3.182570
41.888050,3.183520
41.888320,3.184130
41.888600,3.187190
41.893720,3.194150
41.900600,3.205510
41.907960,3.206630
41.917870,3.207630
41.934010,3.216130
41.936070,3.214180
41.941850,3.217340
41.972820,3.211000
41.977700,3.210000
41.977020,3.210640
41.980400,3.207700
42.017800,3.194490
42.007530,3.196460
42.049520,3.198270
42.107840,3.168830
42.115000,3.139320
42.127570,3.124390
42.131760,3.122130
42.135720,3.121860
42.138540,3.119280
42.140860,3.118460
42.162150,3.112780
42.198700,3.110500
42.210590,3.112610
42.242020,3.129730
42.254760,3.142950
42.262350,3.155780
42.264920,3.167540
42.263970,3.173030
42.259300,3.179040
42.251200,3.227750
42.244010,3.226050
42.239790,3.224700
42.251110,3.239080
42.249790,3.243820
42.246660,3.252660
42.252950,3.253780
42.270130,3.282740
42.281020,3.276790
42.283600,3.288350
42.283650,3.291260
42.285550,3.295650
42.290950,3.295010
42.293730,3.286420
42.297290,3.288440
42.299030,3.289160
42.306970,3.289250
42.307130,3.294690
42.329520,3.250130
42.343620,3.209640
42.335740,3.201960
42.342610,3.186230
42.364220,3.163020
42.366330,3.165250
42.371200,3.160890
42.385460,3.160090
42.388850,3.160290
42.405840,3.155330
42.411510,3.162130
42.427020,3.160910
41.774000,3.025530
41.769020,3.004890
41.764730,2.997270
41.762880,2.994470
41.760600,2.983590
41.759610,2.980760
41.757240,2.976540
41.754770,2.974770
41.753170,2.971010
41.747870,2.966160
41.738060,2.957520
41.737250,2.953940
41.733180,2.950910
41.722120,2.938240
41.719250,2.933790
41.715920,2.932450
41.709240,2.910890
41.709970,2.908090
41.710180,2.907150
41.710630,2.904330
41.710080,2.902030
41.707730,2.899140
41.703950,2.884980
41.699600,2.864470
41.700300,2.854990
41.699240,2.850830
41.697540,2.846560
41.690680,2.824020
41.690140,2.823070
41.686580,2.816670
41.678660,2.807190
41.675680,2.802950
41.673540,2.793020
41.667420,2.786870
41.645470,2.756720
41.641050,2.741640
41.634180,2.725940
41.621150,2.691440
41.612040,2.660580
41.609410,2.650190
41.598180,2.617840
41.591500,2.596720
41.583480,2.573290
41.586850,2.583460
41.780200,3.030800
41.589740,2.591920
41.577890,2.553330
43.447580,-4.886170
39.467280,-0.321290
35.318310,-2.951070
35.285120,-2.937960
35.279540,-2.936220
35.274580,-2.931030
35.887210,-5.315690
35.885100,-5.322430
35.876740,-5.339980
35.872000,-5.343470
35.913630,-5.380400
35.916370,-5.369800
35.912190,-5.357750
37.187500,-6.989520
37.202730,-7.029810
37.210990,-7.061890
39.552170,2.689760
28.051750,-16.723590
27.750090,-15.567930
43.288660,-2.168250
28.919940,-13.661340
28.949500,-13.593560
28.647900,-17.945620
37.182100,-7.338780
37.193210,-7.331490
36.422470,-5.146570
36.416120,-5.164610
39.164620,-0.240610
36.284480,-6.102910
36.292680,-6.112790
36.732380,-6.440560
36.734590,-6.441740
36.735750,-6.442560
43.374360,-3.211530
43.386870,-3.225600
40.056580,0.084560
40.055050,0.081860
40.047230,0.071410
36.729490,-3.687970
36.729260,-3.695690
36.729690,-3.692550
39.928600,-0.001030
39.871010,-0.059270
37.402510,-1.584960
37.407210,-1.568060
36.744550,-3.014270
36.746080,-3.028030
39.477880,-0.322550
39.014280,-0.168010
39.008710,-0.163210
38.919630,-0.080930
38.730140,0.218060
38.709840,0.166940
38.664680,0.088200
38.625780,-0.016840
39.835230,3.122780
39.514110,2.538810
39.519180,2.537620
39.523470,2.539640
39.507800,2.536640
39.373030,3.232530
39.379700,3.239310
39.376080,3.237400
39.352130,3.188300
39.409690,3.258550
39.451390,3.277050
39.516570,3.310980
39.597540,3.384970
41.140090,1.406080
41.166250,1.468050
41.127930,1.346510
36.506420,-4.887020
36.506930,-4.881930
36.506760,-4.899370
36.641470,-4.479700
36.580100,-4.553880
36.522790,-4.627940
36.506300,-4.651550
36.729090,-4.101100
36.741680,-3.882150
36.734570,-3.672030
36.717540,-3.561380
36.720330,-3.359160
36.818990,-2.440300
36.953770,-1.898320
37.632750,-0.731580
37.858540,-0.762470
37.868290,-0.756110
37.870750,-0.755960
37.874190,-0.753940
37.880700,-0.753380
37.902710,-0.745430
38.189280,-0.554440
40.613750,0.592920
40.606500,0.583800
37.737360,-0.849890
37.758320,-0.825940
37.755350,-0.829490
37.751450,-0.841560
37.742650,-0.848600
37.734980,-0.851490
37.746570,-0.846090
37.806260,-0.754970
37.813410,-0.791870
37.660510,-0.726840
41.264160,1.960590
41.254100,1.903960
41.242470,1.869100
39.700450,-0.197750
39.740590,-0.177610
39.776660,-0.148360
36.630700,-4.487970
36.625090,-4.492160
36.586290,-4.531690
36.599380,-4.509500
36.490480,-4.778800
36.744210,-3.788610
36.717640,-3.543240
36.750670,-3.235160
36.704760,-2.808470
36.721550,-2.626160
36.825330,-2.516230
36.725070,-2.194760
36.724300,-2.176850
36.729910,-2.156830
36.729890,-2.155140
36.730670,-2.145880
36.745240,-2.121680
36.762800,-2.106080
36.796290,-2.062230
36.816220,-2.050410
36.835250,-2.013090
36.860400,-2.005480
36.923040,-1.954460
36.938490,-1.935690
37.633050,-0.699140
28.958290,-13.558720
28.862140,-13.823180
29.002080,-13.481830
29.000450,-13.482380
28.998360,-13.488370
28.999700,-13.486300
28.714720,-13.838520
28.730280,-13.856210
28.735630,-13.867520
28.738680,-13.867390
28.744280,-13.869880
28.745250,-13.865350
28.674110,-13.833690
28.394930,-13.857870
28.045510,-14.330010
38.842320,1.386170
38.845040,1.402390
38.855520,1.364060
38.868150,1.315250
38.876980,1.284150
38.913300,1.224020
38.930160,1.233070
38.940710,1.235300
38.967960,1.239850
38.971580,1.286370
39.009620,1.299050
39.089650,1.453770
39.098390,1.496790
39.110030,1.517210
39.107700,1.537080
39.096610,1.553680
39.075530,1.592350
39.015420,1.584450
39.008730,1.581970
39.002140,1.578770
38.983390,1.534790
38.952630,1.519850
38.925580,1.486650
38.915320,1.452540
38.970820,1.292090
39.034900,1.608400
39.059880,1.589310
39.102670,1.509180
38.966690,1.268330
38.915650,1.474790
38.992620,1.552520
38.991220,1.573000
39.722410,3.452710
39.744450,3.433200
39.759540,3.170300
39.863240,3.186700
39.491460,2.479160
43.672260,-7.602730
43.691400,-7.578890
38.497330,-0.254830
38.490510,-0.280280
38.514970,-0.197560
38.506570,-0.226890
41.503270,2.396220
41.211820,1.722660
42.617410,-8.781730
42.606550,-8.768590
41.119170,1.276330
41.128830,1.303270
41.129430,1.310680
36.039940,-5.634530
36.011280,-5.610310
36.096640,-5.815020
36.114770,-5.832130
41.235850,1.814390
43.348680,-3.116640
42.400500,-8.803830
42.401100,-8.802190
42.398380,-8.822570
43.457690,-3.741020
38.191460,-0.570690
38.904910,1.423470
38.974570,1.531320
38.980810,1.531900
38.978090,1.307010
36.797570,-6.380480
36.796570,-6.361080
36.743940,-6.424930
37.819340,-0.780590
37.798010,-0.803000
36.351820,-6.171610
36.380140,-6.202150
41.074430,1.121420
41.073110,1.138630
41.076180,1.182860
41.065880,1.069130
41.064100,1.085330
41.058930,1.161570
41.067410,1.179640
41.068450,1.148510
36.625300,-6.347910
36.627010,-6.384190
36.713740,-4.279130
36.714260,-4.306170
36.711040,-4.243960
28.394350,-16.602380
36.524920,-6.184190
28.493940,-13.862590
41.475320,2.305840
41.492220,2.373050
43.327140,-3.017170
42.434230,-8.704510
42.422010,-8.715600
41.849260,3.140130
43.341590,-8.362810
43.339510,-8.377470
43.346830,-8.348590
42.113860,-8.828500
42.121590,-8.848950
42.114970,-8.838720
36.750380,-3.866350
42.286170,-8.728190
42.268160,-8.751060
42.262200,-8.759710
42.260410,-8.760960
42.259990,-8.761380
42.259020,-8.763450
42.262020,-8.771590
42.255460,-8.788410
42.252700,-8.788090
42.249260,-8.790790
42.248090,-8.792000
42.247950,-8.793860
42.256810,-8.809170
42.258560,-8.810460
42.259700,-8.814030
42.255030,-8.821310
42.260100,-8.844330
42.261050,-8.851850
42.291400,-8.844120
42.294950,-8.848150
42.287110,-8.837440
42.284210,-8.833860
42.277530,-8.829380
42.276380,-8.825430
42.275570,-8.820710
42.278550,-8.817490
42.279890,-8.818010
42.283640,-8.821860
42.285600,-8.822170
42.290760,-8.819700
42.206440,-8.777950
36.719200,-4.406560
41.056490,1.167650
36.184820,-5.332830
36.157800,-5.338200
36.189910,-5.331370
36.206470,-5.325790
36.094570,-5.443380
36.233990,-5.313860
36.161790,-5.357980
36.167540,-5.337040
37.197090,-7.299670
37.202340,-7.265290
37.203720,-7.236000
37.204730,-7.209050
37.216830,-7.122940
37.123470,-6.801780
36.996450,-6.553390
37.195040,-7.330770
37.171530,-7.376650
43.379880,-1.795140
43.355610,-3.020080
43.379480,-3.018260
43.414790,-2.944680
36.536540,-4.621640
43.553940,-6.996230
43.568140,-6.950290
36.357900,-5.228340
36.427840,-5.127780
36.584790,-6.240080
41.268850,2.037420
38.417500,-0.390470
38.848250,0.104640
38.861490,0.058780
39.181230,-0.222750
39.180630,-0.227620
39.043040,-0.189640
36.288430,-6.107930
36.296610,-6.132000
36.314400,-6.154810
36.307950,-6.151660
36.198380,-6.045890
36.193710,-6.041920
36.186560,-6.026330
36.216420,-6.061470
36.278500,-6.098440
36.265830,-6.089170
43.189690,-9.048660
43.289890,-8.709580
41.060730,1.040830
42.640550,-8.898590
42.639880,-8.886720
42.611950,-8.872450
42.612490,-8.860950
42.569740,-8.968320
42.569320,-8.974560
42.584780,-8.952910
42.644710,-8.815050
43.404580,-2.699930
43.399050,-2.685270
40.052620,0.077930
40.050810,0.075790
40.049500,0.073430
40.034200,0.048900
40.360880,0.404030
40.412090,0.431060
36.579000,-4.562110
36.580290,-4.558960
36.185900,-5.920670
36.133130,-5.847950
36.087430,-5.774820
36.184890,-6.009740
43.605040,-5.920130
43.315970,-8.533930
43.312220,-8.548220
36.155430,-5.444430
36.174050,-5.429010
43.381630,-8.396600
36.286140,-5.274680
36.281770,-5.279120
36.300950,-5.266890
36.309600,-5.257870
28.247790,-16.840210
28.237080,-16.842720
28.842470,-13.788090
28.857570,-13.841870
38.686980,0.130400
38.677400,0.117290
37.129560,-1.830320
37.115670,-1.838150
37.179600,-1.820980
28.079190,-14.294590
28.160670,-14.224210
39.937930,3.960190
39.932310,3.915270
39.926740,3.902820
39.934340,3.972440
39.931330,3.988790
39.920530,4.024750
39.977850,3.839130
39.967650,3.835680
27.781770,-15.516440
27.781040,-15.518800
39.813580,4.280600
27.759150,-15.682150
39.352640,3.198000
39.349720,3.185600
28.082430,-17.332160
28.091350,-17.340370
36.718070,-4.359380
36.717080,-4.351570
36.720550,-4.378870
36.715030,-4.197210
36.719380,-4.368820
36.746000,-4.055330
36.733860,-3.983700
36.733140,-3.741490
36.730630,-3.586950
36.490990,-4.947350
36.479930,-4.969770
36.454980,-5.047490
36.451700,-5.075380
36.450010,-5.082810
36.430160,-5.118380
36.067760,-5.693090
36.062600,-5.725210
36.185530,-5.941160
36.224060,-6.065700
36.332590,-6.163050
36.432880,-6.233020
41.130400,1.362300
41.133610,1.376890
39.327120,2.989980
39.502630,2.750040
39.530290,2.727480
39.532200,2.724260
39.551870,2.606640
39.536840,2.590680
39.531810,2.573130
39.531160,2.558490
39.534190,2.720380
39.324090,3.139290
39.330320,3.146360
39.393190,3.247410
39.456710,3.277380
39.475350,3.286100
39.541140,3.335880
39.575280,3.378000
27.783640,-17.904360
39.926220,3.837440
28.089130,-17.111010
28.741870,-13.827300
38.781270,1.427840
38.728230,1.454100
38.751180,1.433370
28.584140,-17.910190
28.572290,-17.899510
28.587660,-17.758030
38.682720,1.473650
38.693160,1.389260
38.739480,1.429170
37.035040,-1.876100
39.560030,2.672190
36.619210,-6.363720
36.639140,-6.392670
37.912860,-0.730660
37.929600,-0.720190
37.958370,-0.702340
38.046310,-0.651190
38.042530,-0.651440
36.525030,-4.626750
36.744840,-3.875090
36.746390,-3.872530
36.753500,-3.844470
36.737650,-3.776760
39.289000,3.090430
39.278280,3.043130
39.309220,3.014460
37.449070,-1.481650
37.560350,-1.292760
37.560150,-1.266340
36.729240,-2.887820
37.974950,-0.689400
38.753020,0.224180
38.772890,0.190580
28.730970,-13.860620
39.938460,3.937250
39.936160,3.934990
39.927080,3.896610
39.927720,3.892100
39.864780,4.146860
39.870840,4.131940
37.819510,-0.776910
37.864610,-0.761250
28.042730,-16.710100
28.171860,-16.805570
28.127240,-16.781930
28.121780,-16.777940
42.188360,3.111060
43.505610,-3.579110
27.747750,-18.151570
28.413500,-16.558970
27.772800,-15.695590
39.914360,4.039830
41.112180,1.256410
28.048080,-14.346470
43.346800,-8.382530
28.050600,-16.722230
28.047800,-16.712110
41.280610,2.087320
43.464820,-3.470520
38.237240,-0.514050
38.729100,0.197060
39.705210,3.456700
39.773620,3.145740
38.727710,1.402540
38.731050,1.416560
38.756010,1.434420
38.750870,1.438160
38.730580,1.449300
38.736420,1.444330
38.665870,1.510200
38.894770,1.218310
38.890230,1.224070
38.992020,1.290140
28.147650,-14.232630
28.177410,-14.162730
28.110520,-14.264070
28.103800,-14.270210
28.055260,-14.318350
28.693980,-14.016400
28.702010,-14.017480
39.516330,2.479760
39.474990,2.520260
39.536860,2.451660
39.533030,2.458270
39.532600,2.438050
39.529110,2.430680
39.537340,2.423110
39.565620,3.373170
39.590970,3.385530
39.791230,2.690650
28.009120,-16.638600
28.079780,-16.735440
28.082310,-16.736160
28.084950,-16.736970
28.091120,-16.743900
28.098010,-16.752000
28.107990,-16.760640
28.105470,-16.758250
39.466670,3.279600
39.998010,3.822290
39.840130,2.776300
27.748980,-15.621090
27.748410,-15.634530
27.755600,-15.654350
27.762920,-15.559080
27.909270,-15.386370
27.814590,-15.753600
28.180160,-16.813510
37.191610,-7.318040
37.175540,-7.359160
37.215310,-7.095750
37.206030,-7.171750
37.212220,-7.069940
37.104140,-6.758140
36.986410,-6.536200
36.760960,-6.404780
36.693180,-6.424110
36.665530,-6.406320
36.645750,-6.393720
36.602390,-6.278670
36.580730,-6.262530
36.242960,-5.306180
36.485480,-4.737320
36.495500,-4.800190
36.502750,-4.677790
36.592420,-4.521370
36.739310,-4.090600
36.729120,-3.965230
36.722740,-3.728270
36.731640,-3.720700
36.742220,-3.663850
36.745670,-3.661070
36.746560,-3.656710
36.743510,-3.644110
36.743970,-3.604700
36.721020,-3.570400
36.696430,-3.474430
36.715220,-3.505300
36.702370,-3.413350
36.709480,-3.390930
36.730870,-3.349310
36.746340,-3.278010
36.747520,-3.172260
36.693350,-2.785360
36.706250,-2.815910
36.813630,-2.565390
36.804560,-2.574830
36.832570,-2.316800
36.817770,-2.288590
36.780490,-2.246220
36.736360,-2.206710
36.756290,-2.109610
36.962850,-1.899000
37.086290,-1.849840
37.101300,-1.846180
37.357780,-1.666870
37.353190,-1.676290
37.376590,-1.627930
37.375170,-1.635720
37.383120,-1.620710
37.431930,-1.502620
37.510440,-1.401140
37.558990,-1.264840
38.250670,-0.515990
38.645730,0.074070
38.945090,-0.108700
39.072640,-0.206380
39.557890,-0.286790
39.766590,-0.155010
39.985390,0.026630
40.082610,0.139670
40.193280,0.223220
40.252600,0.287460
40.291610,0.335250
40.572530,0.546310
40.812360,0.714700
40.815540,0.721520
40.821320,0.732410
40.827780,0.741730
40.829500,0.741560
40.921930,0.841400
40.990910,0.930840
41.188470,1.601690
41.236330,1.828380
40.489140,0.492870
40.494410,0.496880
41.571280,2.535460
41.593880,2.603560
42.013370,3.195910
42.126460,3.135310
39.576680,2.354530
38.723990,1.458230
35.903870,-5.290600
64.250000,23.833330
64.066670,23.416670
64.816670,24.583330
60.281390,25.785000
60.186320,24.836570
60.173370,24.907770
65.104960,25.347390
65.029990,25.411630
64.935000,25.253750
63.482030,22.269850
60.490900,26.742470
60.404510,26.568930
-12.494920,177.022450
-17.647160,177.390190
-12.495420,177.015600
-12.516670,177.066670
-17.764200,177.426580
-17.698630,177.421490
-18.100920,177.318480
-18.250550,178.084170
-17.996980,179.237270
-18.002610,179.236460
-18.025610,179.235860
-18.033250,179.242860
-18.036020,179.245420
-18.037980,179.249990
-18.082020,179.308390
-17.996950,179.339930
-18.000590,179.341040
-17.797720,179.172180
-17.603050,178.984060
-17.593870,178.998430
-17.623930,179.011490
-17.641870,179.020580
-19.158960,178.059930
-16.978510,179.991340
-17.002440,179.936630
-19.126300,-178.609390
-18.864700,-178.889070
-18.848270,-178.884170
-18.848420,-178.892550
-18.855770,-178.906140
-18.848470,-178.673280
-18.847020,-178.674570
-18.840940,-178.667400
-18.840980,-178.657000
-18.841060,-178.653700
-18.856330,-178.608130
-18.860800,-178.618040
-18.857060,-178.620140
-18.856450,-178.643310
-18.853630,-178.649790
-18.607450,-178.755270
-18.607410,-178.753330
-18.603650,-178.753000
-18.601630,-178.754770
-18.434870,-178.456980
-18.443730,-178.468900
-18.446310,-178.479940
-18.439460,-178.490250
-18.433420,-178.476070
-18.428340,-178.465030
-18.666870,-178.498140
-18.665340,-178.497820
-18.664060,-178.497260
-18.662690,-178.496380
-18.661650,-178.495580
-18.660450,-178.494370
-18.655390,-178.490520
-18.650100,-178.521490
-18.665740,-178.512420
-18.370800,-179.262180
-18.360440,-179.273730
-18.371280,-179.280750
-18.377740,-179.278920
-18.382120,-179.272060
-18.002120,-179.049330
-18.001550,-179.035200
-17.987750,-179.029500
-17.962540,-179.043070
-17.958290,-179.052060
-17.961860,-179.075780
-51.432470,-59.033620
-51.583330,-58.066670
-51.373180,-58.865530
-51.389270,-58.209220
-51.382990,-58.134810
-51.466670,-57.833330
-51.695810,-60.240860
62.000440,-6.777880
62.307040,-7.084640
62.292220,-7.079390
62.185800,-6.753390
50.566670,1.583330
41.816670,8.783330
43.262690,5.371390
42.460130,3.157200
48.346120,-4.703870
50.333330,1.550000
47.566670,-3.066670
41.858830,8.791210
42.650000,9.456670
45.529170,-0.881670
45.560980,-0.965970
45.566190,-0.972030
45.570130,-0.974600
45.574640,-0.982170
45.659280,-1.133830
45.676580,-1.168340
43.373610,6.715280
43.393060,6.731940
43.404170,6.733330
43.422220,6.750000
43.420830,6.768060
43.416670,6.813890
43.419440,6.823610
41.740830,8.777780
41.574720,9.346390
41.916670,8.733060
41.926930,8.776630
41.665710,8.881080
41.673610,8.891940
41.686910,8.916590
41.689720,8.898060
41.690000,8.892220
41.693330,8.883610
41.695830,8.878890
49.656680,-1.569630
49.650000,-1.616670
49.655560,-1.556940
49.650830,-1.520000
49.693060,-1.451390
49.333330,-0.533330
49.333330,-0.433330
47.703330,-3.402780
47.706940,-3.378330
47.704720,-3.381940
47.825000,-3.858330
46.158330,-1.266670
46.155560,-1.266670
46.120830,-1.122220
46.186260,-1.318210
46.191670,-1.327780
43.579170,-1.487500
47.299080,-3.181250
47.315820,-3.100000
47.566430,-3.124120
47.241110,-2.270830
47.242780,-2.310560
47.269720,-2.350000
50.733330,1.583330
49.316670,-0.333330
49.368440,-0.871870
49.415950,-1.174640
45.961890,-1.386250
48.339700,-4.700520
48.343000,-4.700970
48.352980,-4.695220
48.354720,-4.690520
48.355840,-4.679730
48.354240,-4.673400
48.352640,-4.666720
48.339110,-4.615800
48.330060,-4.753050
48.343100,-4.771460
48.347460,-4.770410
48.281140,-4.575720
48.287990,-4.567160
42.726460,9.204740
43.262860,5.372010
48.634210,-1.510190
42.282200,8.687520
42.374380,9.530080
42.761450,3.033110
43.317700,3.551980
43.760050,7.459770
43.373650,-1.782950
43.460800,-1.578210
43.484660,-1.558970
43.488460,-1.554970
43.495250,-1.546140
43.507150,-1.537380
43.511040,-1.534800
43.515040,-1.531160
43.521220,-1.526760
43.534040,-1.518620
43.561050,-1.499420
43.657950,-1.445410
43.663260,-1.443370
43.674390,-1.441010
43.680230,-1.440150
43.697980,-1.439080
43.709670,-1.436330
43.723750,-1.432600
43.816510,-1.404920
44.458400,-1.254220
44.646060,-1.200300
44.661400,-1.239070
44.655160,-1.259910
44.686990,-1.255830
44.994430,-1.203170
45.001830,-1.202750
45.406400,-1.160770
45.416590,-1.160000
45.434810,-1.153010
45.459890,-1.152580
45.566780,-1.081810
45.619680,-1.042800
46.140620,-1.171370
46.147220,-1.210640
46.399930,-1.506030
46.432620,-1.657560
46.546610,-1.830080
47.094000,-2.052730
47.104690,-2.091260
47.106470,-2.096590
47.002820,-2.296570
47.506620,-2.727360
47.502940,-2.740230
47.529430,-2.868120
47.622540,-2.811300
47.583160,-2.813060
47.538960,-3.139340
47.598840,-3.153080
47.611720,-3.168530
47.665940,-3.251010
47.765550,-3.556010
47.767860,-3.562100
47.790270,-3.793500
47.841300,-4.346170
47.881500,-4.361360
47.938740,-4.401010
47.991010,-4.479200
48.091070,-4.300590
48.397210,-4.431010
48.368600,-4.765490
48.596680,-4.608250
48.654570,-4.406630
48.816250,-3.455290
48.857260,-3.142430
48.563800,-2.753710
48.647290,-2.029940
48.653720,-2.015730
48.697330,-1.873430
49.493720,-1.847760
49.290790,-0.256120
49.287820,-0.156600
49.300170,-0.084370
49.305540,-0.074240
49.360440,0.064370
49.371700,0.082310
49.420880,0.200030
49.426910,0.220280
49.877800,0.799680
49.916970,1.006970
50.652590,1.573230
50.663990,1.570700
50.709260,1.569630
50.924190,1.704940
51.011540,2.113670
43.712150,7.337920
43.703100,7.330280
43.693820,7.257840
43.650140,7.151990
43.521540,6.941390
43.184400,6.597500
43.186150,6.588790
43.186720,6.582780
43.180210,6.538020
43.147900,6.418030
43.109820,6.298130
43.107250,6.180410
43.035330,6.112690
43.077630,6.126170
43.093090,6.024500
43.167780,5.694870
43.185400,5.620490
43.213120,5.531530
43.211770,5.454140
43.331730,5.070880
43.355950,5.024270
43.346650,4.873420
43.347960,4.784890
43.396380,4.593440
43.501440,4.122280
43.557010,4.074340
43.557660,4.051170
43.508130,3.889160
43.464760,3.823890
43.391920,3.672950
43.393320,3.667330
43.390830,3.656640
43.102140,3.116730
43.036270,3.071370
42.505040,3.122780
42.501850,3.124880
41.703680,8.833220
41.495950,8.933470
41.470000,9.073870
41.399280,9.133820
41.531290,9.273960
41.558310,9.326110
41.615860,9.319280
41.712780,9.403270
41.800400,9.395460
42.004660,9.457940
42.791400,9.345200
42.719460,9.234180
42.661610,9.060540
42.641540,9.016260
42.630300,8.914380
46.707790,-2.384360
47.326050,-3.236250
47.637890,-3.421850
47.725350,-4.001640
34.633330,33.004170
50.285990,-3.644540
50.080970,-5.694650
50.283330,-4.783330
50.633330,-2.566670
52.813290,1.556200
50.932850,0.791870
52.107000,-4.696000
51.651600,-4.759780
51.100370,-4.224200
50.205910,-4.943030
50.912250,0.942850
50.812500,-1.311840
50.729070,-1.733990
50.665380,-1.946470
50.621620,-2.271380
50.733170,-2.898930
50.482910,-3.515070
50.479080,-3.509620
50.222530,-3.680550
50.217940,-3.747110
50.259550,-3.858130
50.277930,-3.878690
50.305600,-3.996920
50.352940,-4.274110
50.332090,-4.577950
50.233890,-4.791280
50.229690,-4.813640
50.144350,-5.068130
50.140800,-5.076240
50.043580,-5.642290
50.042950,-5.650450
50.039280,-5.657700
50.037300,-5.672290
50.301100,-5.235670
50.348830,-5.154650
50.707060,-4.667820
51.013270,-4.427150
51.146380,-4.221540
51.192390,-3.227660
51.642740,-4.804800
51.608210,-4.920720
51.872760,-5.253610
51.865970,-5.296960
52.135670,-4.640480
52.135600,-4.517350
52.160670,-4.471140
52.918970,-4.229220
52.835280,-4.723560
52.877810,-4.670260
52.906080,-4.632330
53.361800,-4.260330
53.337310,-3.142350
53.565220,-3.097160
53.608220,-3.063640
53.748100,-3.033690
54.162940,-3.256290
54.490080,-3.605920
54.892310,-3.576140
55.461390,-4.642200
55.540340,-4.660860
55.727230,-4.896730
57.500790,-6.636940
57.718480,-3.279550
57.693120,-2.779840
57.310350,-1.989860
57.154000,-2.078220
56.061950,-3.223760
55.980430,-3.298090
55.955130,-3.110250
56.040070,-2.839970
56.052010,-2.636420
55.729890,-1.952690
55.718920,-1.935520
55.434080,-1.586710
54.659190,-1.185060
54.620440,-1.079960
54.496370,-0.644890
54.094490,-0.174150
54.047870,-0.214410
52.869310,0.444130
52.949130,1.140220
52.945430,1.212060
52.694980,1.709580
52.159950,1.605510
51.773550,0.930920
51.472400,0.673640
51.400950,0.919850
51.081770,1.190810
50.851340,0.562190
50.796330,-0.577340
50.767540,-0.737030
56.102440,-6.183890
56.973820,-7.521210
58.306040,-6.756460
58.314020,-6.736250
55.171470,-6.729510
55.168110,-6.875680
12.001600,-61.769940
12.002550,-61.777310
11.998160,-61.767770
12.033330,-61.750000
12.019480,-61.772440
12.163010,-61.605950
12.055720,-61.633830
12.003260,-61.782620
12.002100,-61.759420
12.001980,-61.791450
12.016670,-61.766670
12.002190,-61.796460
12.166670,-61.716670
12.213170,-61.610090
12.455770,-61.483470
4.889990,-52.252820
49.457220,-2.533610
49.460560,-2.532780
49.721110,-2.212500
36.150000,-5.350000
36.133330,-5.333330
36.121100,-5.342110
36.150000,-5.333330
36.100000,-5.333330
73.583330,-24.666670
13.447270,-16.723680
16.165950,-61.584930
16.093390,-61.559000
16.046590,-61.760930
15.933330,-61.316670
16.336410,-61.710080
16.248920,-61.283450
15.976920,-61.310780
16.353920,-61.754920
16.236900,-61.347520
16.333710,-61.334660
16.172220,-61.776630
16.286200,-61.801710
16.351470,-61.723200
16.344830,-61.717260
16.275250,-61.804140
16.123790,-61.567950
16.068370,-61.768970
16.222760,-61.383160
16.217340,-61.394600
15.888560,-61.222690
15.879370,-61.234730
16.241650,-61.339160
16.294640,-61.092720
16.299700,-61.077710
3.755480,8.762920
3.528180,8.577840
37.762440,27.028600
38.503620,25.857150
38.506940,21.031270
38.536700,21.014850
38.545250,21.015370
38.551390,21.016520
38.556050,21.016350
38.580050,21.019330
38.585350,21.021300
38.593780,21.024380
38.599630,21.021650
38.623210,21.006980
38.638970,20.994300
38.545360,21.015180
38.551150,21.016580
38.585390,21.021490
38.633450,21.001440
40.245500,23.261550
38.598900,20.550270
37.641700,23.161860
39.416830,23.160550
39.595930,19.798010
39.592920,19.804870
35.417450,24.784960
35.152580,24.474470
34.987270,25.478000
36.880910,22.238900
36.850500,22.258470
36.845710,22.259140
36.894530,22.224760
36.867420,22.248190
36.862090,22.250210
37.021330,22.139160
36.998600,22.154990
36.979210,22.149670
36.953610,22.144590
36.947810,22.144800
37.410340,24.963900
37.389930,24.945610
37.388020,24.940500
37.378890,24.909140
37.376420,24.906090
37.376740,24.882540
37.385730,24.880690
37.389630,24.884390
37.397330,24.881030
37.395170,24.870410
37.419550,24.873870
37.421250,24.877420
37.443200,24.895750
37.445510,24.899830
37.458300,24.898240
37.446600,24.947220
37.442470,24.945860
39.454690,23.120900
37.074320,25.350570
37.098840,25.375230
37.068710,25.355300
37.060490,25.357000
37.048310,25.372610
37.020600,25.373350
37.007770,25.383930
36.987480,25.391040
36.976880,25.400760
36.967060,25.425000
36.936920,25.472020
37.013370,25.568440
37.137470,25.586200
37.180560,25.551420
37.108450,25.377280
37.136080,25.436960
40.028240,22.588320
40.015190,22.592050
39.994220,22.620160
39.982250,22.641840
39.956270,22.702350
39.939620,22.715260
39.869400,22.735610
39.403540,23.181450
39.409210,23.168620
39.375120,23.203040
39.435380,23.144250
39.364270,23.207660
39.389630,23.193380
39.422840,23.156320
40.216860,23.316420
40.194040,23.334700
40.136190,23.398600
40.103110,23.435980
40.075920,23.449950
40.058500,23.464690
40.051760,23.469890
40.018680,23.527310
40.002900,23.573400
39.990080,23.614130
39.973350,23.673580
39.968520,23.677700
39.962190,23.675490
39.928150,23.584490
39.945390,23.530650
35.268640,23.562630
35.309200,23.525170
35.315270,23.533770
35.174440,24.414930
35.520000,23.924620
35.271480,23.541380
35.229020,23.961480
39.508410,19.923060
37.025440,25.368890
37.036660,25.375440
37.089280,25.156200
37.445120,25.436350
36.460810,25.369570
36.467340,25.368550
36.460460,25.380480
36.444460,25.448670
36.441320,25.452050
36.429190,25.459420
36.419620,25.472250
36.353580,25.473540
36.354430,25.376020
36.350250,25.382790
36.348100,25.387350
36.348510,25.394650
36.347670,25.414250
36.345080,25.464220
36.438350,25.350020
37.622700,25.029660
39.135870,23.446820
39.285470,20.392490
36.413320,25.482080
38.244580,25.885080
36.377120,25.486180
36.452870,25.343160
38.586590,25.885390
38.588700,25.905460
38.596600,25.979030
38.588590,26.043180
38.563020,26.080890
38.523530,25.846130
38.543320,25.831450
38.470610,26.141990
38.444250,26.143320
38.431510,25.959270
38.443190,25.956120
38.464830,25.934390
38.473020,25.910210
38.403450,25.967070
38.400910,25.972410
38.391270,25.990500
38.372080,25.995240
38.321730,26.153980
38.294800,26.132690
38.285440,26.120320
38.206740,25.927240
38.194570,25.953310
38.157010,26.008680
38.181190,26.025620
35.035670,25.969680
35.037670,25.973430
35.039320,25.977640
35.036600,25.988850
37.422700,25.393200
39.510080,19.849420
39.472030,19.865350
35.413590,24.783310
36.666410,24.464740
37.893450,24.033030
37.930300,23.646700
37.935680,23.655080
36.742700,24.458280
36.753860,24.412640
36.767910,24.412290
36.689790,24.448400
36.724930,24.441920
37.843140,23.014900
37.839500,23.066100
37.841650,23.078380
38.066640,22.939260
38.052020,22.890280
37.709850,23.366240
37.704970,23.371360
37.700670,23.372760
36.209100,22.916420
36.677760,24.331800
36.748850,24.444720
36.769370,24.413800
36.700220,24.407900
36.661900,24.469330
36.750240,24.447750
36.720840,23.023930
36.754890,21.854720
36.745620,21.905390
36.782690,21.938710
36.792920,21.957940
36.798390,21.953250
36.810050,21.937290
35.373560,24.541870
36.748010,24.533230
36.729980,24.536420
36.723150,24.538220
36.717110,24.540660
36.699100,24.545370
36.694170,24.544730
38.179650,21.487240
36.747990,24.486660
36.748650,24.487790
36.760880,24.529190
36.734480,24.537750
35.402160,24.954550
36.963260,21.662570
35.396460,23.551130
35.499840,23.647620
35.498090,23.657920
37.077980,25.586910
38.242740,24.001680
37.190720,26.819090
39.267720,23.976790
39.253790,23.972280
39.235410,23.957000
39.226600,23.949230
39.221510,23.944710
39.219160,23.944020
39.209550,23.934920
39.205760,23.931050
39.196340,23.876650
39.202700,23.929830
39.195150,23.926230
39.197130,23.978990
39.194720,23.978520
39.190530,23.973620
39.189060,23.962880
39.183870,23.947500
39.188600,23.924900
39.176480,23.879760
39.179970,23.879560
39.173690,23.907090
39.169740,23.898800
39.169500,23.870810
39.155770,23.847470
39.156290,23.851220
39.161950,23.885370
39.162540,23.894440
39.154390,23.877880
39.143540,23.838110
39.140680,23.844750
39.137430,23.847230
39.148280,23.869760
39.136250,23.861290
37.280530,23.117100
37.278460,23.131060
37.278740,23.127320
37.279620,23.122920
37.277770,23.099880
37.274600,23.142370
37.271610,23.147740
37.270300,23.148960
37.267000,23.105180
37.264000,23.161320
37.265390,23.158390
37.260880,23.110030
37.254560,23.115780
37.255590,23.166240
37.252650,23.163270
37.246270,23.124020
37.245320,23.163620
37.240980,23.161490
39.161150,20.223040
39.160130,20.225360
39.151440,20.217680
39.155050,20.230420
39.150750,20.238040
39.148760,20.238610
39.145570,20.242160
39.141390,20.239410
39.187650,20.165310
39.188160,20.200780
39.190940,20.199300
39.191370,20.197280
39.193960,20.192760
39.198710,20.188700
39.195500,20.189660
39.199780,20.149310
39.211620,20.176940
39.210000,20.177810
39.208770,20.181030
39.207810,20.182910
39.212430,20.175580
39.214260,20.172820
39.217420,20.168950
39.225360,20.164700
39.223850,20.166600
39.221520,20.169110
39.229820,20.155070
39.231360,20.151890
39.234530,20.147370
39.236510,20.143060
39.235120,20.133160
39.234980,20.126210
39.235870,20.131540
39.238340,20.139970
36.217440,27.571390
36.215170,27.582810
36.215090,27.583870
38.589500,26.041390
38.597030,25.980890
38.543140,25.831490
38.473160,25.909800
38.444190,26.143600
38.417180,25.963390
38.336490,26.145540
38.321590,26.153800
38.194760,25.952880
37.659710,25.060730
37.659840,25.056840
37.656740,25.054910
37.629990,25.141610
37.632660,25.151350
37.610100,25.237260
37.567720,25.239690
37.563970,25.234310
37.555280,25.229140
37.542400,25.229200
37.534730,25.219420
37.533010,25.212340
37.530700,25.209310
37.530450,25.179610
37.553650,25.130670
37.551770,25.120490
37.553370,25.115870
37.560840,25.112020
37.571160,25.112050
37.575820,25.105140
37.579700,25.101900
37.587600,25.084610
37.591660,25.073650
37.595440,25.068420
-54.316670,-36.450000
-54.250000,-36.566670
-54.316670,-36.433330
-54.016670,-37.716670
-54.833330,-36.016670
-54.116670,-37.166670
-54.833330,-36.166670
-54.066670,-37.400000
14.133330,-91.683330
13.464170,144.656070
13.654180,144.862270
13.390010,144.660240
13.352770,144.644230
13.404280,144.781450
13.552730,144.811970
13.625000,144.895800
13.417200,144.647810
13.397520,144.662510
13.479600,144.766370
13.284600,144.763580
13.632720,144.843620
13.504280,144.789160
13.519130,144.806110
13.441930,144.642170
13.463800,144.647540
13.612430,144.835520
13.413350,144.657070
13.314920,144.771350
13.257690,144.735320
13.490200,144.775000
13.577540,144.831260
13.512790,144.803020
13.543260,144.808300
13.405730,144.661190
13.290070,144.763670
12.183330,-16.416670
11.233330,-16.266670
11.916670,-16.316670
11.783330,-16.133330
8.043700,-59.136760
7.936330,-59.022860
8.248010,-59.469650
8.177360,-59.352920
7.783330,-58.900000
7.991860,-59.080250
7.683330,-58.800000
-53.083330,73.666670
-53.200000,73.483330
-53.033330,73.600000
-53.066670,73.650000
17.416670,-83.900000
13.298890,-87.497500
17.416670,-83.933330
13.183330,-87.416670
13.116670,-87.416670
13.233330,-87.450000
13.116670,-87.400000
13.192500,-87.441670
13.216940,-87.455000
13.249170,-87.471110
13.331390,-87.465280
13.267500,-87.614170
13.312220,-87.598890
13.289440,-87.626670
13.254170,-87.621670
13.278610,-87.659720
13.322780,-87.576110
13.293330,-87.636110
13.260560,-87.663610
13.310830,-87.681670
13.298330,-87.641390
13.292500,-87.628610
13.311390,-87.581390
13.290280,-87.657220
13.278330,-87.618610
13.313610,-87.676390
13.271670,-87.661390
13.276110,-87.617220
13.278330,-87.616390
13.290000,-87.626940
13.326390,-87.575560
13.285830,-87.658060
13.320000,-87.581110
13.293060,-87.648330
13.320830,-87.668610
13.262220,-87.616110
13.292780,-87.632780
13.263330,-87.662500
13.315560,-87.581390
13.322220,-87.680280
13.309170,-87.617780
13.307780,-87.584170
13.306390,-87.588330
45.100450,14.470120
45.082040,14.431310
43.279540,17.034280
43.169000,17.205780
44.501470,15.021290
43.407890,16.750470
43.256870,16.634400
19.900000,-73.200000
18.224900,-72.468070
18.909710,-72.642810
18.860090,-72.607790
18.942760,-72.710290
18.139130,-73.831510
18.177560,-73.775050
18.086380,-73.923780
18.189470,-71.926040
18.230910,-72.316990
18.234030,-72.378680
18.465140,-72.994980
18.544670,-72.537760
18.432710,-72.796750
18.527920,-72.646430
18.148630,-72.872690
18.693440,-72.381210
19.092680,-72.760000
19.783040,-72.229460
19.786610,-72.244490
19.729670,-71.936870
-8.022220,110.321110
-5.916670,106.000000
-6.100000,106.916670
-8.258330,128.033330
-8.133330,128.091670
-8.087500,127.144440
-8.050000,127.136110
-8.050000,127.212500
-7.900830,110.032780
-7.913610,110.066110
-7.976390,110.192780
-7.763890,109.513890
-7.766670,109.533060
-7.769170,109.550000
-7.774440,109.580830
-7.802220,109.715280
-7.790280,109.664720
-7.696940,109.253890
-7.715000,109.375000
-7.758610,109.470830
-8.006110,110.264720
-8.016110,110.300280
-8.030000,110.344170
-8.148110,115.039130
-8.702660,115.164910
4.597700,95.632500
3.574100,99.116900
-6.870900,109.256400
-7.680200,113.245300
3.434400,125.674600
3.606300,125.574000
3.600100,125.579400
3.516100,125.654800
3.544100,125.636000
3.536800,125.615100
0.487200,121.506200
-8.288100,111.936500
-8.674620,115.264050
-8.684300,115.264500
-8.471500,115.631500
-8.629040,122.717180
-8.674600,115.146100
-8.692500,115.158500
-8.705000,115.165000
-8.720700,115.169300
-8.778010,115.225370
0.502300,123.049300
-6.295500,105.838900
-6.297300,105.840400
-6.242900,105.825100
-6.193800,105.840500
-6.143800,105.856000
-6.479100,105.658100
-7.670800,107.737500
-7.588200,107.622600
-5.516400,104.681130
-7.692700,108.537200
-6.702900,111.342200
-8.380100,112.400000
-8.382100,112.415800
-8.390100,112.430600
-8.398400,112.444800
-8.396800,112.462700
-8.396000,112.479500
-8.436900,112.641800
-8.432300,112.684100
-8.381500,112.896700
-8.321880,113.328360
-8.381100,113.461900
-8.426100,113.571900
1.188070,104.436640
-6.884740,113.050490
-6.918000,114.065400
-8.806300,115.112300
-8.816300,115.088300
-8.127500,124.579700
-8.647400,115.114800
-8.252700,124.213800
-0.415350,132.190190
-8.921110,116.454310
-8.919180,116.459500
-8.880830,116.571790
-8.859590,116.579620
-8.859650,116.585000
-8.608040,122.769700
-8.606830,122.763600
-8.605370,122.752940
-8.655400,115.125210
-8.529100,114.995810
51.639170,-8.648060
53.316940,-6.194440
53.332220,-6.200000
53.388060,-6.118610
53.421390,-6.120560
51.883330,-8.383330
51.591390,-9.651110
51.613330,-10.161940
51.615830,-10.125560
52.322780,-9.839170
52.341110,-9.840280
52.138330,-7.313330
52.153060,-7.124170
54.498330,-8.265280
52.759170,-9.503890
54.797500,-8.455280
54.458330,-8.440560
54.440280,-8.470830
54.336670,-8.636390
54.343610,-8.654720
53.078890,-6.036390
53.965560,-10.059440
53.966180,-10.192740
54.002000,-9.935130
53.733530,-9.895760
29.513010,34.925550
32.805890,34.956140
29.540080,34.947030
29.526380,34.935830
29.525830,34.935800
29.514350,34.926530
29.495870,34.908280
29.497840,34.911690
29.502200,34.917650
29.547290,34.953250
29.546410,34.968590
29.547090,34.966070
29.547680,34.964750
29.548000,34.963980
29.548340,34.963160
29.548640,34.962090
29.546490,34.952600
29.548430,34.953640
29.549180,34.954060
29.549790,34.955210
29.549760,34.956300
29.549570,34.957440
29.549360,34.958600
33.081780,35.106460
32.832960,35.051190
32.840860,35.057580
32.446170,34.877940
31.610400,34.503270
32.366150,34.857950
31.812530,34.638910
31.807670,34.636330
31.805630,34.635190
31.800680,34.632640
31.788060,34.625670
31.772750,34.616330
31.790770,34.627160
32.352400,34.854250
32.349690,34.853730
32.330370,34.846860
32.327130,34.845930
32.334710,34.850100
32.345000,34.852910
32.301740,34.841140
32.273430,34.832860
54.400000,-4.416670
13.001390,80.274170
13.051390,80.283890
18.955410,72.809790
15.292550,73.908120
15.555440,73.751570
20.446460,72.832630
15.328020,73.895590
15.686670,73.702470
8.732530,76.706240
15.220940,73.929000
63.781830,-17.018050
64.238300,-15.310670
63.451920,-19.347740
63.466670,-19.500000
65.983710,-14.612950
65.766670,-14.566670
63.785520,-17.194310
65.983330,-17.533330
63.546500,-17.910670
65.969090,-14.606320
66.379160,-14.818870
65.671270,-14.327070
64.340820,-14.875340
64.483990,-14.482880
64.241800,-15.086310
66.256330,-22.837740
63.875970,-21.354360
65.596270,-24.008220
64.150910,-21.887450
37.484090,15.086820
37.098160,13.928410
38.466670,14.950000
39.223200,9.197670
39.208610,9.169170
41.009310,8.876700
45.278060,12.303890
40.788600,14.070140
45.378140,12.347300
41.407940,12.865250
40.433330,9.783330
41.046020,8.935400
45.453990,12.498150
41.866670,16.166670
43.634680,13.390530
40.409050,17.218970
40.518790,17.117600
40.513330,17.139720
41.209440,13.565280
45.455560,12.416390
45.438030,12.450260
42.748380,10.360860
42.751840,10.358850
42.760700,10.354850
40.239770,18.456260
40.233770,18.460290
40.206080,18.457930
39.130380,9.504620
39.128850,9.506410
37.479250,15.085520
42.769350,13.961560
41.124960,9.470590
40.546140,8.320440
41.945730,16.041100
38.154680,13.080800
38.057510,13.018050
36.824500,15.106150
41.815270,16.194770
41.761480,16.164750
41.746120,16.144950
41.942370,15.983630
40.321160,8.454210
40.107930,9.689780
41.583000,12.501560
41.283530,13.249400
41.267820,16.441210
41.260440,16.452060
40.121600,16.649740
40.332750,17.425600
40.201130,18.459830
41.236440,13.102420
41.239140,13.477090
41.213590,13.542030
41.210830,13.544480
41.250620,13.694910
40.995160,13.958090
44.340710,9.224490
39.186410,9.151960
39.225970,9.206260
39.204980,9.313460
39.198790,9.327250
39.179230,9.355350
39.173340,9.371630
39.168320,9.376850
39.165580,9.381500
39.161830,9.385320
39.144310,9.406150
39.133860,9.430120
39.123510,9.439250
39.130240,9.454770
39.129300,9.505440
39.116240,9.505320
39.105710,9.518540
39.113020,9.518690
39.117130,9.520420
39.127090,9.529660
39.130120,9.534540
39.133500,9.556410
39.199870,9.563060
39.208030,9.565470
39.230480,9.569180
39.244100,9.571650
39.262520,9.580670
39.276550,9.589610
39.294780,9.608120
39.311780,9.612490
39.435880,9.632740
39.449070,9.639150
39.662690,9.650610
39.694730,9.659460
39.726420,9.675590
39.735540,9.674210
39.744630,9.674260
39.770580,9.668230
39.774980,9.668330
39.784630,9.669960
39.789540,9.670310
39.868680,9.682990
39.881490,9.681470
39.900370,9.682030
39.909740,9.685450
39.924390,9.705060
39.935670,9.710470
39.938890,9.709680
39.942140,9.691670
39.954810,9.685390
39.972680,9.686870
39.987140,9.688970
39.989810,9.691600
40.119140,9.681100
40.123720,9.676620
40.179630,9.634480
40.224860,9.626500
40.256280,9.625210
40.259880,9.625650
40.274320,9.631120
40.276880,9.632640
40.329770,9.676480
40.346120,9.692180
40.417960,9.771570
40.447420,9.793990
40.476950,9.810120
40.543690,9.797470
40.620910,9.746270
40.630550,9.742210
40.736840,9.711890
40.764040,9.692430
40.785930,9.671030
40.837450,9.697510
40.834060,9.705880
40.839900,9.720300
40.851620,9.689350
40.852920,9.666490
40.885050,9.640430
40.888250,9.648510
40.893030,9.614950
41.002520,9.619460
41.026940,9.532110
41.040000,9.522950
41.046690,9.524070
41.049410,9.523160
41.078400,9.550030
41.089100,9.561810
41.112320,9.546240
41.114590,9.540350
41.146060,9.526400
41.112290,9.441120
41.142130,9.430950
41.158740,9.405220
41.172170,9.422900
41.178930,9.397650
41.181230,9.391660
41.179930,9.390250
41.185210,9.375800
41.189430,9.366320
41.193450,9.364550
41.204100,9.364720
41.202740,9.353220
41.202000,9.338520
41.188860,9.337910
41.191620,9.339710
41.194300,9.288980
41.245190,9.188990
41.235700,9.161930
41.240260,9.158720
41.191400,9.162510
41.175170,9.171480
41.127680,9.082990
41.046880,8.935680
41.026070,8.892410
41.015900,8.887700
40.978360,8.857750
40.948200,8.825930
40.937330,8.812340
40.930240,8.801700
40.906530,8.689480
40.894010,8.657900
40.829710,8.554710
40.837950,8.408660
40.966000,8.209440
40.740320,8.147490
40.683940,8.205290
40.617600,8.202530
40.582340,8.247040
40.584400,8.258300
40.593540,8.276520
40.594320,8.290500
40.569550,8.317890
40.549670,8.318120
40.495870,8.369510
40.243700,8.474150
40.046490,8.399320
40.028740,8.406940
40.017620,8.414180
39.977330,8.392350
39.968880,8.398450
39.911830,8.399960
39.880680,8.436680
39.880190,8.441790
39.905730,8.516420
39.831560,8.553670
39.690910,8.452010
39.615510,8.466170
39.593830,8.467860
39.543550,8.450390
39.495870,8.411880
39.373850,8.379630
39.198670,8.388530
39.157250,8.227520
39.116940,8.257380
39.100560,8.298710
39.115710,8.309480
39.190220,8.318350
39.108560,8.364600
39.098180,8.360830
39.083560,8.356990
39.081190,8.354010
39.023370,8.374350
39.008780,8.385530
38.981580,8.443510
38.998110,8.449130
39.038070,8.461340
39.042770,8.568070
38.957570,8.612770
38.941280,8.622820
38.894970,8.814080
38.883780,8.863350
38.888930,8.870860
38.895940,8.881550
38.894760,8.878410
38.897310,8.886310
38.917320,8.912210
38.922930,8.918070
38.928170,8.925380
38.934960,8.937610
38.947510,8.956130
38.952700,8.962830
38.989290,9.013510
38.994310,9.015860
38.995800,9.017010
39.025390,9.027340
39.130830,9.014050
39.140760,9.016840
39.151260,9.020830
36.801110,15.094960
36.838980,15.107230
36.917580,15.155940
36.709680,14.779980
36.720380,14.744040
41.118540,16.892410
36.696470,14.989420
39.656480,16.539540
40.879680,14.040310
40.899470,14.031940
43.181700,13.799290
38.275960,16.309380
45.398500,12.363290
45.415110,12.379750
41.918570,15.568050
41.923010,15.826420
41.971740,12.036340
37.040590,15.301930
38.028660,12.884080
38.056130,12.841340
38.176950,12.735950
38.024290,12.898790
37.929940,12.477520
37.582180,12.831240
37.566460,12.712330
37.560020,12.677020
37.576640,12.911070
37.545960,12.982170
37.509270,13.013970
37.390880,13.289760
37.341410,13.382370
37.311880,13.424800
37.294600,13.456040
37.253990,13.599700
37.209830,13.656650
37.103060,13.881350
37.108600,14.018530
37.103160,14.114660
37.096520,14.151940
38.499030,14.961760
38.493010,14.962310
38.806370,15.238210
38.572090,14.581540
40.717270,13.861190
40.757060,13.877690
44.242310,12.372280
44.202390,12.407860
44.265330,12.360310
44.091300,12.534900
44.079520,12.552200
44.078950,12.577460
44.035430,12.619710
44.027580,12.628780
44.012730,12.648750
44.009410,12.653710
44.006550,12.658940
44.003810,12.662470
43.999960,12.668080
43.972980,12.717870
43.970190,12.729240
43.969230,12.733030
43.901560,12.936140
43.893080,12.948450
43.853690,13.007000
44.100370,12.521960
44.134680,12.483320
44.450500,12.294150
44.482510,12.286830
42.169860,11.740020
42.379110,11.444790
42.374110,11.461470
42.386640,11.208760
42.417900,11.275950
42.409140,11.210510
42.438390,11.167060
42.617290,11.087330
42.695130,10.994630
42.689960,10.997060
42.731550,10.961160
42.847700,10.775650
42.856670,10.774390
42.926540,10.744830
42.945920,10.693260
42.935330,10.499130
42.968460,10.485840
42.996710,10.514610
43.020270,10.521960
43.243300,10.524730
43.463910,10.354300
43.465240,10.348470
43.507550,10.318730
43.518740,10.315220
43.582970,10.297390
43.838950,10.247630
44.082980,9.894680
44.170250,9.607720
44.269240,9.392950
38.379950,15.858090
38.385200,15.861490
38.398500,15.863940
38.434530,15.886600
38.485190,15.913220
38.500930,15.917910
38.299370,16.333450
38.266490,16.298860
39.691540,16.525090
39.682240,16.525370
39.641750,16.565300
40.516740,17.064730
40.464660,16.941390
43.148390,13.816400
43.206830,13.788660
43.261530,13.760440
43.026460,13.861510
43.099700,13.843470
43.119960,13.832730
43.215640,13.784820
38.233560,16.267530
38.291850,16.322240
41.917000,15.334380
41.911480,15.346100
40.738080,13.857860
40.744350,13.946330
41.248430,13.035950
41.275390,13.023330
41.264070,13.029230
36.728120,14.684860
36.764000,14.631540
43.967790,12.758730
41.253630,13.702350
41.253900,13.705710
41.231340,13.749290
37.451780,15.086500
37.404600,15.090670
42.679440,14.016690
42.699690,14.001710
42.624680,14.057260
37.289790,13.514860
37.288920,13.484510
44.259340,9.419970
44.276410,9.393240
44.313870,9.319370
41.602700,12.480900
41.630200,12.449270
41.553840,12.533250
41.652410,12.421070
44.041330,8.224700
44.031910,8.204340
44.049870,8.226290
42.074050,14.767880
42.097390,14.727170
42.036800,14.853090
42.014550,14.938230
40.422920,17.214870
40.353630,14.993690
40.396110,14.997050
40.421830,14.984410
40.400380,14.995380
40.406490,14.992720
40.741400,17.736670
40.680510,17.932110
44.152930,12.462060
37.454490,13.222150
37.468030,13.194640
37.491370,13.170230
36.728150,14.851370
36.731230,14.875100
36.730870,14.882170
36.729920,14.886200
36.716920,14.816840
36.729480,14.856130
40.738170,13.955530
36.857200,15.116800
36.878800,15.136890
36.885090,15.139740
43.787250,7.609210
43.778620,7.659630
38.252980,15.711150
38.262400,15.758790
38.289130,15.803920
43.957480,10.164840
43.927570,10.195480
43.897340,10.219520
43.870180,10.238740
44.183470,12.424210
44.172030,12.440430
38.098770,13.410230
38.105120,13.498250
38.105080,13.391690
40.039180,18.012770
40.036830,18.014350
40.030720,18.017850
40.028500,18.018650
40.055540,17.974360
39.885290,18.119590
39.858870,18.162310
39.850180,18.181310
39.838130,18.209180
36.716870,14.922390
36.702350,15.016420
36.658520,15.070900
36.758480,15.102550
36.764620,15.100280
36.746970,15.111030
43.378880,10.436110
43.402160,10.410180
43.407370,10.407420
43.356590,10.443710
41.220410,13.528770
41.225100,13.512900
41.249710,13.591830
41.499840,12.581230
44.276000,12.355410
42.416200,14.300680
42.470010,14.220000
42.403560,14.324410
42.397350,14.336470
42.390630,14.350120
40.969340,13.984310
43.296530,10.494200
43.309070,10.478730
36.898290,15.144870
43.230040,13.780030
43.277160,13.752250
37.171290,13.719130
39.282030,8.433120
37.979010,13.812280
40.259470,17.897110
40.269530,17.882960
40.272110,17.878870
40.277680,17.868040
40.285910,17.848410
40.289920,17.810750
40.294220,17.778500
40.304530,17.677430
40.303000,17.648680
40.298500,17.567500
40.295080,17.528920
40.309460,17.495280
40.217520,17.925840
40.210270,17.922530
40.098790,18.011660
40.003100,18.015220
40.836850,17.468180
40.800000,17.553340
40.896990,17.375030
39.621260,16.622960
39.620000,16.634030
39.619970,16.659260
39.620860,16.681620
39.618220,16.715480
39.622950,16.762520
39.591900,16.813460
39.548600,16.852770
38.038360,12.538170
38.024650,12.522500
38.094230,12.662500
38.140460,12.737590
37.331270,15.095300
37.354670,15.092040
37.741740,15.205810
37.759080,15.215550
37.800530,15.249370
37.826350,15.270110
37.680510,15.201300
39.951210,8.401300
40.042350,8.419540
40.083100,8.490180
40.103520,8.490760
39.436860,8.412270
39.318350,8.426870
39.332310,8.420630
44.046650,10.014750
44.048400,10.010810
44.002540,10.105150
44.049780,9.992410
44.067680,9.919750
40.785890,14.082630
43.628110,13.404390
43.645630,13.365230
43.616850,13.432670
41.112370,13.876630
41.146700,13.847040
41.083180,13.898280
44.303950,9.348810
41.258400,13.429990
45.775370,13.532070
45.677510,13.408560
45.675390,13.393390
44.347460,9.229470
37.580810,12.790400
38.076580,13.059270
38.028350,12.934000
40.699300,14.481070
42.174120,14.703550
42.152620,14.718390
42.196730,14.628770
42.208840,14.596840
43.723260,13.215420
43.763560,13.150460
43.677060,13.291010
41.281060,13.200070
42.005300,14.990740
41.960000,15.058520
43.307080,13.736320
43.360510,13.699350
38.213230,15.229280
41.953000,12.060990
41.901000,12.155300
41.849420,12.193150
41.766660,12.222000
41.812270,12.211780
38.169130,15.192160
38.187530,15.213810
38.183320,13.138670
38.160410,13.084530
38.086270,13.075250
37.501130,13.046890
37.497110,13.119520
43.329330,13.715360
43.887230,8.046310
43.907510,8.081990
43.918160,8.097500
43.847850,13.024810
43.833320,13.049230
45.216480,12.299190
45.176680,12.322070
45.129230,12.327000
40.946200,9.572400
40.990610,9.592090
41.003700,9.613080
40.899760,9.585830
40.753520,14.440460
38.041800,12.982150
41.456530,12.665800
41.450640,12.617500
41.466140,12.608270
41.450190,12.635200
40.816050,14.046440
42.946900,13.889340
42.985810,13.873670
37.649540,12.591460
37.723020,12.471820
37.737560,12.472620
42.520640,14.159060
42.544480,14.129150
43.813520,7.772990
43.817890,7.781900
43.827740,7.845500
43.800150,7.717260
40.611020,14.855100
40.627500,14.836950
40.574330,14.886820
42.088200,11.794560
42.223020,11.703360
40.667400,14.725800
39.078200,17.133210
39.043450,17.151890
39.156100,17.122340
39.126270,17.110930
41.606680,15.898200
41.594660,15.895480
41.630600,15.924080
41.243880,16.508650
41.250190,16.487220
38.928620,16.213420
38.924360,16.216340
38.914640,16.219600
44.326500,8.503420
44.296700,8.465800
44.273780,8.440320
42.717440,10.978780
42.762170,10.876270
39.710080,15.809200
39.850610,15.789780
40.008550,15.339040
40.032030,15.311200
38.839310,16.219680
38.934940,16.191700
38.970770,16.147520
37.072510,14.216740
41.415090,12.828450
41.413190,12.848120
43.918980,12.913100
38.825730,16.625750
38.809100,16.603320
38.795900,16.593950
38.774730,16.573690
38.852940,16.688880
38.876940,16.735010
41.728100,12.277310
41.699910,12.344600
42.034220,11.860960
41.664500,12.404030
44.842630,12.459440
40.382450,18.306660
40.438160,18.248260
40.451060,18.226580
40.339870,18.364960
40.269700,18.433810
40.131130,18.509500
40.128790,18.506950
44.413640,12.312710
43.584000,10.301440
44.066420,9.796140
44.082960,9.898020
44.125460,9.703480
43.617550,13.533550
43.530290,13.621070
43.523320,13.623730
43.520450,13.624570
43.546540,13.627270
43.551770,13.618630
43.558390,13.610940
43.564130,13.589470
43.569200,13.574940
40.838210,8.417370
40.823020,8.519490
41.376410,16.153550
41.330280,16.258220
41.306040,16.354630
36.996420,15.264690
36.963490,15.208450
36.946690,15.187650
36.936340,15.177440
40.657820,14.800570
38.115600,15.648430
38.139960,15.655390
45.648180,13.754400
41.082420,9.542330
41.081480,9.547160
41.081890,9.534200
41.071280,9.529030
41.098030,9.565530
41.102480,9.563640
41.060280,9.531610
41.056690,9.529440
41.114880,9.456930
38.214610,15.563910
44.391610,8.963090
44.391180,8.980050
41.140380,9.479950
41.131530,9.472100
41.139510,9.510220
41.151970,9.429490
41.182170,9.436560
41.211410,9.384750
41.134420,9.438030
40.706260,9.716910
40.604540,9.751180
38.036870,14.017790
38.018370,14.073190
38.025580,13.941690
38.018410,13.927190
38.120450,15.093500
38.125480,15.109210
38.120820,15.081100
38.128410,15.061530
37.818510,15.271040
45.504750,12.648650
45.508560,12.659920
40.371790,9.725000
40.283240,9.637040
40.324690,9.671830
41.031660,9.555190
41.036400,9.559380
44.334860,9.214830
44.326190,9.215890
39.806480,15.788190
38.667280,15.864920
38.670870,15.869350
38.647850,15.838570
37.846050,15.284560
37.862150,15.296850
38.680220,15.898200
38.680900,15.901000
38.660100,15.849950
41.888060,16.168310
41.867840,16.176170
38.918890,17.042180
38.909940,17.020150
38.933170,16.991710
38.920650,16.858280
38.906210,17.103610
38.912510,17.084340
38.903510,17.099800
38.944990,17.150670
42.748120,10.237990
42.756660,10.296190
42.759740,10.305350
42.763460,10.334590
42.769210,10.407170
42.773680,10.419750
42.787480,10.242990
42.801450,10.267750
42.823320,10.282190
42.822820,10.280490
42.818790,10.297060
42.819200,10.307820
42.820230,10.313200
42.819900,10.316460
42.807630,10.267780
42.806630,10.196960
42.807230,10.141240
42.792860,10.109930
42.748130,10.118550
42.732820,10.153650
42.736260,10.176770
42.737020,10.187030
42.745000,10.264790
42.743280,10.412940
42.742990,10.415230
42.754880,10.403610
42.837080,10.438300
42.794170,10.430150
42.810370,10.362900
42.825800,10.378600
42.862530,10.420660
37.929330,12.325380
37.925050,12.283080
37.917270,12.369920
40.906310,12.959770
35.495680,12.622850
35.512700,12.557760
40.894580,12.960490
40.899130,12.961420
41.230470,9.274690
41.239170,9.267500
41.245150,9.237910
41.192400,9.294050
41.191760,9.315280
41.195200,9.318620
41.233090,9.389920
41.231400,9.443070
41.250810,9.428390
41.246970,9.429450
41.250180,9.412580
41.257860,9.404680
41.222490,9.458280
41.242140,9.463280
41.218650,9.484250
41.204490,9.475130
41.183350,9.464530
41.181290,9.475790
41.176930,9.470790
41.230910,9.344260
41.248510,9.353880
41.231510,9.351340
41.279210,9.356230
41.286530,9.358460
39.076460,8.350210
43.027080,9.836280
43.015190,9.823490
43.065970,9.830920
40.147750,9.653030
40.795530,13.432440
40.797250,13.433300
42.116910,15.494380
37.356040,13.355430
37.113620,13.858950
36.894190,14.425630
36.880710,14.438130
36.816100,14.464900
36.803670,14.479580
40.636900,14.610950
40.648270,14.627940
40.626220,14.481550
40.648090,14.639080
41.948100,16.009430
45.594010,12.878080
45.603500,12.894020
45.584730,12.856240
45.630980,13.053260
45.665980,13.113130
45.677730,13.130040
45.628410,13.007980
45.564850,12.806280
45.545220,12.766590
45.480190,12.585980
45.085910,12.328360
44.652230,12.255330
44.669690,12.252070
44.717710,12.241430
44.706000,12.241170
43.408200,13.677550
42.881840,13.921780
42.830250,13.935000
42.800850,13.946290
42.757760,13.969590
42.593090,14.082460
42.371200,14.392550
42.344130,14.413850
42.309430,14.446250
42.251550,14.510490
42.138890,14.718930
41.930700,15.890870
41.704220,16.069180
43.349850,10.451300
44.148310,8.285020
44.110240,8.245150
44.091100,8.231850
44.157420,8.309790
44.168460,8.346430
45.467720,12.544840
42.416250,11.092260
40.303570,18.403040
40.251000,18.447640
40.032280,18.445440
37.906420,12.459480
37.934520,12.480900
38.074550,15.636830
37.872270,15.302060
37.880250,15.308560
44.164540,12.448280
44.167340,12.444190
40.715740,17.792880
49.248060,-2.201390
49.256980,-2.230110
49.168240,-2.084570
49.230000,-2.232220
49.218060,-2.229440
49.163260,-2.075170
18.483190,-77.520400
17.944080,-76.761620
17.850000,-77.383330
17.945280,-76.765750
18.156700,-76.353100
17.750420,-77.140360
18.411510,-77.093360
17.898050,-76.894200
17.896460,-76.896070
18.463250,-77.399500
18.488400,-77.928600
35.483330,133.333330
37.930420,139.037520
35.137220,138.710160
34.255350,132.264980
33.167630,133.199570
34.251900,136.816020
34.259520,135.093120
31.750000,131.466670
26.233330,127.300000
33.900000,130.916670
26.633330,128.033330
37.483020,137.107550
30.550000,130.933330
29.448400,129.618570
35.058410,138.534700
29.605900,129.713000
29.583330,129.716670
26.283330,126.816670
37.883330,138.950000
37.874830,138.937490
26.301670,127.909170
35.093630,139.840720
38.566670,139.550000
34.943070,139.813010
35.681400,134.979050
34.509290,136.790900
31.450000,130.283330
26.683330,128.100000
26.300000,126.766670
33.950000,131.016670
34.704740,136.521710
42.114440,139.514440
42.091110,139.428330
38.414420,141.350510
38.258540,141.017080
35.497080,140.428310
36.883330,140.800000
35.750000,140.833330
40.100000,141.833330
40.915960,140.302360
41.983330,143.250000
38.366540,141.161540
38.987410,141.740890
38.948760,141.639220
38.871170,141.631020
38.861870,141.622650
38.852330,141.622300
38.879460,141.591330
41.196750,140.332530
41.359300,140.823800
31.996530,128.351640
31.996640,128.350280
26.348040,126.888550
35.305810,139.549120
35.309360,139.541010
33.836550,130.480640
33.719530,130.438680
33.331900,129.530350
27.681550,142.134980
24.770130,141.293660
24.761360,141.308790
24.788660,141.344380
31.229660,130.768890
31.146690,130.751850
31.335290,130.803710
31.169090,130.575210
33.888370,130.644180
33.915180,130.667740
35.115170,138.613560
35.292380,139.572330
35.304530,139.512480
35.306970,139.810080
35.243990,139.868920
35.039870,139.828770
35.060200,139.826440
35.289940,140.405810
35.269430,140.399520
32.379180,129.995150
32.483900,130.281380
32.396640,130.401330
42.969550,144.383910
43.177360,145.500830
43.189100,145.468300
42.985480,144.955390
42.981900,144.965610
42.982600,144.970630
42.988660,144.982260
42.657620,143.616710
42.590260,143.540750
-4.232640,39.606260
-4.093470,39.674740
-4.668190,39.384890
-4.048680,39.709480
-4.661900,39.395190
-4.441130,39.505930
-4.580210,39.436570
-4.279760,39.594700
-3.983330,39.733330
-4.355910,39.556320
-3.972060,39.753040
-4.012860,-154.971480
1.353780,173.038250
-12.215560,44.281940
-12.376940,44.501110
17.152900,-62.628770
17.281100,-62.688660
37.292220,129.301110
37.265280,129.326670
37.020830,129.410830
37.048100,129.412600
37.097780,129.380000
37.123890,129.372500
37.382300,129.247500
37.317500,129.275830
37.167000,129.346800
33.498270,126.453060
33.561940,126.761940
33.431670,126.915560
34.243330,126.052220
37.044170,126.424170
37.166940,126.617780
37.927300,128.796600
37.974900,128.759500
37.910100,128.820300
37.805200,128.908800
37.951900,128.775300
37.828100,128.880200
37.778700,128.939700
37.162900,129.351600
36.786510,126.141430
36.799700,126.146900
36.605100,126.290300
37.222300,129.340500
36.812800,126.154200
36.669000,126.287600
36.693700,126.210400
37.148700,129.362200
36.642800,126.299800
36.567200,126.317600
36.509100,126.331300
37.468200,129.169300
37.394000,129.225700
36.570600,129.420400
36.588600,129.410100
36.739500,129.472500
38.024650,128.722330
38.494150,128.428270
38.308310,128.543060
38.318130,128.532750
38.343680,128.514600
38.477710,128.438730
38.253410,128.564810
38.115530,128.636440
38.440670,128.454500
38.423600,128.462860
38.297740,128.547660
38.301000,128.547200
38.275460,128.553510
38.263270,128.558970
38.258440,128.560010
38.322530,128.527900
38.356340,128.510580
38.188830,128.604870
38.184300,128.608160
38.138030,128.616700
38.129240,128.624150
38.091620,128.662480
38.055550,128.686120
37.994150,128.742440
37.977140,128.759760
37.914890,128.813210
37.870350,128.844270
33.394140,126.239420
33.390610,126.235560
33.211040,126.261180
35.664030,129.453410
35.496570,129.430980
35.261210,129.233730
35.382850,129.345590
35.151960,129.117550
35.158880,129.161480
35.179150,129.200240
35.007350,128.703750
34.955980,128.716400
37.633050,126.242710
37.540760,126.424350
37.544880,126.431790
37.528570,126.345160
37.529450,126.373760
37.456060,126.368790
37.446740,126.372570
37.252260,126.302050
37.245860,126.310400
37.359530,126.513510
37.281020,126.481870
36.439300,129.433180
36.436730,129.433590
36.328910,129.379900
36.283940,129.375830
36.254080,129.373200
36.201500,129.371370
36.131960,129.400100
36.059550,129.379920
36.037190,129.379240
35.997410,129.566610
35.820170,129.509970
35.788330,129.491770
35.782430,129.491720
34.395700,126.278130
34.433580,126.353650
34.431430,126.475070
34.320000,126.585900
34.693810,126.359770
34.634840,127.034390
34.670110,127.092190
34.663640,127.229430
34.713920,127.272610
34.640730,127.188520
34.633530,127.183790
29.436110,47.777780
19.350000,-81.383330
19.273350,-81.334830
19.300000,-81.150000
19.266670,-81.316670
19.372900,-81.270460
33.701650,35.439410
33.294170,35.220000
14.024700,-60.984650
14.047400,-60.972510
13.789710,-61.067520
14.032820,-60.975740
14.025790,-60.983260
6.113900,81.082600
9.462800,80.170400
9.703100,79.839000
7.183100,81.859000
7.153500,81.857500
6.830200,81.829800
6.018900,80.790800
6.156300,81.177400
8.000000,81.500000
6.616000,81.759100
6.840060,79.862620
6.416670,-10.816670
6.233330,-10.683330
6.266670,-10.766670
57.425940,21.587580
57.073890,23.284110
56.963930,23.630780
57.081290,24.104910
57.188340,24.326990
57.297500,24.407030
32.866670,22.250000
32.872740,22.269750
32.871410,22.299280
32.873570,22.323200
32.850000,22.433330
32.075500,20.042060
33.930480,-6.958950
29.550000,-10.060000
35.196640,-3.844690
33.869860,-7.053110
35.737980,-5.944330
35.228850,-3.596660
35.200000,-3.900000
34.152240,-6.739500
35.831970,-5.700060
29.530000,-10.060000
35.200000,-3.800000
33.887260,-7.016940
28.870000,-10.780000
35.585860,-5.260580
33.307460,-8.355900
35.194590,-3.316370
35.423210,-6.062630
35.202910,-3.875980
35.200130,-3.816940
35.203510,-3.803220
35.209990,-3.788020
35.217430,-3.776550
35.219910,-3.912950
35.208450,-3.893800
35.794300,-5.834530
32.494710,-9.246670
32.490120,-9.243420
32.482480,-9.235780
32.479190,-9.232140
32.468450,-9.232800
32.458340,-9.233440
32.444670,-9.237830
32.436840,-9.240690
32.427930,-9.245880
32.424560,-9.247250
32.485700,-9.239570
32.572480,-9.241510
32.654880,-9.130990
32.636730,-9.154270
32.626090,-9.167710
34.925620,-6.276120
34.909790,-6.282630
34.903390,-6.285590
34.218690,-6.698290
33.782130,-7.256310
33.780060,-7.264480
33.775340,-7.271390
33.772050,-7.278170
33.769510,-7.281430
33.763600,-7.287360
33.757250,-7.298790
33.750350,-7.307300
31.157440,-9.829720
31.154920,-9.832460
31.123450,-9.834110
31.170910,-9.824690
31.176550,-9.821240
31.179560,-9.819440
31.194720,-9.815250
31.219290,-9.819710
31.242020,-9.817280
35.211090,-6.147330
30.094330,-9.665790
34.274430,-6.667390
33.794240,-7.236740
33.820500,-7.150050
33.816840,-7.160800
31.317770,-9.794730
31.279340,-9.800760
31.479180,-9.778070
31.458400,-9.788990
31.429850,-9.814990
31.403550,-9.836170
31.382060,-9.813990
31.386710,-9.835850
31.392650,-9.841090
35.627200,-5.273080
35.155970,-4.396040
34.494340,-6.510720
35.104580,-2.480090
35.136980,-2.406060
35.190860,-3.321370
35.649690,-5.972540
35.794020,-5.834080
35.777120,-5.931070
35.767890,-5.935360
35.827460,-5.648740
35.824490,-5.722650
35.827300,-5.352870
35.808670,-5.351530
35.800730,-5.350510
35.798850,-5.350550
35.784720,-5.348810
35.904930,-5.476930
35.904550,-5.446330
35.909170,-5.392480
35.919530,-5.400110
35.222050,-4.732630
35.205280,-4.644180
35.156510,-4.332390
35.170650,-4.293830
35.157620,-4.325990
34.566060,-6.462210
29.790720,-9.849540
29.798820,-9.841450
32.907040,-8.830910
32.864750,-8.876880
32.810680,-8.942540
32.789540,-8.971460
43.746560,7.434040
42.451320,18.532520
42.452590,18.529580
42.453270,18.527800
42.451670,18.531660
42.451820,18.530600
42.449950,18.535170
42.454470,18.525820
42.456190,18.523390
42.450440,18.541740
18.109920,-63.053200
18.116280,-63.046490
18.072020,-63.019980
18.078770,-63.013560
18.059890,-63.012920
18.089850,-63.021780
-15.633330,46.333330
-13.252600,48.185560
-13.379430,48.194060
16.857530,94.388090
18.444970,94.314570
15.245270,145.763150
15.161670,145.760830
15.061140,145.655210
15.135690,145.741910
15.035560,145.646110
15.262490,145.783720
15.184180,145.781050
14.963610,145.623060
15.161390,145.704170
15.086670,145.630280
15.174720,145.785960
15.209890,145.778540
15.159720,145.751110
15.270730,145.790510
15.105880,145.738510
15.107720,145.716650
15.252140,145.775790
14.956390,145.627500
15.236110,145.745280
18.170000,145.793890
14.172220,145.188890
18.740180,145.651500
15.218730,145.716590
14.878000,-61.147320
14.617510,-61.103810
14.617010,-61.103130
14.427410,-60.886030
20.600000,-16.433330
35.946390,14.382780
35.933610,14.342220
35.956390,14.424720
35.954440,14.416940
36.062780,14.279440
36.026670,14.298610
35.911530,14.507450
-20.015190,57.556460
25.833330,-97.150000
19.182880,-96.124560
19.183330,-96.116670
19.168420,-96.112150
18.658690,-91.846220
20.351180,-87.021730
20.381940,-86.883330
20.400680,-87.017770
20.622220,-87.069440
18.663970,-91.831710
18.695470,-91.706850
21.136110,-86.754170
21.139360,-86.749510
21.139620,-86.769150
20.200000,-87.016670
20.366670,-86.866670
21.204170,-86.718060
21.260560,-86.754170
19.016670,-91.150000
21.321570,-89.459460
20.445230,-87.283440
21.016670,-97.325000
19.058330,-96.050000
27.104180,-110.092670
23.290150,-106.477590
23.915690,-106.971390
32.438270,-117.101650
32.518810,-117.124140
32.450000,-117.100000
26.026370,-109.421090
31.100000,-116.300000
26.266670,-109.200000
21.085420,-105.230080
20.598630,-105.239310
26.078530,-109.393990
26.696070,-109.609690
31.321080,-113.565280
20.554340,-105.264530
26.300000,-109.183330
32.516670,-117.116670
19.163600,-104.637880
21.218910,-105.217510
19.013700,-104.297370
26.366670,-109.150000
22.873200,-109.944880
17.236650,-100.950580
22.116670,-105.650000
20.643230,-87.056140
21.244900,-86.804350
31.493210,-114.094020
31.140200,-114.888890
31.011410,-114.834770
32.344910,-117.062320
18.603230,-95.057820
18.576020,-95.041690
30.906150,-114.710660
30.837080,-114.706790
22.286430,-97.801050
22.275900,-97.793460
22.196630,-97.791530
20.994260,-97.319990
20.306990,-96.850610
20.210260,-96.756880
20.004850,-96.576070
20.041280,-96.608000
20.050450,-96.615940
20.057860,-96.622340
21.464230,-97.547680
29.019280,-113.562490
27.963490,-111.003150
27.918580,-110.807400
27.916720,-110.771160
27.895880,-110.689870
27.922990,-110.946990
28.804200,-114.365870
28.852190,-111.993740
28.742670,-111.933580
28.732340,-111.926020
28.721970,-111.923360
27.792500,-114.451450
27.956460,-112.762010
27.846300,-112.758940
27.124350,-110.177130
27.112120,-110.117390
26.903220,-109.883080
28.383220,-111.483510
27.064690,-111.978520
26.986280,-112.016130
26.559230,-109.305340
26.531050,-109.283240
26.586710,-109.336530
29.908750,-114.454660
29.843000,-114.410310
25.738700,-111.253200
25.663100,-111.206280
25.571330,-111.162720
25.612200,-111.192930
20.822870,-86.897920
20.873100,-86.865980
20.995690,-86.823440
26.093340,-109.382050
21.428220,-88.746390
21.346170,-89.239360
21.539270,-87.776930
21.524650,-87.723640
21.518940,-87.696090
25.699670,-109.262550
25.713320,-109.281680
19.626760,-96.388790
19.525270,-96.355060
19.488390,-96.320450
19.436000,-96.321610
19.329620,-96.299950
26.188400,-109.314630
25.505190,-108.968690
21.610310,-88.044340
19.212020,-96.151100
19.219920,-96.168350
19.144630,-96.099830
18.793030,-95.756920
18.777890,-95.732180
18.721090,-95.584210
18.715860,-95.534770
18.551330,-94.954430
18.439930,-93.230000
18.443110,-93.125980
18.443480,-93.107530
18.437820,-93.075940
18.432770,-93.049930
18.200730,-94.185580
18.767400,-91.554810
18.776480,-91.539600
18.786010,-91.499560
18.795530,-91.492380
18.605010,-92.686060
18.636960,-92.518040
18.431520,-92.995320
18.434830,-92.949680
18.453340,-92.863700
23.318510,-106.479620
23.253800,-106.458480
23.220080,-106.423090
24.835960,-108.012830
22.880340,-106.073710
21.524050,-105.277170
24.243540,-107.416630
24.342410,-107.549050
24.284250,-110.328480
24.346880,-110.259580
24.344210,-110.300580
24.337350,-110.313150
24.249990,-110.166510
24.297800,-110.211620
24.302320,-110.216590
21.139190,-105.231360
21.025580,-105.289560
20.649480,-105.243220
20.573400,-105.249420
20.559720,-105.257360
23.392590,-110.214190
23.324590,-110.172740
23.035810,-109.708090
17.380620,-101.152710
17.443170,-101.233770
18.174080,-102.993510
18.144400,-102.924330
18.135650,-102.905220
18.122380,-102.875700
23.753890,-106.843210
19.033360,-104.334050
19.096160,-104.321920
19.070330,-104.303660
18.572920,-103.661840
18.554560,-103.635210
18.543200,-103.620640
18.516070,-103.591780
18.233280,-103.231080
18.224760,-103.199850
18.205870,-103.129020
18.192140,-103.084310
18.190960,-103.068470
18.194510,-103.060660
18.185640,-103.024070
15.762250,-96.118200
15.763120,-96.112490
15.764540,-96.099360
15.808360,-96.005470
15.800610,-96.015540
15.791650,-96.032230
15.783680,-96.055980
15.779990,-96.061820
15.780710,-96.065380
15.775300,-96.075080
15.768650,-96.081820
15.773230,-96.092630
15.766230,-96.100190
15.759280,-96.123330
15.770900,-96.098880
16.972960,-100.177560
16.898720,-99.970220
16.829890,-99.901700
16.855690,-99.894520
16.859440,-99.879440
16.852650,-99.858170
16.835520,-99.852090
16.795510,-99.843300
16.788030,-99.816450
16.754380,-99.772180
16.704770,-99.681270
16.182700,-98.113210
15.672050,-96.590200
15.664280,-96.539110
15.663100,-96.564800
15.662500,-96.516800
15.674340,-96.476960
15.686120,-96.442730
15.688620,-96.376470
15.691390,-96.401210
16.208830,-94.918910
16.101170,-95.300070
16.130440,-95.268530
16.161440,-95.225270
16.169640,-95.186970
15.854460,-95.870520
15.837990,-95.921750
15.812150,-95.991020
15.860290,-95.844740
15.866290,-95.819720
15.870920,-95.801590
15.911820,-95.684070
15.903280,-95.738230
15.712220,-96.204410
15.704000,-96.207310
15.691320,-96.238120
15.688140,-96.321810
15.686800,-96.299320
15.686530,-96.273230
15.685600,-96.247230
15.725420,-96.162420
15.733850,-96.152160
15.738560,-96.145770
15.743780,-96.129080
15.865960,-97.093240
15.850250,-97.055340
18.489060,-87.761430
19.546890,-105.109760
19.547660,-105.084990
19.580630,-105.106430
19.514500,-105.079200
19.298970,-104.797660
19.496310,-105.060470
19.484220,-105.060050
19.472600,-105.058460
20.247630,-105.583030
23.594110,-109.558570
18.750290,-110.997110
18.812340,-111.037440
18.854560,-110.982310
25.831310,-97.150910
24.196410,-110.300350
24.225720,-110.122540
24.170060,-110.308750
18.364190,-103.514690
18.326880,-103.483220
18.288390,-103.396150
18.336580,-103.494720
19.216300,-104.713150
17.981480,-102.350230
17.031080,-100.339520
18.986640,-91.198440
22.874400,-109.905200
22.947520,-109.807410
22.912390,-109.836920
19.550750,-90.703950
19.663260,-90.703480
21.334400,-89.357210
20.357100,-87.337810
31.789900,-116.616510
31.782990,-116.618620
31.778250,-116.619510
22.699090,-105.861010
22.554140,-105.764220
22.725930,-105.889240
17.690190,-101.645400
17.679450,-101.644260
17.676840,-101.656260
17.677750,-101.656500
17.670770,-101.642810
17.665850,-101.645710
17.664310,-101.637310
17.664860,-101.630850
17.660850,-101.606780
17.636310,-101.577680
17.638780,-101.552610
17.629840,-101.546280
17.623760,-101.546610
17.574350,-101.450150
17.647510,-101.597490
19.093850,-91.037100
23.244070,-106.454390
6.350000,100.150000
6.071070,102.397710
6.200000,102.283330
5.916670,102.750000
2.268900,103.968200
2.716670,104.200000
5.733330,103.000000
5.611810,103.061070
2.634000,103.764900
2.466670,104.533330
4.200800,100.543100
2.214600,104.072800
5.766670,103.033330
5.612040,103.066410
5.916670,102.716670
1.683330,110.300000
2.720700,104.196200
2.344700,103.920300
1.817200,104.163900
2.735700,104.135300
2.583330,104.316670
2.300200,104.142300
2.719200,104.154900
2.166670,102.316670
5.750000,103.016670
2.760600,104.219700
3.965800,103.410900
5.933330,102.716670
4.387200,100.587200
4.664100,103.447500
5.783330,103.033330
5.321610,100.324720
5.300000,100.183330
4.357900,100.578000
2.907300,104.104500
5.791690,102.892540
5.274530,100.181090
1.700000,110.300000
2.288100,103.956300
2.751800,104.217500
2.785100,104.204100
4.533330,103.483330
6.212720,102.243260
5.428890,100.189190
5.783330,103.000000
5.803590,102.989690
5.771820,102.991930
6.218370,102.179580
2.319300,103.953300
2.331100,103.943200
2.433330,104.533330
1.989200,104.097200
6.200000,102.266670
5.449580,100.182390
5.900000,102.716670
2.719000,104.176500
5.766670,103.000000
2.232300,102.145900
2.220600,104.070900
2.227000,104.066100
2.795300,104.204700
5.883330,102.750000
5.260650,100.273170
2.718100,104.172400
1.862100,102.698800
4.394700,100.587800
5.470220,100.243340
5.620720,103.057390
5.816670,103.000000
1.405300,104.105300
5.283330,100.183330
5.795390,102.991590
5.436890,100.179510
5.800510,102.893530
5.283330,100.216670
2.215200,104.075700
5.750000,103.000000
5.800000,102.900000
2.716670,101.450000
2.883330,101.283330
1.680000,110.486940
6.282630,99.728840
6.469400,99.842970
6.298250,99.856390
6.295870,99.861720
6.360520,99.701130
6.457150,99.825520
6.430870,99.726250
6.366460,99.677890
5.935290,102.726260
5.539490,102.949290
6.217850,102.213600
4.847400,103.406000
2.418000,101.897990
2.416100,101.854600
1.913700,104.106400
5.227500,103.263600
5.223600,103.261100
4.537700,103.471500
3.282100,103.433500
3.205500,103.447100
1.540200,104.268000
4.250700,100.545900
4.220200,100.544500
4.187600,100.607400
4.085100,103.387100
6.295760,99.722390
3.889500,103.367600
4.209400,100.558100
5.994610,116.103390
6.927810,116.839940
1.749550,110.312700
6.456320,99.823150
6.158680,116.150960
-14.133330,40.616670
-16.550000,39.683330
-25.916110,32.646940
-25.118610,33.727500
-12.916670,40.516670
-12.883330,40.533330
-25.966670,32.600000
-17.283330,38.166670
-16.450000,39.816670
-16.516670,39.733330
-14.066670,40.633330
-16.500000,39.766670
-16.750000,39.300000
-12.316670,40.466670
-14.000000,40.633330
-14.500000,40.833330
-13.950000,40.633330
-24.064440,35.492500
-12.150000,40.483330
-12.566670,40.533330
-13.925280,40.614440
-26.011670,32.911940
-25.960830,32.982500
-25.680830,32.768060
-25.771940,32.737500
-15.847500,40.241110
-16.233610,39.971110
-16.242780,39.921390
-25.092220,33.798610
-24.909440,34.350000
-24.951110,34.207220
-25.008060,34.050560
-25.020280,34.016390
-23.230280,35.491940
-24.285000,35.376940
-24.345560,35.324170
-24.436110,35.251110
-23.433890,35.447220
-24.517490,35.201720
-23.793060,35.518060
-23.861940,35.551670
-23.922780,35.526390
-25.922500,32.640000
-25.935560,32.627780
-25.950560,32.613610
-22.683330,14.516670
-22.666670,14.516670
-22.843060,14.539440
-26.606110,15.178330
-22.818270,14.542570
-21.016670,165.383330
-20.750000,165.116670
-21.050000,165.400000
-22.233330,166.533330
-20.300000,164.483330
-22.566670,167.483330
-20.150000,164.200000
-22.400000,166.816670
-20.066670,164.166670
-22.302740,166.441780
-22.311320,166.448530
-22.309070,166.448600
6.416210,3.425800
12.856830,-87.617930
12.822740,-87.565410
12.693360,-87.400450
52.900000,4.716670
53.476980,6.130900
52.850000,4.700000
52.800000,4.666670
52.766670,4.650000
53.502480,6.252700
52.990820,4.726580
53.300840,5.097580
52.950000,4.716670
53.461730,6.126410
53.466670,5.933330
52.866670,4.700000
52.916670,4.716670
52.933330,4.716670
52.883330,4.716670
52.833330,4.683330
53.507200,6.309430
51.594220,3.580080
51.823980,3.887700
51.869360,4.048630
51.928650,3.979370
52.069270,4.218410
52.336760,5.138250
53.459230,5.755680
12.289960,-68.411900
59.000000,9.666670
58.983330,9.750000
59.050000,9.683330
59.116670,9.650000
59.000000,9.850000
59.050000,9.716670
59.066670,9.783330
59.050000,9.783330
59.066670,9.633330
59.842150,10.488570
59.391110,10.478060
69.693610,18.201390
69.728330,18.248330
69.773060,18.430000
59.888290,10.633780
59.890540,10.633960
59.078480,10.261140
59.072130,10.258480
59.864940,10.508450
59.854170,10.495030
69.026550,17.056020
69.018220,17.045890
59.036200,10.054530
59.550810,10.581230
59.540250,10.552750
59.526990,10.506400
59.072990,9.715820
-19.048680,-169.781450
-19.126760,-169.912360
-18.988640,-169.904210
-44.600000,167.716670
-36.572390,174.379030
-40.833330,172.883330
-37.966670,177.033330
-45.900000,170.516670
-44.100000,171.700000
-41.833330,171.466670
-36.766670,174.400000
-46.633330,169.266670
-45.416670,170.816670
-36.733330,175.183330
-38.216670,174.716670
-39.050000,174.100000
-46.200000,170.100000
-41.750000,171.550000
-37.716670,174.816670
-36.850000,175.700000
-36.714770,174.749910
-39.034170,177.891670
-44.316670,168.100000
-43.533330,169.716670
-43.400000,169.833330
-41.162220,173.447220
-36.768890,174.771670
-36.684660,174.750850
-36.587500,174.700280
-36.849440,174.844170
-36.820560,174.808890
-36.812220,174.802220
-36.791670,174.780560
-36.778180,174.776670
-46.604170,168.352780
-46.600000,168.350000
-35.806670,174.568610
-43.950000,-176.550000
-46.078430,166.580050
-46.208420,167.360070
-47.178440,167.670090
-47.238450,167.590090
-44.438350,167.870050
-44.448350,167.860050
-44.428350,167.880050
-44.418340,167.890050
-46.348420,168.030080
-46.698430,167.840080
-46.838430,168.080090
-46.858430,167.750090
-46.808430,167.720080
-46.708430,167.730080
-46.728430,167.720080
-46.688430,167.850080
-46.708430,167.930080
-46.758430,167.980090
-46.788430,168.000090
-46.798430,168.010090
-46.808430,168.030090
-46.818430,168.040090
-46.818430,168.050090
-46.828430,168.080090
-46.848430,168.080090
-46.898430,168.020090
-46.898430,168.030090
-46.908430,168.050090
-46.903270,168.107280
-46.948430,168.170090
-46.928430,168.120090
-46.918430,168.110090
-46.908430,168.150090
-46.908430,168.130090
-46.898430,168.140090
-46.888430,168.120090
-46.888430,168.130090
-46.878430,168.140090
-46.868430,168.130090
-46.938430,168.180090
-46.928430,168.180090
-46.918430,168.180090
-46.448420,168.230090
-46.978430,168.190090
-47.068440,168.170100
-47.058440,168.170100
-46.968430,168.170090
-46.958430,168.080090
-43.708320,169.230090
-43.847840,169.022600
-43.248300,170.110110
-43.268300,170.080110
-43.288300,170.040110
-43.318300,170.020100
-43.348300,169.980100
-43.468310,169.750100
-43.458310,169.760100
-43.448310,169.770100
-43.388310,169.880100
-43.588310,169.600100
-43.568310,169.620100
-46.578410,169.430100
-46.608410,169.360100
-46.628410,169.230100
-46.638410,169.230100
-46.628410,169.250100
-46.618410,169.280100
-46.288400,169.920110
-46.238400,170.000110
-42.998290,170.570120
-45.908380,170.490100
-45.908380,170.510100
-45.898380,170.540100
-45.898380,170.560100
-45.888380,170.610100
-45.868380,170.680100
-45.918380,170.450100
-45.858380,170.740100
-45.828380,170.730100
-45.798380,170.740100
-45.788380,170.740100
-45.788380,170.720100
-45.748380,170.640100
-45.758380,170.660100
-45.758380,170.680100
-45.758380,170.700100
-45.778380,170.710100
-45.768380,170.720100
-45.778380,170.720100
-45.808380,170.740100
-46.158390,170.150100
-45.118360,170.970090
-45.228370,170.860090
-45.348370,170.820090
-45.318370,170.820090
-41.888270,171.440140
-42.148270,171.320140
-42.218270,171.310140
-44.028340,171.860110
-43.673880,173.053740
-42.418300,173.700150
-41.718290,174.200180
-41.838290,174.180180
-41.078270,174.860200
-41.028270,174.890200
-40.968270,174.950200
-40.828260,175.050200
-41.398280,175.160190
-34.488180,172.690170
-34.448180,172.670170
-34.448180,172.780170
-34.568180,172.780180
-34.448180,172.810170
-34.428180,173.000180
-34.528180,172.710170
-34.648180,172.860180
-34.718180,173.070180
-34.778180,173.140180
-34.848180,173.170180
-34.768180,172.970180
-35.018180,173.160180
-35.168180,173.120180
-34.878180,173.370180
-34.968180,173.530180
-34.938180,173.380180
-34.988180,173.510180
-34.988180,173.460180
-34.978180,173.430180
-35.268180,174.080180
-35.938180,173.730180
-34.998180,173.790180
-34.988180,173.940180
-35.148180,174.100180
-35.258180,174.130180
-35.238180,174.240180
-35.378180,174.340180
-35.428180,174.370180
-35.438180,174.420180
-35.708180,174.520190
-36.538190,174.210180
-36.718190,174.360180
-36.938200,174.460190
-36.928200,174.450190
-36.808200,174.410190
-37.278210,174.650190
-36.558190,174.690190
-36.598190,174.700190
-36.618190,174.740190
-36.628270,174.758360
-36.637190,174.761840
-36.618190,174.760190
-36.738050,174.756230
-36.702970,174.752310
-36.908900,174.954460
-36.888200,174.940190
-36.868200,174.910190
-36.858200,174.900190
-36.798200,174.940190
-36.788200,175.000190
-36.778190,175.000190
-36.808200,174.750190
-36.798200,174.790190
-36.828200,174.800190
-36.828200,174.790190
-36.818200,174.740190
-37.668210,174.800190
-37.798210,174.850200
-37.808210,174.830200
-38.018220,174.780200
-37.898220,174.760200
-38.008220,174.800200
-38.078220,174.800200
-38.098220,174.760200
-38.068220,174.810200
-38.318230,174.700200
-38.468230,174.640200
-36.128180,175.420190
-36.198180,175.480200
-36.168180,175.480200
-36.898200,175.060200
-36.938200,175.200200
-36.878200,175.010200
-36.868200,175.020200
-36.868200,175.030200
-36.878200,175.040200
-36.878200,175.050200
-36.778190,175.010190
-36.218180,175.470200
-36.258180,175.490200
-36.718190,175.650200
-36.688190,175.600200
-36.708190,175.740210
-36.728190,175.680200
-36.708190,175.610200
-36.718190,175.720210
-36.688190,175.790210
-36.798190,175.700210
-36.768190,175.740210
-37.008200,175.860210
-36.878190,175.810210
-36.838190,175.800210
-36.788190,175.720210
-36.808190,175.700210
-37.038200,175.880210
-37.088200,175.880210
-37.458210,175.980210
-37.768220,176.500210
-37.738220,176.470210
-37.868220,176.710220
-37.988230,177.220210
-37.988230,177.300210
-37.888230,177.550210
-37.658230,178.500220
-37.788230,178.460220
-38.278240,178.330210
-38.388240,178.330210
-38.408240,178.340210
-38.438240,178.290210
-38.468240,178.270210
-40.968250,172.100160
-40.998250,172.100160
-41.018250,172.110160
-41.028250,172.090160
-41.048250,172.100160
-41.068250,172.100160
-41.088250,172.100160
-40.498240,172.660160
-40.808250,172.910170
-40.818250,173.000170
-40.958250,173.050170
-41.158260,173.050170
-41.280350,173.240880
-40.768260,173.940190
-40.668250,174.000190
-40.908260,174.000190
-41.168270,173.860180
-41.158260,174.030190
-36.378190,174.760190
-41.368280,175.060190
-39.968250,176.910210
-39.658240,177.080210
-39.058230,177.850210
-36.378190,174.750190
-40.788260,173.940190
-34.858180,173.300180
-41.168270,174.290190
-34.848180,173.360180
-34.798180,173.380180
-36.238180,175.470200
-41.058250,172.100160
-35.588180,173.410180
-36.798200,174.930190
-37.878220,176.750220
-41.745200,171.615540
-36.668830,174.746990
-36.744700,174.761710
-36.732600,174.753520
-36.696020,174.762180
-45.860950,166.438430
-43.972460,168.596750
23.618480,58.466470
23.633240,58.547730
9.350000,-82.200000
8.488890,-78.978330
8.900000,-79.600000
7.433330,-81.716670
8.133330,-82.316670
9.366670,-79.950000
8.453330,-78.947500
8.215100,-82.056440
8.314170,-78.851110
8.441940,-78.973330
7.633330,-81.766670
8.317780,-78.965000
8.100000,-82.333330
8.228060,-78.905280
8.300280,-78.889440
7.650000,-81.283330
8.183330,-82.266670
7.316670,-80.916670
8.666960,-79.051540
8.299170,-78.965560
8.816670,-77.616670
9.300000,-82.100000
8.100000,-82.366670
8.570620,-79.020080
7.933330,-81.633330
8.381940,-78.960280
8.420830,-78.963890
8.285560,-78.919720
7.633330,-81.733330
8.083330,-82.350000
9.333330,-82.133330
8.295000,-78.918330
8.233330,-82.416670
8.083330,-82.333330
8.351670,-78.956670
8.116670,-82.333330
8.183330,-81.950000
7.700000,-81.466670
8.183330,-81.900000
8.133330,-82.333330
8.933330,-79.566670
7.516670,-81.866670
8.216670,-82.366670
8.284720,-78.942220
8.616670,-79.066670
8.516670,-79.050000
8.483330,-79.066670
8.475000,-78.989720
8.400000,-80.033330
8.254640,-79.102420
8.231110,-78.920000
8.200000,-82.183330
7.305510,-80.921300
8.381970,-79.095660
9.416670,-82.250000
8.270830,-78.921390
8.466670,-79.016670
9.350000,-82.183330
8.803150,-79.566320
9.366670,-79.966670
8.516670,-79.016670
8.300830,-78.876940
8.216670,-82.166670
8.900000,-81.633330
8.200000,-82.200000
8.299440,-78.855000
8.616670,-79.733330
8.616670,-79.600000
8.200000,-80.483330
8.307500,-78.899170
8.241940,-78.911110
8.459810,-78.988610
8.346800,-78.420690
8.289910,-78.261660
7.900000,-81.600000
7.550000,-81.850000
8.200000,-82.250000
8.250000,-82.333330
8.451390,-78.866670
8.000000,-80.416670
8.200000,-82.283330
8.809080,-79.519230
8.483330,-79.050000
7.383330,-81.650000
8.216670,-82.083330
7.333330,-81.700000
7.866670,-81.583330
8.914930,-79.534210
9.208610,-80.143060
8.898660,-79.581610
7.432290,-80.196050
8.352290,-78.178020
8.345350,-80.152340
-8.857090,-78.683300
-9.214500,-78.565950
-5.441100,-80.940910
-9.340390,-78.431620
-7.115270,-79.691640
-9.436490,-78.386440
-7.858060,-79.363060
-5.236450,-81.169610
-9.511600,-78.389430
-6.016130,-81.135930
-9.275250,-78.505440
-6.971090,-79.828090
-5.717920,-80.852090
-4.241230,-81.215530
-9.169990,-78.544200
-6.588310,-80.195030
-9.763550,-78.252320
-8.697130,-78.740600
-7.745200,-79.438990
-7.247190,-79.624800
-6.069180,-81.104320
-4.973610,-81.081110
-9.193010,-78.577080
-9.479640,-78.396870
-9.934400,-78.225330
-9.066440,-78.627830
-6.457620,-80.441900
-9.011730,-78.620420
-9.789220,-78.231560
-7.877180,-79.346840
-9.920680,-78.224000
-5.344810,-81.036780
-9.555990,-78.366780
-7.779070,-79.402500
-4.673100,-81.323430
-9.360120,-78.427370
-6.108330,-81.050000
-9.669790,-78.317880
-9.157580,-78.561470
-5.089350,-81.171960
-5.110410,-81.161320
-5.152590,-81.169530
-5.270520,-81.133050
-4.935000,-81.113610
-4.291980,-81.255180
-5.620460,-80.853160
-6.898880,-79.897390
-7.046570,-79.752430
-7.372020,-79.576140
-7.011850,-79.788860
-7.887020,-79.336280
-7.950200,-79.276120
-7.892300,-79.331000
-7.801330,-79.384560
-7.709070,-79.458520
-7.818670,-79.380870
-3.553860,-80.526340
-5.907130,-81.144870
-5.859430,-81.127260
-5.838740,-81.098880
-5.803580,-81.081890
-5.815170,-81.041960
-6.155730,-80.968900
-6.561380,-80.253510
-5.682780,-80.850560
-8.178890,-79.018890
-8.186940,-79.011670
-8.107220,-79.101390
-15.664440,-74.621670
-15.462120,-75.003500
-15.393330,-75.144720
-11.869400,-77.154870
-14.208830,-76.170030
-16.110800,-73.880230
-15.932200,-74.083550
-15.701110,-74.518060
-17.833330,-71.119440
-14.411870,-76.044520
-15.268810,-75.241920
-13.733450,-76.223620
-11.283330,-77.650000
-13.700000,-76.250000
-11.441530,-77.391080
-15.623610,-74.705830
-15.921630,-74.110100
-17.590830,-71.344720
-11.624830,-77.235140
-14.366670,-76.100000
-14.282020,-76.210750
-13.200950,-76.346030
-14.225180,-76.145730
-15.909650,-74.135970
-14.592500,-75.926940
-10.001380,-78.192920
-12.350000,-76.833330
-15.536940,-74.864170
-14.737910,-75.806140
-15.474850,-74.983350
-12.627060,-76.672740
-13.979560,-76.268370
-17.192560,-71.781860
-14.983050,-75.465780
-14.484060,-75.968430
-12.194050,-77.034620
-14.866670,-75.575830
-15.126700,-75.370710
-17.898480,-70.994670
-14.996110,-75.440710
-16.750000,-72.400000
-15.897290,-74.161400
-15.356450,-75.170430
-11.770640,-77.184310
-12.564160,-76.720490
-11.233330,-77.650000
-17.200000,-71.733330
-12.096050,-77.218420
-11.348910,-77.551080
-17.566670,-71.366670
-10.386390,-78.002780
-14.078270,-76.272930
-11.216670,-77.633330
-12.087420,-77.230370
-14.118020,-76.278550
-14.149990,-76.226400
-13.156040,-76.380480
-12.250000,-76.916670
-15.215280,-75.223330
-11.216670,-77.650000
-15.188330,-75.246940
-12.530000,-76.761110
-11.163540,-77.595790
-12.926950,-76.504540
-14.213810,-76.164920
-14.233330,-76.150000
-15.490050,-74.967500
-15.569090,-74.824660
-10.548710,-77.906300
-14.369700,-76.094990
-16.168280,-73.784880
-12.766670,-76.666670
-15.944390,-74.058430
-16.576570,-72.833410
-15.704050,-74.516410
-15.837280,-74.278740
-15.951110,-74.060000
-18.206940,-70.590000
-18.188610,-70.625000
-17.696110,-71.345000
-16.526910,-72.904400
-14.550830,-75.946670
-15.465830,-74.992220
-13.759860,-76.232860
-13.769730,-76.236500
-13.778870,-76.238700
-13.787730,-76.239890
-13.815430,-76.249860
-13.819440,-76.250000
-13.830710,-76.247000
-13.819970,-76.301480
-13.798950,-76.347540
-13.847450,-76.452080
-13.851370,-76.384330
-13.867510,-76.387700
-13.884460,-76.391820
-13.907540,-76.368330
-13.941650,-76.279180
-13.938670,-76.277250
-14.003660,-76.274350
-12.069440,-77.162500
-12.067220,-77.151110
-12.067220,-77.147780
-12.064190,-77.141680
-12.067500,-77.155560
-10.017730,-78.186930
-10.367500,-78.018060
-10.413450,-78.008770
-10.105470,-78.178670
-10.361310,-78.025710
-10.045750,-78.173800
-10.291670,-78.064720
-10.075220,-78.166240
-10.056620,-78.169920
-10.025920,-78.183310
-11.031220,-77.646610
-11.308890,-77.626110
-11.272940,-77.641020
-11.054720,-77.631940
-11.218060,-77.618890
-11.231390,-77.642220
-9.265570,-78.514930
-9.170680,-78.581280
-9.033820,-78.633680
-9.055160,-78.629770
-11.976980,-77.130870
-11.941800,-77.134540
-11.828970,-77.183720
-11.812370,-77.174690
-11.801390,-77.178610
-11.788470,-77.180340
-11.781940,-77.196110
-11.770230,-77.195630
-11.773800,-77.193130
-11.766270,-77.195680
-11.762670,-77.169620
-11.728480,-77.169050
-11.715870,-77.177150
-11.695660,-77.192410
-11.683350,-77.189880
-11.663100,-77.198620
-11.591650,-77.269210
-11.518670,-77.296440
-12.511020,-76.795320
-12.513150,-76.791060
-12.520940,-76.777700
-12.543610,-76.740280
-12.538360,-76.739370
-12.554640,-76.725840
-12.578080,-76.701710
-12.597000,-76.695560
-12.600980,-76.689120
-12.603960,-76.686320
-12.629100,-76.668930
-12.639270,-76.666910
-12.682520,-76.652340
-12.719640,-76.628200
-12.739250,-76.634520
-12.742230,-76.635090
-12.743820,-76.628440
-12.832020,-76.538630
-12.861730,-76.513560
-12.900970,-76.508660
-12.933780,-76.505650
-12.935390,-76.505390
-12.942720,-76.504830
-12.961550,-76.510750
-12.967590,-76.507160
-12.970490,-76.505260
-12.977290,-76.504610
-12.985140,-76.500810
-18.105560,-70.731940
-18.152220,-70.687780
-17.892220,-70.980560
-11.394440,-77.468060
-9.980700,-78.200670
-9.966540,-78.208370
-9.961040,-78.216030
-9.953610,-78.226110
-9.910330,-78.228120
-9.905430,-78.225200
-9.898080,-78.227930
-9.881650,-78.234040
-9.228330,-78.486670
-9.319110,-78.464800
-9.325500,-78.479330
-9.333360,-78.478330
-9.417070,-78.417420
-9.365360,-78.408650
-9.345610,-78.423570
-9.490660,-78.392310
-9.325590,-78.445470
-13.360450,-76.219750
-13.318210,-76.247420
-13.274670,-76.282610
-13.249850,-76.304390
-13.179500,-76.360060
-13.152400,-76.383660
-13.099860,-76.425770
-13.087440,-76.437150
-13.050810,-76.472740
-13.017060,-76.482090
-13.399720,-76.199800
-13.391430,-76.203460
-13.008200,-76.486910
-13.418550,-76.193080
-13.407290,-76.197120
-11.748640,-77.168590
-11.709340,-77.181450
-11.701600,-77.186980
-11.673040,-77.193770
-11.657420,-77.202700
-11.648990,-77.205130
-11.644640,-77.206300
-11.639440,-77.212330
-11.621980,-77.230910
-11.503770,-77.308150
-11.843290,-77.169530
-11.837080,-77.179910
-11.826320,-77.184160
-11.797400,-77.176390
-11.804610,-77.175360
-11.781210,-77.187530
-11.772410,-77.177490
-11.768350,-77.186540
-11.765650,-77.189010
-11.755370,-77.169190
-12.715980,-76.628140
-12.700100,-76.642710
-12.669420,-76.659780
-12.660780,-76.667730
-8.997160,-78.635910
-14.975120,-75.478040
-14.967590,-75.490000
-6.847610,-79.935090
-7.022770,-79.769890
-7.011020,-79.782140
-12.104530,-77.208640
-12.118640,-77.043350
-12.114230,-77.047500
-12.116620,-77.044000
-12.121930,-77.037790
-12.124440,-77.035810
-12.133340,-77.027210
-12.138850,-77.025520
-12.144990,-77.023170
-12.149020,-77.023050
-12.153300,-77.024120
-12.157170,-77.025150
-12.172900,-77.032810
-12.108020,-77.053310
-12.103530,-77.059360
-12.206720,-77.022520
-5.654760,-80.848420
-9.230360,-78.485590
-14.096170,-76.282300
-14.136390,-76.265530
-14.146520,-76.276120
-14.185480,-76.274400
-13.824510,-76.366210
-13.837910,-76.300720
-6.483330,147.850000
-4.000000,152.900000
-9.533330,147.250000
-5.533330,148.583330
-5.533330,148.550000
-9.523080,147.256170
-9.479660,147.156260
-8.898550,148.485890
17.367420,122.245240
17.599910,122.166550
17.125340,122.432040
17.474220,122.206350
17.356520,122.259550
6.684100,121.589000
6.675500,121.713700
7.800100,123.701700
7.736300,123.757500
7.701800,123.815400
7.685830,123.929440
7.669170,123.963330
5.980280,124.646110
5.955830,124.685560
5.936110,124.722780
5.928330,124.743330
5.861390,124.971670
5.888060,124.829720
5.885000,124.848890
5.907780,124.803060
5.871670,125.221110
5.892500,125.224720
5.902780,125.235830
5.912500,125.245280
5.855560,125.017500
5.853890,125.042500
5.911110,125.091390
5.953330,125.098060
5.963890,125.108330
5.983330,125.116940
5.919170,125.260830
5.971940,125.284170
5.797220,125.174720
5.793060,125.184170
5.785280,125.188060
6.156670,124.279170
6.128890,124.309720
6.082500,124.432780
6.094170,124.402780
6.114720,124.366670
6.045560,124.485560
6.205910,124.191720
6.161670,124.248060
6.444720,124.040560
6.386220,124.055560
6.388330,124.077780
6.350830,124.092220
6.314370,124.116920
6.298270,124.132050
6.273330,124.157320
6.027220,124.515280
6.106110,125.182780
6.631390,125.425560
6.615280,125.441670
6.601670,125.404440
6.599720,125.458610
6.728060,125.371940
6.950280,125.485280
6.931390,125.487500
6.910560,125.476390
6.898890,125.456390
6.868330,125.438610
6.859170,125.430830
6.839170,125.420830
6.968890,123.974720
6.936670,123.969170
5.913610,124.785560
6.094720,125.255560
6.062220,125.275830
6.055560,125.271670
6.047500,125.277780
6.033330,125.276670
6.017220,125.284720
6.018610,125.691390
6.548330,125.511940
6.516940,125.523890
6.527780,125.540830
6.532500,125.558890
6.520000,125.569170
6.518610,125.577220
11.994170,121.925000
11.996000,121.915300
10.305100,118.996200
10.391690,118.992400
10.375490,118.982800
10.357190,118.975400
10.317290,119.002500
10.644770,119.327800
10.628570,119.322800
10.607870,119.324100
10.561780,119.296800
10.542480,119.272300
10.511180,119.265100
10.486880,119.230100
10.464180,119.212000
10.433390,119.186200
10.412790,119.176600
10.472280,119.093300
10.498180,119.062400
10.488980,119.066100
10.494180,119.077500
10.196720,118.893400
10.424190,119.023900
10.396690,119.071500
10.387090,119.054900
10.398990,119.035300
10.408190,119.021100
10.404790,119.012500
10.403290,119.003300
10.335290,119.005800
10.340390,119.026800
10.361790,119.020000
10.412490,119.073700
10.435090,119.104200
10.437490,119.099900
10.439590,119.099000
10.441290,119.095900
10.450790,119.092600
10.462880,119.089300
10.478080,119.215200
10.455990,119.202400
10.535600,119.239100
10.570400,119.136600
10.691600,119.338600
11.020400,119.725300
11.146800,119.597200
11.238800,119.699200
11.242000,119.712400
11.249200,119.723900
11.245300,119.686000
11.277700,119.679300
11.303000,119.692000
11.316500,119.694600
11.319800,119.680300
11.314700,119.677700
11.287100,119.658200
11.275200,119.662100
11.305400,119.566100
11.314100,119.562100
11.191200,119.590700
11.266900,119.670500
11.250500,119.630600
11.244200,119.627500
11.241900,119.620800
11.246600,119.621100
11.257100,119.623800
11.183300,119.627600
10.375290,119.460600
18.480160,122.147750
18.413060,122.132350
18.472760,122.241850
17.114740,122.477840
17.337630,122.288500
16.190600,122.071400
18.416780,122.276220
18.873390,121.246690
18.871110,121.262130
18.860300,121.263300
18.853460,121.248540
18.874110,121.282500
18.896600,121.432600
18.882800,121.461800
18.861100,121.460400
18.848400,121.370600
18.840900,121.321400
18.844500,121.290100
15.884900,121.551200
15.943900,121.604500
15.960200,121.621200
18.082880,122.167050
6.548100,124.056030
6.604500,124.052830
6.652830,124.041810
7.076000,126.468280
7.114700,126.484480
16.381800,119.871200
13.879150,120.057920
13.869850,120.052920
14.848810,120.265040
19.032000,121.233100
13.898500,122.227900
7.363600,125.811100
7.738160,126.502220
7.736990,126.518740
7.736350,126.526420
7.736550,126.537820
7.698590,126.551580
7.681830,126.551060
7.632780,126.554250
7.617210,126.565260
7.607060,126.563270
7.581470,126.558220
7.572630,126.564780
7.544220,126.584380
7.517730,126.595410
16.379060,119.908790
16.390780,119.879680
13.634480,121.196280
13.961640,120.614450
13.928920,122.503450
10.628090,124.443730
13.497420,120.955280
13.502610,120.958770
13.503190,120.964470
13.525180,120.967240
14.135850,120.572610
14.132770,120.578840
14.134350,120.581280
14.131420,120.580960
14.130770,120.582780
14.135060,120.584710
14.130240,120.585360
14.130570,120.587480
14.134840,120.587010
14.134100,120.591340
14.133830,120.594430
14.124990,120.591720
14.120980,120.591920
14.121450,120.596920
14.122110,120.599150
14.121520,120.602330
14.382010,120.584580
13.800140,121.444690
8.749700,123.223880
8.742810,123.223990
13.932460,122.512340
16.516650,120.316560
9.547970,123.771560
10.288720,124.008080
24.830360,66.926630
24.801900,67.025200
24.801700,67.028280
53.917230,14.303380
53.932970,14.447580
54.010060,14.691900
54.026780,14.751330
54.060850,14.925910
54.097410,15.077830
54.105990,15.119630
54.160650,15.399530
54.186870,15.557110
54.209520,15.720150
54.215940,15.749670
54.249330,15.953910
54.383480,16.314180
54.542920,16.541930
54.641960,17.007650
54.668170,17.048120
54.768340,17.561690
54.811300,17.831240
54.816270,17.856950
54.829470,17.952950
54.833030,18.090450
54.800780,18.406220
17.979410,-67.214350
18.289670,-67.194070
18.457720,-65.980720
17.950800,-67.195730
18.461020,-66.082250
17.980800,-66.643230
18.448830,-65.999050
18.384950,-65.730160
18.395500,-67.191850
18.154960,-65.762380
18.284400,-67.191570
17.962190,-66.039050
18.199400,-65.651830
18.108850,-65.407940
18.013300,-67.171850
18.330510,-65.285710
18.056900,-67.877410
18.377730,-65.617660
18.292460,-65.295990
18.485220,-66.359610
18.459950,-66.077940
18.286900,-65.284320
18.364110,-67.270180
18.317460,-65.227660
18.444110,-66.024330
18.465500,-66.087110
18.328010,-65.316270
18.157740,-65.374880
18.444950,-66.014050
17.952740,-66.904340
17.968300,-66.362950
18.113290,-67.182120
18.376990,-65.715110
18.065790,-67.196850
18.321340,-65.258490
18.002190,-67.197680
18.311070,-65.332940
18.386060,-65.729610
18.292460,-65.259320
18.303010,-65.310710
18.098020,-65.441270
18.097460,-65.438770
18.454670,-66.053220
18.385220,-67.212400
18.010240,-67.175460
18.169960,-67.178790
18.040240,-67.206010
18.329160,-67.251420
17.969960,-67.212400
18.391610,-67.196290
18.063020,-65.799610
18.262450,-67.185180
18.488830,-67.161850
18.140790,-67.180180
17.963580,-66.034610
17.976360,-65.917110
18.471610,-66.482120
17.989410,-65.886550
18.089410,-65.455710
18.489390,-66.403230
18.332730,-65.628220
18.138010,-67.183510
18.508270,-67.137400
18.234680,-67.173510
17.955240,-67.190730
18.301350,-65.303210
18.090510,-67.940190
18.096910,-65.460440
18.452720,-65.962940
18.469110,-66.458780
18.059680,-67.904910
18.447170,-65.907660
18.306620,-65.244320
18.006630,-66.766290
18.452720,-66.175720
18.489110,-66.391840
18.471610,-66.119890
18.477170,-66.257670
18.240230,-67.173790
18.362170,-65.648770
17.932740,-67.187680
17.961630,-66.035720
18.160510,-67.183240
18.331070,-65.299600
18.302180,-65.303770
18.472300,-66.290880
18.371340,-65.632110
17.952750,-66.848230
18.475500,-66.319060
18.447170,-65.939890
18.059120,-67.905190
18.320000,-65.229170
18.299440,-65.301110
18.318060,-65.226670
18.305000,-65.309720
18.331940,-65.272220
18.309720,-65.313890
37.045540,-8.870480
37.523050,-8.788050
38.917470,-9.427340
39.777400,-9.022700
37.895840,-8.797500
37.252150,-8.865850
38.783330,-9.483330
37.118190,-8.578230
37.005950,-8.948430
37.045490,-8.978680
37.922650,-8.806190
38.971910,-9.420570
39.016670,-9.416670
39.170560,-9.360270
39.138320,-9.381470
38.896930,-9.434980
37.065160,-8.824360
38.821070,-9.473320
38.699170,-9.417930
38.964020,-9.418680
38.700000,-9.416670
38.479490,-8.899140
39.066670,-9.416670
39.095130,-9.408500
37.068930,-8.964430
37.147220,-8.915960
37.532510,-8.786320
39.683330,-9.050000
38.700090,-9.416380
37.530280,-8.786620
39.610870,-9.086100
38.967270,-9.420050
37.153950,-8.909110
37.116670,-8.933330
37.136070,-8.918550
37.018550,-8.926470
37.089700,-8.412020
37.005390,-8.939560
37.787060,-8.802110
38.863600,-9.449210
38.825040,-9.470060
37.083330,-8.733330
38.683330,-9.316670
38.423570,-9.214810
37.970100,-8.870330
37.042180,-8.894760
37.046700,-8.878980
36.994880,-7.975580
39.116670,-9.383330
38.814500,-9.478600
38.732680,-9.474100
37.950000,-8.866670
37.652150,-8.801940
37.116140,-8.519410
38.484450,-8.964040
37.716200,-8.786210
39.300000,-9.350000
38.950000,-9.416670
37.885350,-8.796130
39.131720,-9.385550
38.133330,-9.383330
37.060580,-8.839780
38.702060,-9.397620
37.058620,-8.972680
38.700000,-9.250000
39.004540,-9.425570
37.098600,-8.380470
38.440630,-9.059020
37.110080,-8.937890
38.506470,-8.925450
37.066670,-8.300000
38.802250,-9.486730
37.036660,-7.794800
37.100030,-8.944920
37.111430,-7.619430
37.087440,-8.421590
39.185220,-9.355520
38.678380,-9.334160
37.867940,-8.794040
37.071590,-8.775410
37.674730,-8.795720
37.200350,-8.900280
37.025710,-8.965660
37.050000,-8.900000
38.957740,-9.415650
37.083330,-8.266670
37.011110,-8.930220
37.300000,-8.866670
38.433330,-9.216670
39.262500,-9.336920
37.116670,-8.516670
37.033590,-8.040510
37.083330,-8.666670
39.127960,-9.388180
37.122700,-8.600080
37.518370,-8.788190
38.467430,-8.990390
37.083330,-8.250000
38.803600,-9.485030
38.851860,-9.455540
38.846960,-9.458500
38.840510,-9.463090
38.833160,-9.468110
38.816890,-9.476860
38.833330,-9.408330
38.790720,-9.492600
38.742840,-9.473050
38.737670,-9.473090
38.726700,-9.476610
38.655050,-9.249800
38.658600,-9.253710
38.646640,-9.243490
38.638930,-9.236880
38.625490,-9.225900
38.613280,-9.217660
38.606840,-9.214010
38.573430,-9.197030
38.700820,-9.414760
38.700000,-9.408330
38.702410,-9.408160
38.703630,-9.405070
38.702890,-9.398570
38.700650,-9.389230
38.693520,-9.369460
38.691980,-9.365930
38.693880,-9.371180
38.688230,-9.360620
38.685680,-9.353980
38.684930,-9.309070
38.690120,-9.296100
38.700000,-9.279170
38.675660,-9.322770
40.565050,-8.769350
41.500570,-8.788120
41.238030,-8.724110
41.108090,-8.663660
41.129390,-8.668880
41.276890,-8.729030
41.508800,-8.787300
40.977130,-8.650660
37.173880,-7.478470
37.051000,-7.742690
37.043070,-7.744260
37.162920,-7.518640
37.086020,-8.226080
37.176650,-7.447440
37.169310,-7.497550
37.152990,-7.542330
37.133570,-7.589700
37.097910,-7.640840
37.085840,-7.661850
37.025160,-8.025930
37.043380,-8.056880
37.053770,-8.075100
37.057370,-8.081410
37.061680,-8.089540
37.073700,-8.128200
37.086230,-8.168830
37.090440,-8.181490
37.089570,-8.190400
37.089250,-8.202200
37.087960,-8.212660
37.085990,-8.225720
37.083550,-8.231100
37.083730,-8.237930
37.085420,-8.243470
37.086190,-8.252290
37.075860,-8.277430
37.074600,-8.280140
37.074170,-8.302740
37.081090,-8.317140
37.084930,-8.322810
37.088370,-8.328850
37.097270,-8.348150
37.096960,-8.385770
37.090960,-8.399840
37.087330,-8.425750
37.091440,-8.456080
37.096960,-8.475600
37.098490,-8.480370
37.098990,-8.481980
37.100000,-8.485730
37.105040,-8.513870
37.105890,-8.515810
37.108120,-8.518990
37.109880,-8.519560
37.114030,-8.518420
37.119700,-8.558490
37.119680,-8.563400
37.119170,-8.565250
37.116120,-8.567750
37.116460,-8.571810
37.120940,-8.627630
37.117230,-8.644850
37.106230,-8.664740
37.098150,-8.667680
37.094550,-8.667740
37.092090,-8.668900
37.087410,-8.668450
37.084390,-8.667050
37.082170,-8.672490
37.083920,-8.679130
37.085270,-8.688160
37.069020,-8.781700
37.066120,-8.801730
37.066190,-8.809260
37.061320,-8.836580
37.044110,-8.884960
37.022150,-8.920180
37.002690,-8.944560
37.119810,-8.930700
37.166540,-8.904550
37.268590,-8.860620
37.324300,-8.869270
37.335390,-8.859810
37.343530,-8.852360
37.352030,-8.846700
37.358170,-8.842150
37.385260,-8.824240
37.407140,-8.812250
37.406640,-8.812790
37.442410,-8.799310
37.439670,-8.800870
37.482260,-8.794530
37.492050,-8.794270
37.501060,-8.792840
37.503990,-8.791810
37.514850,-8.790630
37.516790,-8.790350
37.535950,-8.786640
37.551040,-8.792100
37.558870,-8.792250
37.566700,-8.797500
37.592950,-8.816380
37.607920,-8.813550
37.610130,-8.811910
37.637870,-8.807970
37.644930,-8.806270
37.647450,-8.805490
37.654200,-8.802090
37.657950,-8.800990
37.660030,-8.802710
37.662230,-8.801470
37.665270,-8.800760
37.681780,-8.795290
37.692960,-8.792500
37.697690,-8.792500
37.723240,-8.792420
37.722170,-8.787540
37.718530,-8.790040
37.725960,-8.793130
37.734890,-8.796620
37.752820,-8.807830
37.759930,-8.806410
37.764910,-8.806800
37.770280,-8.804710
37.791570,-8.802370
37.794050,-8.802020
37.860150,-8.794660
37.868970,-8.793530
37.953600,-8.866440
38.129280,-8.794070
38.177780,-8.781540
38.293240,-8.779190
38.393810,-8.810350
38.510860,-8.915630
38.483810,-8.944120
38.483870,-8.968350
38.481790,-8.969410
38.476910,-8.983860
38.432860,-9.128750
38.464940,-9.192800
38.489420,-9.184350
38.507440,-9.182960
38.599070,-9.209720
38.602790,-9.211180
38.641340,-9.239070
38.650170,-9.245450
38.676630,-9.329330
38.676310,-9.327190
38.702040,-9.392160
38.701950,-9.395190
38.702640,-9.400160
38.720410,-9.479320
38.749850,-9.472120
38.757750,-9.481840
38.775850,-9.493930
38.785970,-9.496140
38.795670,-9.489850
38.874260,-9.444670
38.932370,-9.420200
38.942650,-9.416640
38.987670,-9.419690
39.042130,-9.416560
39.061740,-9.416210
39.063320,-9.416200
39.069070,-9.419090
39.076580,-9.420230
39.083920,-9.416310
39.104240,-9.400890
39.110200,-9.396100
39.142830,-9.377780
39.148770,-9.373460
39.155640,-9.369580
39.158070,-9.368100
39.178410,-9.356560
39.201950,-9.346740
39.214820,-9.344320
39.222660,-9.341400
39.227270,-9.340070
39.245450,-9.341150
39.275720,-9.335780
39.280990,-9.336560
39.285200,-9.337760
39.292510,-9.340520
39.314330,-9.348720
39.315310,-9.350240
39.316640,-9.351700
39.318870,-9.355120
39.327170,-9.359850
39.323970,-9.360970
39.340820,-9.361210
39.345960,-9.364690
39.350440,-9.367750
39.353410,-9.387200
39.353720,-9.388850
39.368800,-9.378270
39.367210,-9.373740
39.364440,-9.372580
39.362160,-9.368320
39.360430,-9.362470
39.364280,-9.343850
39.367240,-9.339730
39.372510,-9.339740
39.379160,-9.313870
39.384200,-9.303060
39.387670,-9.297440
39.392560,-9.288700
39.399280,-9.278100
39.402230,-9.273230
39.508910,-9.135320
39.604000,-9.080740
39.634750,-9.078430
39.647960,-9.072290
39.653800,-9.069700
39.657360,-9.068530
39.665310,-9.064600
39.683160,-9.058660
39.695680,-9.053240
39.701620,-9.051160
39.719690,-9.050180
39.726320,-9.047120
39.739770,-9.040250
39.754550,-9.033130
39.762120,-9.032450
39.882730,-8.969690
39.913460,-8.955140
39.932960,-8.946830
40.125190,-8.864580
40.152300,-8.872670
40.217420,-8.894110
40.329710,-8.845750
40.829110,-8.690510
40.859180,-8.680580
40.870800,-8.678350
40.893880,-8.670030
40.920910,-8.662270
40.935960,-8.659350
40.953200,-8.656860
40.985810,-8.647830
41.001730,-8.647580
40.997450,-8.647250
41.018290,-8.645530
41.024970,-8.645490
41.028610,-8.646280
41.039500,-8.650200
41.044570,-8.652380
41.051970,-8.656620
41.054570,-8.656350
41.058100,-8.656980
41.067100,-8.657400
41.070160,-8.658420
41.072910,-8.658430
41.076720,-8.657750
41.079800,-8.657580
41.082340,-8.657290
41.084860,-8.657040
41.106550,-8.663790
41.115270,-8.664990
41.117620,-8.664550
41.120020,-8.665330
41.122790,-8.667810
41.126170,-8.667740
41.139610,-8.667740
41.148470,-8.676150
41.150030,-8.677060
41.151710,-8.678520
41.152970,-8.679630
41.156080,-8.681870
41.157880,-8.683680
41.159680,-8.685780
41.167480,-8.690220
41.170990,-8.688940
41.176060,-8.692770
41.189570,-8.707590
41.196260,-8.709990
41.202290,-8.714130
41.204220,-8.715110
41.209270,-8.716510
41.217230,-8.715720
41.220760,-8.715290
41.223920,-8.716890
41.231540,-8.722490
41.235040,-8.724150
41.240290,-8.726400
41.249520,-8.725550
41.252620,-8.724760
41.257070,-8.724440
41.260730,-8.725090
41.262250,-8.726290
41.268260,-8.727670
41.283760,-8.731970
41.285760,-8.732170
41.288020,-8.732660
41.290890,-8.733540
41.294990,-8.736360
41.298260,-8.737600
41.301810,-8.737920
41.303670,-8.738190
41.307240,-8.739810
41.312810,-8.740090
41.330080,-8.739720
41.340280,-8.750300
41.341850,-8.753040
41.342690,-8.753720
41.345440,-8.754330
41.347460,-8.754090
41.350830,-8.754430
41.353460,-8.754860
41.356650,-8.755850
41.358140,-8.756350
41.359910,-8.757560
41.360600,-8.758170
41.361210,-8.759330
41.379920,-8.769470
41.381450,-8.770820
41.383240,-8.771300
41.387450,-8.775140
41.389110,-8.775030
41.393040,-8.776600
41.394210,-8.777560
41.398190,-8.779610
41.401350,-8.778920
41.404120,-8.780130
41.405800,-8.780740
41.408390,-8.783010
41.416370,-8.787670
41.431150,-8.784350
41.433690,-8.784030
41.438950,-8.781660
41.444430,-8.779560
41.450370,-8.778570
41.464080,-8.776470
41.474440,-8.776530
41.486470,-8.780990
41.495880,-8.786580
41.513530,-8.786490
41.517520,-8.788000
41.547640,-8.792540
41.554350,-8.793690
41.562310,-8.796380
41.647840,-8.825810
41.678840,-8.832740
41.683520,-8.845170
41.696550,-8.850820
41.711940,-8.861920
41.741610,-8.877360
41.780320,-8.871150
41.849320,-8.866750
37.142600,-7.567990
37.170340,-7.411650
36.962720,-7.902690
36.964050,-7.873570
36.985190,-7.839370
37.011840,-7.795570
37.070480,-8.114970
37.078240,-8.142480
37.083170,-8.158960
25.391950,50.763380
25.430040,50.755150
25.405410,50.756420
25.492740,50.768140
25.785840,50.981400
44.230890,28.629000
44.271400,28.621950
44.276860,28.622270
44.299280,28.626620
44.242990,28.624440
44.262340,28.621650
44.179560,28.656380
44.192790,28.655820
53.113300,159.104900
53.040720,158.935930
73.429010,140.751340
17.834590,41.812590
-9.416670,159.900000
-9.429010,160.084340
-9.410140,159.896370
-8.719350,160.684140
-9.366670,159.600000
-9.516570,161.277270
-10.213030,161.734560
-10.253780,161.717860
56.516670,12.950000
55.333330,13.250000
56.616670,16.433060
56.833330,12.600000
59.372470,18.068880
59.376450,18.232260
63.032650,18.520930
62.599510,18.031130
56.548960,16.390530
56.615370,16.697240
57.237830,17.074380
57.261550,17.054430
57.323780,17.005460
57.017840,16.824680
56.883930,16.720980
56.647770,16.462080
63.694900,20.368120
63.662280,20.092410
63.657110,20.128460
65.711760,23.761410
65.757210,23.404550
56.655280,12.730670
56.882560,12.505020
63.215070,18.828510
57.259830,18.709800
56.357600,12.740020
57.698780,18.848080
1.388330,104.001390
1.253330,103.813330
1.378330,104.000280
1.385000,103.945560
1.243060,103.830000
1.412220,103.993060
-7.933330,-14.316670
-8.000000,-14.400000
-7.933330,-14.416670
-7.950000,-14.416670
-40.333330,-10.033330
-37.064610,-12.287750
-40.350000,-10.000000
-37.107420,-12.218950
-37.063930,-12.273360
-37.131230,-12.234540
-37.095180,-12.224500
-40.298390,-9.914240
78.658870,11.166440
77.034610,15.181610
79.866670,13.583330
77.010120,15.331760
74.500000,18.966670
78.758150,11.226990
79.133330,11.500000
77.019960,15.800160
70.987220,-8.251670
70.977220,-8.657220
70.932780,-8.688890
6.636740,49.162190
7.984100,49.867500
0.050000,6.516670
0.066670,6.516670
1.680450,7.459800
1.683330,7.383330
0.033330,6.516670
1.550000,7.400000
1.566670,7.350000
1.700000,7.400000
1.666670,7.433330
0.266670,6.483330
1.683330,7.433330
0.083330,6.516670
1.633330,7.450000
1.683330,7.400000
0.200000,6.700000
1.600000,7.350000
0.216670,6.733330
1.650000,7.366670
-0.016670,6.516670
0.283330,6.750000
0.116670,6.500000
0.266670,6.750000
0.016670,6.533330
1.600000,7.433330
0.333330,6.750000
0.316670,6.750000
1.650000,7.433330
0.200000,6.733330
0.300000,6.483330
0.166670,6.683330
0.100000,6.633330
1.683330,7.366670
1.616670,7.433330
0.083330,6.600000
1.683330,7.450000
1.616670,7.366670
0.100000,6.516670
0.366670,6.716670
0.400000,6.700000
0.233330,6.750000
0.100000,6.650000
0.016670,6.516670
0.183330,6.700000
0.416670,6.633330
1.670880,7.447140
1.556990,7.417120
0.383330,6.600000
1.683330,7.416670
0.000000,6.533330
1.600000,7.333330
1.650000,7.450000
-0.016670,6.533330
0.033330,6.533330
0.383330,6.700000
0.183330,6.483330
0.400000,6.616670
0.033330,6.550000
0.083330,6.616670
1.566670,7.433330
1.614260,7.355520
1.683330,7.466670
0.216670,6.466670
1.684850,7.437290
0.233330,6.733330
0.300000,6.766670
13.281670,-87.793890
13.250000,-88.833330
13.525000,-89.796670
13.333330,-88.983330
13.358060,-89.044170
13.555560,-89.826390
13.197220,-87.914720
13.171110,-87.711110
13.166670,-88.266670
13.166670,-88.100000
13.550000,-89.833330
13.486390,-89.349720
13.594170,-89.837220
13.413610,-89.145280
13.460280,-89.237780
13.343610,-89.006390
13.488610,-89.363330
13.494170,-89.414440
13.492500,-89.391940
13.492220,-89.381390
13.365830,-89.060830
13.422220,-89.162220
13.486390,-89.302220
13.486110,-89.312780
13.497220,-89.462220
13.471110,-89.263610
13.510000,-89.591110
13.498610,-89.480830
13.513610,-89.610830
13.478610,-89.281670
13.448890,-89.215830
13.405280,-89.130000
13.418060,-89.155000
13.350830,-89.024440
13.677500,-89.980280
13.683890,-89.992780
13.648330,-89.921940
13.601110,-89.843890
13.639720,-89.905000
13.615560,-89.865280
13.629440,-89.887500
13.340000,-87.844720
13.319720,-87.815560
13.313890,-87.804170
13.309720,-87.799720
13.290000,-87.790280
13.288890,-87.739170
13.279720,-87.740000
13.243890,-87.829720
13.227220,-87.864720
13.225000,-87.760280
13.180280,-87.917220
13.161670,-87.939720
13.161390,-87.975280
13.160830,-87.950560
13.159170,-87.966390
13.158610,-87.927780
13.311670,-87.746110
13.166670,-87.703890
13.202220,-87.701670
13.278890,-87.743890
13.206390,-87.702500
13.318890,-87.679720
13.215000,-87.708610
34.863290,35.887010
35.578090,35.745090
35.588590,35.746210
21.882250,-71.875930
21.794380,-71.655180
21.534050,-71.496600
21.441200,-71.152720
21.422910,-71.142010
21.492010,-71.535390
21.492920,-71.535490
-46.466670,52.316670
-49.716670,68.933330
-49.350000,68.833330
-49.300000,68.850000
-37.850000,77.516670
-49.419910,68.888510
-49.716670,69.016670
-37.800720,77.580540
-49.633330,68.783330
-49.650000,69.600000
12.542830,99.963310
12.725250,100.838350
12.606620,100.941380
12.717030,100.795340
12.716670,100.783330
12.565250,100.950270
12.574530,100.956000
12.706690,100.765870
12.700000,100.783330
12.634330,100.965040
12.707490,100.840330
12.565580,101.462790
12.586700,100.966610
12.550000,100.966670
12.931990,100.879470
12.900670,100.776870
12.615580,100.922250
12.586060,100.949940
12.900790,100.773140
12.700000,100.766670
12.699540,100.768860
12.578040,100.943110
12.682900,100.776350
12.684640,100.791200
12.614390,100.966100
12.689810,100.795270
8.058890,98.277250
7.949160,98.277730
12.872500,100.888350
12.653030,100.982670
12.628900,100.924500
12.653250,100.924460
12.670220,100.860710
12.695060,100.853520
12.735780,100.835580
12.743720,100.841810
12.754860,100.854940
12.767760,100.866990
12.760850,100.882070
12.786610,100.906340
12.841200,100.904450
12.944740,100.666420
12.948930,100.674420
12.942760,100.676020
12.937500,100.667190
12.704770,100.773430
12.675210,100.787750
12.692960,100.772910
12.703200,100.803460
12.923330,100.769990
12.911420,100.770130
12.905020,100.772670
13.281690,100.915780
13.015740,100.927730
12.931390,100.784440
12.924320,100.682750
12.610040,101.869700
12.477840,102.069950
12.106520,102.270970
12.032890,102.290730
12.044250,102.298320
12.060800,102.287020
12.007340,102.292810
11.898270,102.783880
11.944120,102.784880
11.860170,102.814700
11.977330,102.768950
11.989780,102.771450
11.596330,102.546480
11.602590,102.540740
11.619070,102.541640
11.618620,102.536030
11.638690,102.539170
11.647610,102.536210
11.628480,102.544610
7.874430,98.425660
7.117350,99.556620
11.096940,99.489700
11.141680,99.487630
11.208060,99.544460
11.580920,99.670140
11.641900,99.707400
11.708320,99.748470
12.233780,99.993420
12.201570,100.014960
12.453660,99.981630
12.151110,99.982790
7.500880,99.322110
7.522380,99.306890
10.430030,99.261200
9.797160,99.140440
10.096340,99.149560
8.692930,99.944620
8.655020,99.949630
8.618680,99.956580
8.964450,99.912950
9.355450,98.393290
9.964210,98.593010
8.045570,98.786520
8.042880,98.809280
8.028020,98.824990
8.240100,98.721450
12.945340,100.033190
13.011560,100.070990
12.074170,102.374240
9.461270,100.044220
9.580800,99.961950
9.576250,99.990820
9.562110,100.025500
9.786750,100.004620
9.769170,100.060560
9.521980,100.059160
8.821040,98.264330
8.803340,98.258150
8.775270,98.263020
8.649960,98.246000
9.305830,98.380520
8.065160,98.273930
8.110580,98.301930
8.146580,98.297240
8.174530,98.291340
12.923500,100.673730
12.918110,100.770030
9.677230,100.068020
9.590040,100.069400
9.572420,100.082250
12.926310,100.772620
7.804860,98.299700
7.864940,98.282470
7.890220,98.292880
8.091050,98.747230
7.182680,100.617060
9.421550,99.985300
9.455160,99.934680
9.500930,99.934450
9.534960,99.934800
9.570750,99.915210
9.581710,99.965050
9.584240,99.984070
9.561130,100.028010
9.508050,100.056560
9.477650,100.066960
9.792420,100.035750
9.779710,100.055980
9.715380,100.075990
9.691800,100.074380
12.084100,102.276840
9.770840,99.962430
8.725700,98.229150
11.607340,99.685760
9.791410,99.997410
8.049520,98.757490
7.632200,99.031150
11.999070,102.296390
10.100180,99.827700
8.041920,98.811420
7.976300,98.278480
7.818370,98.384540
9.536870,100.070210
12.970670,100.900850
8.083340,98.743430
7.924190,98.275370
-8.438610,126.463060
-9.351760,125.273460
-8.470830,127.241670
33.785670,11.058000
-21.250000,-175.166670
-21.131220,-175.346360
-21.218100,-175.105210
-21.229670,-175.190170
-21.071480,-175.334920
-21.166670,-175.333330
-21.200000,-175.100000
-18.616860,-173.917980
-18.639930,-173.910090
-15.972070,-173.735630
-21.089400,-175.350820
-21.169040,-175.068160
-21.177770,-175.080820
-21.258120,-175.169190
-21.428420,-174.946420
-21.361970,-174.969530
-21.328090,-174.945000
-21.311480,-174.936890
-21.295520,-174.931230
-21.284640,-174.921630
-21.283730,-174.915250
-21.286910,-174.914040
-21.300700,-174.916670
-21.382650,-174.906210
36.662700,29.107930
36.551230,31.976280
36.543290,32.009590
36.544290,31.984910
36.865010,30.644330
36.866510,30.723450
40.396180,28.381680
37.844630,27.242740
37.031960,27.402190
37.029120,27.418040
37.028110,27.440830
37.032240,27.436930
36.846750,28.259630
36.721250,27.687740
36.725620,27.686620
36.729230,27.689690
37.355110,27.277690
40.050470,26.168190
40.043740,26.183180
40.050150,26.216000
40.065490,26.178640
40.076280,26.185170
40.043130,26.191070
40.311280,26.244060
40.279950,26.247880
40.272090,26.259940
40.251760,26.280030
40.222440,26.278740
40.316690,26.225990
40.317400,26.224980
40.316830,26.228860
40.317390,26.233320
40.235780,26.277370
11.148420,-60.774860
24.496600,120.671570
22.637500,121.494170
25.143780,121.383440
22.961110,120.167780
25.047030,121.074860
22.626940,120.263060
25.114100,121.240020
24.383330,120.583890
24.838330,120.920000
23.702780,121.549720
21.959170,120.763890
24.722680,120.866720
-5.988990,39.378800
52.797680,173.104340
52.975570,172.911330
52.709440,174.150560
52.841670,173.397220
52.825990,173.293750
52.977330,172.968580
52.054170,177.512500
52.767720,172.954330
52.081940,173.113890
52.854140,173.212190
52.926030,173.126340
52.066670,177.634170
52.924710,173.237190
52.983580,173.068310
52.856120,173.373010
52.873380,173.261860
52.960890,173.164960
51.831110,177.320830
52.831400,173.393870
52.830590,173.327870
52.758370,172.941880
52.889720,173.288890
51.920830,177.458330
52.832800,173.063720
52.972160,172.944970
52.823150,173.301170
52.823070,173.167120
51.958330,177.620830
28.907480,-82.690380
30.247150,-88.123610
33.755450,-78.794470
30.244090,-88.113890
38.541780,-75.053790
38.994280,-75.321860
39.058450,-75.396860
38.819000,-75.200460
39.652330,-75.583260
39.641220,-75.595480
38.880670,-75.267970
39.315390,-75.449640
38.683450,-75.070460
38.679000,-75.135740
38.817060,-75.200190
39.137060,-75.409640
38.844280,-75.231850
38.716780,-75.076010
38.912610,-75.305190
38.737610,-75.080180
27.771690,-82.406200
28.874430,-80.787270
27.713640,-82.633150
27.728640,-82.475650
27.082000,-80.121990
26.351470,-81.855090
29.909380,-83.668760
26.475910,-81.967310
29.789420,-81.258400
27.047280,-82.437320
24.728750,-81.003400
27.255600,-82.540380
28.533610,-80.566440
26.452580,-82.029540
28.061410,-82.828160
27.636420,-82.698990
28.138900,-80.579770
26.918400,-82.356760
26.140640,-80.101990
27.839190,-82.393430
25.911200,-80.121710
28.492780,-82.666490
25.484560,-81.191740
26.028150,-80.114210
27.363930,-82.556490
28.744710,-80.700880
27.724750,-82.742880
24.636260,-81.345910
27.499760,-82.713990
25.933150,-81.732590
29.683550,-85.281030
25.856590,-81.689050
30.345760,-87.286640
30.379370,-86.862180
29.028870,-80.889500
27.639750,-82.741490
27.696140,-82.737320
28.644720,-80.623940
30.344920,-87.302470
29.785490,-84.892960
27.270600,-82.562040
30.390520,-81.395360
27.264770,-82.550650
24.551860,-81.769300
24.610420,-81.555920
28.146680,-82.786770
25.698160,-80.246720
28.597770,-80.583380
25.734540,-80.156990
27.768080,-80.399220
29.929520,-84.445650
31.395500,-81.261760
31.017730,-81.421480
31.189400,-81.337600
35.834060,-75.557670
36.381550,-75.824920
34.757940,-76.662710
33.864900,-77.959150
34.629050,-77.147730
33.913230,-78.303890
34.576000,-77.260230
34.689050,-76.871330
34.689880,-76.890500
35.423500,-76.702990
35.024330,-76.899660
35.500440,-76.622990
33.914060,-78.154990
35.417670,-76.536590
35.509890,-76.636040
34.521830,-77.355240
33.886280,-78.437230
34.926830,-76.218240
34.570440,-77.268570
34.699330,-76.797990
35.462670,-76.812720
34.942940,-76.199350
34.907110,-76.242130
34.464060,-77.476630
39.402060,-74.366810
39.991230,-74.062640
39.109000,-74.894060
38.989000,-74.804610
39.236780,-75.173240
38.959000,-74.964900
39.482340,-74.326260
39.833450,-74.082910
39.105670,-74.895730
39.479280,-74.325140
39.739840,-74.174860
39.752060,-74.102910
39.736510,-74.115410
39.147610,-74.694330
39.030670,-74.939900
38.978720,-74.820450
39.187610,-74.950170
39.246500,-74.612380
39.392060,-74.400700
39.072890,-74.739330
39.756510,-74.190690
39.044000,-74.931840
38.949560,-74.968510
39.192340,-74.992400
38.948450,-74.857390
39.188450,-74.661830
32.197430,-80.691770
32.192150,-80.695660
33.734890,-78.826130
33.825730,-78.649740
33.382670,-79.146990
33.725170,-78.839470
32.523520,-80.263710
32.487130,-80.319540
32.661290,-79.923700
32.202410,-80.686530
33.837120,-78.614180
32.359080,-80.442050
33.456560,-79.103930
33.482390,-79.085870
33.655730,-78.920030
33.008780,-79.456730
32.568240,-80.159260
32.188540,-80.699270
33.782390,-78.749460
33.793510,-78.728350
33.680170,-78.892810
29.209410,-94.924090
29.216070,-94.914640
25.992860,-97.148580
29.413010,-94.699360
28.898580,-95.350770
27.822250,-97.386940
29.452730,-94.629640
26.029250,-97.152750
29.318010,-94.752690
27.861140,-97.114160
27.822250,-97.058880
29.217740,-94.909370
37.418470,-76.249660
37.946790,-75.313530
37.628190,-75.600200
37.954300,-76.373840
37.816240,-76.282170
37.768740,-75.534930
37.900960,-76.253830
37.845960,-75.678260
37.381250,-75.986040
37.165970,-75.985210
37.950680,-76.355500
37.191530,-75.809920
38.122910,-76.637180
37.866800,-76.241330
37.548750,-75.614650
38.140680,-76.613290
38.173460,-76.878860
37.362910,-75.990770
37.132090,-75.880200
37.657080,-75.599090
37.739850,-75.826040
37.347080,-76.001880
37.852070,-75.466870
37.630410,-76.390780
37.808470,-76.741350
37.354580,-75.995210
36.969590,-76.278000
37.239030,-76.508010
41.039260,-73.515960
44.215360,-68.779200
41.328430,-71.906460
41.267320,-72.638430
41.318990,-72.074800
41.704820,-71.407280
41.320930,-71.998680
41.121760,-73.257340
41.132870,-73.241500
41.121760,-73.275950
41.216760,-73.005940
41.023990,-73.555960
41.208150,-73.056500
41.251760,-72.839820
41.298710,-72.228970
41.274540,-72.396200
41.337040,-72.100080
41.334270,-72.037020
41.312320,-72.012850
41.307880,-72.007850
41.270930,-72.483980
41.212040,-73.047610
41.207600,-73.043160
41.257880,-72.555920
41.013710,-73.594290
41.081210,-73.408450
41.273150,-72.394810
40.988430,-73.656520
41.267870,-72.783990
41.264540,-72.787040
41.277320,-72.401750
41.265930,-72.668710
41.141210,-73.236500
41.351760,-72.177300
41.260100,-72.795930
41.158430,-73.167610
41.152880,-73.148440
41.072870,-73.403170
41.151490,-73.117890
41.090650,-73.400400
41.245370,-72.866770
41.144820,-73.225950
41.209260,-73.008160
41.322320,-71.970070
41.307600,-72.098690
41.313990,-72.093960
41.235930,-72.984270
41.045370,-73.483730
41.158990,-73.167890
41.268430,-72.392590
41.203990,-73.016490
41.207320,-73.025940
41.280100,-72.328690
41.248150,-72.962880
41.279270,-72.449250
41.235930,-72.973440
41.300100,-72.248690
41.062870,-73.445680
41.085370,-73.399840
41.127320,-73.282060
41.252320,-72.958710
41.158150,-73.202610
41.320100,-72.069800
41.245650,-72.897050
41.160100,-73.109830
41.252600,-72.854270
41.244540,-72.877600
41.021760,-73.569290
41.284260,-72.277300
41.120100,-73.268730
41.126490,-73.294840
41.277880,-72.434810
41.249260,-72.818150
41.303990,-72.103960
41.012880,-73.567350
41.195380,-73.078720
41.047600,-73.494570
41.037870,-73.522070
41.273710,-72.463420
41.244260,-72.885380
42.491760,-70.849490
42.000660,-70.020300
41.663450,-70.070570
41.643720,-70.199190
42.242320,-70.785600
41.646780,-70.272800
41.416780,-70.548640
41.591770,-70.646700
42.579260,-70.731430
42.426490,-70.935600
42.263990,-70.824490
41.628160,-70.824760
41.711210,-71.185600
41.944550,-69.983630
42.637600,-70.600880
42.325100,-71.048110
41.732050,-70.234190
41.384560,-70.499470
41.601500,-70.650860
41.287350,-70.097240
41.252350,-70.157790
41.279290,-70.092790
41.295120,-70.113350
41.312620,-70.057790
41.843160,-69.945300
42.662590,-70.717550
41.890660,-70.531970
41.864550,-70.008080
41.750660,-70.186960
41.358450,-70.024460
42.487040,-70.854210
41.632060,-70.356410
42.686200,-70.766160
41.469550,-70.792530
42.267320,-70.834210
42.603430,-70.680040
41.785390,-70.030570
42.544540,-70.874490
42.491530,-70.850830
41.294010,-70.153630
41.622330,-70.366130
41.943440,-70.076410
41.661220,-70.096960
41.372900,-70.450020
41.501490,-71.032820
41.754270,-70.447530
41.458170,-70.581970
41.408450,-70.536970
41.775660,-70.055020
41.640390,-70.245020
41.662610,-70.634200
41.540940,-70.625310
41.822890,-70.003910
41.984270,-70.077250
42.467600,-70.909770
41.669560,-70.024460
42.508150,-70.841440
42.535370,-70.871440
42.659260,-70.621710
41.396500,-70.504750
42.498980,-70.835600
42.512870,-70.845330
41.336500,-70.828360
41.650670,-70.142240
42.490010,-70.857970
42.619540,-70.631430
41.636770,-70.802530
42.573430,-70.742820
42.576480,-70.718930
41.725110,-70.241130
42.011210,-70.096690
42.487040,-70.865330
41.650950,-70.148630
42.604260,-70.677270
41.666220,-69.994180
41.817890,-70.004190
42.052880,-70.082800
42.047880,-70.220300
42.047880,-70.071140
41.655940,-70.757530
41.511220,-71.082820
42.137600,-70.689210
41.633440,-70.298350
41.655390,-70.120300
41.297340,-70.105020
42.419540,-70.911990
41.634000,-70.276410
41.635110,-70.276410
41.347340,-70.501690
41.635390,-70.291130
42.465370,-70.923100
41.837330,-70.004460
42.329260,-71.035610
41.447890,-70.668920
41.650940,-70.274470
41.392340,-70.503360
41.784000,-70.033630
41.511770,-71.014760
41.725100,-70.674480
41.349830,-70.790580
41.629280,-70.360580
41.315110,-70.803640
42.447320,-70.936720
42.629260,-70.617540
42.020940,-70.036970
41.250120,-69.974460
41.338450,-70.726690
42.458430,-70.934770
41.242070,-70.044460
41.921670,-69.973330
42.324540,-71.050880
42.266770,-70.950320
41.891770,-69.961130
41.655660,-70.803370
41.743440,-70.214460
41.930110,-70.041130
41.549280,-70.554750
41.357060,-70.764750
41.372330,-70.753640
41.666770,-70.636980
41.234290,-70.118070
42.550100,-70.838380
42.243710,-70.763380
41.751490,-70.702260
41.645950,-69.968900
41.715380,-70.614750
42.291770,-70.874490
41.841770,-69.945300
41.859830,-69.959460
41.963990,-69.995300
42.302040,-71.013380
42.595930,-70.654490
41.243180,-70.059460
41.517610,-70.659200
41.726490,-70.721700
42.233430,-70.757820
41.431500,-70.700860
41.456500,-70.555310
42.506210,-70.833380
42.658430,-70.605040
42.383990,-71.010610
41.787610,-69.935570
41.459280,-70.600030
41.605670,-70.416140
41.680110,-69.963900
41.761500,-70.113630
41.743720,-70.704760
41.640950,-70.211130
42.550100,-70.852270
42.608430,-70.668930
41.242130,-69.994880
42.638980,-70.596710
42.186210,-70.718930
41.283460,-70.077790
42.470930,-70.886990
41.652330,-70.791700
41.888990,-70.531420
41.943440,-70.573370
42.260660,-70.810600
41.659280,-70.106130
41.962600,-70.638370
41.772330,-70.070300
42.422320,-70.927270
42.573710,-70.709490
41.300400,-69.974460
41.534830,-70.639750
42.081210,-70.216140
41.667670,-70.041130
41.284840,-70.077240
42.425100,-70.982830
42.492040,-70.855600
41.762330,-70.108630
41.804280,-70.006680
41.963720,-70.076970
41.793440,-70.520310
41.763720,-70.103910
42.872310,-70.816160
41.678440,-70.170300
42.787040,-70.805330
42.256770,-70.799490
41.739550,-70.378640
42.004550,-70.620310
42.307600,-71.050880
41.740390,-70.391140
41.781220,-70.503640
41.652060,-70.133910
41.635670,-70.224460
41.756220,-70.152240
42.027050,-70.671430
42.430650,-70.932830
42.391760,-70.981440
41.260850,-69.962910
41.489830,-70.755860
42.566760,-70.761160
41.795940,-70.016130
41.348170,-70.528640
41.280400,-70.094460
41.550390,-70.511970
41.240400,-70.099460
41.662610,-70.649480
41.755660,-70.453080
41.764000,-70.475030
41.306500,-70.785580
42.016770,-70.668930
41.952600,-70.653920
41.324000,-70.755310
42.428430,-70.916160
41.872880,-70.009190
41.661220,-70.638360
42.087600,-70.660590
41.232900,-70.097520
41.244570,-70.078630
41.873720,-70.531420
41.467610,-70.633080
42.293150,-71.043110
41.638450,-70.217240
41.843720,-70.005300
41.462890,-70.599470
41.768160,-70.085570
41.769550,-70.486140
42.971760,-70.768940
43.011480,-70.738940
42.984530,-70.763110
42.953420,-70.784220
43.011760,-70.739500
40.455940,-74.134310
40.451500,-74.220700
40.394280,-73.975970
40.443440,-74.106530
40.179000,-74.033470
40.458720,-74.244590
40.389550,-73.975420
40.048450,-74.083190
40.452610,-74.228760
40.456220,-74.235140
40.963990,-72.136470
40.526490,-74.164030
40.932600,-73.367060
40.585940,-73.728740
40.639540,-73.173170
40.828710,-73.654300
40.877320,-73.542350
40.746490,-73.025110
40.918430,-73.276230
40.628720,-73.886800
40.965380,-73.032880
40.630100,-73.340950
40.632050,-73.334290
40.908990,-73.377340
40.912880,-73.532620
41.276210,-71.964520
40.866770,-73.466230
40.903430,-73.600130
40.907320,-73.400120
41.079820,-72.363690
40.767880,-72.740100
40.583720,-73.703460
40.898430,-73.621790
40.704270,-73.146780
40.919260,-73.430120
40.942880,-72.194250
40.908710,-73.547900
41.006770,-72.455640
41.039820,-72.278140
40.614270,-73.405960
40.896760,-73.430400
40.666770,-73.054000
41.088990,-72.414810
40.592050,-73.702080
40.929260,-73.403450
41.078710,-72.450920
40.520110,-74.179870
41.261770,-71.991180
40.594550,-73.502900
41.070660,-72.457030
40.586770,-73.616800
40.909540,-73.485680
40.583440,-73.665960
40.922880,-73.167610
41.118990,-72.286190
40.998990,-72.322860
41.081490,-72.299800
41.037600,-72.180360
40.927040,-73.315950
40.575660,-74.078750
40.965650,-73.008440
40.993160,-72.048960
40.559550,-74.097360
40.962880,-72.923440
40.909540,-73.581790
40.958710,-73.679850
40.548990,-74.111810
40.970380,-73.106220
40.866210,-73.793470
41.135650,-72.254250
40.698430,-73.155950
40.571490,-73.851520
40.962040,-73.678460
41.032320,-72.196470
41.107040,-72.353690
40.966490,-72.975100
41.042880,-72.343420
40.962880,-72.907320
40.583440,-73.554570
40.907320,-73.224280
41.010660,-72.317580
40.589270,-74.064860
41.280660,-71.945070
40.853710,-72.437590
40.909270,-73.587900
40.835380,-73.650680
40.830660,-72.514530
40.605940,-73.445120
40.705930,-73.195120
40.705930,-73.214560
41.137880,-72.324250
41.373990,-71.548110
41.488990,-71.284770
41.325100,-71.791180
41.325930,-71.781730
41.456490,-71.313110
41.173710,-71.557560
41.723430,-71.312830
41.147050,-71.595330
41.182330,-71.565330
41.472320,-71.426440
41.700940,-71.291990
41.686210,-71.421720
41.628160,-71.403940
41.370940,-71.496720
41.195100,-71.593110
41.358430,-71.648120
41.459820,-71.360610
41.439820,-71.446720
41.191210,-71.563390
41.328990,-71.764510
41.345100,-71.682290
41.376490,-71.528670
41.441770,-71.442280
41.487600,-71.291160
41.778430,-71.390890
41.328710,-71.761180
41.558160,-71.216990
41.374820,-71.508670
41.666210,-71.435610
41.460100,-71.321160
41.622320,-71.228940
41.459820,-71.325330
41.459820,-71.322550
41.621210,-71.235600
41.701210,-71.246710
41.477600,-71.318110
41.702320,-71.364500
41.488990,-71.382830
41.201490,-71.559780
41.373710,-71.545060
41.320660,-71.813680
41.323710,-71.802850
41.150940,-71.560050
41.492600,-71.246990
41.380660,-71.647560
41.609820,-71.414780
41.565100,-71.442830
41.230100,-71.575330
41.306770,-71.855900
41.481490,-71.360050
41.167330,-71.550610
41.166770,-71.550890
41.518440,-71.231990
41.524550,-71.418670
41.531210,-71.417280
41.672050,-71.373390
41.370940,-71.500890
41.372600,-71.560610
41.375380,-71.511720
41.339270,-71.698120
41.375940,-71.501720
41.660380,-71.410610
41.549550,-71.234770
41.380380,-71.477830
41.389820,-71.473110
41.193160,-71.563940
41.328990,-71.767570
41.484830,-71.256440
41.552880,-71.385890
41.622880,-71.222820
41.148710,-71.572280
41.717050,-71.285050
41.308990,-71.859510
41.330260,-71.738410
41.326770,-71.750620
41.221770,-71.576450
41.328160,-71.772010
41.373160,-71.557840
41.278710,-72.442310
41.965100,-70.669480
41.113430,-73.325670
41.303430,-72.205080
41.206210,-73.033990
41.316490,-72.037570
41.116760,-73.314840
41.222600,-73.003160
41.319540,-72.047020
41.086760,-73.392060
41.277880,-72.410360
41.278430,-72.404530
41.277040,-72.419250
41.267600,-72.495920
41.267040,-72.651760
41.267600,-72.519530
41.106490,-73.350670
33.374750,-118.353680
36.611900,-121.897450
37.897430,-122.710820
33.756130,-118.131450
33.510030,-117.752550
34.029730,-118.706200
33.521690,-117.764780
38.367690,-123.072780
37.225780,-122.409420
38.231590,-122.982220
37.794370,-122.483310
33.583080,-117.901450
35.330250,-120.844070
33.361970,-118.485080
34.037230,-118.615360
38.686300,-123.432510
32.892550,-117.253650
38.436030,-123.121950
38.226860,-122.977220
36.999670,-122.181640
32.850050,-117.274200
38.870740,-123.658350
38.234090,-122.956670
33.405030,-118.368960
33.709460,-118.282850
34.459710,-120.027360
36.971620,-121.951630
34.038900,-118.658700
36.550240,-121.929120
38.373250,-123.077500
34.040560,-118.563420
35.448580,-120.905740
32.684220,-117.186980
32.847830,-117.278370
37.789930,-122.488580
33.598080,-117.879500
37.067450,-122.256640
34.026670,-119.875960
38.515470,-123.254170
33.505300,-117.748390
38.365190,-123.071110
38.789630,-123.561120
32.684770,-117.187810
32.676440,-117.174480
34.033060,-118.733140
34.037790,-118.642310
37.117170,-122.308860
36.961060,-122.024960
32.785330,-117.231980
36.604130,-121.871900
37.565220,-122.514420
32.755330,-117.253090
38.313530,-123.039720
38.027430,-122.961660
38.196590,-122.966110
37.483830,-122.452750
34.416660,-119.664020
37.474390,-122.448030
33.426970,-118.434520
34.038900,-118.890090
34.024730,-118.768420
36.582460,-121.969120
38.803240,-123.581960
36.966340,-122.122740
37.469390,-122.446090
34.007230,-119.410390
33.370580,-118.348680
38.015480,-122.504980
34.470820,-120.224590
38.389640,-123.085560
38.446580,-123.126390
37.500220,-122.470810
33.353920,-118.329520
33.205040,-117.394210
34.400830,-119.739300
36.510240,-121.941900
34.164170,-119.230390
36.970230,-121.955240
34.413050,-119.776250
33.653350,-117.998120
36.804680,-121.788010
38.454080,-123.133060
36.809680,-121.789950
33.468640,-118.532020
34.082780,-119.035380
32.861440,-117.255310
38.154920,-122.948890
37.992430,-122.816100
37.920760,-122.386640
37.826590,-122.489970
39.490440,-123.796960
34.039450,-118.593690
34.401110,-119.699300
38.028260,-122.898610
36.960510,-121.994680
33.590300,-117.869500
33.473640,-118.566470
36.615790,-121.899400
33.541690,-117.784780
34.031950,-118.688420
37.430770,-122.439980
32.836990,-117.281430
38.162420,-122.915000
37.477720,-122.449420
38.187420,-122.965280
37.493270,-122.460250
38.360470,-123.068890
36.523570,-121.927180
37.546880,-122.514980
33.388920,-118.367850
35.574970,-121.113800
36.956340,-121.978020
34.416390,-119.808470
35.371360,-120.866010
36.609960,-121.948290
37.859650,-122.576920
37.488550,-122.455810
33.590580,-117.918950
38.077150,-122.975830
32.686160,-117.192530
34.045840,-118.946210
36.617460,-121.942180
38.357140,-123.067780
33.625020,-117.893390
37.766100,-122.510700
32.740050,-117.255310
33.195310,-117.385320
34.350830,-119.425120
34.136950,-119.184270
34.023340,-118.513140
37.930200,-122.745270
36.993010,-122.170520
33.472800,-118.551750
36.566630,-121.947460
37.236890,-122.416360
38.696580,-123.439730
37.854930,-122.438580
37.262170,-122.413310
36.238570,-121.817460
37.706880,-122.502470
32.709220,-117.236980
33.440860,-117.645610
37.945200,-122.414140
34.085560,-119.057050
38.083260,-122.973330
37.292170,-122.407200
38.381860,-123.081670
36.977450,-121.928850
39.455440,-123.806130
34.031400,-118.718700
37.859090,-122.421080
33.803630,-118.394800
37.889370,-122.632760
36.976340,-122.141910
37.440220,-122.443590
34.462770,-120.070140
33.449750,-118.579530
34.335550,-119.407060
36.963840,-121.897730
37.609940,-122.497480
37.829930,-122.536920
33.166980,-117.360590
36.609680,-121.895510
33.427250,-117.628380
37.323000,-122.403310
37.598270,-122.502750
37.271330,-122.410530
35.923850,-121.468550
37.855480,-122.428580
36.506910,-121.939400
37.742710,-122.217470
36.963560,-122.018570
38.015200,-122.853600
37.040230,-122.229970
38.010200,-122.844710
36.963280,-122.008020
37.786040,-122.508310
39.559050,-123.766410
37.632440,-122.494700
38.421300,-123.113060
34.150280,-119.219000
32.775600,-117.233370
34.045840,-118.930930
38.049930,-122.988330
34.240000,-119.266780
33.172260,-117.365320
38.339360,-123.068060
37.894370,-122.638590
38.581860,-123.335560
33.461690,-118.522860
36.888010,-121.833290
38.035200,-122.925000
33.725570,-118.082560
39.526270,-123.776400
36.961620,-122.112740
38.172980,-122.923050
34.038620,-118.581470
33.810850,-118.391740
32.877270,-117.251150
34.033060,-118.849540
33.385310,-117.593940
37.357720,-122.399970
36.963280,-122.003300
34.409160,-119.691800
36.512460,-121.944400
34.008340,-118.814810
33.714740,-118.314240
37.963260,-122.788320
36.953280,-122.078850
32.831160,-117.281150
32.845050,-117.279200
36.234690,-121.799120
38.405190,-123.098890
34.051670,-118.960650
42.747890,-124.513720
42.470670,-124.422050
45.465940,-123.974580
45.839270,-123.961250
42.615110,-124.399830
44.076230,-124.126790
43.109960,-124.434670
42.456780,-124.422050
43.345390,-124.348450
45.881770,-123.964310
45.903440,-123.964030
45.788160,-123.968190
45.914550,-123.970140
42.064280,-124.305090
44.469840,-124.081790
45.927880,-123.977640
45.151490,-123.974280
43.339000,-124.366510
42.098450,-124.342880
43.237050,-124.392060
44.699840,-124.065390
45.666490,-123.937360
45.101220,-123.985950
43.384830,-124.316510
44.642340,-124.062340
44.526230,-124.076230
42.549890,-124.395830
43.264280,-124.383730
45.474820,-123.968460
45.762610,-123.967360
42.851220,-124.545670
46.088720,-123.935700
45.974830,-123.947080
45.694000,-123.939020
42.487330,-124.420660
43.211780,-124.395120
45.428160,-123.937900
47.579260,-122.410410
48.486210,-122.667400
48.576500,-122.504890
47.803410,-124.468820
47.309270,-122.431240
48.634270,-122.857400
48.309520,-124.440780
48.695100,-122.895180
47.403990,-122.330400
47.903960,-124.633270
48.420660,-122.869340
48.470100,-123.005730
48.612330,-122.861850
48.727050,-122.642400
48.338120,-124.664680
48.519820,-123.011010
48.037720,-124.682280
48.687050,-122.956850
47.644540,-122.856270
47.652040,-122.838210
48.237880,-122.690170
47.584270,-122.287900
48.710660,-122.631290
48.401490,-122.655450
48.710660,-122.928240
47.343430,-122.462350
48.600380,-122.701290
47.917230,-124.638240
47.710910,-124.415480
48.575380,-122.518500
47.650090,-122.847100
48.370620,-124.580510
48.259780,-124.682740
48.402050,-122.543780
48.307010,-124.663020
48.563710,-122.937960
48.461490,-123.019340
48.502050,-122.691290
47.814540,-122.380970
48.713440,-122.890190
48.367290,-124.569400
47.883130,-124.599930
48.082870,-122.321260
48.388680,-124.663850
48.231210,-122.767670
48.740660,-122.671010
48.610380,-122.865180
48.095620,-124.687170
43.253170,-124.387340
55.286110,-131.634720
21.478360,-158.224870
20.974460,-156.679050
21.281400,-157.838450
20.836800,-156.816440
20.787820,-156.818040
21.211150,-156.975380
22.218270,-159.385190
20.905310,-156.885760
19.493220,-154.817520
21.680440,-157.944860
20.892900,-156.476220
21.360560,-157.968890
21.583160,-158.117210
21.704490,-157.991380
20.751820,-155.982710
20.806920,-156.601700
18.954800,-155.708240
21.407730,-157.740410
19.359900,-154.970140
21.621070,-157.914030
20.770520,-156.459520
21.296080,-158.105150
19.370240,-155.895990
20.884080,-156.860410
22.172680,-159.659040
21.405250,-157.738970
21.200480,-157.167930
21.878620,-160.126420
21.960430,-159.350470
19.352470,-154.974220
21.316030,-157.666550
20.790060,-156.475950
21.626450,-157.920810
20.763200,-156.459320
22.226940,-159.449170
22.216360,-159.426900
21.292920,-157.658670
20.926050,-156.493760
21.638200,-158.065840
21.261140,-157.821370
21.600100,-157.897300
20.017080,-155.822990
19.639660,-155.997880
21.113490,-157.301390
21.839230,-160.243710
20.722920,-156.448270
19.144580,-155.465960
19.318840,-155.043330
20.579900,-156.391950
21.089430,-157.264650
21.536060,-157.839910
20.982040,-156.673430
21.628630,-158.073800
21.605280,-157.901400
19.471160,-155.920940
21.610280,-157.909420
21.267310,-157.822650
20.969030,-156.680490
20.758580,-155.985950
21.140900,-157.289140
21.092430,-157.281220
22.224240,-159.409800
21.710200,-157.981950
20.535520,-156.694840
20.593030,-156.600610
20.922190,-156.374680
21.682220,-158.032560
21.137590,-157.289260
20.004560,-155.824800
21.128630,-157.296760
19.831180,-155.986700
21.930940,-160.166670
21.197420,-157.155570
21.609620,-158.096970
21.207570,-157.249300
20.816670,-156.067380
19.643410,-154.982720
21.218200,-157.240030
19.385350,-155.901360
21.582620,-158.200200
22.095260,-159.306210
21.997770,-160.080710
21.791060,-160.201910
21.169690,-156.935280
21.172650,-156.943710
20.702370,-156.445870
21.022420,-156.587610
21.944360,-160.139640
21.330270,-157.896810
22.221490,-159.582940
19.461800,-155.924780
19.393560,-154.930100
20.228030,-155.745650
20.851600,-156.826410
19.136760,-155.499440
21.022220,-156.625580
20.983990,-156.672750
22.223430,-159.546050
21.189410,-157.247980
21.893240,-160.217230
21.911170,-159.390110
21.624540,-157.918020
20.728750,-155.985730
19.127050,-155.510520
21.419990,-157.744230
20.918570,-156.912020
21.520020,-157.835400
21.255750,-157.804470
19.820980,-155.997190
20.826080,-156.633280
21.314620,-157.986450
21.153370,-156.710720
21.538200,-158.232480
20.867450,-156.675940
20.747790,-156.457990
21.651290,-157.925330
21.619010,-158.085230
21.390140,-157.713420
21.342380,-158.127770
21.643150,-157.919030
22.206400,-159.338950
21.468510,-158.217560
21.459500,-158.206190
20.732680,-155.986060
21.104280,-157.307550
20.803670,-156.808100
22.215230,-159.526520
20.792980,-156.508720
19.737830,-155.038010
21.602950,-158.106450
19.782000,-156.037380
21.626550,-157.920870
18.936010,-155.646470
21.426560,-158.179310
20.708710,-155.988260
19.791530,-156.028280
21.606400,-157.903690
21.311060,-157.660080
21.875750,-159.432690
19.574840,-155.967960
19.768160,-156.048730
21.529980,-158.229390
21.667960,-157.936660
20.646760,-156.442670
22.220580,-159.566170
19.807670,-156.010370
21.359890,-158.131950
20.016270,-155.823280
22.151110,-159.718230
20.693640,-156.444130
21.662660,-157.923540
20.638890,-156.110230
21.581710,-158.207030
21.579920,-158.160400
21.011310,-156.641970
21.196910,-157.147620
20.776960,-156.825090
21.155060,-156.711880
21.444610,-158.189440
21.299430,-158.068590
21.302990,-158.046270
21.958750,-159.341770
21.279800,-157.740090
21.858430,-160.234930
21.455040,-157.750460
22.159040,-159.700790
20.023280,-155.822340
21.516320,-158.229300
21.163380,-156.855500
20.809560,-156.614510
21.417120,-157.744150
20.632040,-156.447290
21.005540,-156.659930
21.306340,-158.026520
20.641240,-156.446190
21.262200,-157.821550
21.695870,-158.016250
21.055520,-156.904190
20.258280,-155.816480
20.788690,-156.003550
21.281350,-157.728620
21.936940,-159.649460
21.885330,-159.524860
20.795380,-156.487840
20.670610,-156.442820
22.223620,-159.493520
21.611650,-158.095380
21.197220,-156.982830
21.463550,-158.213550
21.167720,-157.260320
20.906350,-156.482400
21.160740,-156.881430
20.669260,-156.039500
22.211650,-159.363080
21.195020,-157.247790
20.967040,-156.681450
19.010570,-155.797420
21.875830,-159.460170
21.956670,-160.074370
20.923160,-157.033280
20.675870,-156.443490
20.202630,-155.729810
21.473180,-158.219320
21.154200,-157.278560
20.663950,-156.441790
21.853290,-160.167770
21.631220,-157.921020
21.554170,-158.247780
19.135910,-155.504450
21.708840,-157.984960
19.790310,-156.030360
20.631980,-156.447270
22.216910,-159.498880
20.882470,-156.687770
21.917780,-160.199720
21.459980,-157.763160
21.275350,-157.825620
21.105720,-157.306670
20.912060,-156.692530
21.114810,-156.737890
21.268160,-157.822870
22.229120,-159.477870
21.888640,-159.545620
21.874440,-159.438560
20.909450,-156.409580
21.664430,-158.052060
21.645760,-158.063930
22.224440,-159.560310
21.304730,-158.031420
20.690590,-156.443790
20.922240,-156.695810
18.947200,-155.698330
22.216200,-159.374760
22.215610,-159.372180
19.981880,-155.828610
21.447770,-158.192650
20.852130,-156.661110
21.705480,-157.996790
21.276610,-157.828650
22.210980,-159.517820
20.762450,-155.985470
20.021860,-155.822690
21.163860,-156.830950
20.683000,-156.443060
22.047530,-159.335100
20.736910,-156.456580
21.873800,-159.455750
20.846410,-156.821460
21.358100,-158.131200
22.056450,-159.321560
20.624690,-156.144330
21.161220,-156.866270
20.014270,-155.825170
21.879660,-159.471770
19.715200,-156.048840
21.376860,-158.142230
21.093570,-157.290720
21.316570,-157.956530
21.306200,-158.025370
21.126950,-156.729290
21.444680,-157.736290
20.999640,-156.666340
21.280220,-157.836370
21.889420,-159.412420
21.898280,-159.584380
19.648970,-156.021220
21.882240,-159.478770
21.277250,-157.831650
21.660780,-158.055350
21.088540,-157.257610
21.588940,-158.113050
21.089140,-157.224570
20.828610,-156.635560
20.824960,-156.808050
20.826490,-156.633650
21.180960,-156.991320
20.719510,-155.987600
20.910530,-156.892410
21.709090,-157.978120
20.516430,-156.685530
22.209260,-159.597890
19.594570,-155.972180
19.992180,-155.825860
21.899240,-159.404130
21.611890,-157.910920
19.667240,-156.027670
21.317160,-157.951130
21.881100,-159.473980
19.672150,-156.025960
22.167430,-159.668520
20.663200,-156.441560
20.927640,-156.994840
20.522740,-156.695640
21.210530,-156.965620
20.743060,-156.897220
20.882670,-156.858330
21.203640,-156.979290
21.316040,-157.981080
21.999000,-160.096160
20.936430,-156.692850
21.256650,-157.799360
21.873160,-159.451370
19.781120,-156.042440
20.912720,-156.490550
21.270670,-157.775110
21.264440,-157.781100
21.172730,-156.928300
22.159550,-159.306970
22.147440,-159.304910
21.162200,-156.869060
22.223860,-159.460790
21.345490,-157.702340
19.728370,-155.057090
22.069330,-159.776270
20.729920,-156.452810
21.623520,-158.081120
21.281460,-157.838740
21.960580,-159.704880
22.114100,-159.296870
61.183890,-151.016110
57.121170,-170.269960
57.737500,-152.497220
57.685000,-152.473060
57.706940,-152.475000
60.460000,-151.284170
63.069720,-169.539720
58.358330,-154.099440
55.333060,-161.789170
55.962220,-158.889170
63.672500,-171.594170
63.338890,-169.325000
57.211110,-170.222220
59.852220,-166.053060
55.161110,-160.541670
54.814170,-164.584720
59.877500,-165.925560
59.889440,-165.844170
61.021390,-149.743060
57.158330,-170.191670
60.626110,-151.343890
63.335000,-169.181110
59.750000,-140.100000
57.653060,-154.131110
59.675560,-151.402780
57.144440,-170.283330
57.125000,-170.277780
57.116090,-170.277610
53.872610,-166.544170
71.366670,-156.516670
54.620830,-164.856940
53.897500,-166.570830
59.813330,-166.274440
59.846670,-166.381670
51.815560,-177.210560
30.282780,-86.031110
30.364720,-86.962500
40.886110,-73.645280
40.901940,-73.605000
40.905280,-73.597220
40.905000,-73.543330
40.655280,-73.407500
40.656110,-73.396940
40.905280,-73.387780
40.947780,-72.422780
40.917500,-73.352500
40.668610,-73.348890
40.684720,-73.289170
40.899720,-73.359720
25.860830,-80.119170
25.706670,-80.151940
40.500280,-74.235830
41.750460,-70.194260
57.127780,-170.278060
57.131110,-170.281940
57.130280,-170.277220
56.608330,-169.528890
56.601390,-169.488610
56.601110,-169.592780
34.363890,-119.450000
31.946650,-81.067810
40.723610,-73.072220
40.615830,-74.063060
41.182080,-73.093070
40.808290,-72.592510
40.790610,-72.657310
56.603890,-169.498890
20.933060,-156.359140
21.675690,-158.039700
41.331770,-71.721730
51.872300,-176.164300
52.042300,-176.003900
51.953700,-175.852300
52.172500,-175.528890
52.010000,-175.305280
52.017780,-175.288610
52.024720,-175.331670
52.017220,-175.330000
51.705000,-177.614440
51.735000,-177.839720
27.186810,-80.160240
52.202220,-174.354440
52.370830,-174.058060
52.304720,-174.344170
52.205830,-174.199440
52.218060,-174.201940
52.228610,-174.143890
52.228060,-174.114440
52.229170,-174.058060
52.133060,-174.085280
52.144720,-174.105000
52.152220,-174.114440
52.157500,-174.124440
52.162500,-174.140560
52.052780,-173.631670
52.041940,-173.833330
52.032500,-173.542220
52.938610,-168.868890
53.166390,-168.344170
53.343060,-168.407220
53.770830,-166.947780
53.842780,-166.143890
53.828890,-166.420830
53.844170,-166.387780
53.871390,-166.305000
54.204170,-165.431940
54.161110,-165.600560
42.488730,-70.860400
41.370830,-71.490280
33.219950,-119.448530
33.265530,-119.497050
21.066900,-156.803330
33.763950,-118.175130
35.086230,-120.622860
36.949840,-122.057870
32.943340,-117.263110
30.058090,-84.297790
22.222330,-159.417510
27.615420,-82.728370
39.318430,-74.513090
39.287620,-74.626130
25.882820,-80.120480
25.894530,-80.121190
25.966130,-80.118140
25.820710,-80.120190
25.780220,-80.128190
25.737940,-80.150240
26.294070,-80.077460
26.318920,-80.074580
26.402170,-80.064500
26.459660,-80.057460
26.591110,-80.037120
26.705750,-80.032830
26.880320,-80.051920
26.941510,-80.071460
27.066480,-80.114900
27.207880,-80.169860
27.254630,-80.195740
27.321190,-80.226190
27.338240,-80.233030
27.396020,-80.262010
30.254620,-87.638750
41.243610,-69.989990
19.644990,-156.013650
19.638500,-156.002690
19.034100,-155.561110
55.309510,-131.579410
39.435400,-76.248720
-34.897920,-56.073420
-34.883330,-56.000000
-34.916200,-56.170180
-34.915070,-56.147730
-34.747780,-56.465000
-34.952840,-54.941020
-34.897200,-56.107610
-34.898870,-56.069240
-34.888470,-56.047870
-34.866670,-56.216670
-34.899150,-56.120120
-34.957610,-54.935780
-34.896110,-56.252990
-34.859380,-55.286460
-34.895850,-56.085230
-34.895760,-56.092220
-34.856600,-55.293370
-34.892690,-55.261920
-34.661330,-54.179370
-34.549200,-54.075040
-34.532020,-54.047960
-34.519380,-54.028330
-34.510590,-54.013970
-34.470820,-53.941980
-34.383610,-53.781670
-34.276330,-53.777800
-34.149470,-53.663360
-34.059930,-53.551490
-34.028870,-53.541840
-34.040230,-53.539000
-33.992690,-53.534210
-33.980240,-53.532060
-34.235470,-53.745700
-34.212770,-53.726100
-34.801190,-54.557800
-34.450890,-53.904400
-34.438810,-53.877530
-34.424510,-53.850060
-33.896990,-53.507900
-34.882320,-55.058000
-34.910240,-55.040240
-34.931960,-54.956030
-34.954800,-54.972850
-34.968140,-54.948190
-34.939400,-54.908520
-34.877150,-54.757730
-34.883000,-54.770400
-34.840140,-54.658320
-34.827620,-54.618880
-34.489570,-53.976550
-34.881600,-56.032640
-34.571460,-56.982300
-33.808360,-58.426670
13.001350,-61.240930
13.134620,-61.202180
12.587610,-61.401040
12.860250,-61.185050
12.872850,-61.191340
12.874320,-61.189510
12.880180,-61.176350
12.893380,-61.174380
13.005400,-61.238600
13.131000,-61.166880
11.112420,-63.844190
10.647830,-63.698490
10.433330,-66.050000
11.017360,-71.651680
11.800000,-66.166670
10.900000,-68.244170
10.646810,-64.247850
10.500000,-66.100000
11.052450,-63.814470
10.550000,-67.266670
10.682530,-63.788350
11.833330,-64.550000
11.866670,-64.550000
10.713820,-63.046270
10.875000,-68.228890
10.847220,-68.234440
10.884340,-71.713960
10.790390,-71.674160
10.813560,-71.683840
10.932140,-71.716090
10.690440,-63.814790
10.634450,-64.185320
10.738230,-62.755020
10.702740,-62.971570
10.433730,-64.204340
10.741390,-62.670890
10.752880,-62.736100
10.608470,-66.165230
10.211110,-65.655000
11.129540,-63.846530
11.105560,-63.840720
11.164800,-63.877170
11.147460,-63.865030
11.138070,-63.854730
12.065340,-69.865840
10.557490,-64.259140
11.066000,-64.303240
11.061030,-64.321240
11.051690,-64.346640
11.113070,-63.966520
10.642890,-64.038240
10.507810,-67.598230
10.475910,-68.027190
10.980990,-63.806620
18.500000,-64.333330
18.450000,-64.433330
17.747750,-64.691530
18.363560,-64.724580
18.303010,-64.702640
18.324680,-64.838470
18.316900,-64.774860
18.361340,-65.015980
18.343570,-64.977090
18.360790,-64.705970
17.755810,-64.683750
18.325790,-64.833470
17.774140,-64.809590
17.682200,-64.833480
17.757470,-64.723750
17.749140,-64.703200
18.356340,-64.752360
18.352450,-64.760420
18.315230,-64.759860
18.349680,-64.865420
17.775250,-64.742640
17.775800,-64.743200
17.759140,-64.584580
17.760250,-64.581250
18.330230,-64.797360
17.762470,-64.832090
18.316070,-64.766800
18.344960,-65.015980
18.364950,-64.743470
17.715530,-64.884040
18.352450,-64.776530
17.745810,-64.602360
17.734140,-64.611530
18.342450,-64.675410
18.313840,-64.780970
18.348290,-64.679300
18.346900,-64.777360
18.314120,-64.960700
18.369120,-64.956810
17.750810,-64.571800
18.316900,-64.702360
17.774970,-64.742370
17.721640,-64.885150
18.316900,-64.913200
18.335230,-64.964310
18.353840,-64.755690
18.362180,-64.744030
18.321620,-64.750970
18.336900,-64.674300
18.336900,-64.920700
18.364680,-64.922370
18.356620,-64.748470
18.360790,-64.897090
17.762470,-64.886260
18.319960,-64.920140
18.323570,-64.844310
17.765250,-64.824590
18.353010,-64.776530
18.336620,-64.851810
17.765810,-64.735140
18.352450,-64.760970
18.346070,-64.867920
17.761920,-64.651810
17.734420,-64.889310
18.322450,-64.745140
18.316900,-64.756800
17.754700,-64.603190
18.309400,-64.953200
18.322730,-64.942920
17.719140,-64.884310
18.364680,-64.737910
18.338290,-64.795140
18.308570,-64.705140
17.676920,-64.901810
18.334400,-64.948760
18.316070,-64.864310
18.318010,-64.852920
17.759970,-64.680970
17.706640,-64.680700
17.741640,-64.892650
18.363570,-65.006260
17.753030,-64.716530
18.312730,-64.960420
17.761080,-64.667090
18.351620,-64.770140
17.781080,-64.761250
18.320790,-64.841810
18.354680,-64.889590
18.366900,-64.722910
17.788860,-64.627920
18.348010,-64.784580
10.150000,104.050000
10.933330,108.183330
12.066670,109.200000
9.816670,104.650000
9.800000,104.633330
10.033330,104.033330
10.333330,103.850000
10.266670,103.916670
10.000000,104.016670
11.800000,109.183330
12.216670,109.316670
12.702780,109.404170
12.694440,109.416670
10.345660,107.098240
10.327600,107.088060
10.343840,107.074140
10.370510,107.059300
20.687010,106.795410
16.252250,108.074570
16.135580,108.123060
16.070310,108.246400
16.007270,108.267970
14.650080,109.065140
10.406110,104.049800
9.632740,106.568930
-15.133330,166.966670
-19.400000,169.233330
-17.691820,168.266610
-13.989170,-171.931970
-14.002300,-171.920230
-13.974490,-171.950780
12.766240,44.994700
-12.641780,45.022340
-12.648240,45.026970
-12.645200,45.038960
-12.670090,45.088600
-12.694860,45.070330
-12.701260,45.063070
-12.701320,45.057310
-12.701500,45.051490
-12.719750,45.044020
-12.741050,45.045610
-12.715660,45.047670
-12.751600,45.060800
-12.759060,45.068410
-12.768640,45.090020
-12.776310,45.101610
-12.780320,45.101460
-12.726710,45.163670
-12.730700,45.194570
-12.730040,45.202300
-12.763510,45.236190
-12.806100,45.100170
-12.816380,45.105780
-12.773500,45.294010
-12.783150,45.297580
-12.850940,45.093460
-12.861770,45.103100
-12.865290,45.112760
-12.847770,45.194770
-12.854440,45.197090
-12.877440,45.120130
-12.891100,45.137700
-12.876390,45.218520
-12.888960,45.212610
-12.944610,45.170030
-12.975310,45.194800
-12.979040,45.200950
-12.982400,45.197100
-12.984600,45.194990
-12.930020,45.103200
-12.914720,45.080620
-12.919480,45.082400
-12.935180,45.103410
-12.940160,45.101570
-12.945160,45.100890
-12.761860,45.282180
-12.771330,45.254990
-12.730880,45.204850
-12.707290,45.051330
-12.641620,45.034420
-12.984370,45.182880
-29.288370,31.439430
-34.100930,23.397150
-33.995760,25.682290
-29.528920,31.225210
-33.606100,26.897650
-29.507840,31.235380
-28.787620,32.115250
-29.216670,31.500000
-29.579460,31.180950
-31.655340,29.510720
-34.026910,22.774740
-34.033330,23.900000
-33.740320,26.570250
-29.366670,31.350000
-29.858140,31.041100
-28.791540,32.109580
-34.391350,21.420170
-33.047670,27.881910
-31.649250,29.520440
-34.176590,22.136820
-29.483330,31.233330
-33.579890,26.939110
-34.079600,22.173570
-34.469870,20.535350
-33.985630,25.672220
-34.162290,22.110930
-30.976890,30.282350
-33.025290,27.915520
-29.851620,31.039350
-29.672210,31.117410
-31.106200,30.175170
-29.923790,31.019770
-28.684970,32.226150
-30.854400,30.383910
-34.047310,23.380220
-31.769420,29.355970
-34.088910,22.151530
-33.970410,25.646510
-34.005170,23.451150
-34.333920,21.905280
-28.793860,32.106010
-30.003000,30.945150
-33.101640,27.770370
-33.977140,25.651320
-34.069750,24.210480
-34.433330,21.333330
-34.050810,22.301870
-28.772440,32.133070
-31.628120,29.547880
-33.007800,27.926520
-33.597860,26.905360
-34.154590,22.110640
-29.829070,31.036390
-29.535350,31.222890
-29.933790,31.012650
-34.053580,22.261750
-32.791190,28.165120
-33.728190,26.585640
-34.406970,21.206040
-30.432910,30.669410
-29.838770,31.036220
-30.662650,30.516720
-29.926730,31.017410
-28.801230,32.096180
-29.861930,31.043540
-34.201140,18.457100
-34.106390,18.474720
-34.133330,18.433330
-33.700000,18.433330
-33.920140,18.380770
-34.101390,18.489380
-34.222180,18.465740
-33.189410,18.057060
-33.581260,18.356760
-34.165860,18.432910
-33.798520,18.358680
-34.200000,18.450000
-33.921670,18.378250
-34.673030,19.522930
-34.116210,18.349910
-34.184800,18.362980
-34.353910,18.472360
-34.075350,18.739440
-34.183690,18.425260
-34.136070,18.331620
-34.542210,19.378410
-34.139430,18.846350
-34.416590,19.292570
-34.159510,18.431670
-33.866670,18.383330
-34.103070,18.484120
-34.525340,19.374120
-34.766670,19.766670
-34.650460,19.446870
-34.354530,18.482430
-34.121200,18.456470
-31.754180,18.226280
-34.133170,18.334830
-33.796110,18.456170
-34.197000,18.451000
-32.461470,28.656080
-46.662370,37.982610
-46.884920,37.868390
-46.850950,37.838850
-46.923560,37.882930
-29.755380,31.069890
44.446710,14.558940
12.500360,-70.028340
12.501270,-70.029530
18.461140,-67.166750
18.326050,-65.330110
